_panel_year,_school_identity_key,학교명,본분교명,시도명,학교종류명,source_row_count,department_count,department_college_pair_count,candidate_open_id,candidate_method,bridge_year_exists,province_context_match,branch_context_match,resolution_status
2023,employment-school-5d4bb44f8d04d2888419,ICT폴리텍대학,본교,경기,기능대학,4,4,4,,,not_tested,not_tested,not_tested,unresolved_no_exact_signature
2023,employment-school-839d5d7faada5a9629b0,LH토지주택대학교,본교,대전,사내대학(대학),2,2,2,,,not_tested,not_tested,not_tested,unresolved_signature_too_small
2023,employment-school-f326df05133007cdb772,SPC식품과학대학,본교,서울,사내대학(전문),1,1,1,,,not_tested,not_tested,not_tested,unresolved_signature_too_small
2023,employment-school-96f20712e5a563192eb8,가야대학교,본교,경남,대학,13,13,13,,,not_tested,not_tested,not_tested,unresolved_no_exact_signature
2023,employment-school-1df17ac52a58dccc903f,가야대학교 보건대학원,본교,경남,특수대학원,3,3,3,,,not_tested,not_tested,not_tested,unresolved_no_exact_signature
2023,employment-school-c2332ea272829180fedb,가야대학교일반대학원,본교,경남,일반대학원,1,1,1,,,not_tested,not_tested,not_tested,unresolved_signature_too_small
2023,employment-school-f70e540e9f1eb30f8ce2,가야대학교행정대학원,본교,경남,특수대학원,1,1,1,,,not_tested,not_tested,not_tested,unresolved_signature_too_small
2023,employment-school-1e30cc4dc7ba246b6bbe,가천대학교,본교,경기,대학,66,65,66,,,not_tested,not_tested,not_tested,unresolved_no_exact_signature
2023,employment-school-1655376e428fd7e009b8,가천대학교 간호대학원,본교,인천,특수대학원,1,1,1,,,not_tested,not_tested,not_tested,unresolved_signature_too_small
2023,employment-school-a13d4c9f4868b5915e47,가천대학교 게임대학원,본교,경기,특수대학원,2,2,2,,,not_tested,not_tested,not_tested,unresolved_signature_too_small
2023,employment-school-c9438aa3a9ebea63a249,가천대학교 경영대학원,본교,경기,특수대학원,2,2,2,,,not_tested,not_tested,not_tested,unresolved_signature_too_small
2023,employment-school-bbf730b98c8c04d6dfce,가천대학교 교육대학원,본교,경기,특수대학원,1,1,1,,,not_tested,not_tested,not_tested,unresolved_signature_too_small
2023,employment-school-84ac9e4ea4191832c862,가천대학교 보건대학원,본교,인천,특수대학원,1,1,1,,,not_tested,not_tested,not_tested,unresolved_signature_too_small
2023,employment-school-596a8a040e366e78d8f5,가천대학교 사회정책대학원,본교,경기,특수대학원,2,2,2,,,not_tested,not_tested,not_tested,unresolved_signature_too_small
2023,employment-school-0f53a76cb5a4c1661cf7,가천대학교 산업환경대학원,본교,경기,특수대학원,1,1,1,,,not_tested,not_tested,not_tested,unresolved_signature_too_small
2023,employment-school-84b1cbb269407adcdb20,가천대학교 일반대학원,본교,경기,일반대학원,48,48,48,,,not_tested,not_tested,not_tested,unresolved_no_exact_signature
2023,employment-school-72a4e0030b4caa1d0015,가천대학교 특수치료대학원,본교,경기,특수대학원,2,2,2,,,not_tested,not_tested,not_tested,unresolved_signature_too_small
2023,employment-school-d1185a6d92cb8496ae60,가톨릭관동대학교,본교,강원,대학,59,59,59,,,not_tested,not_tested,not_tested,unresolved_no_exact_signature
2023,employment-school-83d1935bf0d3c09757f2,가톨릭관동대학교 경영행정대학원,본교,강원,특수대학원,7,7,7,,,not_tested,not_tested,not_tested,unresolved_no_exact_signature
2023,employment-school-bc10e016727874d8e1db,가톨릭관동대학교 교육대학원,본교,강원,특수대학원,10,10,10,,,not_tested,not_tested,not_tested,unresolved_no_exact_signature
2023,employment-school-9eeb10b71220a125e2ea,가톨릭관동대학교 사회복지대학원,본교,강원,특수대학원,1,1,1,,,not_tested,not_tested,not_tested,unresolved_signature_too_small
2023,employment-school-661d383452934e35abad,가톨릭관동대학교 일반대학원,본교,강원,일반대학원,21,21,21,,,not_tested,not_tested,not_tested,unresolved_no_exact_signature
2023,employment-school-75ac685cabd2f79d71fd,가톨릭꽃동네대학교,본교,충북,대학,3,3,3,,,not_tested,not_tested,not_tested,unresolved_no_exact_signature
2023,employment-school-cc55bdcad835de824d4f,가톨릭꽃동네대학교 사회복지카리타스대학원,본교,충북,특수대학원,4,4,4,,,not_tested,not_tested,not_tested,unresolved_no_exact_signature
2023,employment-school-7f878dc502afb8a58e80,가톨릭대학교,본교,경기,대학,52,52,52,,,not_tested,not_tested,not_tested,unresolved_no_exact_signature
2023,employment-school-687bc530a4e4a62a83dd,가톨릭대학교,캠퍼스,서울,대학,2,2,2,,,not_tested,not_tested,not_tested,unresolved_signature_too_small
2023,employment-school-def2dca7d86d60003357,가톨릭대학교,캠퍼스1,서울,대학,1,1,1,,,not_tested,not_tested,not_tested,unresolved_signature_too_small
2023,employment-school-1256b346a58443eebe82,가톨릭대학교교육대학원,본교,경기,특수대학원,8,8,8,,,not_tested,not_tested,not_tested,unresolved_no_exact_signature
2023,employment-school-ac49a16a7deda5fad355,가톨릭대학교 교회법대학원,본교,경기,특수대학원,1,1,1,,,not_tested,not_tested,not_tested,unresolved_signature_too_small
2023,employment-school-5be92edc889f107d1c2e,가톨릭대학교 교회음악대학원,캠퍼스1,서울,특수대학원,1,1,1,,,not_tested,not_tested,not_tested,unresolved_signature_too_small
2023,employment-school-a0316d716e5832cffe0e,가톨릭대학교대학원,본교,경기,일반대학원,22,22,22,,,not_tested,not_tested,not_tested,unresolved_no_exact_signature
2023,employment-school-66577285f00b5b372298,가톨릭대학교문화영성대학원,본교,서울,특수대학원,1,1,1,,,not_tested,not_tested,not_tested,unresolved_signature_too_small
2023,employment-school-65477184bf7f4e3d2dbf,가톨릭대학교 보건의료경영대학원,캠퍼스,서울,특수대학원,9,9,9,,,not_tested,not_tested,not_tested,unresolved_no_exact_signature
2023,employment-school-9aa5d18077ca224d8b7f,가톨릭대학교사회복지대학원,본교,서울,특수대학원,5,5,5,,,not_tested,not_tested,not_tested,unresolved_no_exact_signature
2023,employment-school-9263b3566e0835b1ca32,가톨릭대학교 상담심리대학원,본교,서울,특수대학원,4,4,4,,,not_tested,not_tested,not_tested,unresolved_no_exact_signature
2023,employment-school-618ab0554816c17be242,가톨릭대학교 생명대학원,캠퍼스,서울,특수대학원,3,3,3,,,not_tested,not_tested,not_tested,unresolved_no_exact_signature
2023,employment-school-b46b30e384c36adfddf9,가톨릭대학교 의학전문대학원,캠퍼스,서울,전문대학원,1,1,1,,,not_tested,not_tested,not_tested,unresolved_signature_too_small
2023,employment-school-09533c15bfe1fbdbd4bb,가톨릭대학교 일반대학원,캠퍼스,서울,일반대학원,5,5,5,,,not_tested,not_tested,not_tested,unresolved_no_exact_signature
2023,employment-school-cb2efcb2b2f878830ee4,가톨릭대학교 일반대학원,캠퍼스1,서울,일반대학원,1,1,1,,,not_tested,not_tested,not_tested,unresolved_signature_too_small
2023,employment-school-1f5e97f030ded78dcc65,가톨릭대학교 임상간호대학원,캠퍼스,서울,특수대학원,4,4,4,,,not_tested,not_tested,not_tested,unresolved_no_exact_signature
2023,employment-school-97e006056b11586ed8bb,가톨릭대학교 임상치과학대학원,캠퍼스,서울,특수대학원,3,3,3,,,not_tested,not_tested,not_tested,unresolved_no_exact_signature
2023,employment-school-0977d3e95d467620e1f8,가톨릭대학교행정대학원,본교,서울,특수대학원,1,1,1,,,not_tested,not_tested,not_tested,unresolved_signature_too_small
2023,employment-school-d378273b4a20c6eb6950,가톨릭상지대학교,본교,경북,전문대학,23,23,23,,,not_tested,not_tested,not_tested,unresolved_no_exact_signature
2023,employment-school-ce47fbaae4e00d275b54,감리교신학대학교,본교,서울,대학,1,1,1,,,not_tested,not_tested,not_tested,unresolved_signature_too_small
2023,employment-school-f43a7328284dd14e17c2,감리교신학대학교대학원,본교,서울,일반대학원,1,1,1,,,not_tested,not_tested,not_tested,unresolved_signature_too_small
2023,employment-school-91f5637847ebfcb5160e,감리교신학대학교목회신학대학원,본교,서울,특수대학원,1,1,1,,,not_tested,not_tested,not_tested,unresolved_signature_too_small
2023,employment-school-ee77349ef96ae5df4ff4,감리교신학대학교신학대학원,본교,서울,특수대학원,1,1,1,,,not_tested,not_tested,not_tested,unresolved_signature_too_small
2023,employment-school-97cfa07a86cee99311e2,강남대학교,본교,경기,대학,43,43,43,,,not_tested,not_tested,not_tested,unresolved_no_exact_signature
2023,employment-school-e9f024d14481c6c8fa34,강남대학교교육대학원,본교,경기,특수대학원,8,8,8,,,not_tested,not_tested,not_tested,unresolved_no_exact_signature
2023,employment-school-935fe7a948d3077d17a6,강남대학교 국제대학원,본교,경기,특수대학원,1,1,1,,,not_tested,not_tested,not_tested,unresolved_signature_too_small
2023,employment-school-455dd3cd6dbe43919af8,강남대학교대학원,본교,경기,일반대학원,8,8,8,,,not_tested,not_tested,not_tested,unresolved_no_exact_signature
2023,employment-school-315c65e264bc50c3c990,강남대학교사회복지전문대학원,본교,경기,전문대학원,1,1,1,,,not_tested,not_tested,not_tested,unresolved_signature_too_small
2023,employment-school-a8c446035d3058f9f098,강남대학교 융복합대학원,본교,경기,특수대학원,8,8,8,,,not_tested,not_tested,not_tested,unresolved_no_exact_signature
2023,employment-school-694afc07d5b5d18cd3b4,강동대학교,본교,충북,전문대학,40,40,40,,,not_tested,not_tested,not_tested,unresolved_no_exact_signature
2023,employment-school-14d9b5b99f87e69f8055,강릉영동대학교,본교,강원,전문대학,23,23,23,,,not_tested,not_tested,not_tested,unresolved_no_exact_signature
2023,employment-school-f5c7c6a25a566a3ee50c,강릉원주대학교,본교,강원,대학,46,46,46,,,not_tested,not_tested,not_tested,unresolved_no_exact_signature
2023,employment-school-9ba66d5f6616e1098159,강릉원주대학교,캠퍼스,강원,대학,12,12,12,,,not_tested,not_tested,not_tested,unresolved_no_exact_signature
2023,employment-school-b6106bb2c2e3a08e1034,강릉원주대학교경영정책과학대학원,본교,강원,특수대학원,4,4,4,,,not_tested,not_tested,not_tested,unresolved_no_exact_signature
2023,employment-school-085731a2ef857ed1646d,강릉원주대학교경영정책과학대학원,캠퍼스,강원,특수대학원,1,1,1,,,not_tested,not_tested,not_tested,unresolved_signature_too_small
2023,employment-school-60ee2cae28f6b537db4c,강릉원주대학교교육대학원,본교,강원,특수대학원,9,9,9,,,not_tested,not_tested,not_tested,unresolved_no_exact_signature
2023,employment-school-a773a8e2a0d679bd69b3,강릉원주대학교교육대학원,캠퍼스,강원,특수대학원,2,2,2,,,not_tested,not_tested,not_tested,unresolved_signature_too_small
2023,employment-school-b2e64321031ff47da655,강릉원주대학교대학원,본교,강원,일반대학원,31,31,31,,,not_tested,not_tested,not_tested,unresolved_no_exact_signature
2023,employment-school-cdc718539ce5640e4f79,강릉원주대학교대학원,캠퍼스,강원,일반대학원,7,7,7,,,not_tested,not_tested,not_tested,unresolved_no_exact_signature
2023,employment-school-9984d627de19d0649779,강릉원주대학교산업대학원,본교,강원,특수대학원,3,3,3,,,not_tested,not_tested,not_tested,unresolved_no_exact_signature
2023,employment-school-5cdae610af7a9d9b2da5,강릉원주대학교산업대학원,캠퍼스,강원,특수대학원,4,4,4,,,not_tested,not_tested,not_tested,unresolved_no_exact_signature
2023,employment-school-c8bd4c4d06923711c069,강서대학교,본교,서울,대학,25,25,25,,,not_tested,not_tested,not_tested,unresolved_no_exact_signature
2023,employment-school-4d2f83b3c3ac815e240d,강서대학교 교육대학원,본교,서울,특수대학원,3,3,3,,,not_tested,not_tested,not_tested,unresolved_no_exact_signature
2023,employment-school-a7293d2d0b754b722092,강서대학교 사회복지대학원,본교,서울,특수대학원,1,1,1,,,not_tested,not_tested,not_tested,unresolved_signature_too_small
2023,employment-school-4f80511a2f1303287ae9,강서대학교 신학대학원,본교,서울,특수대학원,1,1,1,,,not_tested,not_tested,not_tested,unresolved_signature_too_small
2023,employment-school-f98ad3e802a70ee36482,강서대학교 일반대학원,본교,서울,일반대학원,3,3,3,,,not_tested,not_tested,not_tested,unresolved_no_exact_signature
2023,employment-school-ee2303e083bcf00b64fb,강원관광대학교,본교,강원,전문대학,2,2,2,,,not_tested,not_tested,not_tested,unresolved_signature_too_small
2023,employment-school-a4391c77f2df597c81a6,강원대학교,본교,강원,대학,171,154,171,,,not_tested,not_tested,not_tested,unresolved_no_exact_signature
2023,employment-school-636888feeeb4372ee959,강원대학교,캠퍼스,강원,대학,69,58,69,,,not_tested,not_tested,not_tested,unresolved_no_exact_signature
2023,employment-school-d846449ce2cbc636d059,강원대학교 경영대학원,본교,강원,특수대학원,3,3,3,,,not_tested,not_tested,not_tested,unresolved_no_exact_signature
2023,employment-school-880e735a52a9b1f94dfa,강원대학교교육대학원,본교,강원,특수대학원,17,17,17,,,not_tested,not_tested,not_tested,unresolved_no_exact_signature
2023,employment-school-6845b4e7e3daeb4a700b,강원대학교 녹색생명산업정책대학원,본교,강원,특수대학원,1,1,1,,,not_tested,not_tested,not_tested,unresolved_signature_too_small
2023,employment-school-48d5ba4e9dbb6b551c5b,강원대학교 방재전문대학원,캠퍼스,강원,전문대학원,6,6,6,,,not_tested,not_tested,not_tested,unresolved_no_exact_signature
2023,employment-school-26ee2405080349f1b0b7,강원대학교법학전문대학원,본교,강원,전문대학원,1,1,1,,,not_tested,not_tested,not_tested,unresolved_signature_too_small
2023,employment-school-7d16000ee49b860abbbd,강원대학교 산업과학대학원,캠퍼스,강원,특수대학원,14,14,14,,,not_tested,not_tested,not_tested,unresolved_no_exact_signature
2023,employment-school-6619d13a3397b9ecf81c,강원대학교산업대학원,본교,강원,특수대학원,6,6,6,,,not_tested,not_tested,not_tested,unresolved_no_exact_signature
2023,employment-school-a225eea807c9ad08a557,강원대학교 의학전문대학원,본교,강원,전문대학원,1,1,1,,,not_tested,not_tested,not_tested,unresolved_signature_too_small
2023,employment-school-2d2bb58053dc0c1c8814,강원대학교일반대학원,본교,강원,일반대학원,105,105,105,,,not_tested,not_tested,not_tested,unresolved_no_exact_signature
2023,employment-school-ed19a86f3460bea05ebe,강원대학교 정보과학ㆍ행정대학원,본교,강원,특수대학원,6,6,6,,,not_tested,not_tested,not_tested,unresolved_no_exact_signature
2023,employment-school-f61fc85a4b92a9cba3e5,강원도립대학교,본교,강원,전문대학,12,12,12,,,not_tested,not_tested,not_tested,unresolved_no_exact_signature
2023,employment-school-886a166945a23c0fd58e,개신대학원대학교,본교,서울,전문대학원,9,9,9,,,not_tested,not_tested,not_tested,unresolved_no_exact_signature
2023,employment-school-e6db5927a412c860d924,거제대학교,본교,경남,전문대학,14,14,14,,,not_tested,not_tested,not_tested,unresolved_no_exact_signature
2023,employment-school-084970df5c59d10f5431,건국대학교,본교,서울,대학,79,78,79,,,not_tested,not_tested,not_tested,unresolved_no_exact_signature
2023,employment-school-409509fd634733cb352c,건국대학교,분교,충북,대학,76,71,76,,,not_tested,not_tested,not_tested,unresolved_no_exact_signature
2023,employment-school-35e97959c12bd76cc62f,건국대학교건축전문대학원,본교,서울,전문대학원,2,2,2,,,not_tested,not_tested,not_tested,unresolved_signature_too_small
2023,employment-school-9b6271154d3bcbbe4455,건국대학교 경영전문대학원,본교,서울,전문대학원,3,3,3,,,not_tested,not_tested,not_tested,unresolved_no_exact_signature
2023,employment-school-e272d45769f43c3340d4,건국대학교교육대학원,본교,서울,특수대학원,4,4,4,,,not_tested,not_tested,not_tested,unresolved_no_exact_signature
2023,employment-school-9f40a86231f855b0a7f1,건국대학교 교육대학원,분교,충북,특수대학원,1,1,1,,,not_tested,not_tested,not_tested,unresolved_signature_too_small
2023,employment-school-51a55ed8e1e782378ef0,건국대학교농축대학원,본교,서울,특수대학원,8,8,8,,,not_tested,not_tested,not_tested,unresolved_no_exact_signature
2023,employment-school-c7a484e6d24397a2634e,건국대학교 법학전문대학원,본교,서울,전문대학원,1,1,1,,,not_tested,not_tested,not_tested,unresolved_signature_too_small
2023,employment-school-0ebdb06289ce3f6daeb4,건국대학교부동산대학원,본교,서울,특수대학원,6,6,6,,,not_tested,not_tested,not_tested,unresolved_no_exact_signature
2023,employment-school-5be212d49ca98b0be183,건국대학교산업대학원,본교,서울,특수대학원,6,6,6,,,not_tested,not_tested,not_tested,unresolved_no_exact_signature
2023,employment-school-6cc4f36e69b82b8762f8,건국대학교 수의방역대학원,본교,서울,특수대학원,1,1,1,,,not_tested,not_tested,not_tested,unresolved_signature_too_small
2023,employment-school-a5b959250679b0b7b09c,건국대학교언론홍보대학원,본교,서울,특수대학원,3,3,3,,,not_tested,not_tested,not_tested,unresolved_no_exact_signature
2023,employment-school-addd99797992b452e034,건국대학교 예술디자인대학원,본교,서울,특수대학원,8,8,8,,,not_tested,not_tested,not_tested,unresolved_no_exact_signature
2023,employment-school-8652c2abc7dbf9d77624,건국대학교 의학전문대학원,분교,충북,전문대학원,1,1,1,,,not_tested,not_tested,not_tested,unresolved_signature_too_small
2023,employment-school-06fb40a5323ed92f35c8,건국대학교일반대학원,본교,서울,일반대학원,90,90,90,,,not_tested,not_tested,not_tested,unresolved_no_exact_signature
2023,employment-school-d02a63b2b1e9da6602c7,건국대학교 일반대학원,분교,충북,일반대학원,23,23,23,,,not_tested,not_tested,not_tested,unresolved_no_exact_signature
2023,employment-school-48aab6918eaa1d7aca92,건국대학교정보통신대학원,본교,서울,특수대학원,3,3,3,,,not_tested,not_tested,not_tested,unresolved_no_exact_signature
2023,employment-school-f00179667e879292650f,건국대학교 창의융합대학원,분교,충북,특수대학원,3,3,3,,,not_tested,not_tested,not_tested,unresolved_no_exact_signature
2023,employment-school-acd2f69d2c406ddf3203,건국대학교행정대학원,본교,서울,특수대학원,6,6,6,,,not_tested,not_tested,not_tested,unresolved_no_exact_signature
2023,employment-school-f062f0978c4c816ed8b7,건신대학원대학교,본교,대전,전문대학원,7,7,7,,,not_tested,not_tested,not_tested,unresolved_no_exact_signature
2023,employment-school-cb113d147a780d5e646a,건양대학교,본교,충남,대학,44,44,44,,,not_tested,not_tested,not_tested,unresolved_no_exact_signature
2023,employment-school-79991f8bd51948b7276f,건양대학교,캠퍼스,대전,대학,17,17,17,,,not_tested,not_tested,not_tested,unresolved_no_exact_signature
2023,employment-school-3a3b273e69c739a5aa76,건양대학교 경영사회복지대학원,캠퍼스,대전,특수대학원,4,4,4,,,not_tested,not_tested,not_tested,unresolved_no_exact_signature
2023,employment-school-693419d3c13aa0066619,건양대학교 군사경찰행정대학원,캠퍼스,대전,특수대학원,3,3,3,,,not_tested,not_tested,not_tested,unresolved_no_exact_signature
2023,employment-school-51097f76855b4fa079a6,건양대학교 바이오융합대학원,캠퍼스,대전,특수대학원,1,1,1,,,not_tested,not_tested,not_tested,unresolved_signature_too_small
2023,employment-school-c4fc954905d81e8a7a43,건양대학교 보건복지대학원,캠퍼스,대전,특수대학원,5,5,5,,,not_tested,not_tested,not_tested,unresolved_no_exact_signature
2023,employment-school-dd5adf59f98892786eea,건양대학교 상담대학원,캠퍼스,대전,특수대학원,1,1,1,,,not_tested,not_tested,not_tested,unresolved_signature_too_small
2023,employment-school-4f8441409a6c5591de05,건양대학교 일반대학원,캠퍼스,대전,일반대학원,13,13,13,,,not_tested,not_tested,not_tested,unresolved_no_exact_signature
2023,employment-school-0a27ff32ab8122b801c0,건양사이버대학교,본교,대전,사이버대학(대학),11,11,11,,,not_tested,not_tested,not_tested,unresolved_no_exact_signature
2023,employment-school-38b45569f5b71ebeb21b,경기과학기술대학교,본교,경기,전문대학,51,51,51,,,not_tested,not_tested,not_tested,unresolved_no_exact_signature
2023,employment-school-81d1ee0b853745ebc662,경기대학교,본교,경기,대학,43,43,43,,,not_tested,not_tested,not_tested,unresolved_no_exact_signature
2023,employment-school-d273c7201460c2818254,경기대학교,캠퍼스,서울,대학,13,13,13,,,not_tested,not_tested,not_tested,unresolved_no_exact_signature
2023,employment-school-ccd1c4d025728d23d4f2,경기대학교 공학대학원,본교,경기,특수대학원,6,6,6,,,not_tested,not_tested,not_tested,unresolved_no_exact_signature
2023,employment-school-5547328562bd1a9fd4d2,경기대학교 관광전문대학원,본교,서울,전문대학원,5,5,5,,,not_tested,not_tested,not_tested,unresolved_no_exact_signature
2023,employment-school-5380f91c2f49acdcd192,경기대학교 교육대학원,본교,경기,특수대학원,10,10,10,,,not_tested,not_tested,not_tested,unresolved_no_exact_signature
2023,employment-school-9ee742b38e345244a39e,경기대학교대체의학대학원,본교,서울,특수대학원,9,9,9,,,not_tested,not_tested,not_tested,unresolved_no_exact_signature
2023,employment-school-a06b3a138f79ea27c5e0,경기대학교 서비스경영전문대학원,본교,서울,전문대학원,3,3,3,,,not_tested,not_tested,not_tested,unresolved_no_exact_signature
2023,employment-school-00316552da03fe5a4139,경기대학교 예술대학원,본교,서울,특수대학원,6,6,6,,,not_tested,not_tested,not_tested,unresolved_no_exact_signature
2023,employment-school-1d72237df8b261ae828f,경기대학교 일반대학원,본교,서울,일반대학원,57,57,57,,,not_tested,not_tested,not_tested,unresolved_no_exact_signature
2023,employment-school-2ed2bcf3bfe26915804d,경기대학교정치전문대학원,본교,서울,전문대학원,4,4,4,,,not_tested,not_tested,not_tested,unresolved_no_exact_signature
2023,employment-school-ee2e65fb59ebc78b38d6,경기대학교 한류문화대학원,본교,서울,특수대학원,7,7,7,,,not_tested,not_tested,not_tested,unresolved_no_exact_signature
2023,employment-school-dcfd954e4b2161f0e4b3,경기대학교 행정복지상담대학원,본교,경기,특수대학원,2,2,2,,,not_tested,not_tested,not_tested,unresolved_signature_too_small
2023,employment-school-7c76987c6b094bfa7f03,경기대학교 행정사회복지대학원,본교,경기,특수대학원,10,10,10,,,not_tested,not_tested,not_tested,unresolved_no_exact_signature
2023,employment-school-06e0b195e3bd542e07ca,경남과학기술대학교,본교,경남,대학,35,35,35,,,not_tested,not_tested,not_tested,unresolved_no_exact_signature
2023,employment-school-36788ad6148410719976,경남과학기술대학교 대학원,본교,경남,일반대학원,21,21,21,,,not_tested,not_tested,not_tested,unresolved_no_exact_signature
2023,employment-school-a7f9b85147fe0dabc3d1,경남과학기술대학교 산업복지대학원,본교,경남,특수대학원,7,7,7,,,not_tested,not_tested,not_tested,unresolved_no_exact_signature
2023,employment-school-d7e1f0218a3dfaf3f42c,경남과학기술대학교 창업대학원,본교,경남,특수대학원,2,2,2,,,not_tested,not_tested,not_tested,unresolved_signature_too_small
2023,employment-school-a5951ecc512b0fd64e1a,경남대학교,본교,경남,대학,61,61,61,,,not_tested,not_tested,not_tested,unresolved_no_exact_signature
2023,employment-school-7bbb7e6424d1923233d5,경남대학교교육대학원,본교,경남,특수대학원,11,11,11,,,not_tested,not_tested,not_tested,unresolved_no_exact_signature
2023,employment-school-a98be5b19cc610e276d7,경남대학교대학원,본교,경남,일반대학원,20,20,20,,,not_tested,not_tested,not_tested,unresolved_no_exact_signature
2023,employment-school-ebeeed060a2fb72d9d72,경남대학교 산업경영대학원,본교,경남,특수대학원,5,5,5,,,not_tested,not_tested,not_tested,unresolved_no_exact_signature
2023,employment-school-5643dc9543bcbd1ff92c,경남대학교행정대학원,본교,경남,특수대학원,7,7,7,,,not_tested,not_tested,not_tested,unresolved_no_exact_signature
2023,employment-school-b8314cca38929e93aa63,경남도립거창대학,본교,경남,전문대학,11,11,11,,,not_tested,not_tested,not_tested,unresolved_no_exact_signature
2023,employment-school-36bbc1ce8bdf6c71cdfc,경남도립남해대학,본교,경남,전문대학,11,11,11,,,not_tested,not_tested,not_tested,unresolved_no_exact_signature
2023,employment-school-febd50014bd1a880174b,경남정보대학교,본교,부산,전문대학,52,52,52,,,not_tested,not_tested,not_tested,unresolved_no_exact_signature
2023,employment-school-edc92c289162120bb4bc,경동대학교,본교,강원,대학,8,8,8,,,not_tested,not_tested,not_tested,unresolved_no_exact_signature
2023,employment-school-cc41b26acd570fa2bac4,경동대학교,캠퍼스1,강원,대학,10,10,10,,,not_tested,not_tested,not_tested,unresolved_no_exact_signature
2023,employment-school-226552b5f8e458aa9fd7,경동대학교,캠퍼스2,경기,대학,17,17,17,,,not_tested,not_tested,not_tested,unresolved_no_exact_signature
2023,employment-school-577e5431b1a818f1072c,경민대학교,본교,경기,전문대학,40,40,40,,,not_tested,not_tested,not_tested,unresolved_no_exact_signature
2023,employment-school-d8e776cd6abb6f01b12e,경복대학교,본교,경기,전문대학,54,54,54,,,not_tested,not_tested,not_tested,unresolved_no_exact_signature
2023,employment-school-46f31f833e38624aad5e,경북과학대학교,본교,경북,전문대학,21,21,21,,,not_tested,not_tested,not_tested,unresolved_no_exact_signature
2023,employment-school-864facf6b7d4427167ab,경북대학교,본교,대구,대학,143,141,143,,,not_tested,not_tested,not_tested,unresolved_no_exact_signature
2023,employment-school-da4e8e20fd61c32c9a64,경북대학교 경영대학원,본교,대구,특수대학원,4,4,4,,,not_tested,not_tested,not_tested,unresolved_no_exact_signature
2023,employment-school-5a2ecb159f7bc6f86a50,경북대학교 과학기술대학원,본교,경북,특수대학원,13,13,13,,,not_tested,not_tested,not_tested,unresolved_no_exact_signature
2023,employment-school-d1a96326a28c8c7a7841,경북대학교 교육대학원,본교,대구,특수대학원,25,25,25,,,not_tested,not_tested,not_tested,unresolved_no_exact_signature
2023,employment-school-5508cbf098a8528b0693,경북대학교 국제대학원,본교,대구,특수대학원,8,8,8,,,not_tested,not_tested,not_tested,unresolved_no_exact_signature
2023,employment-school-7f20aa3a020914f0502e,경북대학교 농업생명융합대학원,본교,대구,특수대학원,6,6,6,,,not_tested,not_tested,not_tested,unresolved_no_exact_signature
2023,employment-school-434353e91ecadb971e93,경북대학교 법학전문대학원,본교,대구,전문대학원,1,1,1,,,not_tested,not_tested,not_tested,unresolved_signature_too_small
2023,employment-school-0c2c6754b175a896e08c,경북대학교 보건대학원,본교,대구,특수대학원,2,2,2,,,not_tested,not_tested,not_tested,unresolved_signature_too_small
2023,employment-school-e4a05292addfe8f9f558,경북대학교 산업대학원,본교,대구,특수대학원,12,12,12,,,not_tested,not_tested,not_tested,unresolved_no_exact_signature
2023,employment-school-894140d5d8c77c12919b,경북대학교 수사과학대학원,본교,대구,특수대학원,3,3,3,,,not_tested,not_tested,not_tested,unresolved_no_exact_signature
2023,employment-school-65eeebe33e1d40e8ad32,경북대학교 의학전문대학원,본교,대구,전문대학원,1,1,1,,,not_tested,not_tested,not_tested,unresolved_signature_too_small
2023,employment-school-bad6a16c14a4ba6508c5,경북대학교 일반대학원,본교,대구,일반대학원,122,122,122,,,not_tested,not_tested,not_tested,unresolved_no_exact_signature
2023,employment-school-c306c767dff4d1b32983,경북대학교 정책정보대학원,본교,대구,특수대학원,8,8,8,,,not_tested,not_tested,not_tested,unresolved_no_exact_signature
2023,employment-school-a2a33694fc8cb652620b,경북대학교 치의학전문대학원,본교,대구,전문대학원,1,1,1,,,not_tested,not_tested,not_tested,unresolved_signature_too_small
2023,employment-school-bdd52ae8180115658f26,경북대학교 행정대학원,본교,대구,특수대학원,4,4,4,,,not_tested,not_tested,not_tested,unresolved_no_exact_signature
2023,employment-school-11fb6aa27021329365c8,경북도립대학교,본교,경북,전문대학,17,17,17,,,not_tested,not_tested,not_tested,unresolved_no_exact_signature
2023,employment-school-88ecfd3e7b4dc88a858f,경북보건대학교,본교,경북,전문대학,6,6,6,,,not_tested,not_tested,not_tested,unresolved_no_exact_signature
2023,employment-school-ef8248e4613fd652c5b8,경북전문대학교,본교,경북,전문대학,28,28,28,,,not_tested,not_tested,not_tested,unresolved_no_exact_signature
2023,employment-school-3a09c2a518f899459311,경상국립대학교,본교,경남,대학,101,101,101,,,not_tested,not_tested,not_tested,unresolved_no_exact_signature
2023,employment-school-6e8e131429a9794e4338,경상국립대학교 건축도시토목대학원,본교,경남,특수대학원,4,4,4,,,not_tested,not_tested,not_tested,unresolved_no_exact_signature
2023,employment-school-ee530d8288f97a2ce2b8,경상국립대학교 경영대학원,본교,경남,특수대학원,3,3,3,,,not_tested,not_tested,not_tested,unresolved_no_exact_signature
2023,employment-school-bd7f1232d85473d6f780,경상국립대학교 교육대학원,본교,경남,특수대학원,24,24,24,,,not_tested,not_tested,not_tested,unresolved_no_exact_signature
2023,employment-school-1cca71a51e564feb1b3f,경상국립대학교 대학원,본교,경남,일반대학원,87,87,87,,,not_tested,not_tested,not_tested,unresolved_no_exact_signature
2023,employment-school-aebf0b355e1477463f9f,경상국립대학교 보건대학원,본교,경남,특수대학원,1,1,1,,,not_tested,not_tested,not_tested,unresolved_signature_too_small
2023,employment-school-5e1a9ac133126d0d4750,경상국립대학교 스마트미래농업대학원,본교,경남,특수대학원,1,1,1,,,not_tested,not_tested,not_tested,unresolved_signature_too_small
2023,employment-school-a46a6a595ef696d449b1,경상국립대학교 융합과학기술대학원,본교,경남,특수대학원,11,11,11,,,not_tested,not_tested,not_tested,unresolved_no_exact_signature
2023,employment-school-6369da2cf3b6065f0c58,경상국립대학교 의학전문대학원,본교,경남,전문대학원,1,1,1,,,not_tested,not_tested,not_tested,unresolved_signature_too_small
2023,employment-school-47d1d9a5473a1e52df26,경상국립대학교 항공우주특성화대학원,본교,경남,특수대학원,1,1,1,,,not_tested,not_tested,not_tested,unresolved_signature_too_small
2023,employment-school-300c079d378cebf51d50,경상국립대학교 행정대학원,본교,경남,특수대학원,4,4,4,,,not_tested,not_tested,not_tested,unresolved_no_exact_signature
2023,employment-school-7742e40ebecf98d1b996,경성대학교,본교,부산,대학,76,75,76,,,not_tested,not_tested,not_tested,unresolved_no_exact_signature
2023,employment-school-8c8a9f7f3f20d35e441d,경성대학교 경영대학원,본교,부산,특수대학원,1,1,1,,,not_tested,not_tested,not_tested,unresolved_signature_too_small
2023,employment-school-5b9b97b30e5e8d0d5d89,경성대학교 교육대학원,본교,부산,특수대학원,6,6,6,,,not_tested,not_tested,not_tested,unresolved_no_exact_signature
2023,employment-school-c66ef4d71672d7902439,경성대학교 멀티미디어대학원,본교,부산,특수대학원,2,2,2,,,not_tested,not_tested,not_tested,unresolved_signature_too_small
2023,employment-school-8dae3259d351cba1d300,경성대학교 사회복지대학원,본교,부산,특수대학원,2,2,2,,,not_tested,not_tested,not_tested,unresolved_signature_too_small
2023,employment-school-e5e1ec2b32aa616553c3,경성대학교 일반대학원,본교,부산,일반대학원,36,36,36,,,not_tested,not_tested,not_tested,unresolved_no_exact_signature
2023,employment-school-b1182df7ce6c0f5473cf,경안대학원대학교,본교,경북,전문대학원,3,3,3,4745576679,unique_exact_department_signature,true,false,true,candidate_0101_context_conflict
2023,employment-school-ddf56d40dad8b90f1c81,경운대학교,본교,경북,대학,37,37,37,,,not_tested,not_tested,not_tested,unresolved_no_exact_signature
2023,employment-school-0378896a00c17f37e2ef,경운대학교 사회복지대학원,본교,경북,특수대학원,2,2,2,,,not_tested,not_tested,not_tested,unresolved_signature_too_small
2023,employment-school-5b6d9889c092e9e0c334,경운대학교 산업정보대학원,본교,경북,특수대학원,5,5,5,,,not_tested,not_tested,not_tested,unresolved_no_exact_signature
2023,employment-school-801fc2d9a190adaff769,경운대학교 일반대학원,본교,경북,일반대학원,10,10,10,,,not_tested,not_tested,not_tested,unresolved_no_exact_signature
2023,employment-school-908643c32c3ada6254dc,경인교육대학교,캠퍼스,경기,교육대학,14,14,14,,,not_tested,not_tested,not_tested,unresolved_no_exact_signature
2023,employment-school-556ab40373d3cb967ec1,경인교육대학교 교육전문대학원,본교,인천,전문대학원,28,28,28,,,not_tested,not_tested,not_tested,unresolved_no_exact_signature
2023,employment-school-dfd1e219731d76e99ab3,경인여자대학교,본교,인천,전문대학,45,45,45,,,not_tested,not_tested,not_tested,unresolved_no_exact_signature
2023,employment-school-e1f9c3f377f26bde0740,경일대학교,본교,경북,대학,35,35,35,,,not_tested,not_tested,not_tested,unresolved_no_exact_signature
2023,employment-school-64c511c7b5dfc68d5876,경일대학교 K-글로벌대학원,본교,경북,특수대학원,1,1,1,,,not_tested,not_tested,not_tested,unresolved_signature_too_small
2023,employment-school-42472405c0d10bffe2a1,경일대학교 보건복지대학원,본교,경북,특수대학원,1,1,1,,,not_tested,not_tested,not_tested,unresolved_signature_too_small
2023,employment-school-9c3bba80d44c0707a5d5,경일대학교 일반대학원,본교,경북,일반대학원,18,18,18,,,not_tested,not_tested,not_tested,unresolved_no_exact_signature
2023,employment-school-7ac32e95662bbaf5e5ae,경주대학교,본교,경북,대학,15,15,15,,,not_tested,not_tested,not_tested,unresolved_no_exact_signature
2023,employment-school-418e9e186f44bc439f54,경주대학교 문화관광복지대학원,본교,경북,특수대학원,3,3,3,,,not_tested,not_tested,not_tested,unresolved_no_exact_signature
2023,employment-school-69aec49f215db0d638d9,경주대학교일반대학원,본교,경북,일반대학원,2,2,2,,,not_tested,not_tested,not_tested,unresolved_signature_too_small
2023,employment-school-655ea128b9050d3d208d,경희대학교,본교,서울,대학,91,90,91,,,not_tested,not_tested,not_tested,unresolved_no_exact_signature
2023,employment-school-716abdf5450cdbbb293a,경희대학교경영대학원,본교,서울,특수대학원,18,18,18,,,not_tested,not_tested,not_tested,unresolved_no_exact_signature
2023,employment-school-beab10c51406349f8eee,경희대학교 공공대학원,본교,서울,특수대학원,5,5,5,,,not_tested,not_tested,not_tested,unresolved_no_exact_signature
2023,employment-school-f3eb64e3489f324e12d6,경희대학교관광대학원,본교,서울,특수대학원,10,10,10,,,not_tested,not_tested,not_tested,unresolved_no_exact_signature
2023,employment-school-897569c55c944d1d99c6,경희대학교교육대학원,본교,서울,특수대학원,23,23,23,,,not_tested,not_tested,not_tested,unresolved_no_exact_signature
2023,employment-school-b632c9f0bce8daa99ee0,경희대학교 국제대학원,본교,경기,전문대학원,5,5,5,,,not_tested,not_tested,not_tested,unresolved_no_exact_signature
2023,employment-school-ec68fc829c37733ca078,경희대학교대학원,본교,서울,일반대학원,99,99,99,,,not_tested,not_tested,not_tested,unresolved_no_exact_signature
2023,employment-school-5970b935e8b97fd3aa95,경희대학교 동서의학대학원,본교,경기,전문대학원,9,9,9,,,not_tested,not_tested,not_tested,unresolved_no_exact_signature
2023,employment-school-081de138f2e9e83aa3f6,경희대학교 미디어커뮤니케이션대학원,본교,서울,특수대학원,3,3,3,,,not_tested,not_tested,not_tested,unresolved_no_exact_signature
2023,employment-school-d6557f607e4e4a51bc35,경희대학교 법무대학원,본교,서울,특수대학원,6,6,6,,,not_tested,not_tested,not_tested,unresolved_no_exact_signature
2023,employment-school-16bac11b3fe7eb90bed6,경희대학교 법학전문대학원,본교,서울,전문대학원,1,1,1,,,not_tested,not_tested,not_tested,unresolved_signature_too_small
2023,employment-school-957fbf6d104878e92858,경희대학교 아트퓨전디자인대학원,본교,경기,특수대학원,2,2,2,,,not_tested,not_tested,not_tested,unresolved_signature_too_small
2023,employment-school-3d74e184b1db24d029fa,경희대학교 의학전문대학원,본교,서울,전문대학원,1,1,1,,,not_tested,not_tested,not_tested,unresolved_signature_too_small
2023,employment-school-4096a6e2da4220d0b027,경희대학교 체육대학원,본교,경기,전문대학원,4,4,4,,,not_tested,not_tested,not_tested,unresolved_no_exact_signature
2023,employment-school-ed0b580d6bf7462fce55,경희대학교 테크노경영대학원,본교,경기,특수대학원,9,9,9,,,not_tested,not_tested,not_tested,unresolved_no_exact_signature
2023,employment-school-aca3929e2b8ba0a62b3a,경희대학교평화복지대학원,본교,경기,특수대학원,3,3,3,,,not_tested,not_tested,not_tested,unresolved_no_exact_signature
2023,employment-school-fa738782e0171cc97490,경희사이버대학교,본교,서울,사이버대학(대학),36,36,36,,,not_tested,not_tested,not_tested,unresolved_no_exact_signature
2023,employment-school-449ff409b2e80b124730,경희사이버대학교 문화창조대학원,본교,서울,특수대학원,4,4,4,,,not_tested,not_tested,not_tested,unresolved_no_exact_signature
2023,employment-school-f055f1a333bf0c94bc97,경희사이버대학교 호텔관광대학원,본교,서울,특수대학원,2,2,2,,,not_tested,not_tested,not_tested,unresolved_signature_too_small
2023,employment-school-a9f9a2fda31b0da06876,계명대학교,본교,대구,대학,87,87,87,,,not_tested,not_tested,not_tested,unresolved_no_exact_signature
2023,employment-school-1b8b9d2b25a24e21ca46,계명대학교 경영대학원,본교,대구,특수대학원,2,2,2,,,not_tested,not_tested,not_tested,unresolved_signature_too_small
2023,employment-school-4b0a1237112454e9635d,계명대학교 교육대학원,본교,대구,특수대학원,18,18,18,,,not_tested,not_tested,not_tested,unresolved_no_exact_signature
2023,employment-school-13f8907e0df990ef4726,계명대학교 글로벌창업대학원,본교,대구,특수대학원,2,2,2,,,not_tested,not_tested,not_tested,unresolved_signature_too_small
2023,employment-school-66615e749e45a2632f52,계명대학교 대학원,본교,대구,일반대학원,57,57,57,,,not_tested,not_tested,not_tested,unresolved_no_exact_signature
2023,employment-school-506193352a962a2e71b7,계명대학교 스포츠산업대학원,본교,대구,특수대학원,2,2,2,,,not_tested,not_tested,not_tested,unresolved_signature_too_small
2023,employment-school-c929ef33a9b873c8232b,계명대학교 연합신학대학원,본교,대구,특수대학원,3,3,3,,,not_tested,not_tested,not_tested,unresolved_no_exact_signature
2023,employment-school-2f0f3438af438034486a,계명대학교 예술대학원,본교,대구,특수대학원,3,3,3,,,not_tested,not_tested,not_tested,unresolved_no_exact_signature
2023,employment-school-c61bce277e07d328a84f,계명대학교 유아교육대학원,본교,대구,특수대학원,2,2,2,,,not_tested,not_tested,not_tested,unresolved_signature_too_small
2023,employment-school-238722c3ed8f7e5e254e,계명대학교 정책대학원,본교,대구,특수대학원,5,5,5,,,not_tested,not_tested,not_tested,unresolved_no_exact_signature
2023,employment-school-c1e1573b05caf66f9ecd,계명문화대학교,본교,대구,전문대학,45,45,45,,,not_tested,not_tested,not_tested,unresolved_no_exact_signature
2023,employment-school-5cb6776663f7fa2a19e3,계원예술대학교,본교,경기,전문대학,26,26,26,,,not_tested,not_tested,not_tested,unresolved_no_exact_signature
2023,employment-school-291a50a6639156e30a75,고구려대학교,본교,전남,전문대학,22,22,22,,,not_tested,not_tested,not_tested,unresolved_no_exact_signature
2023,employment-school-384c7c8436241901d54c,고려대학교,본교,서울,대학,62,61,62,,,not_tested,not_tested,not_tested,unresolved_no_exact_signature
2023,employment-school-f24999fa94fec59c78f5,고려대학교 KU-KIST융합대학원,본교,서울,전문대학원,1,1,1,,,not_tested,not_tested,not_tested,unresolved_signature_too_small
2023,employment-school-46be902f3e1a5dd92db0,고려대학교 경영전문대학원,본교,서울,전문대학원,6,6,6,,,not_tested,not_tested,not_tested,unresolved_no_exact_signature
2023,employment-school-fd4a70a7ee893c051b22,고려대학교 공학대학원,본교,서울,특수대학원,4,4,4,,,not_tested,not_tested,not_tested,unresolved_no_exact_signature
2023,employment-school-198e875048646cd42645,고려대학교 교육대학원,본교,서울,특수대학원,22,22,22,,,not_tested,not_tested,not_tested,unresolved_no_exact_signature
2023,employment-school-738c74f365e0726835cb,고려대학교 국제대학원,본교,서울,전문대학원,2,2,2,,,not_tested,not_tested,not_tested,unresolved_signature_too_small
2023,employment-school-4226cb53af82e94474d6,고려대학교 그린스쿨(에너지환경정책기술대학원),본교,서울,전문대학원,1,1,1,,,not_tested,not_tested,not_tested,unresolved_signature_too_small
2023,employment-school-65671bb17bc143fad5d6,고려대학교 기술경영전문대학원,본교,서울,전문대학원,3,3,3,,,not_tested,not_tested,not_tested,unresolved_no_exact_signature
2023,employment-school-19327606fc0033823ecc,고려대학교 노동대학원,본교,서울,특수대학원,5,5,5,,,not_tested,not_tested,not_tested,unresolved_no_exact_signature
2023,employment-school-ccfad40f2c2531d1e16e,고려대학교 대학원,본교,서울,일반대학원,83,83,83,,,not_tested,not_tested,not_tested,unresolved_no_exact_signature
2023,employment-school-2df5664a40297d0bf1d9,고려대학교 문화스포츠대학원,분교,세종,특수대학원,4,4,4,,,not_tested,not_tested,not_tested,unresolved_no_exact_signature
2023,employment-school-103256c950a50aa05650,고려대학교 미디어대학원,본교,서울,특수대학원,4,4,4,,,not_tested,not_tested,not_tested,unresolved_no_exact_signature
2023,employment-school-638fdfafdad026ccfcf1,고려대학교 법무대학원,본교,서울,특수대학원,7,7,7,,,not_tested,not_tested,not_tested,unresolved_no_exact_signature
2023,employment-school-16564dffcc270f93c85b,고려대학교 법학전문대학원,본교,서울,전문대학원,1,1,1,,,not_tested,not_tested,not_tested,unresolved_signature_too_small
2023,employment-school-5a46a2f168f40f0913ea,고려대학교 보건대학원,본교,서울,특수대학원,4,4,4,,,not_tested,not_tested,not_tested,unresolved_no_exact_signature
2023,employment-school-62c12260218f9b0a64e4,고려대학교 생명환경과학대학원,본교,서울,특수대학원,7,7,7,,,not_tested,not_tested,not_tested,unresolved_no_exact_signature
2023,employment-school-0e76ccbba1d4f0a62250,고려대학교 세종캠퍼스,분교,세종,대학,56,56,56,,,not_tested,not_tested,not_tested,unresolved_no_exact_signature
2023,employment-school-51b3c29aa8f498820b06,고려대학교 세종캠퍼스 경영정보대학원,분교,세종,특수대학원,7,7,7,,,not_tested,not_tested,not_tested,unresolved_no_exact_signature
2023,employment-school-96bec3a5c3e28a20ebb3,고려대학교 세종캠퍼스 의용과학대학원,분교,세종,특수대학원,3,3,3,,,not_tested,not_tested,not_tested,unresolved_no_exact_signature
2023,employment-school-901ab05e5d875b25845b,고려대학교 세종캠퍼스 행정대학원,분교,세종,특수대학원,2,2,2,,,not_tested,not_tested,not_tested,unresolved_signature_too_small
2023,employment-school-4bb98d2a0bd5c038a3fc,고려대학교 세종캠퍼스 행정전문대학원,분교,세종,전문대학원,2,2,2,,,not_tested,not_tested,not_tested,unresolved_signature_too_small
2023,employment-school-33cd8a4e0082982e1d02,고려대학교 언론대학원,본교,서울,특수대학원,3,3,3,,,not_tested,not_tested,not_tested,unresolved_no_exact_signature
2023,employment-school-55d6594c00a39b30b435,고려대학교 에너지환경대학원(그린스쿨),본교,서울,전문대학원,1,1,1,,,not_tested,not_tested,not_tested,unresolved_signature_too_small
2023,employment-school-0d64b5bdf83ce029d380,고려대학교 일반대학원,분교,세종,일반대학원,28,28,28,,,not_tested,not_tested,not_tested,unresolved_no_exact_signature
2023,employment-school-aa9bf01f50fb6ded97dc,고려대학교 임상치의학대학원,본교,서울,특수대학원,4,4,4,,,not_tested,not_tested,not_tested,unresolved_no_exact_signature
2023,employment-school-50f753ac0feaec6bac24,고려대학교 정보보호대학원,본교,서울,전문대학원,5,5,5,,,not_tested,not_tested,not_tested,unresolved_no_exact_signature
2023,employment-school-c1c7b67f0b074024d29d,고려대학교 정책대학원,본교,서울,특수대학원,9,9,9,,,not_tested,not_tested,not_tested,unresolved_no_exact_signature
2023,employment-school-dbb0866f7d9136924e44,고려대학교 컴퓨터정보통신대학원,본교,서울,특수대학원,5,5,5,,,not_tested,not_tested,not_tested,unresolved_no_exact_signature
2023,employment-school-8b245c732f68d3954f93,고려사이버대학교,본교,서울,사이버대학(대학),21,21,21,,,not_tested,not_tested,not_tested,unresolved_no_exact_signature
2023,employment-school-46708a263916c8ff7477,고려사이버대학교 융합정보대학원,본교,서울,특수대학원,1,1,1,,,not_tested,not_tested,not_tested,unresolved_signature_too_small
2023,employment-school-52fc5a647c481789112e,고신대학교,본교,부산,대학,27,26,27,,,not_tested,not_tested,not_tested,unresolved_no_exact_signature
2023,employment-school-88e5dcc38cb8866516e5,고신대학교교육대학원,본교,부산,특수대학원,4,4,4,,,not_tested,not_tested,not_tested,unresolved_no_exact_signature
2023,employment-school-efef8be0db970b754164,고신대학교 교회음악대학원,본교,부산,특수대학원,3,3,3,,,not_tested,not_tested,not_tested,unresolved_no_exact_signature
2023,employment-school-f4b75edd2c37c0d9809d,고신대학교기독교상담대학원,본교,부산,특수대학원,1,1,1,,,not_tested,not_tested,not_tested,unresolved_signature_too_small
2023,employment-school-a311891e9c8d838db16a,고신대학교 대학원,본교,부산,일반대학원,8,8,8,,,not_tested,not_tested,not_tested,unresolved_no_exact_signature
2023,employment-school-287938a8bab5a79f1621,고신대학교보건대학원,본교,부산,특수대학원,4,4,4,,,not_tested,not_tested,not_tested,unresolved_no_exact_signature
2023,employment-school-04b3aabaa13cb4ac9f57,고신대학교 선교목회대학원,본교,부산,특수대학원,4,4,4,,,not_tested,not_tested,not_tested,unresolved_no_exact_signature
2023,employment-school-43c44f01c3843949912e,고신대학교신학대학원,본교,충남,특수대학원,2,2,2,,,not_tested,not_tested,not_tested,unresolved_signature_too_small
2023,employment-school-e94d836f93878cb44f31,공주교육대학교,본교,충남,교육대학,12,12,12,,,not_tested,not_tested,not_tested,unresolved_no_exact_signature
2023,employment-school-d34b7fa451cb3dbe693e,공주교육대학교교육대학원,본교,충남,특수대학원,30,30,30,,,not_tested,not_tested,not_tested,unresolved_no_exact_signature
2023,employment-school-bd1f177d5c6951a19244,공주대학교,본교,충남,대학,113,113,113,,,not_tested,not_tested,not_tested,unresolved_no_exact_signature
2023,employment-school-601b25bc524c7d2c238d,공주대학교 경영대학원,본교,충남,특수대학원,1,1,1,,,not_tested,not_tested,not_tested,unresolved_signature_too_small
2023,employment-school-1e366b2a47ebb026a22d,공주대학교교육대학원,본교,충남,특수대학원,32,32,32,,,not_tested,not_tested,not_tested,unresolved_no_exact_signature
2023,employment-school-368258e6294dd0aa41c9,공주대학교 국가사회안전대학원,본교,충남,특수대학원,5,5,5,,,not_tested,not_tested,not_tested,unresolved_no_exact_signature
2023,employment-school-191c16fbd5e259a522f2,공주대학교대학원,본교,충남,일반대학원,85,85,85,,,not_tested,not_tested,not_tested,unresolved_no_exact_signature
2023,employment-school-8f780536ea2314747546,공주대학교 문화유산대학원,본교,충남,특수대학원,1,1,1,,,not_tested,not_tested,not_tested,unresolved_signature_too_small
2023,employment-school-2b8b0a760c87c0f40ea2,공주대학교산업과학대학원,본교,충남,특수대학원,8,8,8,,,not_tested,not_tested,not_tested,unresolved_no_exact_signature
2023,employment-school-61c4b556f53c8f6105b9,공주대학교 정책융합전문대학원,본교,충남,전문대학원,4,4,4,,,not_tested,not_tested,not_tested,unresolved_no_exact_signature
2023,employment-school-829cc10ab71442770ebf,공주대학교 테크노융합대학원,본교,충남,특수대학원,5,5,5,,,not_tested,not_tested,not_tested,unresolved_no_exact_signature
2023,employment-school-2603bf9b8fa0c72de0dd,공주대학교특수교육대학원,본교,충남,특수대학원,6,6,6,,,not_tested,not_tested,not_tested,unresolved_no_exact_signature
2023,employment-school-27c1316e2d4172226caa,과학기술연합대학원대학교,본교,대전,전문대학원,59,59,59,,,not_tested,not_tested,not_tested,unresolved_no_exact_signature
2023,employment-school-63587206fd40bc9460a2,광신대학교,본교,광주,대학,8,8,8,,,not_tested,not_tested,not_tested,unresolved_no_exact_signature
2023,employment-school-639d4a633254fe7e846f,광신대학교 국제대학원,본교,광주,특수대학원,2,2,2,,,not_tested,not_tested,not_tested,unresolved_signature_too_small
2023,employment-school-d511140fffcaf70ae31d,광신대학교대학원,본교,광주,일반대학원,8,8,8,,,not_tested,not_tested,not_tested,unresolved_no_exact_signature
2023,employment-school-78ba8a7cead9f56f7e82,광신대학교 사회복지대학원,본교,광주,특수대학원,2,2,2,,,not_tested,not_tested,not_tested,unresolved_signature_too_small
2023,employment-school-aa863ee30f87177ba954,광신대학교상담치료대학원,본교,광주,특수대학원,3,3,3,,,not_tested,not_tested,not_tested,unresolved_no_exact_signature
2023,employment-school-33ff73ff0066314c1cf3,광신대학교신학대학원,본교,광주,특수대학원,2,2,2,,,not_tested,not_tested,not_tested,unresolved_signature_too_small
2023,employment-school-d2bbc79512bfc070c1dd,광신대학교 음악대학원,본교,광주,특수대학원,2,2,2,,,not_tested,not_tested,not_tested,unresolved_signature_too_small
2023,employment-school-698152ffaf2e2b780f6a,광양보건대학교,본교,전남,전문대학,8,8,8,,,not_tested,not_tested,not_tested,unresolved_no_exact_signature
2023,employment-school-ae5e53097299a2bc2855,광운대학교,본교,서울,대학,44,41,44,,,not_tested,not_tested,not_tested,unresolved_no_exact_signature
2023,employment-school-3d3a9d3bea7b4978354a,광운대학교 건설법무대학원,본교,서울,특수대학원,3,3,3,,,not_tested,not_tested,not_tested,unresolved_no_exact_signature
2023,employment-school-bbaf6a374b7fe614bbf6,광운대학교 경영대학원,본교,서울,특수대학원,3,3,3,,,not_tested,not_tested,not_tested,unresolved_no_exact_signature
2023,employment-school-28ad8f9536427c750792,광운대학교교육대학원,본교,서울,특수대학원,9,9,9,,,not_tested,not_tested,not_tested,unresolved_no_exact_signature
2023,employment-school-68f3892200f9bda49687,광운대학교대학원,본교,서울,일반대학원,38,38,38,,,not_tested,not_tested,not_tested,unresolved_no_exact_signature
2023,employment-school-ba3b12c627bda14c7f16,광운대학교 상담복지정책대학원,본교,서울,특수대학원,2,2,2,,,not_tested,not_tested,not_tested,unresolved_signature_too_small
2023,employment-school-daeff1e5982a44a8fbf1,광운대학교 스마트융합대학원,본교,서울,특수대학원,8,8,8,,,not_tested,not_tested,not_tested,unresolved_no_exact_signature
2023,employment-school-9e3ea559c7e12722ab9a,광운대학교 환경대학원,본교,서울,특수대학원,4,4,4,,,not_tested,not_tested,not_tested,unresolved_no_exact_signature
2023,employment-school-9203a1844029e856e6a4,광주가톨릭대학교,본교,전남,대학,1,1,1,,,not_tested,not_tested,not_tested,unresolved_signature_too_small
2023,employment-school-d8045d3946695066c998,광주가톨릭대학교대학원,본교,전남,일반대학원,1,1,1,,,not_tested,not_tested,not_tested,unresolved_signature_too_small
2023,employment-school-945bb5de9ac6e4d5c566,광주과학기술원,본교,광주,대학,7,7,7,,,not_tested,not_tested,not_tested,unresolved_no_exact_signature
2023,employment-school-6a86d7aef359c3e48d57,광주과학기술원 일반대학원,본교,광주,일반대학원,11,11,11,,,not_tested,not_tested,not_tested,unresolved_no_exact_signature
2023,employment-school-79b0bcbfa8b5017be124,광주교육대학교,본교,광주,교육대학,13,13,13,7730154871,unique_exact_department_college_signature,true,true,true,candidate_signature_context_confirmed
2023,employment-school-d9b532c1f920fda61c7e,광주교육대학교교육대학원,본교,광주,특수대학원,23,23,23,,,not_tested,not_tested,not_tested,unresolved_no_exact_signature
2023,employment-school-809195b83c762df605b7,광주대학교,본교,광주,대학,41,41,41,,,not_tested,not_tested,not_tested,unresolved_no_exact_signature
2023,employment-school-8735401b087a818fa166,광주대학교 보건상담정책대학원,본교,광주,특수대학원,9,9,9,,,not_tested,not_tested,not_tested,unresolved_no_exact_signature
2023,employment-school-d55eaec1eeefab6cb0e9,광주대학교사회복지전문대학원,본교,광주,전문대학원,1,1,1,,,not_tested,not_tested,not_tested,unresolved_signature_too_small
2023,employment-school-18a2a251be2d9d517178,광주대학교 일반대학원,본교,광주,일반대학원,25,25,25,,,not_tested,not_tested,not_tested,unresolved_no_exact_signature
2023,employment-school-334f067b36cf25655de4,광주보건대학교,본교,광주,전문대학,14,14,14,,,not_tested,not_tested,not_tested,unresolved_no_exact_signature
2023,employment-school-0436075a2b7395b96674,광주여자대학교,본교,광주,대학,19,19,19,,,not_tested,not_tested,not_tested,unresolved_no_exact_signature
2023,employment-school-be24c47981b217385b06,광주여자대학교교육대학원,본교,광주,특수대학원,4,4,4,,,not_tested,not_tested,not_tested,unresolved_no_exact_signature
2023,employment-school-cbe39fdfbcefc31c2fa6,광주여자대학교 사회개발대학원,본교,광주,특수대학원,6,6,6,,,not_tested,not_tested,not_tested,unresolved_no_exact_signature
2023,employment-school-ec8aac838e334af66742,광주여자대학교 일반대학원,본교,광주,일반대학원,7,7,7,,,not_tested,not_tested,not_tested,unresolved_no_exact_signature
2023,employment-school-8673e607d41ab165714c,구미대학교,본교,경북,전문대학,41,41,41,,,not_tested,not_tested,not_tested,unresolved_no_exact_signature
2023,employment-school-c0f621fa5ac4ad3cdf0d,구세군사관대학원대학교,본교,경기,특수대학원,2,2,2,,,not_tested,not_tested,not_tested,unresolved_signature_too_small
2023,employment-school-b3ffc899754c327b0c30,국립암센터국제암대학원대학교,본교,경기,전문대학원,2,2,2,,,not_tested,not_tested,not_tested,unresolved_signature_too_small
2023,employment-school-b065311b6dae17142856,국민대학교,본교,서울,대학,100,95,100,,,not_tested,not_tested,not_tested,unresolved_no_exact_signature
2023,employment-school-06dda5c2cfc8b2e5a292,국민대학교경영대학원,본교,서울,특수대학원,7,7,7,,,not_tested,not_tested,not_tested,unresolved_no_exact_signature
2023,employment-school-7e668ebae8965bb0333c,국민대학교교육대학원,본교,서울,특수대학원,10,10,10,,,not_tested,not_tested,not_tested,unresolved_no_exact_signature
2023,employment-school-fe9221c18e6d47086de9,국민대학교 글로벌창업벤처대학원,본교,서울,특수대학원,1,1,1,,,not_tested,not_tested,not_tested,unresolved_signature_too_small
2023,employment-school-6a4f5ff5c1625df63306,국민대학교대학원,본교,서울,일반대학원,47,47,47,,,not_tested,not_tested,not_tested,unresolved_no_exact_signature
2023,employment-school-a612920b1b1c1fb75059,국민대학교디자인대학원,본교,서울,특수대학원,10,10,10,,,not_tested,not_tested,not_tested,unresolved_no_exact_signature
2023,employment-school-525c9fe03c8eba130532,국민대학교법무대학원,본교,서울,특수대학원,5,5,5,,,not_tested,not_tested,not_tested,unresolved_no_exact_signature
2023,employment-school-03fad539fc72ce70cc7a,국민대학교비즈니스IT전문대학원,본교,서울,전문대학원,2,2,2,,,not_tested,not_tested,not_tested,unresolved_signature_too_small
2023,employment-school-2d555965597f965e5535,국민대학교 소프트웨어융합대학원,본교,서울,특수대학원,4,4,4,,,not_tested,not_tested,not_tested,unresolved_no_exact_signature
2023,employment-school-23230ef418e30aea79d0,국민대학교스포츠산업대학원,본교,서울,특수대학원,5,5,5,,,not_tested,not_tested,not_tested,unresolved_no_exact_signature
2023,employment-school-670b7ce0bb033cea9845,국민대학교자동차공학전문대학원,본교,서울,전문대학원,2,2,2,,,not_tested,not_tested,not_tested,unresolved_signature_too_small
2023,employment-school-1c097cf19e2848ea110b,국민대학교 자동차산업대학원,본교,서울,특수대학원,1,1,1,,,not_tested,not_tested,not_tested,unresolved_signature_too_small
2023,employment-school-c41e5d10ece9fc3a8b43,국민대학교정치대학원,본교,서울,특수대학원,7,7,7,,,not_tested,not_tested,not_tested,unresolved_no_exact_signature
2023,employment-school-8bf4fb295b96db238e5d,국민대학교종합예술대학원,본교,서울,특수대학원,8,8,8,,,not_tested,not_tested,not_tested,unresolved_no_exact_signature
2023,employment-school-8deea2c8de280ece8ae1,국민대학교테크노디자인전문대학원,본교,서울,전문대학원,12,12,12,,,not_tested,not_tested,not_tested,unresolved_no_exact_signature
2023,employment-school-fcc8c0a471fe3fec6266,국민대학교행정대학원,본교,서울,특수대학원,3,3,3,,,not_tested,not_tested,not_tested,unresolved_no_exact_signature
2023,employment-school-1e5c45dac1d292b35785,국제뇌교육종합대학원대학교,본교,충남,전문대학원,6,6,6,,,not_tested,not_tested,not_tested,unresolved_no_exact_signature
2023,employment-school-41164fe9a0e945c0e9da,국제대학교,본교,경기,전문대학,41,41,41,,,not_tested,not_tested,not_tested,unresolved_no_exact_signature
2023,employment-school-9f63d267d38645032849,국제법률경영대학원대학교,본교,경기,전문대학원,1,1,1,,,not_tested,not_tested,not_tested,unresolved_signature_too_small
2023,employment-school-bd4569f57607bf9c55d2,국제사이버대학교,본교,경기,사이버대학(대학),16,16,16,,,not_tested,not_tested,not_tested,unresolved_no_exact_signature
2023,employment-school-29d5d7cc07ff584e6102,국제영어대학원대학교,본교,서울,전문대학원,2,2,2,,,not_tested,not_tested,not_tested,unresolved_signature_too_small
2023,employment-school-e39b7c98f99289836c32,국제예술대학교,본교,서울,전공대학,2,2,2,,,not_tested,not_tested,not_tested,unresolved_signature_too_small
2023,employment-school-3e3cb2c4a2c71774813a,군산간호대학교,본교,전북,전문대학,1,1,1,,,not_tested,not_tested,not_tested,unresolved_signature_too_small
2023,employment-school-01119d9143ef2dd164f2,군산대학교,본교,전북,대학,60,60,60,,,not_tested,not_tested,not_tested,unresolved_no_exact_signature
2023,employment-school-ce3337169d71d53af061,군산대학교경영행정대학원,본교,전북,특수대학원,5,5,5,,,not_tested,not_tested,not_tested,unresolved_no_exact_signature
2023,employment-school-8c397b5e63990e867b47,군산대학교교육대학원,본교,전북,특수대학원,12,12,12,,,not_tested,not_tested,not_tested,unresolved_no_exact_signature
2023,employment-school-9c8ff68610e6acf23221,군산대학교대학원,본교,전북,일반대학원,36,36,36,,,not_tested,not_tested,not_tested,unresolved_no_exact_signature
2023,employment-school-967dabd64eeb0867fae7,군산대학교산업대학원,본교,전북,특수대학원,8,8,8,,,not_tested,not_tested,not_tested,unresolved_no_exact_signature
2023,employment-school-3f15d95a6e101ccb16f5,군장대학교,본교,전북,전문대학,21,21,21,,,not_tested,not_tested,not_tested,unresolved_no_exact_signature
2023,employment-school-100eb89240d491a42fa0,극동대학교,본교,충북,대학,33,33,33,,,not_tested,not_tested,not_tested,unresolved_no_exact_signature
2023,employment-school-19c6a40720c28633d06d,극동대학교교육대학원,본교,충북,특수대학원,1,1,1,,,not_tested,not_tested,not_tested,unresolved_signature_too_small
2023,employment-school-ec4faa435669b92e7f22,극동대학교 글로벌대학원,본교,충북,특수대학원,7,7,7,,,not_tested,not_tested,not_tested,unresolved_no_exact_signature
2023,employment-school-df32612ee727239a4000,극동대학교 보건과학대학원,본교,충북,특수대학원,1,1,1,,,not_tested,not_tested,not_tested,unresolved_signature_too_small
2023,employment-school-ba1a05d3605b41f2a458,극동대학교 산업기술보안대학원,본교,충북,특수대학원,1,1,1,,,not_tested,not_tested,not_tested,unresolved_signature_too_small
2023,employment-school-fb3f8620e7e98054816f,극동대학교일반대학원,본교,충북,일반대학원,5,5,5,,,not_tested,not_tested,not_tested,unresolved_no_exact_signature
2023,employment-school-7c1b89d4ffa2b6abd328,글로벌사이버대학교,본교,충남,사이버대학(대학),10,10,10,,,not_tested,not_tested,not_tested,unresolved_no_exact_signature
2023,employment-school-4ccc561808a3000ba292,금강대학교,본교,충남,대학,11,11,11,,,not_tested,not_tested,not_tested,unresolved_no_exact_signature
2023,employment-school-c2bb3998671b702aba9b,금강대학교 일반대학원,본교,충남,일반대학원,2,2,2,,,not_tested,not_tested,not_tested,unresolved_signature_too_small
2023,employment-school-157f53c2a79bc7fbe806,금오공과대학교,본교,경북,대학,36,36,36,,,not_tested,not_tested,not_tested,unresolved_no_exact_signature
2023,employment-school-675e1768cd1b4cd5c944,금오공과대학교교육대학원,본교,경북,특수대학원,3,3,3,,,not_tested,not_tested,not_tested,unresolved_no_exact_signature
2023,employment-school-549ea93a5acd5f8c216c,금오공과대학교대학원,본교,경북,일반대학원,19,19,19,,,not_tested,not_tested,not_tested,unresolved_no_exact_signature
2023,employment-school-51e7b2a43eab74ad27ce,금오공과대학교산업대학원,본교,경북,특수대학원,7,7,7,,,not_tested,not_tested,not_tested,unresolved_no_exact_signature
2023,employment-school-4798356bcf51d603904c,금오공과대학교 컨설팅대학원,본교,경북,특수대학원,1,1,1,,,not_tested,not_tested,not_tested,unresolved_signature_too_small
2023,employment-school-a340ad75802b9a33bf37,기독간호대학교,본교,광주,전문대학,1,1,1,,,not_tested,not_tested,not_tested,unresolved_signature_too_small
2023,employment-school-bf1524e1abf23e25c416,김천대학교,본교,경북,대학,24,24,24,,,not_tested,not_tested,not_tested,unresolved_no_exact_signature
2023,employment-school-71664ea54a7bad756627,김천대학교 글로컬휴먼대학원,본교,경북,특수대학원,4,4,4,,,not_tested,not_tested,not_tested,unresolved_no_exact_signature
2023,employment-school-b5cca3e02838a6431988,김천대학교 일반대학원,본교,경북,일반대학원,3,3,3,,,not_tested,not_tested,not_tested,unresolved_no_exact_signature
2023,employment-school-cb3baf20c03b2b7592f5,김포대학교,본교,경기,전문대학,46,46,46,,,not_tested,not_tested,not_tested,unresolved_no_exact_signature
2023,employment-school-78e435a2ecfe09301f24,김해대학교,본교,경남,전문대학,14,14,14,,,not_tested,not_tested,not_tested,unresolved_no_exact_signature
2023,employment-school-f7f1eee676e93785ae9f,나사렛대학교,본교,충남,대학,45,45,45,,,not_tested,not_tested,not_tested,unresolved_no_exact_signature
2023,employment-school-7af59439b8e6f4ca31b1,나사렛대학교교육대학원,본교,충남,특수대학원,3,3,3,,,not_tested,not_tested,not_tested,unresolved_no_exact_signature
2023,employment-school-e07a38f119714f9df79c,나사렛대학교 사회복지대학원,본교,충남,특수대학원,1,1,1,,,not_tested,not_tested,not_tested,unresolved_signature_too_small
2023,employment-school-68883a0169b8b5b7b983,나사렛대학교신학대학원,본교,충남,특수대학원,1,1,1,,,not_tested,not_tested,not_tested,unresolved_signature_too_small
2023,employment-school-98912f09515adab20d1d,나사렛대학교 일반대학원,본교,충남,일반대학원,5,5,5,,,not_tested,not_tested,not_tested,unresolved_no_exact_signature
2023,employment-school-77534cc322d134c82dcb,나사렛대학교재활복지대학원,본교,충남,특수대학원,8,8,8,,,not_tested,not_tested,not_tested,unresolved_no_exact_signature
2023,employment-school-61544c2032cb1f58ad4b,남부대학교,본교,광주,대학,24,24,24,,,not_tested,not_tested,not_tested,unresolved_no_exact_signature
2023,employment-school-644bf41d0f0df8247bde,남부대학교 교육대학원,본교,광주,특수대학원,7,7,7,,,not_tested,not_tested,not_tested,unresolved_no_exact_signature
2023,employment-school-15cc7cf206244cb84cd9,남부대학교 문화복지대학원,본교,광주,특수대학원,6,6,6,,,not_tested,not_tested,not_tested,unresolved_no_exact_signature
2023,employment-school-a9f8642288bcc5cd76f6,남부대학교 일반대학원,본교,광주,일반대학원,12,12,12,,,not_tested,not_tested,not_tested,unresolved_no_exact_signature
2023,employment-school-04bb6015fe7086f9d2e6,남서울대학교,본교,충남,대학,39,39,39,,,not_tested,not_tested,not_tested,unresolved_no_exact_signature
2023,employment-school-68a57c36067d2f6e7889,남서울대학교 국제대학원,본교,충남,특수대학원,2,2,2,,,not_tested,not_tested,not_tested,unresolved_signature_too_small
2023,employment-school-82cd37bcfbe9887b76a1,남서울대학교 일반대학원,본교,충남,일반대학원,20,20,20,,,not_tested,not_tested,not_tested,unresolved_no_exact_signature
2023,employment-school-837654d6ed1c5bcf344f,남서울대학교 특수대학원,본교,충남,특수대학원,16,16,16,,,not_tested,not_tested,not_tested,unresolved_no_exact_signature
2023,employment-school-5487e936edaab7120e62,농협대학교,본교,경기,전문대학,3,3,3,,,not_tested,not_tested,not_tested,unresolved_no_exact_signature
2023,employment-school-406197c653b8366935b4,능인대학원대학교,본교,경기,전문대학원,2,2,2,,,not_tested,not_tested,not_tested,unresolved_signature_too_small
2023,employment-school-fc02b28ac16b24a935d8,단국대학교,본교,경기,대학,50,45,50,,,not_tested,not_tested,not_tested,unresolved_no_exact_signature
2023,employment-school-8bf0005e0b79fec4f5c6,단국대학교,캠퍼스,충남,대학,63,61,63,,,not_tested,not_tested,not_tested,unresolved_no_exact_signature
2023,employment-school-8a1d57f1e14496b382ba,단국대학교 경영대학원,본교,경기,특수대학원,3,3,3,,,not_tested,not_tested,not_tested,unresolved_no_exact_signature
2023,employment-school-eb07dea22424b8ce40ad,단국대학교 교육대학원,본교,경기,특수대학원,13,13,13,,,not_tested,not_tested,not_tested,unresolved_no_exact_signature
2023,employment-school-9a29c52db38cb44a9359,단국대학교 교육대학원,캠퍼스,충남,특수대학원,3,3,3,,,not_tested,not_tested,not_tested,unresolved_no_exact_signature
2023,employment-school-6b68b1193b242e92cb43,단국대학교 문화예술대학원,본교,경기,특수대학원,6,6,6,,,not_tested,not_tested,not_tested,unresolved_no_exact_signature
2023,employment-school-5e8e48527f5238bd31e9,단국대학교 보건복지대학원,캠퍼스,충남,특수대학원,7,7,7,,,not_tested,not_tested,not_tested,unresolved_no_exact_signature
2023,employment-school-6a94f4e4ee90d6c806be,단국대학교 부동산·건설대학원,본교,경기,특수대학원,4,4,4,,,not_tested,not_tested,not_tested,unresolved_no_exact_signature
2023,employment-school-b0767d16df89a4db8331,단국대학교 스포츠과학대학원,캠퍼스,충남,특수대학원,3,3,3,,,not_tested,not_tested,not_tested,unresolved_no_exact_signature
2023,employment-school-6b529d1f3e9ff17cbdcd,단국대학교 영화콘텐츠전문대학원,본교,경기,전문대학원,1,1,1,,,not_tested,not_tested,not_tested,unresolved_signature_too_small
2023,employment-school-9b678f6e237fbd6c1509,단국대학교 일반대학원,본교,경기,일반대학원,50,50,50,,,not_tested,not_tested,not_tested,unresolved_no_exact_signature
2023,employment-school-55c8ee68402bd29f85c5,단국대학교 일반대학원,캠퍼스,충남,일반대학원,27,27,27,,,not_tested,not_tested,not_tested,unresolved_no_exact_signature
2023,employment-school-79d72ddc703ae7eea727,단국대학교 정보·지식재산대학원,본교,경기,특수대학원,3,3,3,,,not_tested,not_tested,not_tested,unresolved_no_exact_signature
2023,employment-school-cc7d07a6f940f908286d,단국대학교 정보융합기술·창업대학원,본교,경기,특수대학원,8,8,8,,,not_tested,not_tested,not_tested,unresolved_no_exact_signature
2023,employment-school-cefdef86cd78b9d9f273,단국대학교 정책경영대학원,캠퍼스,충남,특수대학원,6,6,6,,,not_tested,not_tested,not_tested,unresolved_no_exact_signature
2023,employment-school-4622ca00166ceb465c5f,단국대학교 특수교육대학원,본교,경기,특수대학원,9,9,9,,,not_tested,not_tested,not_tested,unresolved_no_exact_signature
2023,employment-school-f10bb7d497e7bce35d62,단국대학교 행정법무대학원,본교,경기,특수대학원,7,7,7,,,not_tested,not_tested,not_tested,unresolved_no_exact_signature
2023,employment-school-133e9a7ba5755a3acc4d,대경대학교,본교,경북,전문대학,50,50,50,,,not_tested,not_tested,not_tested,unresolved_no_exact_signature
2023,employment-school-e16a21daaf1f5df15e72,대구가톨릭대학교,본교,경북,대학,93,93,93,,,not_tested,not_tested,not_tested,unresolved_no_exact_signature
2023,employment-school-4c18d2fe8db175ab6eb7,대구가톨릭대학교교육대학원,본교,경북,특수대학원,9,9,9,,,not_tested,not_tested,not_tested,unresolved_no_exact_signature
2023,employment-school-8931dca02bf883e23e0f,대구가톨릭대학교대학원,본교,경북,일반대학원,52,52,52,,,not_tested,not_tested,not_tested,unresolved_no_exact_signature
2023,employment-school-b3efbc7d761cde31fa94,대구가톨릭대학교 사회복지대학원,본교,대구,특수대학원,3,3,3,,,not_tested,not_tested,not_tested,unresolved_no_exact_signature
2023,employment-school-2ad43806618ce1dfa968,대구가톨릭대학교 사회적경제경영대학원,본교,대구,특수대학원,5,5,5,,,not_tested,not_tested,not_tested,unresolved_no_exact_signature
2023,employment-school-c6c110559f8e0ce3f9e4,대구가톨릭대학교 상담대학원,본교,대구,특수대학원,1,1,1,,,not_tested,not_tested,not_tested,unresolved_signature_too_small
2023,employment-school-a83a24484bc1e6a667ae,대구가톨릭대학교 신학대학원,본교,대구,특수대학원,1,1,1,,,not_tested,not_tested,not_tested,unresolved_signature_too_small
2023,employment-school-1f0ef914065d618ac7f5,대구가톨릭대학교 예술대학원,본교,경북,특수대학원,3,3,3,,,not_tested,not_tested,not_tested,unresolved_no_exact_signature
2023,employment-school-64d7bc404420767a1758,대구가톨릭대학교 유스티노자유대학원,본교,대구,특수대학원,1,1,1,,,not_tested,not_tested,not_tested,unresolved_signature_too_small
2023,employment-school-e21dd982225f255dcb66,대구가톨릭대학교 유아교육대학원,본교,경북,특수대학원,1,1,1,,,not_tested,not_tested,not_tested,unresolved_signature_too_small
2023,employment-school-867c9b41506fb5df9a1d,대구가톨릭대학교 의료보건산업대학원,본교,경북,특수대학원,9,9,9,,,not_tested,not_tested,not_tested,unresolved_no_exact_signature
2023,employment-school-00ce1a1387c48da824ed,대구경북과학기술원,본교,대구,대학,1,1,1,,,not_tested,not_tested,not_tested,unresolved_signature_too_small
2023,employment-school-726cca68f2f7ffed0397,대구경북과학기술원 일반대학원,본교,대구,일반대학원,6,6,6,,,not_tested,not_tested,not_tested,unresolved_no_exact_signature
2023,employment-school-953c8340eb157e53653d,대구공업대학교,본교,대구,전문대학,15,15,15,,,not_tested,not_tested,not_tested,unresolved_no_exact_signature
2023,employment-school-7906367252a68982bea1,대구과학대학교,본교,대구,전문대학,31,31,31,,,not_tested,not_tested,not_tested,unresolved_no_exact_signature
2023,employment-school-d514445e61e4cec9065d,대구교육대학교,본교,대구,교육대학,13,13,13,2183489322,unique_exact_department_signature,true,true,true,candidate_signature_context_confirmed
2023,employment-school-4a27503d6a2d2c83d756,대구교육대학교교육대학원,본교,대구,특수대학원,31,31,31,,,not_tested,not_tested,not_tested,unresolved_no_exact_signature
2023,employment-school-e78c44f90d85cdcaadd5,대구대학교,본교,경북,대학,111,111,111,,,not_tested,not_tested,not_tested,unresolved_no_exact_signature
2023,employment-school-fcb8b172ccd4b2f1781d,대구대학교 교육대학원,본교,경북,특수대학원,1,1,1,,,not_tested,not_tested,not_tested,unresolved_signature_too_small
2023,employment-school-d3dc2af089ca676dbfc6,대구대학교대학원,본교,경북,일반대학원,41,41,41,,,not_tested,not_tested,not_tested,unresolved_no_exact_signature
2023,employment-school-7ad737718f8a00d9f04a,대구대학교 디자인·산업행정대학원,본교,대구,특수대학원,6,6,6,,,not_tested,not_tested,not_tested,unresolved_no_exact_signature
2023,employment-school-c1d5cb79810db8c28565,대구대학교사회복지대학원,본교,경북,특수대학원,1,1,1,,,not_tested,not_tested,not_tested,unresolved_signature_too_small
2023,employment-school-e5b5025bd5e70afd729c,대구대학교 재활과학대학원,본교,대구,특수대학원,5,5,5,,,not_tested,not_tested,not_tested,unresolved_no_exact_signature
2023,employment-school-e0727fad690a6f13041f,대구대학교 특수교육대학원,본교,경북,특수대학원,1,1,1,,,not_tested,not_tested,not_tested,unresolved_signature_too_small
2023,employment-school-18bda95def395fa6258c,대구보건대학교,본교,대구,전문대학,31,31,31,,,not_tested,not_tested,not_tested,unresolved_no_exact_signature
2023,employment-school-b8d1047143821732687b,대구사이버대학교,본교,경북,사이버대학(대학),13,13,13,,,not_tested,not_tested,not_tested,unresolved_no_exact_signature
2023,employment-school-c3fd1823666f2d09a79a,대구사이버대학교 휴먼케어대학원,본교,경북,특수대학원,1,1,1,,,not_tested,not_tested,not_tested,unresolved_signature_too_small
2023,employment-school-3eb220d2d4269dab95c3,대구예술대학교,본교,경북,대학,16,16,16,,,not_tested,not_tested,not_tested,unresolved_no_exact_signature
2023,employment-school-b307fc99fdee0997392c,대구한의대학교,본교,경북,대학,46,46,46,,,not_tested,not_tested,not_tested,unresolved_no_exact_signature
2023,employment-school-489fe8ac73c2d60dc72f,대구한의대학교 대학원,본교,경북,일반대학원,19,19,19,,,not_tested,not_tested,not_tested,unresolved_no_exact_signature
2023,employment-school-d965de4c494ab48ad4d3,대구한의대학교 보건복지대학원,본교,경북,특수대학원,7,7,7,,,not_tested,not_tested,not_tested,unresolved_no_exact_signature
2023,employment-school-0306ed56edc7602a1550,대구한의대학교 한방산업대학원,본교,경북,특수대학원,2,2,2,,,not_tested,not_tested,not_tested,unresolved_signature_too_small
2023,employment-school-2ae8acaf47ecaa217836,대덕대학교,본교,대전,전문대학,38,38,38,,,not_tested,not_tested,not_tested,unresolved_no_exact_signature
2023,employment-school-3be885203dcf312e4a48,대동대학교,본교,부산,전문대학,11,11,11,,,not_tested,not_tested,not_tested,unresolved_no_exact_signature
2023,employment-school-456803d4a0a5c64ec7ff,대림대학교,본교,경기,전문대학,67,67,67,,,not_tested,not_tested,not_tested,unresolved_no_exact_signature
2023,employment-school-de06e472fa9ef225b1d3,대신대학교,본교,경북,대학,6,6,6,,,not_tested,not_tested,not_tested,unresolved_no_exact_signature
2023,employment-school-705357ee8a6c57dc413e,대신대학교 대학원,본교,경북,일반대학원,4,4,4,,,not_tested,not_tested,not_tested,unresolved_no_exact_signature
2023,employment-school-3b02a31d66160fe7e67c,대신대학교 신학대학원,본교,경북,특수대학원,1,1,1,,,not_tested,not_tested,not_tested,unresolved_signature_too_small
2023,employment-school-7783cd8eb722b0905cbd,대원대학교,본교,충북,전문대학,28,28,28,,,not_tested,not_tested,not_tested,unresolved_no_exact_signature
2023,employment-school-c52916e454f73935de6a,대전가톨릭대학교,본교,세종,대학,1,1,1,,,not_tested,not_tested,not_tested,unresolved_signature_too_small
2023,employment-school-61f54d0c40660651dd7c,대전가톨릭대학교 대학원,본교,세종,일반대학원,1,1,1,,,not_tested,not_tested,not_tested,unresolved_signature_too_small
2023,employment-school-4c3b319065e73f4a0c12,대전과학기술대학교,본교,대전,전문대학,45,45,45,,,not_tested,not_tested,not_tested,unresolved_no_exact_signature
2023,employment-school-1845e36cdde93bf1bde3,대전대학교,본교,대전,대학,63,63,63,,,not_tested,not_tested,not_tested,unresolved_no_exact_signature
2023,employment-school-467aa97231b2e0749595,대전대학교 경영행정·사회복지·상담대학원,본교,대전,특수대학원,2,2,2,,,not_tested,not_tested,not_tested,unresolved_signature_too_small
2023,employment-school-908d2f20c6fc7195bdcf,대전대학교경영행정ㆍ사회복지대학원,본교,대전,특수대학원,3,3,3,,,not_tested,not_tested,not_tested,unresolved_no_exact_signature
2023,employment-school-106eea0bb0f2943ebbc8,대전대학교 교육대학원,본교,대전,특수대학원,1,1,1,,,not_tested,not_tested,not_tested,unresolved_signature_too_small
2023,employment-school-8b98465a7b361197bb77,대전대학교 보건의료대학원,본교,대전,특수대학원,5,5,5,,,not_tested,not_tested,not_tested,unresolved_no_exact_signature
2023,employment-school-7b5b69526bee1f1c8388,대전대학교 상담대학원,본교,대전,특수대학원,1,1,1,,,not_tested,not_tested,not_tested,unresolved_signature_too_small
2023,employment-school-db9bd54c8c741516081e,대전대학교 일반대학원,본교,대전,일반대학원,30,30,30,,,not_tested,not_tested,not_tested,unresolved_no_exact_signature
2023,employment-school-ef14e864aaa370d569d1,대전보건대학교,본교,대전,전문대학,46,46,46,,,not_tested,not_tested,not_tested,unresolved_no_exact_signature
2023,employment-school-d76c80f73622b0cb9f57,대전신학대학교,본교,대전,대학,1,1,1,,,not_tested,not_tested,not_tested,unresolved_signature_too_small
2023,employment-school-647dc5ae615d33188270,대전신학대학교 신학대학원,본교,대전,특수대학원,1,1,1,,,not_tested,not_tested,not_tested,unresolved_signature_too_small
2023,employment-school-e6c0874e4e7bdf4d1d59,대전신학대학교 일반대학원,본교,대전,일반대학원,1,1,1,,,not_tested,not_tested,not_tested,unresolved_signature_too_small
2023,employment-school-b1034de8581dbf87c431,대진대학교,본교,경기,대학,45,45,45,,,not_tested,not_tested,not_tested,unresolved_no_exact_signature
2023,employment-school-8b8a4448909c16330807,대진대학교 공공정책대학원,본교,경기,특수대학원,3,3,3,,,not_tested,not_tested,not_tested,unresolved_no_exact_signature
2023,employment-school-564ac69b9d6533386413,대진대학교 교육대학원,본교,경기,특수대학원,9,9,9,,,not_tested,not_tested,not_tested,unresolved_no_exact_signature
2023,employment-school-6d6b36dad957b00f8a3e,대진대학교 대학원,본교,경기,일반대학원,18,18,18,,,not_tested,not_tested,not_tested,unresolved_no_exact_signature
2023,employment-school-39acd79778ef20b5d63b,대진대학교 문화예술전문대학원,본교,경기,전문대학원,1,1,1,,,not_tested,not_tested,not_tested,unresolved_signature_too_small
2023,employment-school-dfcd568184a45258358a,대진대학교 통일대학원,본교,경기,특수대학원,2,2,2,,,not_tested,not_tested,not_tested,unresolved_signature_too_small
2023,employment-school-aebbe8f45e97ab6a6c64,대한신학대학원대학교,본교,경기,전문대학원,4,4,4,,,not_tested,not_tested,not_tested,unresolved_no_exact_signature
2023,employment-school-ba0770facfed1a017fb6,덕성여자대학교,본교,서울,대학,38,38,38,,,not_tested,not_tested,not_tested,unresolved_no_exact_signature
2023,employment-school-8aa118056d3195fd79c6,덕성여자대학교 교육대학원,본교,서울,특수대학원,3,3,3,,,not_tested,not_tested,not_tested,unresolved_no_exact_signature
2023,employment-school-5970e3a02a0ca07ec618,덕성여자대학교 대학원,본교,서울,일반대학원,11,11,11,,,not_tested,not_tested,not_tested,unresolved_no_exact_signature
2023,employment-school-2e9abfaf5033db0b5f6d,덕성여자대학교 상담·산업대학원,본교,서울,특수대학원,3,3,3,,,not_tested,not_tested,not_tested,unresolved_no_exact_signature
2023,employment-school-1bb7f32bec3b8893bece,동강대학교,본교,광주,전문대학,28,28,28,,,not_tested,not_tested,not_tested,unresolved_no_exact_signature
2023,employment-school-daafdb76821a8210d109,동국대학교,본교,서울,대학,88,86,88,,,not_tested,not_tested,not_tested,unresolved_no_exact_signature
2023,employment-school-4a6e698691d443cb2d82,동국대학교,분교,경북,대학,65,61,65,,,not_tested,not_tested,not_tested,unresolved_no_exact_signature
2023,employment-school-705a2c0ec346d6eb35df,동국대학교 경영대학원,본교,서울,전문대학원,1,1,1,,,not_tested,not_tested,not_tested,unresolved_signature_too_small
2023,employment-school-14768fa8e70bc5549205,동국대학교 경영대학원,분교,경북,특수대학원,1,1,1,,,not_tested,not_tested,not_tested,unresolved_signature_too_small
2023,employment-school-a6a79b4bde3e1f1275b8,동국대학교 경영전문대학원,본교,서울,전문대학원,4,4,4,,,not_tested,not_tested,not_tested,unresolved_no_exact_signature
2023,employment-school-f2872457ef88c445f259,동국대학교 경찰사법대학원,본교,서울,특수대학원,4,4,4,,,not_tested,not_tested,not_tested,unresolved_no_exact_signature
2023,employment-school-78978c58a21dca0246fc,동국대학교 교육대학원,본교,서울,특수대학원,2,2,2,,,not_tested,not_tested,not_tested,unresolved_signature_too_small
2023,employment-school-fd83ab84d10155d86b7b,동국대학교 교육서비스과학대학원,본교,서울,특수대학원,1,1,1,,,not_tested,not_tested,not_tested,unresolved_signature_too_small
2023,employment-school-d9b47d0b8ca5a0bc2e5e,동국대학교 국제정보보호대학원,본교,서울,특수대학원,2,2,2,,,not_tested,not_tested,not_tested,unresolved_signature_too_small
2023,employment-school-0da0d561c84d5e608046,동국대학교 대학원,본교,서울,일반대학원,73,73,73,,,not_tested,not_tested,not_tested,unresolved_no_exact_signature
2023,employment-school-538e1ab164293fb8c44d,동국대학교 문화예술대학원,본교,서울,특수대학원,8,8,8,,,not_tested,not_tested,not_tested,unresolved_no_exact_signature
2023,employment-school-21cc122d78b39cd97540,동국대학교 법무대학원,본교,서울,특수대학원,1,1,1,,,not_tested,not_tested,not_tested,unresolved_signature_too_small
2023,employment-school-99756e2574271f33640e,동국대학교 불교대학원,본교,서울,특수대학원,6,6,6,,,not_tested,not_tested,not_tested,unresolved_no_exact_signature
2023,employment-school-0a06cdbf4a024b7c7fdd,동국대학교불교문화대학원,분교,경북,특수대학원,7,7,7,,,not_tested,not_tested,not_tested,unresolved_no_exact_signature
2023,employment-school-29375aeebfd427380760,동국대학교사회과학대학원(경),분교,경북,특수대학원,6,6,6,,,not_tested,not_tested,not_tested,unresolved_no_exact_signature
2023,employment-school-6715b552c85b21749985,동국대학교 언론정보대학원,본교,서울,특수대학원,3,3,3,,,not_tested,not_tested,not_tested,unresolved_no_exact_signature
2023,employment-school-bb111df33bd203cd3694,동국대학교 영상대학원(전문),본교,서울,전문대학원,4,4,4,,,not_tested,not_tested,not_tested,unresolved_no_exact_signature
2023,employment-school-d045c2ee91d5ceb28e20,동국대학교 의학전문대학원,분교,경북,전문대학원,1,1,1,,,not_tested,not_tested,not_tested,unresolved_signature_too_small
2023,employment-school-c438b6fdaf5f3c5d9372,동국대학교 일반대학원,분교,경북,일반대학원,19,19,19,,,not_tested,not_tested,not_tested,unresolved_no_exact_signature
2023,employment-school-f2fff4dd5d8db872c72d,동국대학교 행정대학원,본교,서울,특수대학원,7,7,7,,,not_tested,not_tested,not_tested,unresolved_no_exact_signature
2023,employment-school-e5eb54a8ea027fc4a61e,동남보건대학교,본교,경기,전문대학,32,32,32,,,not_tested,not_tested,not_tested,unresolved_no_exact_signature
2023,employment-school-b9a3cf5a9a0795292637,동덕여자대학교,본교,서울,대학,38,38,38,,,not_tested,not_tested,not_tested,unresolved_no_exact_signature
2023,employment-school-74b5044952e9263779e6,동덕여자대학교 공연예술대학원,본교,서울,특수대학원,3,3,3,,,not_tested,not_tested,not_tested,unresolved_no_exact_signature
2023,employment-school-4de0bc3b22a348034dc5,동덕여자대학교 교육대학원,본교,서울,특수대학원,2,2,2,,,not_tested,not_tested,not_tested,unresolved_signature_too_small
2023,employment-school-de311d0a0b8eb55a46a3,동덕여자대학교 문화 예술치료대학원,본교,서울,특수대학원,2,2,2,,,not_tested,not_tested,not_tested,unresolved_signature_too_small
2023,employment-school-49e168f68a4de415db66,동덕여자대학교 미래전략융합대학원,본교,서울,특수대학원,8,8,8,,,not_tested,not_tested,not_tested,unresolved_no_exact_signature
2023,employment-school-446456bb7e530a5220c1,동덕여자대학교 보건과학대학원,본교,서울,특수대학원,3,3,3,,,not_tested,not_tested,not_tested,unresolved_no_exact_signature
2023,employment-school-b2693e63a44cb08416c4,동덕여자대학교일반대학원,본교,서울,일반대학원,15,15,15,,,not_tested,not_tested,not_tested,unresolved_no_exact_signature
2023,employment-school-bf4e4a8c68fbad33094c,동덕여자대학교 패션전문대학원,본교,서울,전문대학원,1,1,1,,,not_tested,not_tested,not_tested,unresolved_signature_too_small
2023,employment-school-33d6576ff7697266ae87,동명대학교,본교,부산,대학,47,47,47,,,not_tested,not_tested,not_tested,unresolved_no_exact_signature
2023,employment-school-3948b9e83c9a22dddd26,동명대학교 복지산업대학원,본교,부산,특수대학원,4,4,4,,,not_tested,not_tested,not_tested,unresolved_no_exact_signature
2023,employment-school-7625316e6c1e7cac775b,동명대학교 일반대학원,본교,부산,일반대학원,10,10,10,,,not_tested,not_tested,not_tested,unresolved_no_exact_signature
2023,employment-school-70f8113782ddfd7b1593,동방문화대학원대학교,본교,서울,전문대학원,5,5,5,,,not_tested,not_tested,not_tested,unresolved_no_exact_signature
2023,employment-school-24ffdc3994d3628ae7bd,동서대학교,본교,부산,대학,97,85,97,,,not_tested,not_tested,not_tested,unresolved_no_exact_signature
2023,employment-school-844252ed96f36b5a8211,동서대학교 경영대학원,본교,부산,특수대학원,1,1,1,,,not_tested,not_tested,not_tested,unresolved_signature_too_small
2023,employment-school-cdb4969c65c8276e9876,동서대학교 디자인전문대학원,본교,부산,전문대학원,1,1,1,,,not_tested,not_tested,not_tested,unresolved_signature_too_small
2023,employment-school-868b2b00ce5e7edd8b8f,동서대학교 선교복지대학원,본교,부산,특수대학원,3,3,3,,,not_tested,not_tested,not_tested,unresolved_no_exact_signature
2023,employment-school-b000a8575f648c23a232,동서대학교일반대학원,본교,부산,일반대학원,15,15,15,,,not_tested,not_tested,not_tested,unresolved_no_exact_signature
2023,employment-school-4c01ab45ca85e300a36e,동서울대학교,본교,경기,전문대학,44,44,44,,,not_tested,not_tested,not_tested,unresolved_no_exact_signature
2023,employment-school-fb7306c6ccede27a56bd,동신대학교,본교,전남,대학,45,45,45,,,not_tested,not_tested,not_tested,unresolved_no_exact_signature
2023,employment-school-8753755691e7336f1778,동신대학교교육대학원,본교,전남,특수대학원,3,3,3,,,not_tested,not_tested,not_tested,unresolved_no_exact_signature
2023,employment-school-1ed7926e6118abb6ace7,동신대학교대학원,본교,전남,일반대학원,27,27,27,,,not_tested,not_tested,not_tested,unresolved_no_exact_signature
2023,employment-school-e24dfb21e965fd78bfe9,동신대학교사회개발대학원,본교,전남,특수대학원,12,12,12,,,not_tested,not_tested,not_tested,unresolved_no_exact_signature
2023,employment-school-33727b7183c909f4a41d,동아대학교,본교,부산,대학,107,102,107,,,not_tested,not_tested,not_tested,unresolved_no_exact_signature
2023,employment-school-9e406881f42377f4c203,동아대학교 경영대학원,본교,부산,특수대학원,2,2,2,,,not_tested,not_tested,not_tested,unresolved_signature_too_small
2023,employment-school-e5f8705d677d9ec2a9d2,동아대학교 교육대학원,본교,부산,특수대학원,13,13,13,,,not_tested,not_tested,not_tested,unresolved_no_exact_signature
2023,employment-school-ab12133dbb1e0ff94524,동아대학교 국제전문대학원,본교,부산,전문대학원,1,1,1,,,not_tested,not_tested,not_tested,unresolved_signature_too_small
2023,employment-school-79332808b32a7abc1f69,동아대학교 대학원,본교,부산,일반대학원,50,50,50,,,not_tested,not_tested,not_tested,unresolved_no_exact_signature
2023,employment-school-37b4f0aa792740e46352,동아대학교 법무대학원,본교,부산,특수대학원,1,1,1,,,not_tested,not_tested,not_tested,unresolved_signature_too_small
2023,employment-school-eb34637694f7f9073c33,동아대학교 법학전문대학원,본교,부산,전문대학원,1,1,1,,,not_tested,not_tested,not_tested,unresolved_signature_too_small
2023,employment-school-219d7bb2f43f24b54fde,동아대학교 사회복지대학원,본교,부산,특수대학원,4,4,4,,,not_tested,not_tested,not_tested,unresolved_no_exact_signature
2023,employment-school-a9c0802a1c45782ab050,동아대학교 산업정보대학원,본교,부산,특수대학원,1,1,1,,,not_tested,not_tested,not_tested,unresolved_signature_too_small
2023,employment-school-484c27bb384471114b34,동아방송예술대학교,본교,경기,전문대학,31,31,31,,,not_tested,not_tested,not_tested,unresolved_no_exact_signature
2023,employment-school-f6b491b12fef059f2f2a,동아보건대학교,본교,전남,전문대학,13,13,13,,,not_tested,not_tested,not_tested,unresolved_no_exact_signature
2023,employment-school-fe5fb88b3f7dd32651ef,동양대학교,본교,경북,대학,26,26,26,,,not_tested,not_tested,not_tested,unresolved_no_exact_signature
2023,employment-school-bd545adf7b4b57046a95,동양대학교일반대학원,본교,경북,일반대학원,12,12,12,,,not_tested,not_tested,not_tested,unresolved_no_exact_signature
2023,employment-school-2cbd620265f9d0298b91,동양대학교정보대학원,본교,경북,특수대학원,5,5,5,,,not_tested,not_tested,not_tested,unresolved_no_exact_signature
2023,employment-school-c3823df3864bb7bf3c9c,동양미래대학교,본교,서울,전문대학,23,23,23,,,not_tested,not_tested,not_tested,unresolved_no_exact_signature
2023,employment-school-31f57043baa5ee4330eb,동원과학기술대학교,본교,경남,전문대학,28,28,28,,,not_tested,not_tested,not_tested,unresolved_no_exact_signature
2023,employment-school-9b9e65715ae91f3b66fd,동원대학교,본교,경기,전문대학,37,37,37,,,not_tested,not_tested,not_tested,unresolved_no_exact_signature
2023,employment-school-e93d45d0595794b9b206,동의과학대학교,본교,부산,전문대학,47,47,47,,,not_tested,not_tested,not_tested,unresolved_no_exact_signature
2023,employment-school-5114af0bab645aab8aa0,동의대학교,본교,부산,대학,83,83,83,,,not_tested,not_tested,not_tested,unresolved_no_exact_signature
2023,employment-school-309d62d9ac0d74a860b4,동의대학교경영대학원,본교,부산,특수대학원,2,2,2,,,not_tested,not_tested,not_tested,unresolved_signature_too_small
2023,employment-school-109a90da159fe0db04c8,동의대학교교육대학원,본교,부산,특수대학원,5,5,5,,,not_tested,not_tested,not_tested,unresolved_no_exact_signature
2023,employment-school-87b833fd9a5a49ed18ae,동의대학교 국가안전정책대학원,본교,부산,특수대학원,5,5,5,,,not_tested,not_tested,not_tested,unresolved_no_exact_signature
2023,employment-school-caef46fa50794d2efca6,동의대학교대학원,본교,부산,일반대학원,47,47,47,,,not_tested,not_tested,not_tested,unresolved_no_exact_signature
2023,employment-school-b891672be23d5d9d28ea,동의대학교 부동산대학원,본교,부산,특수대학원,3,3,3,,,not_tested,not_tested,not_tested,unresolved_no_exact_signature
2023,employment-school-84544c4a525b480c14c8,동의대학교산업문화대학원,본교,부산,특수대학원,6,6,6,,,not_tested,not_tested,not_tested,unresolved_no_exact_signature
2023,employment-school-a944329d503395718ffc,두원공과대학교,본교,경기,전문대학,39,39,39,,,not_tested,not_tested,not_tested,unresolved_no_exact_signature
2023,employment-school-02639498497a97b47618,디지털서울문화예술대학교,본교,서울,사이버대학(대학),15,15,15,,,not_tested,not_tested,not_tested,unresolved_no_exact_signature
2023,employment-school-31c6337e7cc989e5839d,루터대학교,본교,경기,대학,4,4,4,,,not_tested,not_tested,not_tested,unresolved_no_exact_signature
2023,employment-school-bf4426f11a8f283c4ab8,루터대학교 대학원,본교,경기,특수대학원,3,3,3,,,not_tested,not_tested,not_tested,unresolved_no_exact_signature
2023,employment-school-188fb9da531a8d9dce0b,마산대학교,본교,경남,전문대학,36,36,36,,,not_tested,not_tested,not_tested,unresolved_no_exact_signature
2023,employment-school-8651debb97975e13d135,명지대학교 경영대학원,캠퍼스,서울,특수대학원,4,4,4,,,not_tested,not_tested,not_tested,unresolved_no_exact_signature
2023,employment-school-d77f23ff3f862f1aaf12,명지대학교 교육대학원,캠퍼스,서울,특수대학원,8,8,8,,,not_tested,not_tested,not_tested,unresolved_no_exact_signature
2023,employment-school-1edad5e895683d2601bf,명지대학교 기록정보과학전문대학원,캠퍼스,서울,전문대학원,4,4,4,,,not_tested,not_tested,not_tested,unresolved_no_exact_signature
2023,employment-school-26acefcbda9477b1d5ae,명지대학교 대학원,본교,경기,일반대학원,48,48,48,,,not_tested,not_tested,not_tested,unresolved_no_exact_signature
2023,employment-school-7da814a0e0e939206a87,명지대학교 문화예술대학원,캠퍼스,서울,특수대학원,6,6,6,,,not_tested,not_tested,not_tested,unresolved_no_exact_signature
2023,employment-school-215218adaab999142375,명지대학교 부동산대학원,캠퍼스,서울,특수대학원,1,1,1,,,not_tested,not_tested,not_tested,unresolved_signature_too_small
2023,employment-school-9e100b47520e19c381fa,명지대학교 사회교육대학원,캠퍼스,서울,특수대학원,10,10,10,,,not_tested,not_tested,not_tested,unresolved_no_exact_signature
2023,employment-school-815662f6dc27c4b4c1e3,명지대학교 사회복지대학원,캠퍼스,서울,특수대학원,1,1,1,,,not_tested,not_tested,not_tested,unresolved_signature_too_small
2023,employment-school-65709f88317b06e451f2,명지대학교 산업대학원,캠퍼스,경기,특수대학원,8,8,8,,,not_tested,not_tested,not_tested,unresolved_no_exact_signature
2023,employment-school-ac9da1a0c243f85fd49c,명지대학교 인문캠퍼스,캠퍼스,서울,대학,44,43,44,,,not_tested,not_tested,not_tested,unresolved_no_exact_signature
2023,employment-school-3ac9e602c8a6a82e16b0,명지대학교 자연캠퍼스,본교,경기,대학,40,40,40,,,not_tested,not_tested,not_tested,unresolved_no_exact_signature
2023,employment-school-5a4b1772466004f820e9,명지대학교 통합치료대학원,캠퍼스,서울,특수대학원,7,7,7,,,not_tested,not_tested,not_tested,unresolved_no_exact_signature
2023,employment-school-d1c614b5026a0376c750,명지전문대학,본교,서울,전문대학,69,69,69,,,not_tested,not_tested,not_tested,unresolved_no_exact_signature
2023,employment-school-bc63333a1087415f4e3f,목원대학교,본교,대전,대학,75,75,75,,,not_tested,not_tested,not_tested,unresolved_no_exact_signature
2023,employment-school-eaa21f25a378828c0613,목원대학교 산업정보언론대학원,본교,대전,특수대학원,7,7,7,,,not_tested,not_tested,not_tested,unresolved_no_exact_signature
2023,employment-school-ee38b14bc1990a7ce9dd,목원대학교신학대학원,본교,대전,특수대학원,1,1,1,,,not_tested,not_tested,not_tested,unresolved_signature_too_small
2023,employment-school-fe53126102c16de07c84,목원대학교일반대학원,본교,대전,일반대학원,17,17,17,,,not_tested,not_tested,not_tested,unresolved_no_exact_signature
2023,employment-school-bbdf9603f5527f0f11a0,목포가톨릭대학교,본교,전남,대학,3,3,3,,,not_tested,not_tested,not_tested,unresolved_no_exact_signature
2023,employment-school-1cadb75a355bbd2b9ad0,목포과학대학교,본교,전남,전문대학,22,22,22,,,not_tested,not_tested,not_tested,unresolved_no_exact_signature
2023,employment-school-6b9f866884054d3088f6,목포대학교,본교,전남,대학,71,71,71,,,not_tested,not_tested,not_tested,unresolved_no_exact_signature
2023,employment-school-1077e0ea9c46d90894d6,목포대학교경영행정대학원,본교,전남,특수대학원,8,8,8,,,not_tested,not_tested,not_tested,unresolved_no_exact_signature
2023,employment-school-b694a26b2126781cb853,목포대학교 교육대학원,본교,전남,특수대학원,12,12,12,,,not_tested,not_tested,not_tested,unresolved_no_exact_signature
2023,employment-school-bf79152d0a2260d7fa73,목포대학교대학원,본교,전남,일반대학원,40,40,40,,,not_tested,not_tested,not_tested,unresolved_no_exact_signature
2023,employment-school-a8d66d4ac8fbd802ee8a,목포대학교산업기술대학원,본교,전남,특수대학원,9,9,9,,,not_tested,not_tested,not_tested,unresolved_no_exact_signature
2023,employment-school-30bd5b27a2298d4d834f,목포해양대학교,본교,전남,대학,15,15,15,,,not_tested,not_tested,not_tested,unresolved_no_exact_signature
2023,employment-school-1c32d480fe281a807b40,목포해양대학교대학원,본교,전남,일반대학원,4,4,4,,,not_tested,not_tested,not_tested,unresolved_no_exact_signature
2023,employment-school-d4d5b9558501f8a47632,목포해양대학교해양산업대학원,본교,전남,특수대학원,2,2,2,,,not_tested,not_tested,not_tested,unresolved_signature_too_small
2023,employment-school-84adbc573fb21c5c05b7,문경대학교,본교,경북,전문대학,9,9,9,,,not_tested,not_tested,not_tested,unresolved_no_exact_signature
2023,employment-school-8c2fbd313a0b27135b27,배재대학교,본교,대전,대학,70,62,70,,,not_tested,not_tested,not_tested,unresolved_no_exact_signature
2023,employment-school-93ef2e7885918cd744eb,배재대학교 관광축제한류대학원,본교,대전,특수대학원,3,3,3,,,not_tested,not_tested,not_tested,unresolved_no_exact_signature
2023,employment-school-d9c321395f44c8ad1178,배재대학교 관광축제호텔대학원,본교,대전,특수대학원,1,1,1,,,not_tested,not_tested,not_tested,unresolved_signature_too_small
2023,employment-school-d446ae2f152ecfb7196b,배재대학교 교육대학원,본교,대전,특수대학원,3,3,3,,,not_tested,not_tested,not_tested,unresolved_no_exact_signature
2023,employment-school-dcac79889178d063ca6d,배재대학교대학원,본교,대전,일반대학원,26,26,26,,,not_tested,not_tested,not_tested,unresolved_no_exact_signature
2023,employment-school-e8e20e8b5ef1c94bc58f,배화여자대학교,본교,서울,전문대학,33,33,33,,,not_tested,not_tested,not_tested,unresolved_no_exact_signature
2023,employment-school-fd85695ba8fd6305bcc0,백석대학교,본교,충남,대학,28,28,28,,,not_tested,not_tested,not_tested,unresolved_no_exact_signature
2023,employment-school-6ef3f595155626800f6d,백석대학교 교육대학원,본교,서울,특수대학원,8,8,8,,,not_tested,not_tested,not_tested,unresolved_no_exact_signature
2023,employment-school-f61f8a3d07234e0bcefd,백석대학교 기독교전문대학원,본교,서울,전문대학원,12,12,12,,,not_tested,not_tested,not_tested,unresolved_no_exact_signature
2023,employment-school-01b0143d97365a5069a4,백석대학교 문화예술대학원,본교,서울,특수대학원,4,4,4,,,not_tested,not_tested,not_tested,unresolved_no_exact_signature
2023,employment-school-f51c1082a91eba1c0e76,백석대학교 보건복지대학원,본교,서울,특수대학원,6,6,6,,,not_tested,not_tested,not_tested,unresolved_no_exact_signature
2023,employment-school-e0bbaf38392c8f6dbc50,백석대학교 상담대학원,본교,서울,특수대학원,7,7,7,,,not_tested,not_tested,not_tested,unresolved_no_exact_signature
2023,employment-school-eed5c0f461193063eca0,백석대학교 신학대학원,본교,서울,특수대학원,1,1,1,,,not_tested,not_tested,not_tested,unresolved_signature_too_small
2023,employment-school-5ad8bf1131784f559e2c,백석대학교 실천신학대학원,본교,서울,특수대학원,1,1,1,,,not_tested,not_tested,not_tested,unresolved_signature_too_small
2023,employment-school-a4e3d1c071dba0c34354,백석문화대학교,본교,충남,전문대학,28,28,28,,,not_tested,not_tested,not_tested,unresolved_no_exact_signature
2023,employment-school-bfb62909c8685800ef21,백석예술대학교,본교,서울,전공대학,13,13,13,,,not_tested,not_tested,not_tested,unresolved_no_exact_signature
2023,employment-school-7186f486794fe69a503b,백제예술대학교,본교,전북,전문대학,8,8,8,,,not_tested,not_tested,not_tested,unresolved_no_exact_signature
2023,employment-school-89a15effd8addd867e0e,베뢰아국제대학원대학교,본교,서울,전문대학원,1,1,1,,,not_tested,not_tested,not_tested,unresolved_signature_too_small
2023,employment-school-ae02b4b51b182af99f7c,부경대학교,본교,부산,대학,91,91,91,,,not_tested,not_tested,not_tested,unresolved_no_exact_signature
2023,employment-school-0332e58a09cefb009731,부경대학교 경영대학원,본교,부산,특수대학원,6,6,6,,,not_tested,not_tested,not_tested,unresolved_no_exact_signature
2023,employment-school-e1a12254f88e0e73bea9,부경대학교 교육대학원,본교,부산,특수대학원,14,14,14,,,not_tested,not_tested,not_tested,unresolved_no_exact_signature
2023,employment-school-c6d7e745b16e94c106fb,부경대학교 글로벌수산대학원,본교,부산,특수대학원,6,6,6,,,not_tested,not_tested,not_tested,unresolved_no_exact_signature
2023,employment-school-ba969aed866b7e4e40d7,부경대학교 글로벌정책대학원,본교,부산,특수대학원,10,10,10,,,not_tested,not_tested,not_tested,unresolved_no_exact_signature
2023,employment-school-7af36f61ab54fd622e89,부경대학교 기술경영전문대학원,본교,부산,전문대학원,1,1,1,,,not_tested,not_tested,not_tested,unresolved_signature_too_small
2023,employment-school-0020fb2f6ae0ec635990,부경대학교대학원,본교,부산,일반대학원,85,85,85,,,not_tested,not_tested,not_tested,unresolved_no_exact_signature
2023,employment-school-ed37ae97289430d2bc6a,부경대학교 산업대학원,본교,부산,특수대학원,12,12,12,,,not_tested,not_tested,not_tested,unresolved_no_exact_signature
2023,employment-school-3bd9b21e608937a39128,부산가톨릭대학교,본교,부산,대학,19,19,19,,,not_tested,not_tested,not_tested,unresolved_no_exact_signature
2023,employment-school-c132bdd0a1688502566b,부산가톨릭대학교대학원,본교,부산,일반대학원,9,9,9,,,not_tested,not_tested,not_tested,unresolved_no_exact_signature
2023,employment-school-5eb4acbc24c688444073,부산경상대학교,본교,부산,전문대학,44,44,44,,,not_tested,not_tested,not_tested,unresolved_no_exact_signature
2023,employment-school-22158e59d2dfa36fad71,부산과학기술대학교,본교,부산,전문대학,46,46,46,,,not_tested,not_tested,not_tested,unresolved_no_exact_signature
2023,employment-school-f9aae63bd8e980bc343d,부산교육대학교,본교,부산,교육대학,13,13,13,6089915394,unique_exact_department_college_signature,true,true,true,candidate_signature_context_confirmed
2023,employment-school-71fefb5dca37323b6bbf,부산교육대학교교육대학원,본교,부산,특수대학원,22,22,22,,,not_tested,not_tested,not_tested,unresolved_no_exact_signature
2023,employment-school-5c98543ae59531363fbc,부산대학교,본교,부산,대학,104,104,104,,,not_tested,not_tested,not_tested,unresolved_no_exact_signature
2023,employment-school-40b3f802285321e97420,부산대학교 경영대학원,본교,부산,특수대학원,3,3,3,,,not_tested,not_tested,not_tested,unresolved_no_exact_signature
2023,employment-school-53dbdda9a7ba579b8dcb,부산대학교 경제통상대학원,본교,부산,특수대학원,4,4,4,,,not_tested,not_tested,not_tested,unresolved_no_exact_signature
2023,employment-school-942ba92c978f6304cee8,부산대학교 교육대학원,본교,부산,특수대학원,33,33,33,,,not_tested,not_tested,not_tested,unresolved_no_exact_signature
2023,employment-school-ded4ed96bf6feb5f1700,부산대학교 국제전문대학원,본교,부산,전문대학원,4,4,4,,,not_tested,not_tested,not_tested,unresolved_no_exact_signature
2023,employment-school-c4cfea6e47b287abb5bf,부산대학교 금융대학원,본교,부산,특수대학원,1,1,1,,,not_tested,not_tested,not_tested,unresolved_signature_too_small
2023,employment-school-66f2e850244096427b3c,부산대학교 기술창업대학원,본교,부산,특수대학원,1,1,1,,,not_tested,not_tested,not_tested,unresolved_signature_too_small
2023,employment-school-607b33a77c77de17495a,부산대학교 법학전문대학원,본교,부산,전문대학원,1,1,1,,,not_tested,not_tested,not_tested,unresolved_signature_too_small
2023,employment-school-0d0a0fd95be83c4f51e0,부산대학교 산업대학원,본교,부산,특수대학원,13,13,13,,,not_tested,not_tested,not_tested,unresolved_no_exact_signature
2023,employment-school-90027418879be28c8e7b,부산대학교 의학전문대학원,본교,경남,전문대학원,2,2,2,,,not_tested,not_tested,not_tested,unresolved_signature_too_small
2023,employment-school-b12985b2b9e89ae85783,부산대학교 일반대학원,본교,부산,일반대학원,123,123,123,,,not_tested,not_tested,not_tested,unresolved_no_exact_signature
2023,employment-school-80ea6bc7f295feaeb7c8,부산대학교 치의학전문대학원,본교,경남,전문대학원,3,3,3,,,not_tested,not_tested,not_tested,unresolved_no_exact_signature
2023,employment-school-2910f74c5a8b4700aa43,부산대학교 한의학전문대학원,본교,경남,전문대학원,3,3,3,,,not_tested,not_tested,not_tested,unresolved_no_exact_signature
2023,employment-school-b34eacb11e5885342b7d,부산대학교 행정대학원,본교,부산,특수대학원,2,2,2,,,not_tested,not_tested,not_tested,unresolved_signature_too_small
2023,employment-school-8d3b7d89e84477390b2a,부산대학교 환경대학원,본교,부산,특수대학원,3,3,3,,,not_tested,not_tested,not_tested,unresolved_no_exact_signature
2023,employment-school-2e519fe9137ead1d581d,부산디지털대학교,본교,부산,사이버대학(대학),9,9,9,,,not_tested,not_tested,not_tested,unresolved_no_exact_signature
2023,employment-school-72056f65aa5207e6b943,부산디지털대학교 휴먼서비스대학원,본교,부산,특수대학원,2,2,2,,,not_tested,not_tested,not_tested,unresolved_signature_too_small
2023,employment-school-d69778d2209775e3962f,부산보건대학교,본교,부산,전문대학,30,30,30,,,not_tested,not_tested,not_tested,unresolved_no_exact_signature
2023,employment-school-417faf810c8a443b5621,부산여자대학교,본교,부산,전문대학,24,24,24,,,not_tested,not_tested,not_tested,unresolved_no_exact_signature
2023,employment-school-aec76442b743c63e41c6,부산예술대학교,본교,부산,전문대학,10,10,10,,,not_tested,not_tested,not_tested,unresolved_no_exact_signature
2023,employment-school-6fd167ba1b5789cd9a77,부산외국어대학교,본교,부산,대학,39,39,39,,,not_tested,not_tested,not_tested,unresolved_no_exact_signature
2023,employment-school-bf45a8c3160e8193742f,부산외국어대학교교육대학원,본교,부산,특수대학원,4,4,4,,,not_tested,not_tested,not_tested,unresolved_no_exact_signature
2023,employment-school-06ab4e02ba3c37cec7fb,부산외국어대학교 글로벌골프대학원,본교,부산,특수대학원,1,1,1,,,not_tested,not_tested,not_tested,unresolved_signature_too_small
2023,employment-school-2b761d25fcb1490c6e5c,부산외국어대학교대학원,본교,부산,일반대학원,16,16,16,,,not_tested,not_tested,not_tested,unresolved_no_exact_signature
2023,employment-school-e742d2d1f97cb04c6d38,부산외국어대학교 산업·경영대학원,본교,부산,특수대학원,8,8,8,,,not_tested,not_tested,not_tested,unresolved_no_exact_signature
2023,employment-school-db6e1e1e828174fcc673,부산외국어대학교통역번역대학원,본교,부산,특수대학원,3,3,3,,,not_tested,not_tested,not_tested,unresolved_no_exact_signature
2023,employment-school-60b0e0fc964ae1c8628c,부산장신대학교,본교,경남,대학,3,3,3,,,not_tested,not_tested,not_tested,unresolved_no_exact_signature
2023,employment-school-8c3d60483c32ebf1d3a4,부산장신대학교 강해설교대학원,본교,경남,특수대학원,1,1,1,,,not_tested,not_tested,not_tested,unresolved_signature_too_small
2023,employment-school-158d4c0842e6fd221b04,부산장신대학교 상담및심리치료대학원,본교,경남,특수대학원,1,1,1,,,not_tested,not_tested,not_tested,unresolved_signature_too_small
2023,employment-school-4e10c9f62393aa886a6e,부산장신대학교신학대학원,본교,경남,특수대학원,1,1,1,,,not_tested,not_tested,not_tested,unresolved_signature_too_small
2023,employment-school-41dc87f15b7aa45e48e8,부산장신대학교일반대학원,본교,경남,일반대학원,1,1,1,,,not_tested,not_tested,not_tested,unresolved_signature_too_small
2023,employment-school-fce9d76eab0961b663a4,부산장신대학교 장애인교육선교대학원,본교,경남,특수대학원,1,1,1,,,not_tested,not_tested,not_tested,unresolved_signature_too_small
2023,employment-school-287e0790b067fb062377,부천대학교,본교,경기,전문대학,54,54,54,,,not_tested,not_tested,not_tested,unresolved_no_exact_signature
2023,employment-school-6de5f208eddf627a5faa,북한대학원대학교,본교,서울,전문대학원,1,1,1,,,not_tested,not_tested,not_tested,unresolved_signature_too_small
2023,employment-school-74b5e7c05675c5bbd441,사이버한국외국어대학교,본교,서울,사이버대학(대학),10,10,10,,,not_tested,not_tested,not_tested,unresolved_no_exact_signature
2023,employment-school-a73aaa46d71c618fbde3,사이버한국외국어대학교 TESOL 대학원,본교,서울,특수대학원,1,1,1,,,not_tested,not_tested,not_tested,unresolved_signature_too_small
2023,employment-school-757267f1fc70f0d2d8ee,삼성전자공과대학교,본교,경기,사내대학(대학),1,1,1,,,not_tested,not_tested,not_tested,unresolved_signature_too_small
2023,employment-school-78908322b5ae1a11e3e1,삼육대학교,본교,서울,대학,26,26,26,,,not_tested,not_tested,not_tested,unresolved_no_exact_signature
2023,employment-school-41ef53c40bf0a6ecd54e,삼육대학교경영대학원,본교,서울,특수대학원,1,1,1,,,not_tested,not_tested,not_tested,unresolved_signature_too_small
2023,employment-school-16574d03b582c00ed584,삼육대학교 대학원,본교,서울,일반대학원,14,14,14,,,not_tested,not_tested,not_tested,unresolved_no_exact_signature
2023,employment-school-c0d8a82db7d35ae8937e,삼육대학교 신학대학원,본교,서울,특수대학원,1,1,1,,,not_tested,not_tested,not_tested,unresolved_signature_too_small
2023,employment-school-1b06dea6dc3fbc9a4477,삼육대학교 임상간호대학원,본교,서울,특수대학원,1,1,1,,,not_tested,not_tested,not_tested,unresolved_signature_too_small
2023,employment-school-5b84155dafd1de325965,삼육보건대학교,본교,서울,전문대학,11,11,11,,,not_tested,not_tested,not_tested,unresolved_no_exact_signature
2023,employment-school-a40c353fb76ce0c86e5f,상명대학교,본교,서울,대학,46,46,46,,,not_tested,not_tested,not_tested,unresolved_no_exact_signature
2023,employment-school-0bd5f9dff5c9b124d998,상명대학교,캠퍼스,충남,대학,53,52,53,,,not_tested,not_tested,not_tested,unresolved_no_exact_signature
2023,employment-school-4e9f3b27c0f59f1e750e,상명대학교 경영대학원,본교,서울,특수대학원,4,4,4,,,not_tested,not_tested,not_tested,unresolved_no_exact_signature
2023,employment-school-77a8a8ffef1101c5afbd,상명대학교 교육대학원,본교,서울,특수대학원,7,7,7,,,not_tested,not_tested,not_tested,unresolved_no_exact_signature
2023,employment-school-b81125594faa66f7c10d,상명대학교 대학원,본교,서울,일반대학원,35,35,35,,,not_tested,not_tested,not_tested,unresolved_no_exact_signature
2023,employment-school-62db395e7c0accfe79fe,상명대학교 대학원,캠퍼스,충남,일반대학원,15,15,15,,,not_tested,not_tested,not_tested,unresolved_no_exact_signature
2023,employment-school-217b0a4e4527fefbfb20,상명대학교 문화기술대학원,본교,서울,특수대학원,2,2,2,,,not_tested,not_tested,not_tested,unresolved_signature_too_small
2023,employment-school-660a6d5f1b7bf24f49a0,상명대학교 복지상담대학원,본교,서울,특수대학원,2,2,2,,,not_tested,not_tested,not_tested,unresolved_signature_too_small
2023,employment-school-350b951ace313b9c601d,상명대학교 상담대학원,본교,서울,특수대학원,2,2,2,,,not_tested,not_tested,not_tested,unresolved_signature_too_small
2023,employment-school-660d1c8d053c47d5bbb5,상명대학교 예술디자인대학원,본교,서울,특수대학원,3,3,3,,,not_tested,not_tested,not_tested,unresolved_no_exact_signature
2023,employment-school-076420ad6dd958d8cb66,상지대학교,본교,강원,대학,51,51,51,,,not_tested,not_tested,not_tested,unresolved_no_exact_signature
2023,employment-school-4717f8b6b4c90d1e362a,상지대학교교육대학원,본교,강원,특수대학원,2,2,2,,,not_tested,not_tested,not_tested,unresolved_signature_too_small
2023,employment-school-c3bd60a2a0029ac26e3c,상지대학교대학원,본교,강원,일반대학원,13,13,13,,,not_tested,not_tested,not_tested,unresolved_no_exact_signature
2023,employment-school-7cdddc6a1d4a2cd243e9,상지대학교 사회복지정책대학원,본교,강원,특수대학원,1,1,1,,,not_tested,not_tested,not_tested,unresolved_signature_too_small
2023,employment-school-02797a89a731dd89e619,상지대학교 사회융합대학원,본교,강원,특수대학원,7,7,7,,,not_tested,not_tested,not_tested,unresolved_no_exact_signature
2023,employment-school-522426535e474044c5fd,상지대학교 평화안보.상담심리대학원,본교,강원,특수대학원,2,2,2,,,not_tested,not_tested,not_tested,unresolved_signature_too_small
2023,employment-school-8a20ceba8245b6a536b2,상지영서대학교,본교,강원,전문대학,13,13,13,,,not_tested,not_tested,not_tested,unresolved_no_exact_signature
2023,employment-school-67d79b1c0f817cd33cb5,서강대학교,본교,서울,대학,31,30,31,,,not_tested,not_tested,not_tested,unresolved_no_exact_signature
2023,employment-school-230b91dedd1736e72bd1,서강대학교 경영전문대학원,본교,서울,전문대학원,7,7,7,,,not_tested,not_tested,not_tested,unresolved_no_exact_signature
2023,employment-school-485928abd657e6a598bb,서강대학교 경제대학원,본교,서울,특수대학원,7,7,7,,,not_tested,not_tested,not_tested,unresolved_no_exact_signature
2023,employment-school-00ad5cbeedf077ab336c,서강대학교 공공정책대학원,본교,서울,특수대학원,8,8,8,,,not_tested,not_tested,not_tested,unresolved_no_exact_signature
2023,employment-school-77d103b0e400a136edf0,서강대학교교육대학원,본교,서울,특수대학원,8,8,8,,,not_tested,not_tested,not_tested,unresolved_no_exact_signature
2023,employment-school-47ee1111aad8e8abd88c,서강대학교국제대학원,본교,서울,전문대학원,4,4,4,,,not_tested,not_tested,not_tested,unresolved_no_exact_signature
2023,employment-school-4f6b64a140b49fe9f69b,서강대학교 기술경영전문대학원,본교,서울,전문대학원,1,1,1,,,not_tested,not_tested,not_tested,unresolved_signature_too_small
2023,employment-school-1e4c758bd2158ed737c0,서강대학교대학원,본교,서울,일반대학원,27,27,27,,,not_tested,not_tested,not_tested,unresolved_no_exact_signature
2023,employment-school-6c8b65aa19247fc734cf,서강대학교 법학전문대학원,본교,서울,전문대학원,1,1,1,,,not_tested,not_tested,not_tested,unresolved_signature_too_small
2023,employment-school-64a221c15cf32d63d6b6,서강대학교 신학대학원,본교,서울,전문대학원,4,4,4,,,not_tested,not_tested,not_tested,unresolved_no_exact_signature
2023,employment-school-5d974c8b4ceb73c7ef03,서강대학교언론대학원,본교,서울,특수대학원,7,7,7,,,not_tested,not_tested,not_tested,unresolved_no_exact_signature
2023,employment-school-53749a7869df53cf38da,서강대학교영상대학원,본교,서울,전문대학원,4,4,4,,,not_tested,not_tested,not_tested,unresolved_no_exact_signature
2023,employment-school-566b8aad492eff46f360,서강대학교정보통신대학원,본교,서울,특수대학원,7,7,7,,,not_tested,not_tested,not_tested,unresolved_no_exact_signature
2023,employment-school-aef74730b260cb96567c,서경대학교,본교,서울,대학,37,37,37,,,not_tested,not_tested,not_tested,unresolved_no_exact_signature
2023,employment-school-5b63c6601cc4358bd096,서경대학교 경영문화대학원,본교,서울,특수대학원,3,3,3,,,not_tested,not_tested,not_tested,unresolved_no_exact_signature
2023,employment-school-7379f784954efc24e651,서경대학교 미용예술대학원,본교,서울,특수대학원,1,1,1,,,not_tested,not_tested,not_tested,unresolved_signature_too_small
2023,employment-school-b6451c59182e2b69bd51,서경대학교 실용음악대학원,본교,서울,특수대학원,1,1,1,,,not_tested,not_tested,not_tested,unresolved_signature_too_small
2023,employment-school-fd2ee7b739ec6a7c36f7,서경대학교 일반대학원,본교,서울,일반대학원,10,10,10,,,not_tested,not_tested,not_tested,unresolved_no_exact_signature
2023,employment-school-8d5b64b20e73938241e5,서라벌대학교,본교,경북,전문대학,11,11,11,,,not_tested,not_tested,not_tested,unresolved_no_exact_signature
2023,employment-school-90e377ef0317a29bd3b1,서영대학교,본교,광주,전문대학,44,44,44,,,not_tested,not_tested,not_tested,unresolved_no_exact_signature
2023,employment-school-dcd231019d97ed74325a,서울과학기술대학교,본교,서울,대학,38,38,38,,,not_tested,not_tested,not_tested,unresolved_no_exact_signature
2023,employment-school-5114f0eb811c6fac149b,서울과학기술대학교 IT정책전문대학원,본교,서울,전문대학원,4,4,4,,,not_tested,not_tested,not_tested,unresolved_no_exact_signature
2023,employment-school-6c192801f875fe1852b4,서울과학기술대학교 나노IT디자인융합대학원,본교,서울,전문대학원,4,4,4,,,not_tested,not_tested,not_tested,unresolved_no_exact_signature
2023,employment-school-7aaf6df3a2b8fe70b9e0,서울과학기술대학교 산업대학원,본교,서울,특수대학원,10,10,10,,,not_tested,not_tested,not_tested,unresolved_no_exact_signature
2023,employment-school-2b2a1ee34f5de439fb1c,서울과학기술대학교 융합과학대학원,본교,서울,전문대학원,6,6,6,,,not_tested,not_tested,not_tested,unresolved_no_exact_signature
2023,employment-school-19e9e93a95e8d2774d6d,서울과학기술대학교 일반대학원,본교,서울,일반대학원,35,35,35,,,not_tested,not_tested,not_tested,unresolved_no_exact_signature
2023,employment-school-150e9e1e2c2e51a1e58a,서울과학기술대학교 주택도시대학원,본교,서울,특수대학원,5,5,5,,,not_tested,not_tested,not_tested,unresolved_no_exact_signature
2023,employment-school-4692bd05ffdfe50d8838,서울과학기술대학교 철도전문대학원,본교,서울,전문대학원,7,7,7,,,not_tested,not_tested,not_tested,unresolved_no_exact_signature
2023,employment-school-aacbf31409aefdc8def1,서울과학종합대학원대학교,본교,서울,전문대학원,1,1,1,,,not_tested,not_tested,not_tested,unresolved_signature_too_small
2023,employment-school-bb5ecb38abe5730e7566,서울교육대학교,본교,서울,교육대학,13,13,13,8185494184,unique_exact_department_college_signature,true,true,true,candidate_signature_context_confirmed
2023,employment-school-2092f1d5b7f72ca7f05d,서울교육대학교 교육대학원,본교,서울,특수대학원,13,13,13,,,not_tested,not_tested,not_tested,unresolved_no_exact_signature
2023,employment-school-38f7e7c01effa6adb46c,서울교육대학교 교육전문대학원,본교,서울,전문대학원,35,35,35,,,not_tested,not_tested,not_tested,unresolved_no_exact_signature
2023,employment-school-78a84d11372e467f0eb3,서울기독대학교,본교,서울,대학,14,14,14,,,not_tested,not_tested,not_tested,unresolved_no_exact_signature
2023,employment-school-c9be2c2b65da5fb9c2c7,서울기독대학교 대학원,본교,서울,일반대학원,3,3,3,9473754882,unique_exact_department_college_signature,true,true,true,candidate_signature_context_confirmed
2023,employment-school-fb5ea6b799506e63602d,서울기독대학교 문화산업경영대학원,본교,서울,특수대학원,1,1,1,,,not_tested,not_tested,not_tested,unresolved_signature_too_small
2023,employment-school-497653429a8f3edba14c,서울기독대학교사회복지대학원,본교,서울,특수대학원,1,1,1,,,not_tested,not_tested,not_tested,unresolved_signature_too_small
2023,employment-school-5523ea94f271b79f9ad9,서울기독대학교 연합신학대학원,본교,서울,특수대학원,1,1,1,,,not_tested,not_tested,not_tested,unresolved_signature_too_small
2023,employment-school-813cee5152a64d78a6e2,서울기독대학교치유상담대학원,본교,서울,특수대학원,1,1,1,,,not_tested,not_tested,not_tested,unresolved_signature_too_small
2023,employment-school-30c1082c21c401cf556e,서울대학교,본교,서울,대학,93,93,93,,,not_tested,not_tested,not_tested,unresolved_no_exact_signature
2023,employment-school-1f618355646392562667,서울대학교 경영전문대학원,본교,서울,전문대학원,1,1,1,,,not_tested,not_tested,not_tested,unresolved_signature_too_small
2023,employment-school-69915055193fa51f84e3,서울대학교 공학전문대학원,본교,서울,전문대학원,1,1,1,,,not_tested,not_tested,not_tested,unresolved_signature_too_small
2023,employment-school-e75eee973a5dce24a22a,서울대학교 국제농업기술대학원,본교,강원,전문대학원,1,1,1,,,not_tested,not_tested,not_tested,unresolved_signature_too_small
2023,employment-school-fe429abdaeafebbba791,서울대학교 국제대학원,본교,서울,전문대학원,5,5,5,,,not_tested,not_tested,not_tested,unresolved_no_exact_signature
2023,employment-school-e20cb7bdc580dbe8849b,서울대학교 대학원,본교,서울,일반대학원,145,145,145,,,not_tested,not_tested,not_tested,unresolved_no_exact_signature
2023,employment-school-2367c143aeaf7a467a92,서울대학교 데이터사이언스대학원,본교,서울,전문대학원,1,1,1,,,not_tested,not_tested,not_tested,unresolved_signature_too_small
2023,employment-school-5c3f0465b7e37c628029,서울대학교 법학전문대학원,본교,서울,전문대학원,1,1,1,,,not_tested,not_tested,not_tested,unresolved_signature_too_small
2023,employment-school-b7c7521bd22aba227d1a,서울대학교 보건대학원,본교,서울,전문대학원,3,3,3,,,not_tested,not_tested,not_tested,unresolved_no_exact_signature
2023,employment-school-c6f6c04c4449b094db1d,서울대학교 융합과학기술대학원,본교,서울,전문대학원,5,5,5,,,not_tested,not_tested,not_tested,unresolved_no_exact_signature
2023,employment-school-240417fa4ac45018c98a,서울대학교 의학대학원,본교,서울,전문대학원,1,1,1,,,not_tested,not_tested,not_tested,unresolved_signature_too_small
2023,employment-school-b992d12ee78d438633ca,서울대학교 치의학대학원,본교,서울,전문대학원,1,1,1,,,not_tested,not_tested,not_tested,unresolved_signature_too_small
2023,employment-school-6c73bffb8e4b5826f53b,서울대학교 행정대학원,본교,서울,전문대학원,4,4,4,,,not_tested,not_tested,not_tested,unresolved_no_exact_signature
2023,employment-school-77733da43ba6e2208766,서울대학교 환경대학원,본교,서울,전문대학원,2,2,2,,,not_tested,not_tested,not_tested,unresolved_signature_too_small
2023,employment-school-820ff5d9fec6438c17c4,서울디지털대학교,본교,서울,사이버대학(대학),32,32,32,,,not_tested,not_tested,not_tested,unresolved_no_exact_signature
2023,employment-school-e65b5437d93d5d55f4d8,서울미디어대학원대학교,본교,서울,특수대학원,5,5,5,,,not_tested,not_tested,not_tested,unresolved_no_exact_signature
2023,employment-school-a73edfbd379ac5f27588,서울벤처대학원대학교,본교,서울,전문대학원,3,3,3,,,not_tested,not_tested,not_tested,unresolved_no_exact_signature
2023,employment-school-212a5dcbe954eca3d97e,서울불교대학원대학교,본교,서울,전문대학원,3,3,3,,,not_tested,not_tested,not_tested,unresolved_no_exact_signature
2023,employment-school-ee009435c01b3017e752,서울사이버대학교,본교,서울,사이버대학(대학),34,34,34,,,not_tested,not_tested,not_tested,unresolved_no_exact_signature
2023,employment-school-1d4ab810c9eef5a41d51,서울사이버대학교 상담심리대학원,본교,서울,특수대학원,1,1,1,,,not_tested,not_tested,not_tested,unresolved_signature_too_small
2023,employment-school-235187b9dd1b367f96eb,서울사이버대학교 휴먼서비스대학원,본교,서울,특수대학원,1,1,1,,,not_tested,not_tested,not_tested,unresolved_signature_too_small
2023,employment-school-8aa600b81c5c345e128a,서울사회복지대학원대학교,본교,서울,특수대학원,1,1,1,,,not_tested,not_tested,not_tested,unresolved_signature_too_small
2023,employment-school-1ee7a24196353c8f39fc,서울상담심리대학원대학교,본교,서울,전문대학원,1,1,1,,,not_tested,not_tested,not_tested,unresolved_signature_too_small
2023,employment-school-9ffcb8fd3aea0de692c4,서울성경신학대학원대학교,본교,서울,전문대학원,3,3,3,,,not_tested,not_tested,not_tested,unresolved_no_exact_signature
2023,employment-school-d2fa5f77b0d46112d252,서울시립대학교,본교,서울,대학,45,45,45,,,not_tested,not_tested,not_tested,unresolved_no_exact_signature
2023,employment-school-239e174b7f49d842bdc5,서울시립대학교 경영대학원,본교,서울,특수대학원,2,2,2,,,not_tested,not_tested,not_tested,unresolved_signature_too_small
2023,employment-school-c6fcd033e78ed70e11a6,서울시립대학교 과학기술대학원,본교,서울,특수대학원,7,7,7,,,not_tested,not_tested,not_tested,unresolved_no_exact_signature
2023,employment-school-75bc84b6db2c585269ef,서울시립대학교 교육대학원,본교,서울,특수대학원,7,7,7,,,not_tested,not_tested,not_tested,unresolved_no_exact_signature
2023,employment-school-93ced7d73e8e2d7c3f05,서울시립대학교 국제도시과학대학원,본교,서울,특수대학원,3,3,3,,,not_tested,not_tested,not_tested,unresolved_no_exact_signature
2023,employment-school-c64fb2856cd58a209c0a,서울시립대학교대학원,본교,서울,일반대학원,40,40,40,,,not_tested,not_tested,not_tested,unresolved_no_exact_signature
2023,employment-school-3592b4623b36a76877bf,서울시립대학교 도시과학대학원,본교,서울,특수대학원,13,13,13,,,not_tested,not_tested,not_tested,unresolved_no_exact_signature
2023,employment-school-067b683e0da55f9d8c06,서울시립대학교 도시보건대학원,본교,서울,특수대학원,3,3,3,,,not_tested,not_tested,not_tested,unresolved_no_exact_signature
2023,employment-school-c0e785c5fddd44011372,서울시립대학교 디자인전문대학원,본교,서울,전문대학원,1,1,1,,,not_tested,not_tested,not_tested,unresolved_signature_too_small
2023,employment-school-f4ba32b346ef9dca6293,서울시립대학교 법학전문대학원,본교,서울,전문대학원,1,1,1,,,not_tested,not_tested,not_tested,unresolved_signature_too_small
2023,employment-school-d2cb2047404f54c3c05e,서울시립대학교 세무전문대학원,본교,서울,전문대학원,2,2,2,,,not_tested,not_tested,not_tested,unresolved_signature_too_small
2023,employment-school-bb8b9ea1f6e5cbfc49f2,서울신학대학교,본교,경기,대학,11,11,11,6105046808,unique_exact_department_signature,true,true,true,candidate_signature_context_confirmed
2023,employment-school-0e5075ed65f306f23e39,서울신학대학교 교회성장대학원,본교,경기,특수대학원,1,1,1,,,not_tested,not_tested,not_tested,unresolved_signature_too_small
2023,employment-school-ffc0dc30ef4a416adb9d,서울신학대학교대학원,본교,경기,일반대학원,6,6,6,9174008369,unique_exact_department_college_signature,true,true,true,candidate_signature_context_confirmed
2023,employment-school-f79a356b9f85ba83d178,서울신학대학교사회복지대학원,본교,경기,특수대학원,1,1,1,,,not_tested,not_tested,not_tested,unresolved_signature_too_small
2023,employment-school-af91ee0bfb708f54e4b5,서울신학대학교상담대학원,본교,경기,특수대학원,2,2,2,,,not_tested,not_tested,not_tested,unresolved_signature_too_small
2023,employment-school-60809c796b013a32cecb,서울신학대학교 설교대학원,본교,경기,특수대학원,1,1,1,,,not_tested,not_tested,not_tested,unresolved_signature_too_small
2023,employment-school-218454a7aebf5854d690,서울신학대학교신학대학원,본교,경기,특수대학원,1,1,1,,,not_tested,not_tested,not_tested,unresolved_signature_too_small
2023,employment-school-617b75d55b8e111b6b81,서울신학대학교 신학전문대학원,본교,경기,전문대학원,2,2,2,,,not_tested,not_tested,not_tested,unresolved_signature_too_small
2023,employment-school-03b9e970bfec1c58ed63,서울여자간호대학교,본교,서울,전문대학,2,2,2,,,not_tested,not_tested,not_tested,unresolved_signature_too_small
2023,employment-school-4418d87fd180c6691fae,서울여자대학교,본교,서울,대학,43,39,43,,,not_tested,not_tested,not_tested,unresolved_no_exact_signature
2023,employment-school-165d7d5b4f0b91aeae67,서울여자대학교 교육대학원,본교,서울,특수대학원,2,2,2,,,not_tested,not_tested,not_tested,unresolved_signature_too_small
2023,employment-school-8e432e765e16ef3a503b,서울여자대학교 대학원,본교,서울,일반대학원,14,14,14,,,not_tested,not_tested,not_tested,unresolved_no_exact_signature
2023,employment-school-bdd99666664c750306d4,서울여자대학교 사회복지·기독교대학원,본교,서울,특수대학원,2,2,2,,,not_tested,not_tested,not_tested,unresolved_signature_too_small
2023,employment-school-e76c6ab736ee552925f2,서울여자대학교 특수치료전문대학원,본교,서울,전문대학원,2,2,2,,,not_tested,not_tested,not_tested,unresolved_signature_too_small
2023,employment-school-8ba8cf63000d09cbfe00,서울여자대학교 휴먼서비스대학원,본교,서울,특수대학원,3,3,3,,,not_tested,not_tested,not_tested,unresolved_no_exact_signature
2023,employment-school-f713b52e010cc28e4dde,서울예술대학교,본교,경기,전문대학,17,17,17,,,not_tested,not_tested,not_tested,unresolved_no_exact_signature
2023,employment-school-58401a15e0e1e65a871a,서울외국어대학원대학교,본교,서울,전문대학원,3,3,3,,,not_tested,not_tested,not_tested,unresolved_no_exact_signature
2023,employment-school-668e7c23a814c7709fb5,서울장신대학교,본교,경기,대학,3,3,3,4364512026,unique_exact_department_college_signature,true,true,true,candidate_signature_context_confirmed
2023,employment-school-7fa3e0a96c1c9d4a0de7,서울장신대학교 교회음악대학원,본교,경기,특수대학원,1,1,1,,,not_tested,not_tested,not_tested,unresolved_signature_too_small
2023,employment-school-6900e3c93f505d5728cd,서울장신대학교 사회복지상담대학원,본교,경기,특수대학원,1,1,1,,,not_tested,not_tested,not_tested,unresolved_signature_too_small
2023,employment-school-4d1cb14c418f93b2b583,서울장신대학교 신학대학원,본교,경기,특수대학원,1,1,1,,,not_tested,not_tested,not_tested,unresolved_signature_too_small
2023,employment-school-23e2faf4bd7ed6cdf31c,서울장신대학교 영성심리치유대학원,본교,경기,특수대학원,1,1,1,,,not_tested,not_tested,not_tested,unresolved_signature_too_small
2023,employment-school-43e060942364140d774e,서울장신대학교 예배찬양사역대학원,본교,경기,특수대학원,1,1,1,,,not_tested,not_tested,not_tested,unresolved_signature_too_small
2023,employment-school-ebf43ff993ce32a80948,서울장신대학교 일반대학원,본교,경기,일반대학원,1,1,1,,,not_tested,not_tested,not_tested,unresolved_signature_too_small
2023,employment-school-c80e7d7ea688a4f938e5,서울장신대학교 자연치유선교대학원,본교,경기,특수대학원,1,1,1,,,not_tested,not_tested,not_tested,unresolved_signature_too_small
2023,employment-school-564dbf890223621df8be,서울한영대학교,본교,서울,대학,10,10,10,,,not_tested,not_tested,not_tested,unresolved_no_exact_signature
2023,employment-school-a0a43315ed88c91bcd06,서울한영대학교 국제신학선교대학원,본교,서울,특수대학원,2,2,2,,,not_tested,not_tested,not_tested,unresolved_signature_too_small
2023,employment-school-3834ee01548902167e69,서울한영대학교 상담복지대학원,본교,서울,특수대학원,5,5,5,,,not_tested,not_tested,not_tested,unresolved_no_exact_signature
2023,employment-school-90e4e53a614d96464ae6,서울한영대학교 일반대학원,본교,서울,일반대학원,5,5,5,,,not_tested,not_tested,not_tested,unresolved_no_exact_signature
2023,employment-school-5fef854d1b47b026f6b8,서원대학교,본교,충북,대학,52,50,52,,,not_tested,not_tested,not_tested,unresolved_no_exact_signature
2023,employment-school-30eeeca52c9930292536,서원대학교교육대학원,본교,충북,특수대학원,1,1,1,,,not_tested,not_tested,not_tested,unresolved_signature_too_small
2023,employment-school-e0fa8de4022acd59ea56,서원대학교산업대학원,본교,충북,특수대학원,9,9,9,,,not_tested,not_tested,not_tested,unresolved_no_exact_signature
2023,employment-school-84f43b9b8785a73cc1cc,서일대학교,본교,서울,전문대학,36,36,36,,,not_tested,not_tested,not_tested,unresolved_no_exact_signature
2023,employment-school-fbc71f2f1325696a6576,서정대학교,본교,경기,전문대학,28,28,28,,,not_tested,not_tested,not_tested,unresolved_no_exact_signature
2023,employment-school-746edb8724c7d735db28,선린대학교,본교,경북,전문대학,19,19,19,,,not_tested,not_tested,not_tested,unresolved_no_exact_signature
2023,employment-school-1b1e50e6e713109f5a08,선문대학교,본교,충남,대학,60,60,60,,,not_tested,not_tested,not_tested,unresolved_no_exact_signature
2023,employment-school-0302f0f60a6422d7e284,선문대학교교육대학원,본교,충남,특수대학원,2,2,2,,,not_tested,not_tested,not_tested,unresolved_signature_too_small
2023,employment-school-225a2ae5da62e2aec14e,선문대학교 글로컬통합대학원,본교,충남,특수대학원,5,5,5,,,not_tested,not_tested,not_tested,unresolved_no_exact_signature
2023,employment-school-8d9a68ecb546542589d8,선문대학교대학원,본교,충남,일반대학원,23,23,23,,,not_tested,not_tested,not_tested,unresolved_no_exact_signature
2023,employment-school-3cd886c2c713509830a1,선문대학교 신학대학원,본교,충남,특수대학원,2,2,2,,,not_tested,not_tested,not_tested,unresolved_signature_too_small
2023,employment-school-292bcb67a06bb977decc,선문대학교신학전문대학원,본교,충남,전문대학원,1,1,1,,,not_tested,not_tested,not_tested,unresolved_signature_too_small
2023,employment-school-fb5eb2e4b478848b7102,선학유피대학원대학교,본교,경기,전문대학원,3,3,3,,,not_tested,not_tested,not_tested,unresolved_no_exact_signature
2023,employment-school-b9def993e2c0be715d52,성결대학교,본교,경기,대학,22,22,22,,,not_tested,not_tested,not_tested,unresolved_no_exact_signature
2023,employment-school-b41cc487156dd4ebfead,성결대학교교육대학원,본교,경기,특수대학원,4,4,4,,,not_tested,not_tested,not_tested,unresolved_no_exact_signature
2023,employment-school-2e76390688df5cd55f64,성결대학교사회복지대학원,본교,경기,특수대학원,1,1,1,,,not_tested,not_tested,not_tested,unresolved_signature_too_small
2023,employment-school-2f5c13d066814cc610e0,성결대학교성결신학대학원,본교,경기,특수대학원,1,1,1,,,not_tested,not_tested,not_tested,unresolved_signature_too_small
2023,employment-school-f2a66f131a18f51ca06e,성결대학교신학대학원,본교,경기,특수대학원,2,2,2,,,not_tested,not_tested,not_tested,unresolved_signature_too_small
2023,employment-school-ecc936ff9ddc23d6448b,성결대학교일반대학원,본교,경기,일반대학원,5,5,5,,,not_tested,not_tested,not_tested,unresolved_no_exact_signature
2023,employment-school-9c689ee77aa1eea3c380,성결대학교 프라임대학원,본교,경기,특수대학원,3,3,3,,,not_tested,not_tested,not_tested,unresolved_no_exact_signature
2023,employment-school-b6126807505387548b2e,성공회대학교,본교,서울,대학,30,30,30,,,not_tested,not_tested,not_tested,unresolved_no_exact_signature
2023,employment-school-d2daca285dc4f5d17233,성공회대학교NGO대학원,본교,서울,특수대학원,5,5,5,,,not_tested,not_tested,not_tested,unresolved_no_exact_signature
2023,employment-school-e4b77969ad84692c7437,성공회대학교교육대학원,본교,서울,특수대학원,2,2,2,,,not_tested,not_tested,not_tested,unresolved_signature_too_small
2023,employment-school-6c45abdba9609578064b,성공회대학교대학원,본교,서울,일반대학원,6,6,6,,,not_tested,not_tested,not_tested,unresolved_no_exact_signature
2023,employment-school-fb8fb01feb1ca2dd92b7,성공회대학교문화대학원,본교,서울,특수대학원,2,2,2,,,not_tested,not_tested,not_tested,unresolved_signature_too_small
2023,employment-school-48ad5ca4aa69f067f4b1,성공회대학교 사회적경제대학원,본교,서울,특수대학원,3,3,3,,,not_tested,not_tested,not_tested,unresolved_no_exact_signature
2023,employment-school-868281bdaf71cf78a346,성공회대학교시민사회복지대학원,본교,서울,특수대학원,1,1,1,,,not_tested,not_tested,not_tested,unresolved_signature_too_small
2023,employment-school-713021400afe2d49f214,성공회대학교 시민평화대학원,본교,서울,특수대학원,3,3,3,,,not_tested,not_tested,not_tested,unresolved_no_exact_signature
2023,employment-school-42c84d50053cd0c0ac77,성공회대학교 신학대학원,본교,서울,특수대학원,2,2,2,,,not_tested,not_tested,not_tested,unresolved_signature_too_small
2023,employment-school-f331cf941825d6caf16b,성균관대학교,본교,서울,대학,72,70,72,,,not_tested,not_tested,not_tested,unresolved_no_exact_signature
2023,employment-school-bcbb3ca2e39fa109b880,성균관대학교 경영(전문)대학원,본교,서울,전문대학원,8,8,8,,,not_tested,not_tested,not_tested,unresolved_no_exact_signature
2023,employment-school-708fe7dd0c60c0ba10ed,성균관대학교 경영대학원,본교,서울,특수대학원,2,2,2,,,not_tested,not_tested,not_tested,unresolved_signature_too_small
2023,employment-school-525e76c56dcce07a98bc,성균관대학교 경영대학원(iMBA),본교,서울,특수대학원,1,1,1,,,not_tested,not_tested,not_tested,unresolved_signature_too_small
2023,employment-school-81772b915a108e5ef6ba,성균관대학교 교육대학원,본교,서울,특수대학원,8,8,8,,,not_tested,not_tested,not_tested,unresolved_no_exact_signature
2023,employment-school-b0a30bda9ad8a40d42ca,성균관대학교 국가전략대학원,본교,서울,특수대학원,3,3,3,,,not_tested,not_tested,not_tested,unresolved_no_exact_signature
2023,employment-school-f3becef34137972220cf,성균관대학교 국정관리대학원,본교,서울,전문대학원,1,1,1,,,not_tested,not_tested,not_tested,unresolved_signature_too_small
2023,employment-school-ae41959aaa84fc28e339,성균관대학교 국정전문대학원,본교,서울,전문대학원,1,1,1,,,not_tested,not_tested,not_tested,unresolved_signature_too_small
2023,employment-school-98e0865dad0ddb993cb6,성균관대학교 글로벌보험연금대학원,본교,서울,특수대학원,1,1,1,,,not_tested,not_tested,not_tested,unresolved_signature_too_small
2023,employment-school-db4c758a9361ed857c20,성균관대학교 글로벌창업대학원,본교,경기,특수대학원,2,2,2,,,not_tested,not_tested,not_tested,unresolved_signature_too_small
2023,employment-school-a5493dedd9fd54142186,성균관대학교 기술경영전문대학원,본교,경기,전문대학원,1,1,1,,,not_tested,not_tested,not_tested,unresolved_signature_too_small
2023,employment-school-1fd23103cada1efbdcdc,성균관대학교 디자인대학원,본교,서울,특수대학원,3,3,3,,,not_tested,not_tested,not_tested,unresolved_no_exact_signature
2023,employment-school-3266704aa6ba4212e434,성균관대학교 문화융합대학원,본교,서울,특수대학원,2,2,2,,,not_tested,not_tested,not_tested,unresolved_signature_too_small
2023,employment-school-27c23c373bc3c9ad0d4b,성균관대학교 미디어문화융합대학원,본교,서울,특수대학원,7,7,7,,,not_tested,not_tested,not_tested,unresolved_no_exact_signature
2023,employment-school-6023a72c4b1b02b2a7af,성균관대학교 번역·테솔(TESOL)대학원,본교,서울,특수대학원,2,2,2,,,not_tested,not_tested,not_tested,unresolved_signature_too_small
2023,employment-school-3d16bc06b91b65bb4970,성균관대학교 법학전문대학원,본교,서울,전문대학원,3,3,3,,,not_tested,not_tested,not_tested,unresolved_no_exact_signature
2023,employment-school-54753075e0a00be93337,성균관대학교 사회복지대학원,본교,서울,특수대학원,3,3,3,,,not_tested,not_tested,not_tested,unresolved_no_exact_signature
2023,employment-school-8c8359dee2b1d101eb02,성균관대학교 생활과학대학원,본교,서울,특수대학원,1,1,1,,,not_tested,not_tested,not_tested,unresolved_signature_too_small
2023,employment-school-eae3717edb9aa5fa40a1,성균관대학교 수자원전문대학원,본교,경기,전문대학원,1,1,1,,,not_tested,not_tested,not_tested,unresolved_signature_too_small
2023,employment-school-937f0cbe2d0d0b3c5cfe,성균관대학교 언론정보대학원,본교,서울,특수대학원,1,1,1,,,not_tested,not_tested,not_tested,unresolved_signature_too_small
2023,employment-school-dab6889920b2713effb8,성균관대학교 유학대학원,본교,서울,특수대학원,3,3,3,,,not_tested,not_tested,not_tested,unresolved_no_exact_signature
2023,employment-school-21893a8b80caa138607d,성균관대학교 일반대학원,본교,서울,일반대학원,102,102,102,,,not_tested,not_tested,not_tested,unresolved_no_exact_signature
2023,employment-school-f5ae76b053ec96134b7e,성균관대학교 임상간호대학원,본교,경기,특수대학원,2,2,2,,,not_tested,not_tested,not_tested,unresolved_signature_too_small
2023,employment-school-33ebb3fb28966e3d9b00,성균관대학교 임상약학대학원,본교,경기,특수대학원,1,1,1,,,not_tested,not_tested,not_tested,unresolved_signature_too_small
2023,employment-school-ef030aedadc5401548dc,성균관대학교 정보통신대학원,본교,서울,특수대학원,4,4,4,,,not_tested,not_tested,not_tested,unresolved_no_exact_signature
2023,employment-school-bb4b6eeb8c71bd9ce029,성균관대학교 중국대학원,본교,서울,전문대학원,1,1,1,,,not_tested,not_tested,not_tested,unresolved_signature_too_small
2023,employment-school-a2f83a257dfc771571ce,성산효대학원대학교,본교,인천,전문대학원,11,11,11,,,not_tested,not_tested,not_tested,unresolved_no_exact_signature
2023,employment-school-662d5e9387b988e05873,성서침례대학원대학교,본교,경기,전문대학원,1,1,1,,,not_tested,not_tested,not_tested,unresolved_signature_too_small
2023,employment-school-6bc3bd9e76508f62b0ca,성신여자대학교,본교,서울,대학,64,61,64,,,not_tested,not_tested,not_tested,unresolved_no_exact_signature
2023,employment-school-99206bc41490a6d8e87c,성신여자대학교 AI세무·회계대학원,본교,서울,특수대학원,1,1,1,,,not_tested,not_tested,not_tested,unresolved_signature_too_small
2023,employment-school-df08dc13622fbeea3093,성신여자대학교교육대학원,본교,서울,특수대학원,1,1,1,,,not_tested,not_tested,not_tested,unresolved_signature_too_small
2023,employment-school-69c705d8e99d38ca170c,성신여자대학교대학원,본교,서울,일반대학원,30,30,30,,,not_tested,not_tested,not_tested,unresolved_no_exact_signature
2023,employment-school-2a6ac58defd75c08fc9f,성신여자대학교 문화산업예술대학원,본교,서울,특수대학원,1,1,1,,,not_tested,not_tested,not_tested,unresolved_signature_too_small
2023,employment-school-570066ae9eaa38e15a48,성신여자대학교 뷰티융합대학원,본교,서울,특수대학원,1,1,1,,,not_tested,not_tested,not_tested,unresolved_signature_too_small
2023,employment-school-2e1a02b2b0a0bc0433aa,성신여자대학교 생애복지대학원,본교,서울,특수대학원,3,3,3,,,not_tested,not_tested,not_tested,unresolved_no_exact_signature
2023,employment-school-919afff5d9f98d75788e,성운대학교,본교,경북,전문대학,15,15,15,,,not_tested,not_tested,not_tested,unresolved_no_exact_signature
2023,employment-school-0eeed613e400a77e0114,세경대학교,본교,강원,전문대학,14,14,14,,,not_tested,not_tested,not_tested,unresolved_no_exact_signature
2023,employment-school-34a075f05e468af6f76f,세계사이버대학,본교,경기,원격대학(전문),14,14,14,,,not_tested,not_tested,not_tested,unresolved_no_exact_signature
2023,employment-school-fba85cca0aa11efaf317,세명대학교,본교,충북,대학,35,35,35,,,not_tested,not_tested,not_tested,unresolved_no_exact_signature
2023,employment-school-ff6c777799fc553eaa3b,세명대학교 경영행정복지대학원,본교,충북,특수대학원,3,3,3,,,not_tested,not_tested,not_tested,unresolved_no_exact_signature
2023,employment-school-ada8e2e4628ca12cf70f,세명대학교일반대학원,본교,충북,일반대학원,16,16,16,,,not_tested,not_tested,not_tested,unresolved_no_exact_signature
2023,employment-school-f71005295b4c8e3b0857,세명대학교 저널리즘대학원,본교,충북,특수대학원,1,1,1,,,not_tested,not_tested,not_tested,unresolved_signature_too_small
2023,employment-school-462480c6fab50064c17a,세명대학교 저널리즘스쿨대학원,본교,충북,특수대학원,1,1,1,,,not_tested,not_tested,not_tested,unresolved_signature_too_small
2023,employment-school-bdf9df527733355c5a61,세종대학교,본교,서울,대학,71,69,71,,,not_tested,not_tested,not_tested,unresolved_no_exact_signature
2023,employment-school-81d5698726982b31a518,세종대학교경영전문대학원,본교,서울,전문대학원,5,5,5,,,not_tested,not_tested,not_tested,unresolved_no_exact_signature
2023,employment-school-53ff1aad044895dac471,세종대학교 공공정책대학원,본교,서울,특수대학원,5,5,5,,,not_tested,not_tested,not_tested,unresolved_no_exact_signature
2023,employment-school-413b1e505800f69edfba,세종대학교공연예술대학원,본교,서울,특수대학원,1,1,1,,,not_tested,not_tested,not_tested,unresolved_signature_too_small
2023,employment-school-e1b4565b27ccbf4fb138,세종대학교관광대학원,본교,서울,특수대학원,2,2,2,,,not_tested,not_tested,not_tested,unresolved_signature_too_small
2023,employment-school-f174a42d9595ba793f39,세종대학교교육대학원,본교,서울,특수대학원,5,5,5,,,not_tested,not_tested,not_tested,unresolved_no_exact_signature
2023,employment-school-e83cd520ed7d641153fe,세종대학교 산업대학원,본교,서울,특수대학원,7,7,7,,,not_tested,not_tested,not_tested,unresolved_no_exact_signature
2023,employment-school-68d0542968b9496a6dfb,세종대학교 융합예술대학원,본교,서울,특수대학원,7,7,7,,,not_tested,not_tested,not_tested,unresolved_no_exact_signature
2023,employment-school-b7461ed174e32de11e60,세종대학교일반대학원,본교,서울,일반대학원,60,60,60,,,not_tested,not_tested,not_tested,unresolved_no_exact_signature
2023,employment-school-e635aee64046f22718ba,세종사이버대학교,본교,서울,사이버대학(대학),35,35,35,,,not_tested,not_tested,not_tested,unresolved_no_exact_signature
2023,employment-school-9eaee6ea4280d2aa1e70,세종사이버대학교  경영대학원,본교,서울,특수대학원,1,1,1,,,not_tested,not_tested,not_tested,unresolved_signature_too_small
2023,employment-school-53294100bf3c4ccde49e,세종사이버대학교  정보보호대학원,본교,서울,특수대학원,1,1,1,,,not_tested,not_tested,not_tested,unresolved_signature_too_small
2023,employment-school-e02c0ebd17241e15bc55,세한대학교,본교,전남,대학,52,37,52,,,not_tested,not_tested,not_tested,unresolved_no_exact_signature
2023,employment-school-3adc879961620d44e246,세한대학교일반대학원,본교,전남,일반대학원,7,7,7,,,not_tested,not_tested,not_tested,unresolved_no_exact_signature
2023,employment-school-9ee05b80513ff234e147,송곡대학교,본교,강원,전문대학,10,10,10,,,not_tested,not_tested,not_tested,unresolved_no_exact_signature
2023,employment-school-6fcd76d302c97a25e10e,송원대학교,본교,광주,대학,22,22,22,,,not_tested,not_tested,not_tested,unresolved_no_exact_signature
2023,employment-school-78638fc5bddfee106cd7,송원대학교 휴먼산업대학원,본교,광주,특수대학원,9,9,9,,,not_tested,not_tested,not_tested,unresolved_no_exact_signature
2023,employment-school-82fd370b979d992a6239,송호대학교,본교,강원,전문대학,17,17,17,,,not_tested,not_tested,not_tested,unresolved_no_exact_signature
2023,employment-school-0e0f8d801edf6492af35,수도국제대학원대학교,본교,서울,전문대학원,6,6,6,,,not_tested,not_tested,not_tested,unresolved_no_exact_signature
2023,employment-school-57fc0c5f995368991a90,수성대학교,본교,대구,전문대학,26,26,26,,,not_tested,not_tested,not_tested,unresolved_no_exact_signature
2023,employment-school-38a7a136de5de638828e,수원가톨릭대학교,본교,경기,대학,1,1,1,,,not_tested,not_tested,not_tested,unresolved_signature_too_small
2023,employment-school-6c63bcddbe515790ad6c,수원가톨릭대학교대학원,본교,경기,일반대학원,1,1,1,,,not_tested,not_tested,not_tested,unresolved_signature_too_small
2023,employment-school-7a4cb19d54ca01a4121c,수원과학대학교,본교,경기,전문대학,44,44,44,,,not_tested,not_tested,not_tested,unresolved_no_exact_signature
2023,employment-school-a09828020667c34fb76b,수원대학교,본교,경기,대학,59,59,59,,,not_tested,not_tested,not_tested,unresolved_no_exact_signature
2023,employment-school-cb318a9938ef5f7fc33c,수원대학교경영대학원,본교,경기,특수대학원,1,1,1,,,not_tested,not_tested,not_tested,unresolved_signature_too_small
2023,employment-school-e1007a8472c500928713,수원대학교 고용서비스대학원,본교,경기,특수대학원,1,1,1,,,not_tested,not_tested,not_tested,unresolved_signature_too_small
2023,employment-school-77a5c7651da8f284a0e7,수원대학교 공공정책대학원,본교,경기,특수대학원,1,1,1,,,not_tested,not_tested,not_tested,unresolved_signature_too_small
2023,employment-school-49697df5ea8dc2e72595,수원대학교 공학대학원,본교,경기,특수대학원,5,5,5,,,not_tested,not_tested,not_tested,unresolved_no_exact_signature
2023,employment-school-0efecb53002e34d0d7c0,수원대학교교육대학원,본교,경기,특수대학원,6,6,6,,,not_tested,not_tested,not_tested,unresolved_no_exact_signature
2023,employment-school-403ba9518b379da185e6,수원대학교 글로벌창업대학원,본교,경기,특수대학원,1,1,1,,,not_tested,not_tested,not_tested,unresolved_signature_too_small
2023,employment-school-d4ae1f79b38a9a18df6b,수원대학교 미술대학원,본교,경기,특수대학원,2,2,2,,,not_tested,not_tested,not_tested,unresolved_signature_too_small
2023,employment-school-b97f2541839a42122926,수원대학교사회복지대학원,본교,경기,특수대학원,1,1,1,,,not_tested,not_tested,not_tested,unresolved_signature_too_small
2023,employment-school-f2699aad4d96993e909e,수원대학교 스포츠과학대학원,본교,경기,특수대학원,1,1,1,,,not_tested,not_tested,not_tested,unresolved_signature_too_small
2023,employment-school-8fbb9bd16d854e66833e,수원대학교 음악대학원,본교,경기,특수대학원,3,3,3,,,not_tested,not_tested,not_tested,unresolved_no_exact_signature
2023,employment-school-c802ba565455aa5d2298,수원대학교일반대학원,본교,경기,일반대학원,20,20,20,,,not_tested,not_tested,not_tested,unresolved_no_exact_signature
2023,employment-school-c08966e255d296d02d14,수원대학교호텔관광대학원,본교,경기,특수대학원,1,1,1,,,not_tested,not_tested,not_tested,unresolved_signature_too_small
2023,employment-school-7789b73e3c6b3cb9cd68,수원여자대학교,본교,경기,전문대학,34,34,34,,,not_tested,not_tested,not_tested,unresolved_no_exact_signature
2023,employment-school-b78fd6bf130f46f5e47e,숙명여자대학교,본교,서울,대학,51,51,51,,,not_tested,not_tested,not_tested,unresolved_no_exact_signature
2023,employment-school-eedb79f6babe995603e8,숙명여자대학교 TESOL·국제학대학원,본교,서울,특수대학원,3,3,3,,,not_tested,not_tested,not_tested,unresolved_no_exact_signature
2023,employment-school-9991ca2945fc3b9221c1,숙명여자대학교 경영전문대학원,본교,서울,전문대학원,1,1,1,,,not_tested,not_tested,not_tested,unresolved_signature_too_small
2023,employment-school-0af837e0d7f610c1ebba,숙명여자대학교 교육대학원,본교,서울,특수대학원,14,14,14,,,not_tested,not_tested,not_tested,unresolved_no_exact_signature
2023,employment-school-540aac79165f4dd0b719,숙명여자대학교 국제관계대학원,본교,서울,특수대학원,1,1,1,,,not_tested,not_tested,not_tested,unresolved_signature_too_small
2023,employment-school-4221eadf4f7d944a33b4,숙명여자대학교 문화예술대학원,본교,서울,특수대학원,8,8,8,,,not_tested,not_tested,not_tested,unresolved_no_exact_signature
2023,employment-school-7c40208982846f09ef26,숙명여자대학교 사회교육대학원,본교,서울,특수대학원,1,1,1,,,not_tested,not_tested,not_tested,unresolved_signature_too_small
2023,employment-school-1450fb23452d94e02c99,숙명여자대학교 심리치료대학원,본교,서울,특수대학원,2,2,2,,,not_tested,not_tested,not_tested,unresolved_signature_too_small
2023,employment-school-5e3782857e362d17aeb3,숙명여자대학교 원격대학원,본교,서울,특수대학원,8,8,8,,,not_tested,not_tested,not_tested,unresolved_no_exact_signature
2023,employment-school-c3afb7929450a4882784,숙명여자대학교 음악치료대학원,본교,서울,특수대학원,1,1,1,,,not_tested,not_tested,not_tested,unresolved_signature_too_small
2023,employment-school-caca13d5e1608bfe716c,숙명여자대학교 인적자원개발대학원,본교,서울,특수대학원,2,2,2,,,not_tested,not_tested,not_tested,unresolved_signature_too_small
2023,employment-school-e092610ee0ad94fe1a14,숙명여자대학교 일반대학원,본교,서울,일반대학원,47,47,47,,,not_tested,not_tested,not_tested,unresolved_no_exact_signature
2023,employment-school-8a48fdf8de990ed676fb,숙명여자대학교 정책대학원,본교,서울,특수대학원,2,2,2,,,not_tested,not_tested,not_tested,unresolved_signature_too_small
2023,employment-school-1617085684034b7465dc,순복음대학원대학교,본교,서울,전문대학원,4,4,4,,,not_tested,not_tested,not_tested,unresolved_no_exact_signature
2023,employment-school-211d008408d4a99bbd2d,순복음총회신학교,본교,충북,각종학교(대학),6,6,6,,,not_tested,not_tested,not_tested,unresolved_no_exact_signature
2023,employment-school-22ba55b3e7353fd1d57a,순천대학교,본교,전남,대학,65,64,65,,,not_tested,not_tested,not_tested,unresolved_no_exact_signature
2023,employment-school-c68bf941fcf7a15f01ac,순천대학교경영행정대학원,본교,전남,특수대학원,2,2,2,,,not_tested,not_tested,not_tested,unresolved_signature_too_small
2023,employment-school-8076dfefe05bd1f97b00,순천대학교교육대학원,본교,전남,특수대학원,13,13,13,,,not_tested,not_tested,not_tested,unresolved_no_exact_signature
2023,employment-school-fe3417df1d16efb8b0b7,순천대학교 사회문화예술대학원,본교,전남,특수대학원,2,2,2,,,not_tested,not_tested,not_tested,unresolved_signature_too_small
2023,employment-school-4025ed84b610267c5c85,순천대학교산업대학원,본교,전남,특수대학원,3,3,3,,,not_tested,not_tested,not_tested,unresolved_no_exact_signature
2023,employment-school-ef17c318c2b60e70a863,순천대학교일반대학원,본교,전남,일반대학원,52,52,52,,,not_tested,not_tested,not_tested,unresolved_no_exact_signature
2023,employment-school-086b2b1dea8e875f4906,순천제일대학교,본교,전남,전문대학,24,24,24,,,not_tested,not_tested,not_tested,unresolved_no_exact_signature
2023,employment-school-7797d581320f982bebf8,순천향대학교,본교,충남,대학,67,67,67,,,not_tested,not_tested,not_tested,unresolved_no_exact_signature
2023,employment-school-ec9440f1cfa818abe9a2,순천향대학교 건강과학대학원,본교,충남,특수대학원,6,6,6,,,not_tested,not_tested,not_tested,unresolved_no_exact_signature
2023,employment-school-f1d2fd7011e56b432cdb,순천향대학교교육대학원,본교,충남,특수대학원,2,2,2,,,not_tested,not_tested,not_tested,unresolved_signature_too_small
2023,employment-school-15e782727e6d06934059,순천향대학교대학원,본교,충남,일반대학원,32,32,32,,,not_tested,not_tested,not_tested,unresolved_no_exact_signature
2023,employment-school-962d91bdb0bd96235483,순천향대학교 미래융합대학원,본교,충남,특수대학원,11,11,11,,,not_tested,not_tested,not_tested,unresolved_no_exact_signature
2023,employment-school-d271a3e6525a551084a7,순천향대학교 법과학대학원,본교,충남,특수대학원,1,1,1,,,not_tested,not_tested,not_tested,unresolved_signature_too_small
2023,employment-school-a141205337c9f8052771,숭실대학교,본교,서울,대학,52,52,52,,,not_tested,not_tested,not_tested,unresolved_no_exact_signature
2023,employment-school-029926f984824d886192,숭실대학교 경영대학원,본교,서울,특수대학원,12,12,12,,,not_tested,not_tested,not_tested,unresolved_no_exact_signature
2023,employment-school-880b79f2344ec62b0e16,숭실대학교 교육대학원,본교,서울,특수대학원,6,6,6,,,not_tested,not_tested,not_tested,unresolved_no_exact_signature
2023,employment-school-9ade5429faa5dc610497,숭실대학교 기독교학대학원,본교,서울,특수대학원,4,4,4,,,not_tested,not_tested,not_tested,unresolved_no_exact_signature
2023,employment-school-80030a9daa15462b6b99,숭실대학교 대학원,본교,서울,일반대학원,53,53,53,,,not_tested,not_tested,not_tested,unresolved_no_exact_signature
2023,employment-school-6bef0ecca3e0ef2cd33e,숭실대학교 사회복지대학원,본교,서울,특수대학원,4,4,4,,,not_tested,not_tested,not_tested,unresolved_no_exact_signature
2023,employment-school-b350a4192d7e5de9cd05,숭실대학교 안전융합대학원,본교,서울,특수대학원,2,2,2,,,not_tested,not_tested,not_tested,unresolved_signature_too_small
2023,employment-school-295530d94e7c62c13fcb,숭실대학교 정보과학대학원,본교,서울,특수대학원,6,6,6,,,not_tested,not_tested,not_tested,unresolved_no_exact_signature
2023,employment-school-10c7e3ec233936a683c3,숭실대학교 중소기업대학원,본교,서울,특수대학원,6,6,6,,,not_tested,not_tested,not_tested,unresolved_no_exact_signature
2023,employment-school-5e3cde74455163b436b4,숭실사이버대학교,본교,서울,사이버대학(대학),25,25,25,,,not_tested,not_tested,not_tested,unresolved_no_exact_signature
2023,employment-school-a5435841e847a6a1ec27,숭의여자대학교,본교,서울,전문대학,21,21,21,,,not_tested,not_tested,not_tested,unresolved_no_exact_signature
2023,employment-school-d2b2a27164f5fb73b012,신구대학교,본교,경기,전문대학,62,62,62,,,not_tested,not_tested,not_tested,unresolved_no_exact_signature
2023,employment-school-9b8f8b2d77b938b1ec69,신라대학교,본교,부산,대학,131,116,131,,,not_tested,not_tested,not_tested,unresolved_no_exact_signature
2023,employment-school-d1f5a0ac7c77bfaab2c3,신라대학교 공공안전정책대학원,본교,부산,특수대학원,4,4,4,,,not_tested,not_tested,not_tested,unresolved_no_exact_signature
2023,employment-school-206d0b8abacd81c4d40d,신라대학교 교육대학원,본교,부산,특수대학원,10,10,10,,,not_tested,not_tested,not_tested,unresolved_no_exact_signature
2023,employment-school-54e1dc2b524ff5cdb31e,신라대학교 대학원,본교,부산,일반대학원,26,26,26,,,not_tested,not_tested,not_tested,unresolved_no_exact_signature
2023,employment-school-3d6c583580334e288be0,신라대학교 사회복지대학원,본교,부산,특수대학원,2,2,2,,,not_tested,not_tested,not_tested,unresolved_signature_too_small
2023,employment-school-ace7263b7ae57c9a6aae,신라대학교 산업융합대학원,본교,부산,특수대학원,5,5,5,,,not_tested,not_tested,not_tested,unresolved_no_exact_signature
2023,employment-school-8b59bcf6ef08e4aecba3,신라대학교 상담치료대학원,본교,부산,특수대학원,3,3,3,,,not_tested,not_tested,not_tested,unresolved_no_exact_signature
2023,employment-school-dc63d85f9fa4a1cb041c,신성대학교,본교,충남,전문대학,41,41,41,,,not_tested,not_tested,not_tested,unresolved_no_exact_signature
2023,employment-school-584ef5462051d779f5a5,신안산대학교,본교,경기,전문대학,31,31,31,,,not_tested,not_tested,not_tested,unresolved_no_exact_signature
2023,employment-school-26c678c4202e23a37919,신한대학교,본교,경기,대학,7,7,7,,,not_tested,not_tested,not_tested,unresolved_no_exact_signature
2023,employment-school-9d2dbd069ef647a8d87a,신한대학교,캠퍼스,경기,대학,26,26,26,,,not_tested,not_tested,not_tested,unresolved_no_exact_signature
2023,employment-school-fc1766697bb0eb321e38,신한대학교 일반대학원,본교,경기,일반대학원,16,16,16,,,not_tested,not_tested,not_tested,unresolved_no_exact_signature
2023,employment-school-a39bdfc6a2ea571f80d6,신한대학교 지식복지대학원,본교,경기,특수대학원,5,5,5,,,not_tested,not_tested,not_tested,unresolved_no_exact_signature
2023,employment-school-842b0cf869db93202852,실천신학대학원대학교,본교,경기,전문대학원,1,1,1,,,not_tested,not_tested,not_tested,unresolved_signature_too_small
2023,employment-school-0e3a4de3e75729da3844,아신대학교,본교,경기,대학,6,6,6,,,not_tested,not_tested,not_tested,unresolved_no_exact_signature
2023,employment-school-70987c1b7b2d9f9da433,아신대학교 교육대학원,본교,경기,특수대학원,3,3,3,,,not_tested,not_tested,not_tested,unresolved_no_exact_signature
2023,employment-school-8370dbf7a03109738373,아신대학교 대학원,본교,경기,일반대학원,2,2,2,,,not_tested,not_tested,not_tested,unresolved_signature_too_small
2023,employment-school-2bf05863e7e7db947800,아신대학교 복지대학원,본교,경기,특수대학원,1,1,1,,,not_tested,not_tested,not_tested,unresolved_signature_too_small
2023,employment-school-af18555e67996a7d4600,아신대학교 상담대학원,본교,경기,특수대학원,2,2,2,,,not_tested,not_tested,not_tested,unresolved_signature_too_small
2023,employment-school-3c9779aef6fe8c84bb6b,아신대학교 선교대학원,본교,경기,특수대학원,1,1,1,,,not_tested,not_tested,not_tested,unresolved_signature_too_small
2023,employment-school-1867d496b478d53c72fd,아신대학교 신학대학원,본교,경기,특수대학원,1,1,1,,,not_tested,not_tested,not_tested,unresolved_signature_too_small
2023,employment-school-1d4b1733cfa3fe738018,아주대학교,본교,경기,대학,38,38,38,,,not_tested,not_tested,not_tested,unresolved_no_exact_signature
2023,employment-school-5ce7588b643e410f5ba6,아주대학교 IT융합대학원,본교,경기,특수대학원,1,1,1,,,not_tested,not_tested,not_tested,unresolved_signature_too_small
2023,employment-school-7468bc6ab5002fdc860c,아주대학교경영대학원,본교,경기,특수대학원,1,1,1,,,not_tested,not_tested,not_tested,unresolved_signature_too_small
2023,employment-school-56df198eab11ae0c1665,아주대학교공공정책대학원,본교,경기,특수대학원,2,2,2,,,not_tested,not_tested,not_tested,unresolved_signature_too_small
2023,employment-school-f12f0ed3f2a96326793f,아주대학교 공학대학원,본교,경기,특수대학원,6,6,6,,,not_tested,not_tested,not_tested,unresolved_no_exact_signature
2023,employment-school-f2ab3d8b0b096e169ac9,아주대학교교육대학원,본교,경기,특수대학원,1,1,1,,,not_tested,not_tested,not_tested,unresolved_signature_too_small
2023,employment-school-29db5dd4166f009c662b,아주대학교 교통·ITS대학원,본교,경기,특수대학원,3,3,3,,,not_tested,not_tested,not_tested,unresolved_no_exact_signature
2023,employment-school-7f0466e45d0a11f41133,아주대학교국제대학원,본교,경기,특수대학원,6,6,6,,,not_tested,not_tested,not_tested,unresolved_no_exact_signature
2023,employment-school-bde77697e03302ee2e0a,아주대학교 글로벌제약임상대학원,본교,경기,특수대학원,1,1,1,,,not_tested,not_tested,not_tested,unresolved_signature_too_small
2023,employment-school-fb17117802845da3cc9c,아주대학교대학원,본교,경기,일반대학원,42,42,42,,,not_tested,not_tested,not_tested,unresolved_no_exact_signature
2023,employment-school-2d1358dd94dc5ac5b046,아주대학교 법학전문대학원,본교,경기,전문대학원,1,1,1,,,not_tested,not_tested,not_tested,unresolved_signature_too_small
2023,employment-school-38585b18002f0a9d81fc,아주대학교 보건대학원,본교,경기,특수대학원,1,1,1,,,not_tested,not_tested,not_tested,unresolved_signature_too_small
2023,employment-school-d7a2d3066f8c06a0fe68,아주대학교 임상치의학대학원,본교,경기,특수대학원,2,2,2,,,not_tested,not_tested,not_tested,unresolved_signature_too_small
2023,employment-school-d88f87febf88f6541736,아주대학교정보통신대학원,본교,경기,특수대학원,1,1,1,,,not_tested,not_tested,not_tested,unresolved_signature_too_small
2023,employment-school-ebf6ef0fce24a9fbf5b2,아주자동차대학교,본교,충남,전문대학,2,2,2,,,not_tested,not_tested,not_tested,unresolved_signature_too_small
2023,employment-school-f296a787b170bac09ab5,안동과학대학교,본교,경북,전문대학,30,30,30,,,not_tested,not_tested,not_tested,unresolved_no_exact_signature
2023,employment-school-44f1b724e4cad145d584,안동대학교,본교,경북,대학,54,54,54,,,not_tested,not_tested,not_tested,unresolved_no_exact_signature
2023,employment-school-c1af7fb3993b1920df0e,안동대학교교육대학원,본교,경북,특수대학원,13,13,13,,,not_tested,not_tested,not_tested,unresolved_no_exact_signature
2023,employment-school-72db6f8d144e6758c6a8,안동대학교대학원,본교,경북,일반대학원,36,36,36,,,not_tested,not_tested,not_tested,unresolved_no_exact_signature
2023,employment-school-17843eb479ae1756cde0,안동대학교 한국문화산업전문대학원,본교,경북,전문대학원,1,1,1,,,not_tested,not_tested,not_tested,unresolved_signature_too_small
2023,employment-school-c3eb63a92e08b5c81b09,안동대학교행정경영대학원,본교,경북,특수대학원,5,5,5,,,not_tested,not_tested,not_tested,unresolved_no_exact_signature
2023,employment-school-3802f43d756353c61dfc,안산대학교,본교,경기,전문대학,40,40,40,,,not_tested,not_tested,not_tested,unresolved_no_exact_signature
2023,employment-school-f3916148205e4f23c951,안양대학교,본교,경기,대학,44,42,44,,,not_tested,not_tested,not_tested,unresolved_no_exact_signature
2023,employment-school-0026a691ccde3423f822,안양대학교,캠퍼스,인천,대학,9,8,9,,,not_tested,not_tested,not_tested,unresolved_no_exact_signature
2023,employment-school-e22e0a7d458f324ec486,안양대학교경영행정대학원,본교,경기,특수대학원,1,1,1,,,not_tested,not_tested,not_tested,unresolved_signature_too_small
2023,employment-school-afbd4e06c43447879542,안양대학교 경영행정대학원,캠퍼스,인천,특수대학원,1,1,1,,,not_tested,not_tested,not_tested,unresolved_signature_too_small
2023,employment-school-bf74dcf407116810e406,안양대학교교육대학원,본교,경기,특수대학원,5,5,5,,,not_tested,not_tested,not_tested,unresolved_no_exact_signature
2023,employment-school-e807e7d4bcf9a71b8428,안양대학교 글로벌대학원,본교,경기,특수대학원,3,3,3,,,not_tested,not_tested,not_tested,unresolved_no_exact_signature
2023,employment-school-94b0e69cb62fef9888b3,안양대학교대학원,본교,경기,일반대학원,8,8,8,,,not_tested,not_tested,not_tested,unresolved_no_exact_signature
2023,employment-school-6cd1f7d2bbe86a9a3535,안양대학교신학대학원,본교,경기,특수대학원,1,1,1,,,not_tested,not_tested,not_tested,unresolved_signature_too_small
2023,employment-school-c5ba407990e57c7c5da1,에스라성경대학원대학교,본교,경기,전문대학원,1,1,1,,,not_tested,not_tested,not_tested,unresolved_signature_too_small
2023,employment-school-743c9c900f19771da687,여주대학교,본교,경기,전문대학,47,47,47,,,not_tested,not_tested,not_tested,unresolved_no_exact_signature
2023,employment-school-bad28c0a4c1e371e97b2,연성대학교,본교,경기,전문대학,40,40,40,,,not_tested,not_tested,not_tested,unresolved_no_exact_signature
2023,employment-school-075f9a166c23c030d50d,연세대학교,본교,서울,대학,83,83,83,,,not_tested,not_tested,not_tested,unresolved_no_exact_signature
2023,employment-school-8cceb11d99bc99572291,연세대학교 간호대학원,본교,서울,특수대학원,1,1,1,,,not_tested,not_tested,not_tested,unresolved_signature_too_small
2023,employment-school-45aac9a3a9a0b315f56e,연세대학교 경영전문대학원,본교,서울,전문대학원,6,6,6,,,not_tested,not_tested,not_tested,unresolved_no_exact_signature
2023,employment-school-ce9c771d3f0a385dbed3,연세대학교 경제대학원,본교,서울,특수대학원,1,1,1,,,not_tested,not_tested,not_tested,unresolved_signature_too_small
2023,employment-school-398e325a94b551323e4e,연세대학교 공학대학원,본교,서울,특수대학원,4,4,4,,,not_tested,not_tested,not_tested,unresolved_no_exact_signature
2023,employment-school-d9e1b381dcfdd056fccb,연세대학교 교육대학원,본교,서울,특수대학원,19,19,19,,,not_tested,not_tested,not_tested,unresolved_no_exact_signature
2023,employment-school-067498a3f17fe48fa552,연세대학교 국제학대학원,본교,서울,전문대학원,4,4,4,,,not_tested,not_tested,not_tested,unresolved_no_exact_signature
2023,employment-school-3ca9fa09cad1f5ad1447,연세대학교 대학원,본교,서울,일반대학원,95,95,95,,,not_tested,not_tested,not_tested,unresolved_no_exact_signature
2023,employment-school-f31ceb59570b30156293,연세대학교 미래캠퍼스,분교,강원,대학,45,45,45,,,not_tested,not_tested,not_tested,unresolved_no_exact_signature
2023,employment-school-9f43ebc5984e8f34ecf2,연세대학교 법무대학원,본교,서울,특수대학원,1,1,1,,,not_tested,not_tested,not_tested,unresolved_signature_too_small
2023,employment-school-e433571f6a724a0f2314,연세대학교 법학전문대학원,본교,서울,전문대학원,1,1,1,,,not_tested,not_tested,not_tested,unresolved_signature_too_small
2023,employment-school-61a4f7d99765a9046fa7,연세대학교 보건대학원,본교,서울,특수대학원,2,2,2,,,not_tested,not_tested,not_tested,unresolved_signature_too_small
2023,employment-school-1f215f45aa9dcdada479,연세대학교 보건환경대학원,분교,강원,특수대학원,5,5,5,,,not_tested,not_tested,not_tested,unresolved_no_exact_signature
2023,employment-school-a0b2e6f6a56ac564a3b9,연세대학교 사회복지대학원,본교,서울,전문대학원,1,1,1,,,not_tested,not_tested,not_tested,unresolved_signature_too_small
2023,employment-school-97169d8e32b27aa777b0,연세대학교 생활환경대학원,본교,서울,특수대학원,6,6,6,,,not_tested,not_tested,not_tested,unresolved_no_exact_signature
2023,employment-school-cc7262dc3237a66e4573,연세대학교 언론홍보대학원,본교,서울,특수대학원,1,1,1,,,not_tested,not_tested,not_tested,unresolved_signature_too_small
2023,employment-school-7d30936fae2ced72720f,연세대학교 연합신학대학원,본교,서울,전문대학원,2,2,2,,,not_tested,not_tested,not_tested,unresolved_signature_too_small
2023,employment-school-f2d8ec9403d7361cbcc5,연세대학교 일반대학원,분교,강원,일반대학원,31,31,31,,,not_tested,not_tested,not_tested,unresolved_no_exact_signature
2023,employment-school-bbae2af5b1b2b3528bc8,연세대학교 정경·창업대학원,분교,강원,특수대학원,9,9,9,,,not_tested,not_tested,not_tested,unresolved_no_exact_signature
2023,employment-school-7af7f0905e125be88cc9,연세대학교 정경대학원,분교,강원,특수대학원,3,3,3,,,not_tested,not_tested,not_tested,unresolved_no_exact_signature
2023,employment-school-64a2803f922361b2c3ee,연세대학교 정보대학원,본교,서울,전문대학원,5,5,5,,,not_tested,not_tested,not_tested,unresolved_no_exact_signature
2023,employment-school-32013e93b615eafccbb7,연세대학교 커뮤니케이션대학원,본교,서울,전문대학원,8,8,8,,,not_tested,not_tested,not_tested,unresolved_no_exact_signature
2023,employment-school-1c7d58ab5b12989f56a4,연세대학교 행정대학원,본교,서울,특수대학원,2,2,2,,,not_tested,not_tested,not_tested,unresolved_signature_too_small
2023,employment-school-a7c3eb92f1bfa7136c58,연암공과대학교,본교,경남,전문대학,5,5,5,,,not_tested,not_tested,not_tested,unresolved_no_exact_signature
2023,employment-school-b3d13301355445bac324,연암대학교,본교,충남,전문대학,5,5,5,,,not_tested,not_tested,not_tested,unresolved_no_exact_signature
2023,employment-school-c8dd854afa1e371f3fd0,영남대학교,본교,경북,대학,89,88,89,,,not_tested,not_tested,not_tested,unresolved_no_exact_signature
2023,employment-school-6b0ff668acfc7d1538ef,영남대학교 경영대학원,본교,대구,특수대학원,1,1,1,,,not_tested,not_tested,not_tested,unresolved_signature_too_small
2023,employment-school-0e40f44fb068523d478a,영남대학교 경영행정대학원,본교,대구,특수대학원,5,5,5,,,not_tested,not_tested,not_tested,unresolved_no_exact_signature
2023,employment-school-bdd2ecf9a2937bdb69aa,영남대학교 공학대학원,본교,경북,특수대학원,8,8,8,,,not_tested,not_tested,not_tested,unresolved_no_exact_signature
2023,employment-school-191e307b469da4070e88,영남대학교 교육대학원,본교,경북,특수대학원,10,10,10,,,not_tested,not_tested,not_tested,unresolved_no_exact_signature
2023,employment-school-f3bf56bee0c1c1f93f11,영남대학교 문화예술디자인대학원,본교,대구,특수대학원,2,2,2,,,not_tested,not_tested,not_tested,unresolved_signature_too_small
2023,employment-school-3ed8096cb546a88b681a,영남대학교 박정희새마을대학원,본교,경북,특수대학원,3,3,3,,,not_tested,not_tested,not_tested,unresolved_no_exact_signature
2023,employment-school-bd2c087bb6d0843e185e,영남대학교 법학전문대학원,본교,경북,전문대학원,1,1,1,,,not_tested,not_tested,not_tested,unresolved_signature_too_small
2023,employment-school-7ae087b3d5cf485ea38a,영남대학교 스포츠과학대학원,본교,대구,특수대학원,1,1,1,,,not_tested,not_tested,not_tested,unresolved_signature_too_small
2023,employment-school-aff67989ab611b3575ac,영남대학교 일반대학원,본교,경북,일반대학원,77,77,77,,,not_tested,not_tested,not_tested,unresolved_no_exact_signature
2023,employment-school-812b9cc82b041ad1acde,영남대학교 행정대학원,본교,대구,특수대학원,1,1,1,,,not_tested,not_tested,not_tested,unresolved_signature_too_small
2023,employment-school-e88c62dbf45c9b3797a1,영남대학교 환경보건대학원,본교,대구,특수대학원,3,3,3,,,not_tested,not_tested,not_tested,unresolved_no_exact_signature
2023,employment-school-23ca077bb77b20dfc62e,영남사이버대학교,본교,경북,원격대학(대학),8,8,8,,,not_tested,not_tested,not_tested,unresolved_no_exact_signature
2023,employment-school-cb70ba8256e0edfc2d25,영남신학대학교,본교,경북,대학,4,4,4,8771178662,unique_exact_department_college_signature,true,true,true,candidate_signature_context_confirmed
2023,employment-school-1803dabf9e92e7564895,영남신학대학교대학원,본교,경북,일반대학원,3,3,3,4347365736,unique_exact_department_college_signature,true,true,true,candidate_signature_context_confirmed
2023,employment-school-74c80413b3944ff73132,영남신학대학교사회복지대학원,본교,경북,특수대학원,1,1,1,,,not_tested,not_tested,not_tested,unresolved_signature_too_small
2023,employment-school-6e8bc795508c0843419e,영남신학대학교 상담대학원,본교,경북,특수대학원,1,1,1,,,not_tested,not_tested,not_tested,unresolved_signature_too_small
2023,employment-school-d8ea4806299d41a2411e,영남신학대학교 성서신학대학원,본교,경북,특수대학원,1,1,1,,,not_tested,not_tested,not_tested,unresolved_signature_too_small
2023,employment-school-4336219b633eedcb8cc0,영남신학대학교신학대학원,본교,경북,특수대학원,1,1,1,,,not_tested,not_tested,not_tested,unresolved_signature_too_small
2023,employment-school-2c5578c3db513786243a,영남신학대학교 통일선교대학원,본교,경북,특수대학원,1,1,1,,,not_tested,not_tested,not_tested,unresolved_signature_too_small
2023,employment-school-c41ef134a0d92f64a717,영남외국어대학,본교,경북,전문대학,5,5,5,,,not_tested,not_tested,not_tested,unresolved_no_exact_signature
2023,employment-school-98e2ba9893711867e9ab,영남이공대학교,본교,대구,전문대학,34,34,34,,,not_tested,not_tested,not_tested,unresolved_no_exact_signature
2023,employment-school-133a1c9a0146fefebacc,영산대학교,본교,경남,대학,30,29,30,,,not_tested,not_tested,not_tested,unresolved_no_exact_signature
2023,employment-school-8bd4e8cfc3ef9b04eeea,영산대학교,캠퍼스,부산,대학,51,51,51,,,not_tested,not_tested,not_tested,unresolved_no_exact_signature
2023,employment-school-5f214257cac3aa2b4b19,영산대학교 공과대학원,본교,경남,특수대학원,2,2,2,,,not_tested,not_tested,not_tested,unresolved_signature_too_small
2023,employment-school-ee2883452088a55030da,영산대학교 관광대학원,캠퍼스,부산,특수대학원,2,2,2,,,not_tested,not_tested,not_tested,unresolved_signature_too_small
2023,employment-school-f04c9308d6b0a8ab16c9,영산대학교 기술창업대학원,본교,경남,특수대학원,1,1,1,,,not_tested,not_tested,not_tested,unresolved_signature_too_small
2023,employment-school-13389947186df370be49,영산대학교 미용예술대학원,캠퍼스,부산,특수대학원,3,3,3,,,not_tested,not_tested,not_tested,unresolved_no_exact_signature
2023,employment-school-4157be6932102550e29c,영산대학교 부동산대학원,캠퍼스,부산,특수대학원,1,1,1,,,not_tested,not_tested,not_tested,unresolved_signature_too_small
2023,employment-school-cc43a3b5827189cd0fe9,영산대학교 사회과학대학원,캠퍼스,부산,특수대학원,3,3,3,,,not_tested,not_tested,not_tested,unresolved_no_exact_signature
2023,employment-school-0c8dbc569fa7574e5230,영산대학교 일반대학원,본교,경남,일반대학원,2,2,2,,,not_tested,not_tested,not_tested,unresolved_signature_too_small
2023,employment-school-7f20ee976a6d0a5a70fd,영산대학교 일반대학원,캠퍼스,부산,일반대학원,4,4,4,,,not_tested,not_tested,not_tested,unresolved_no_exact_signature
2023,employment-school-f68e00367ad08627751f,영산선학대학교,본교,전남,대학,1,1,1,,,not_tested,not_tested,not_tested,unresolved_signature_too_small
2023,employment-school-f19976cc9e5f3d48d8a7,영진사이버대학교,본교,대구,사이버대학(전문),11,11,11,,,not_tested,not_tested,not_tested,unresolved_no_exact_signature
2023,employment-school-cfe1afd7effff1e86daf,영진전문대학교,본교,대구,전문대학,27,27,27,,,not_tested,not_tested,not_tested,unresolved_no_exact_signature
2023,employment-school-bb0b7f0e4161e4828136,예명대학원대학교,본교,서울,전문대학원,2,2,2,,,not_tested,not_tested,not_tested,unresolved_signature_too_small
2023,employment-school-37310e562bed622c079c,예수대학교,본교,전북,대학,2,2,2,,,not_tested,not_tested,not_tested,unresolved_signature_too_small
2023,employment-school-c41b5be78831b9712b8e,예수대학교 일반대학원,본교,전북,일반대학원,1,1,1,,,not_tested,not_tested,not_tested,unresolved_signature_too_small
2023,employment-school-26564109ae318250b09b,예원예술대학교,본교,전북,대학,20,20,20,,,not_tested,not_tested,not_tested,unresolved_no_exact_signature
2023,employment-school-eac1aea86419790acabb,예원예술대학교,캠퍼스,경기,대학,6,6,6,,,not_tested,not_tested,not_tested,unresolved_no_exact_signature
2023,employment-school-ff0bae73b65f9ac7a724,예원예술대학교 문화예술대학원,본교,전북,특수대학원,3,3,3,,,not_tested,not_tested,not_tested,unresolved_no_exact_signature
2023,employment-school-30cdd70242b7fcc2b8ef,예원예술대학교 문화예술대학원,캠퍼스,경기,특수대학원,10,10,10,,,not_tested,not_tested,not_tested,unresolved_no_exact_signature
2023,employment-school-6082889570f6b55c7d84,예원예술대학교 사회복지대학원,본교,전북,특수대학원,1,1,1,,,not_tested,not_tested,not_tested,unresolved_signature_too_small
2023,employment-school-67b262f33fcb75a5881d,오산대학교,본교,경기,전문대학,47,47,47,,,not_tested,not_tested,not_tested,unresolved_no_exact_signature
2023,employment-school-bced318b319702f0057f,온석대학원대학교,본교,경기,전문대학원,6,6,6,,,not_tested,not_tested,not_tested,unresolved_no_exact_signature
2023,employment-school-2d7d670fe8064dba48eb,용인대학교,본교,경기,대학,41,40,41,,,not_tested,not_tested,not_tested,unresolved_no_exact_signature
2023,employment-school-5c529908439e02c6854b,용인대학교경영대학원,본교,경기,특수대학원,2,2,2,,,not_tested,not_tested,not_tested,unresolved_signature_too_small
2023,employment-school-19df49f604a18d239d79,용인대학교교육대학원,본교,경기,특수대학원,3,3,3,,,not_tested,not_tested,not_tested,unresolved_no_exact_signature
2023,employment-school-8afb3c62137d0d666aa4,용인대학교 문화예술대학원,본교,경기,특수대학원,5,5,5,,,not_tested,not_tested,not_tested,unresolved_no_exact_signature
2023,employment-school-b8aa525944801ac75c86,용인대학교 문화재대학원,본교,경기,특수대학원,1,1,1,,,not_tested,not_tested,not_tested,unresolved_signature_too_small
2023,employment-school-42eeb38aa8714d0ddb0e,용인대학교 스포츠웰니스산업대학원,본교,경기,특수대학원,4,4,4,,,not_tested,not_tested,not_tested,unresolved_no_exact_signature
2023,employment-school-86cbbed1c612c120e7a1,용인대학교일반대학원,본교,경기,일반대학원,10,10,10,,,not_tested,not_tested,not_tested,unresolved_no_exact_signature
2023,employment-school-72de9e49ebf33efbe099,용인대학교 재활복지대학원,본교,경기,특수대학원,2,2,2,,,not_tested,not_tested,not_tested,unresolved_signature_too_small
2023,employment-school-209d6c3afce024f3d3cd,용인대학교체육과학대학원,본교,경기,특수대학원,1,1,1,,,not_tested,not_tested,not_tested,unresolved_signature_too_small
2023,employment-school-b0996ff06acab8f4109d,용인대학교 태권도대학원,본교,경기,특수대학원,1,1,1,,,not_tested,not_tested,not_tested,unresolved_signature_too_small
2023,employment-school-d977a5208f0acfaf338b,용인대학교 통일대학원,본교,경기,특수대학원,1,1,1,,,not_tested,not_tested,not_tested,unresolved_signature_too_small
2023,employment-school-ba9682abc8ac41926e45,용인예술과학대학교,본교,경기,전문대학,37,37,37,,,not_tested,not_tested,not_tested,unresolved_no_exact_signature
2023,employment-school-9977cc16dfdb929c5127,우석대학교,본교,전북,대학,58,58,58,,,not_tested,not_tested,not_tested,unresolved_no_exact_signature
2023,employment-school-8e629f36f3a9b2a5d50e,우석대학교 경영문화대학원,본교,전북,특수대학원,10,10,10,,,not_tested,not_tested,not_tested,unresolved_no_exact_signature
2023,employment-school-3b8e9f01647d9d662bf6,우석대학교 교육대학원,본교,전북,특수대학원,11,11,11,,,not_tested,not_tested,not_tested,unresolved_no_exact_signature
2023,employment-school-7cb5f1c83e9bc92c0c3c,우석대학교 국방정책대학원,본교,전북,특수대학원,2,2,2,,,not_tested,not_tested,not_tested,unresolved_signature_too_small
2023,employment-school-d35a5202396b051bf2f5,우석대학교 일반대학원,본교,전북,일반대학원,31,31,31,,,not_tested,not_tested,not_tested,unresolved_no_exact_signature
2023,employment-school-326497be8078af2ee375,우송대학교,본교,대전,대학,37,37,37,,,not_tested,not_tested,not_tested,unresolved_no_exact_signature
2023,employment-school-a3d9afb74a64b4361f73,우송대학교 Culture-Technology융합대학원,본교,대전,특수대학원,1,1,1,,,not_tested,not_tested,not_tested,unresolved_signature_too_small
2023,employment-school-f15296359d9e7c12710c,우송대학교 경영대학원,본교,대전,특수대학원,1,1,1,,,not_tested,not_tested,not_tested,unresolved_signature_too_small
2023,employment-school-3f304a8a44013a7971bb,우송대학교 글로벌외식조리대학원,본교,대전,특수대학원,3,3,3,,,not_tested,not_tested,not_tested,unresolved_no_exact_signature
2023,employment-school-4cec7e1f59705ce0ea0a,우송대학교 보건복지대학원,본교,대전,특수대학원,2,2,2,,,not_tested,not_tested,not_tested,unresolved_signature_too_small
2023,employment-school-b4c9505d60d60dca373f,우송대학교 일반대학원,본교,대전,일반대학원,5,5,5,,,not_tested,not_tested,not_tested,unresolved_no_exact_signature
2023,employment-school-bbb9d910eadc74ff0d54,우송대학교 철도융합대학원,본교,대전,특수대학원,3,3,3,,,not_tested,not_tested,not_tested,unresolved_no_exact_signature
2023,employment-school-d21e12fb167410a8a1ff,우송정보대학,본교,대전,전문대학,38,38,38,,,not_tested,not_tested,not_tested,unresolved_no_exact_signature
2023,employment-school-e0e74e0cb6776ec4fd95,울산과학기술원,본교,울산,대학,28,28,28,,,not_tested,not_tested,not_tested,unresolved_no_exact_signature
2023,employment-school-0d75edd54e65fac9b408,울산과학기술원 기술경영전문대학원,본교,울산,전문대학원,2,2,2,,,not_tested,not_tested,not_tested,unresolved_signature_too_small
2023,employment-school-c6f0e25b158da7ab362f,울산과학기술원 디자인-공학 융합전문대학원,본교,울산,전문대학원,1,1,1,,,not_tested,not_tested,not_tested,unresolved_signature_too_small
2023,employment-school-ab04c70ca4d488e34583,울산과학기술원 융합경영대학원,본교,울산,특수대학원,1,1,1,,,not_tested,not_tested,not_tested,unresolved_signature_too_small
2023,employment-school-c0cbf7bf91a6a136ae54,울산과학기술원 일반대학원,본교,울산,일반대학원,16,16,16,,,not_tested,not_tested,not_tested,unresolved_no_exact_signature
2023,employment-school-6d42cb63d897920bd746,울산과학대학교,본교,울산,전문대학,44,44,44,,,not_tested,not_tested,not_tested,unresolved_no_exact_signature
2023,employment-school-0528490e012e971a8d38,울산대학교,본교,울산,대학,57,57,57,,,not_tested,not_tested,not_tested,unresolved_no_exact_signature
2023,employment-school-4327ec01875dfd897cb4,울산대학교 경영대학원,본교,울산,특수대학원,1,1,1,,,not_tested,not_tested,not_tested,unresolved_signature_too_small
2023,employment-school-7b467360434cb8f989f1,울산대학교 교육대학원,본교,울산,특수대학원,9,9,9,,,not_tested,not_tested,not_tested,unresolved_no_exact_signature
2023,employment-school-2e2aa7f98c53a21c69ab,울산대학교 대학원,본교,울산,일반대학원,32,32,32,,,not_tested,not_tested,not_tested,unresolved_no_exact_signature
2023,employment-school-12cce823b211a318290e,울산대학교 산업대학원,본교,울산,특수대학원,10,10,10,,,not_tested,not_tested,not_tested,unresolved_no_exact_signature
2023,employment-school-308257ee37afb2c1297f,울산대학교 정책대학원,본교,울산,특수대학원,3,3,3,,,not_tested,not_tested,not_tested,unresolved_no_exact_signature
2023,employment-school-231dd5e9eadd14bb4fee,웅지세무대학교,본교,경기,전문대학,2,2,2,,,not_tested,not_tested,not_tested,unresolved_signature_too_small
2023,employment-school-4974bb3c993c9d9c2082,원광대학교,본교,전북,대학,76,76,76,,,not_tested,not_tested,not_tested,unresolved_no_exact_signature
2023,employment-school-a005d3d8e698a043da50,원광대학교 경영대학원,본교,전북,특수대학원,1,1,1,,,not_tested,not_tested,not_tested,unresolved_signature_too_small
2023,employment-school-6abc08248de96b0b70fc,원광대학교 교육대학원,본교,전북,특수대학원,7,7,7,,,not_tested,not_tested,not_tested,unresolved_no_exact_signature
2023,employment-school-b84ad76d43e7e5d43428,원광대학교 대학원,본교,전북,일반대학원,59,59,59,,,not_tested,not_tested,not_tested,unresolved_no_exact_signature
2023,employment-school-9aca7e9378316a9801be,원광대학교 동양학대학원,본교,전북,특수대학원,6,6,6,,,not_tested,not_tested,not_tested,unresolved_no_exact_signature
2023,employment-school-7067a433935edcf4a5a8,원광대학교 법학전문대학원,본교,전북,전문대학원,1,1,1,,,not_tested,not_tested,not_tested,unresolved_signature_too_small
2023,employment-school-ec88ce4c3dcc5a582bd5,원광대학교 보건·보완의학대학원,본교,전북,특수대학원,6,6,6,,,not_tested,not_tested,not_tested,unresolved_no_exact_signature
2023,employment-school-3337053249ecb3935660,원광대학교 한의학전문대학원,본교,전북,전문대학원,3,3,3,,,not_tested,not_tested,not_tested,unresolved_no_exact_signature
2023,employment-school-55e30b9091385b05dfc4,원광대학교 행정대학원,본교,전북,특수대학원,3,3,3,,,not_tested,not_tested,not_tested,unresolved_no_exact_signature
2023,employment-school-5125e2a16d3cf48fb515,원광디지털대학교,본교,전북,사이버대학(대학),17,17,17,,,not_tested,not_tested,not_tested,unresolved_no_exact_signature
2023,employment-school-c64fe12b991aa26d7e4e,원광디지털대학교 웰빙문화대학원,본교,전북,특수대학원,1,1,1,,,not_tested,not_tested,not_tested,unresolved_signature_too_small
2023,employment-school-631e28f95247e3a6f5d4,원광보건대학교,본교,전북,전문대학,31,31,31,,,not_tested,not_tested,not_tested,unresolved_no_exact_signature
2023,employment-school-a2f8856e0bb8201ee8d4,원불교대학원대학교,본교,전북,전문대학원,1,1,1,,,not_tested,not_tested,not_tested,unresolved_signature_too_small
2023,employment-school-1c828f8143c395b65a66,웨스트민스터신학대학원대학교,본교,경기,전문대학원,9,9,9,,,not_tested,not_tested,not_tested,unresolved_no_exact_signature
2023,employment-school-1bbc7403846c007807ec,위덕대학교,본교,경북,대학,27,27,27,,,not_tested,not_tested,not_tested,unresolved_no_exact_signature
2023,employment-school-52f9387ede7bc48871bb,위덕대학교 경영대학원,본교,경북,특수대학원,1,1,1,,,not_tested,not_tested,not_tested,unresolved_signature_too_small
2023,employment-school-5f45017de970823c49bb,위덕대학교 교육대학원,본교,경북,특수대학원,1,1,1,,,not_tested,not_tested,not_tested,unresolved_signature_too_small
2023,employment-school-18b797e2efc686322be3,위덕대학교 대학원,본교,경북,일반대학원,5,5,5,,,not_tested,not_tested,not_tested,unresolved_no_exact_signature
2023,employment-school-9a6dc43990b2606a0771,위덕대학교 불교대학원,본교,경북,특수대학원,1,1,1,,,not_tested,not_tested,not_tested,unresolved_signature_too_small
2023,employment-school-e2b2f1579b91b1d7acea,위덕대학교 사회복지대학원,본교,경북,특수대학원,3,3,3,,,not_tested,not_tested,not_tested,unresolved_no_exact_signature
2023,employment-school-6811f4a4270555872cf0,유원대학교,본교,충북,대학,33,33,33,,,not_tested,not_tested,not_tested,unresolved_no_exact_signature
2023,employment-school-2c25f11b8f79204e8379,유원대학교산업정보대학원,본교,충북,특수대학원,5,5,5,,,not_tested,not_tested,not_tested,unresolved_no_exact_signature
2023,employment-school-96230590588631a520f4,유한대학교,본교,경기,전문대학,50,50,50,,,not_tested,not_tested,not_tested,unresolved_no_exact_signature
2023,employment-school-aa86ea6f565608e6a445,을지대학교,본교,대전,대학,1,1,1,,,not_tested,not_tested,not_tested,unresolved_signature_too_small
2023,employment-school-e5e29c2a4ea90343a312,을지대학교,캠퍼스,경기,대학,31,21,31,,,not_tested,not_tested,not_tested,unresolved_no_exact_signature
2023,employment-school-58ce772b45e0e14769d6,을지대학교,캠퍼스1,경기,대학,2,2,2,,,not_tested,not_tested,not_tested,unresolved_signature_too_small
2023,employment-school-892cc09fcc1f8afb8cc6,을지대학교 보건복지대학원,캠퍼스1,경기,특수대학원,4,4,4,,,not_tested,not_tested,not_tested,unresolved_no_exact_signature
2023,employment-school-997b7fff4862ed029979,을지대학교 일반대학원,캠퍼스1,경기,일반대학원,17,17,17,,,not_tested,not_tested,not_tested,unresolved_no_exact_signature
2023,employment-school-4654249974378ad5e462,을지대학교 임상간호대학원,캠퍼스1,경기,특수대학원,3,3,3,,,not_tested,not_tested,not_tested,unresolved_no_exact_signature
2023,employment-school-ac3fe342714f0741ecd6,이화여자대학교,본교,서울,대학,111,104,111,,,not_tested,not_tested,not_tested,unresolved_no_exact_signature
2023,employment-school-1774a014b16800aca956,이화여자대학교 경영전문대학원,본교,서울,전문대학원,1,1,1,,,not_tested,not_tested,not_tested,unresolved_signature_too_small
2023,employment-school-8c46ebebe4b2ac670088,이화여자대학교 공연예술대학원,본교,서울,특수대학원,1,1,1,,,not_tested,not_tested,not_tested,unresolved_signature_too_small
2023,employment-school-64bba49737c642bec6b2,이화여자대학교 교육대학원,본교,서울,특수대학원,1,1,1,,,not_tested,not_tested,not_tested,unresolved_signature_too_small
2023,employment-school-329e2aa2ee1b0f228e0d,이화여자대학교 국제대학원,본교,서울,전문대학원,2,2,2,,,not_tested,not_tested,not_tested,unresolved_signature_too_small
2023,employment-school-3367bf6fd0123d813058,이화여자대학교 대학원,본교,서울,일반대학원,82,82,82,,,not_tested,not_tested,not_tested,unresolved_no_exact_signature
2023,employment-school-76dbfa5e8db555b8616a,이화여자대학교 디자인대학원,본교,서울,특수대학원,1,1,1,,,not_tested,not_tested,not_tested,unresolved_signature_too_small
2023,employment-school-0518b2975044d6b5d36b,이화여자대학교 법학전문대학원,본교,서울,전문대학원,1,1,1,,,not_tested,not_tested,not_tested,unresolved_signature_too_small
2023,employment-school-3880263d8c5e4a3f4844,이화여자대학교 사회복지대학원,본교,서울,특수대학원,1,1,1,,,not_tested,not_tested,not_tested,unresolved_signature_too_small
2023,employment-school-4d8be6a6ac1f7bf2c721,이화여자대학교 신학대학원,본교,서울,특수대학원,1,1,1,,,not_tested,not_tested,not_tested,unresolved_signature_too_small
2023,employment-school-2aeb9b0e6b375bd66b7b,이화여자대학교 외국어교육특수대학원,본교,서울,특수대학원,4,4,4,,,not_tested,not_tested,not_tested,unresolved_no_exact_signature
2023,employment-school-51b01267076a98f9e710,이화여자대학교 임상바이오헬스대학원,본교,서울,특수대학원,2,2,2,,,not_tested,not_tested,not_tested,unresolved_signature_too_small
2023,employment-school-30d02b7ed67a61658322,이화여자대학교 임상보건융합대학원,본교,서울,특수대학원,2,2,2,,,not_tested,not_tested,not_tested,unresolved_signature_too_small
2023,employment-school-eaead163305d072beeca,이화여자대학교 임상치의학대학원,본교,서울,특수대학원,2,2,2,,,not_tested,not_tested,not_tested,unresolved_signature_too_small
2023,employment-school-eb829dbd82e6715e0c04,이화여자대학교 정책과학대학원,본교,서울,특수대학원,1,1,1,,,not_tested,not_tested,not_tested,unresolved_signature_too_small
2023,employment-school-9869b3b657d8c9715552,이화여자대학교 통역번역대학원,본교,서울,전문대학원,3,3,3,,,not_tested,not_tested,not_tested,unresolved_no_exact_signature
2023,employment-school-001b97bdc807334ac4af,인덕대학교,본교,서울,전문대학,43,43,43,,,not_tested,not_tested,not_tested,unresolved_no_exact_signature
2023,employment-school-52a5e78c7e587a6b9443,인제대학교,본교,경남,대학,77,66,77,,,not_tested,not_tested,not_tested,unresolved_no_exact_signature
2023,employment-school-55681feaa878f05f1993,인제대학교 경영대학원,본교,경남,특수대학원,1,1,1,,,not_tested,not_tested,not_tested,unresolved_signature_too_small
2023,employment-school-2102d9b36ce6d92af7e3,인제대학교 교육대학원,본교,경남,특수대학원,7,7,7,,,not_tested,not_tested,not_tested,unresolved_no_exact_signature
2023,employment-school-b97b3f923044a4003db4,인제대학교 보건대학원,본교,부산,특수대학원,2,2,2,,,not_tested,not_tested,not_tested,unresolved_signature_too_small
2023,employment-school-b4a4232bb79a2aac61dd,인제대학교 사회복지대학원,본교,경남,특수대학원,1,1,1,,,not_tested,not_tested,not_tested,unresolved_signature_too_small
2023,employment-school-b8bfd83fa119da5041c6,인제대학교 산업융합대학원,본교,경남,특수대학원,3,3,3,,,not_tested,not_tested,not_tested,unresolved_no_exact_signature
2023,employment-school-afda79bc19f358ca5095,인제대학교 일반대학원,본교,경남,일반대학원,42,42,42,,,not_tested,not_tested,not_tested,unresolved_no_exact_signature
2023,employment-school-d2ab18be29c5c61c23a4,인천가톨릭대학교,본교,인천,대학,1,1,1,,,not_tested,not_tested,not_tested,unresolved_signature_too_small
2023,employment-school-853674691179fcf731c4,인천가톨릭대학교,캠퍼스,인천,대학,6,6,6,,,not_tested,not_tested,not_tested,unresolved_no_exact_signature
2023,employment-school-24c21be016e96e266986,인천가톨릭대학교대학원,본교,인천,일반대학원,1,1,1,,,not_tested,not_tested,not_tested,unresolved_signature_too_small
2023,employment-school-c0f2feaf5aa5a6cad9df,인천가톨릭대학교 일반대학원,캠퍼스,인천,일반대학원,4,4,4,,,not_tested,not_tested,not_tested,unresolved_no_exact_signature
2023,employment-school-322b4df8bc1363b22478,인천대학교,본교,인천,대학,83,76,83,,,not_tested,not_tested,not_tested,unresolved_no_exact_signature
2023,employment-school-986895abb456ec50b423,인천대학교 경영대학원,본교,인천,특수대학원,1,1,1,,,not_tested,not_tested,not_tested,unresolved_signature_too_small
2023,employment-school-aac64f8a949bb8765a2b,인천대학교 공학대학원,본교,인천,특수대학원,10,10,10,,,not_tested,not_tested,not_tested,unresolved_no_exact_signature
2023,employment-school-b375e4ba3a0e57204988,인천대학교교육대학원,본교,인천,특수대학원,21,21,21,,,not_tested,not_tested,not_tested,unresolved_no_exact_signature
2023,employment-school-e8d516295f077cea2530,인천대학교대학원,본교,인천,일반대학원,39,39,39,,,not_tested,not_tested,not_tested,unresolved_no_exact_signature
2023,employment-school-40eaf6acdb20679d795d,인천대학교동북아물류대학원,본교,인천,전문대학원,2,2,2,,,not_tested,not_tested,not_tested,unresolved_signature_too_small
2023,employment-school-ae09abff3d796014610a,인천대학교 문화대학원,본교,인천,특수대학원,1,1,1,,,not_tested,not_tested,not_tested,unresolved_signature_too_small
2023,employment-school-eb46e86fd54ee9b86ebd,인천대학교 정보기술대학원,본교,인천,특수대학원,3,3,3,,,not_tested,not_tested,not_tested,unresolved_no_exact_signature
2023,employment-school-4f34ca4b33b441cd7a1e,인천대학교 정책대학원,본교,인천,특수대학원,4,4,4,,,not_tested,not_tested,not_tested,unresolved_no_exact_signature
2023,employment-school-8fec88e90f4fb3466a2b,인천재능대학교,본교,인천,전문대학,37,37,37,,,not_tested,not_tested,not_tested,unresolved_no_exact_signature
2023,employment-school-12a012b52f5cd1a92b0f,인하공업전문대학,본교,인천,전문대학,28,28,28,,,not_tested,not_tested,not_tested,unresolved_no_exact_signature
2023,employment-school-ec0f1b7680907dade0c7,인하대학교,본교,인천,대학,71,67,71,,,not_tested,not_tested,not_tested,unresolved_no_exact_signature
2023,employment-school-f69e8d7df67dc1eea32e,인하대학교 경영대학원,본교,인천,특수대학원,1,1,1,,,not_tested,not_tested,not_tested,unresolved_signature_too_small
2023,employment-school-bd58569abc223091c14e,인하대학교 공학대학원,본교,인천,특수대학원,14,14,14,,,not_tested,not_tested,not_tested,unresolved_no_exact_signature
2023,employment-school-81360e373639f59ee4aa,인하대학교교육대학원,본교,인천,특수대학원,1,1,1,,,not_tested,not_tested,not_tested,unresolved_signature_too_small
2023,employment-school-009e37792e8791d2109b,인하대학교대학원,본교,인천,일반대학원,60,60,60,,,not_tested,not_tested,not_tested,unresolved_no_exact_signature
2023,employment-school-0080141193364d0f8e29,인하대학교 물류전문대학원,본교,인천,전문대학원,2,2,2,,,not_tested,not_tested,not_tested,unresolved_signature_too_small
2023,employment-school-0076d6910251aff06721,인하대학교 법학전문대학원,본교,인천,전문대학원,1,1,1,,,not_tested,not_tested,not_tested,unresolved_signature_too_small
2023,employment-school-d2c966b1f1720f80c8f6,인하대학교 보건대학원,본교,인천,특수대학원,4,4,4,,,not_tested,not_tested,not_tested,unresolved_no_exact_signature
2023,employment-school-d4dbf25bf7b8c94664df,인하대학교 상담심리대학원,본교,인천,특수대학원,2,2,2,,,not_tested,not_tested,not_tested,unresolved_signature_too_small
2023,employment-school-fad9d27737123e5b4814,인하대학교정책대학원,본교,인천,특수대학원,7,7,7,,,not_tested,not_tested,not_tested,unresolved_no_exact_signature
2023,employment-school-58cb90b0fc0b01eeef01,인하대학교 제조혁신전문대학원,본교,인천,전문대학원,1,1,1,,,not_tested,not_tested,not_tested,unresolved_signature_too_small
2023,employment-school-9f88ad695ca6ed276fb6,장로회신학대학교,본교,서울,대학,3,3,3,3061540484,unique_exact_department_college_signature,true,true,true,candidate_signature_context_confirmed
2023,employment-school-66b19efffbe73116a08a,장로회신학대학교 교육대학원,본교,서울,특수대학원,1,1,1,,,not_tested,not_tested,not_tested,unresolved_signature_too_small
2023,employment-school-2e85fdad996eb17306f1,장로회신학대학교 교회음악대학원,본교,서울,특수대학원,1,1,1,,,not_tested,not_tested,not_tested,unresolved_signature_too_small
2023,employment-school-55ad7a66d204c0fbfa85,장로회신학대학교 기독교와사회대학원,본교,서울,특수대학원,4,4,4,,,not_tested,not_tested,not_tested,unresolved_no_exact_signature
2023,employment-school-40f959933139aabbe233,장로회신학대학교 목회전문대학원,본교,서울,전문대학원,1,1,1,,,not_tested,not_tested,not_tested,unresolved_signature_too_small
2023,employment-school-be58f571cf37f216f18a,장로회신학대학교 신학대학원,본교,서울,특수대학원,1,1,1,,,not_tested,not_tested,not_tested,unresolved_signature_too_small
2023,employment-school-206024b18991665f667d,장로회신학대학교 일반대학원,본교,서울,일반대학원,3,3,3,,,not_tested,not_tested,not_tested,unresolved_no_exact_signature
2023,employment-school-d2148f650094979bb2c4,장안대학교,본교,경기,전문대학,48,48,48,,,not_tested,not_tested,not_tested,unresolved_no_exact_signature
2023,employment-school-ad8de35fa372036a0a0f,전남과학대학교,본교,전남,전문대학,38,38,38,,,not_tested,not_tested,not_tested,unresolved_no_exact_signature
2023,employment-school-e4568bcb40c55216fc1f,전남대학교,본교,광주,대학,96,95,96,,,not_tested,not_tested,not_tested,unresolved_no_exact_signature
2023,employment-school-b6b36787f4ebd4fb493d,전남대학교,캠퍼스,전남,대학,22,22,22,,,not_tested,not_tested,not_tested,unresolved_no_exact_signature
2023,employment-school-e4c3e726d71f8cc0bd51,전남대학교 경영전문대학원,본교,광주,전문대학원,1,1,1,,,not_tested,not_tested,not_tested,unresolved_signature_too_small
2023,employment-school-2da8a17d02b9e1c80ba8,전남대학교교육대학원,본교,광주,특수대학원,20,20,20,,,not_tested,not_tested,not_tested,unresolved_no_exact_signature
2023,employment-school-53173ee1c0d95499f990,전남대학교대학원,본교,광주,일반대학원,127,127,127,,,not_tested,not_tested,not_tested,unresolved_no_exact_signature
2023,employment-school-8b87288f70a426981bee,전남대학교 문화전문대학원,본교,광주,전문대학원,3,3,3,,,not_tested,not_tested,not_tested,unresolved_no_exact_signature
2023,employment-school-9c52b93e71c475f12877,전남대학교 법학전문대학원,본교,광주,전문대학원,1,1,1,,,not_tested,not_tested,not_tested,unresolved_signature_too_small
2023,employment-school-cf3911fbe9cf95ad6a65,전남대학교산업대학원,본교,광주,특수대학원,9,9,9,,,not_tested,not_tested,not_tested,unresolved_no_exact_signature
2023,employment-school-c3f69130ade33e423cba,전남대학교 산학협력대학원,캠퍼스,전남,특수대학원,1,1,1,,,not_tested,not_tested,not_tested,unresolved_signature_too_small
2023,employment-school-8eea14d62ee627636080,전남대학교 수산해양대학원,캠퍼스,전남,특수대학원,2,2,2,,,not_tested,not_tested,not_tested,unresolved_signature_too_small
2023,employment-school-7d3653dddfbede6a4c40,전남대학교 정책대학원,본교,광주,특수대학원,3,3,3,,,not_tested,not_tested,not_tested,unresolved_no_exact_signature
2023,employment-school-d4023efdd054921778ee,전남대학교 치의학전문대학원,본교,광주,전문대학원,2,2,2,,,not_tested,not_tested,not_tested,unresolved_signature_too_small
2023,employment-school-02f8442c3b876749d8f5,전남대학교행정대학원,본교,광주,특수대학원,1,1,1,,,not_tested,not_tested,not_tested,unresolved_signature_too_small
2023,employment-school-55c40f5833d97f36d9cd,전남도립대학교,본교,전남,전문대학,19,19,19,,,not_tested,not_tested,not_tested,unresolved_no_exact_signature
2023,employment-school-97d40248402c96e11a57,전북과학대학교,본교,전북,전문대학,13,13,13,,,not_tested,not_tested,not_tested,unresolved_no_exact_signature
2023,employment-school-73159fa0963341569b50,전북대학교,본교,전북,대학,140,140,140,,,not_tested,not_tested,not_tested,unresolved_no_exact_signature
2023,employment-school-9fa28a8fa8322315a855,전북대학교 경영대학원,본교,전북,특수대학원,9,9,9,,,not_tested,not_tested,not_tested,unresolved_no_exact_signature
2023,employment-school-d61a58bd8238586fd278,전북대학교 교육대학원,본교,전북,특수대학원,28,28,28,,,not_tested,not_tested,not_tested,unresolved_no_exact_signature
2023,employment-school-b01d65eb463e1cda40f6,전북대학교 대학원,본교,전북,일반대학원,128,128,128,,,not_tested,not_tested,not_tested,unresolved_no_exact_signature
2023,employment-school-4bf3863e5f7da2ce593f,전북대학교 법무대학원,본교,전북,특수대학원,3,3,3,,,not_tested,not_tested,not_tested,unresolved_no_exact_signature
2023,employment-school-0f7da3e0eedbb2cdb527,전북대학교 법학전문대학원,본교,전북,전문대학원,1,1,1,,,not_tested,not_tested,not_tested,unresolved_signature_too_small
2023,employment-school-a6c3f77044370879097c,전북대학교 보건대학원,본교,전북,특수대학원,1,1,1,,,not_tested,not_tested,not_tested,unresolved_signature_too_small
2023,employment-school-296edf371913744b51db,전북대학교 산업기술대학원,본교,전북,특수대학원,6,6,6,,,not_tested,not_tested,not_tested,unresolved_no_exact_signature
2023,employment-school-13930c1640a2c359933f,전북대학교 생명자원과학대학원,본교,전북,특수대학원,1,1,1,,,not_tested,not_tested,not_tested,unresolved_signature_too_small
2023,employment-school-5581d8abc92ab4d35529,전북대학교 유연인쇄전자전문대학원,본교,전북,전문대학원,1,1,1,,,not_tested,not_tested,not_tested,unresolved_signature_too_small
2023,employment-school-ad230b7aad06b6bb1bc2,전북대학교 의학전문대학원,본교,전북,전문대학원,1,1,1,,,not_tested,not_tested,not_tested,unresolved_signature_too_small
2023,employment-school-54b1ce2668e2a42a63a4,전북대학교 정보과학대학원,본교,전북,특수대학원,1,1,1,,,not_tested,not_tested,not_tested,unresolved_signature_too_small
2023,employment-school-9102ba210ccea7b2cec3,전북대학교 치의학전문대학원,본교,전북,전문대학원,1,1,1,,,not_tested,not_tested,not_tested,unresolved_signature_too_small
2023,employment-school-2ff9583f920053cd4541,전북대학교 행정대학원,본교,전북,특수대학원,4,4,4,,,not_tested,not_tested,not_tested,unresolved_no_exact_signature
2023,employment-school-d8154958ad995beabede,전북대학교 환경대학원,본교,전북,특수대학원,4,4,4,,,not_tested,not_tested,not_tested,unresolved_no_exact_signature
2023,employment-school-ce1943ac1cc76643a0f2,전주교육대학교,본교,전북,교육대학,12,12,12,1867613613,unique_exact_department_college_signature,true,true,true,candidate_signature_context_confirmed
2023,employment-school-e58ba94e2abe346fb38f,전주교육대학교교육대학원,본교,전북,특수대학원,15,15,15,,,not_tested,not_tested,not_tested,unresolved_no_exact_signature
2023,employment-school-5f4fd8f95f417eef2e18,전주기전대학,본교,전북,전문대학,15,15,15,,,not_tested,not_tested,not_tested,unresolved_no_exact_signature
2023,employment-school-04b618ebe89706ca7ce2,전주대학교,본교,전북,대학,75,75,75,,,not_tested,not_tested,not_tested,unresolved_no_exact_signature
2023,employment-school-bd7e34711e7e3056146b,전주대학교 경영행정대학원,본교,전북,특수대학원,8,8,8,,,not_tested,not_tested,not_tested,unresolved_no_exact_signature
2023,employment-school-f3e3a53b43979157b77d,전주대학교 교육대학원,본교,전북,특수대학원,12,12,12,,,not_tested,not_tested,not_tested,unresolved_no_exact_signature
2023,employment-school-d8c42b7c95e5d7c321ca,전주대학교 문화산업대학원,본교,전북,특수대학원,4,4,4,,,not_tested,not_tested,not_tested,unresolved_no_exact_signature
2023,employment-school-e734d0e99eb4cecc63f1,전주대학교 보건복지대학원,본교,전북,특수대학원,5,5,5,,,not_tested,not_tested,not_tested,unresolved_no_exact_signature
2023,employment-school-58f5292cb849a5de0630,전주대학교 상담심리대학원,본교,전북,특수대학원,4,4,4,,,not_tested,not_tested,not_tested,unresolved_no_exact_signature
2023,employment-school-5b0982be6bfdd4a8e95f,전주대학교 선교신학대학원,본교,전북,특수대학원,1,1,1,,,not_tested,not_tested,not_tested,unresolved_signature_too_small
2023,employment-school-2e95ae8f02f2a6562c15,전주대학교 일반대학원,본교,전북,일반대학원,35,35,35,,,not_tested,not_tested,not_tested,unresolved_no_exact_signature
2023,employment-school-579a93c9aca1802773b2,전주비전대학교,본교,전북,전문대학,33,33,33,,,not_tested,not_tested,not_tested,unresolved_no_exact_signature
2023,employment-school-2e92d55c19e43d4e952c,정석대학,본교,서울,기술대학,1,1,1,,,not_tested,not_tested,not_tested,unresolved_signature_too_small
2023,employment-school-e943dcf79c674edac691,정화예술대학교,본교,서울,전공대학,9,9,9,,,not_tested,not_tested,not_tested,unresolved_no_exact_signature
2023,employment-school-9cc121a01e2b6c4d20da,정화예술대학교,캠퍼스,서울,전공대학,11,11,11,,,not_tested,not_tested,not_tested,unresolved_no_exact_signature
2023,employment-school-6cdab22bf7a5819d60d5,제네바신학대학원대학교,본교,경기,전문대학원,1,1,1,,,not_tested,not_tested,not_tested,unresolved_signature_too_small
2023,employment-school-d53ac9c12db1d370ba4c,제주관광대학교,본교,제주,전문대학,24,24,24,,,not_tested,not_tested,not_tested,unresolved_no_exact_signature
2023,employment-school-a65498aa011cab8a7cd7,제주국제대학교,본교,제주,대학,21,21,21,,,not_tested,not_tested,not_tested,unresolved_no_exact_signature
2023,employment-school-326325cb5f0e4f162ff8,제주국제대학교 교육대학원,본교,제주,특수대학원,1,1,1,,,not_tested,not_tested,not_tested,unresolved_signature_too_small
2023,employment-school-c9be4c97bc90b7e66bff,제주국제대학교 사회복지임상치료대학원,본교,제주,특수대학원,3,3,3,,,not_tested,not_tested,not_tested,unresolved_no_exact_signature
2023,employment-school-977c61de8e346505ce73,제주국제대학교 산업대학원,본교,제주,특수대학원,4,4,4,,,not_tested,not_tested,not_tested,unresolved_no_exact_signature
2023,employment-school-b580ccb5ac79ed7d2aaf,제주국제대학교 일반대학원,본교,제주,일반대학원,2,2,2,,,not_tested,not_tested,not_tested,unresolved_signature_too_small
2023,employment-school-c487ce8843e1e1af9b55,제주대학교,본교,제주,대학,86,86,86,,,not_tested,not_tested,not_tested,unresolved_no_exact_signature
2023,employment-school-b81a4c7979642249fdcb,제주대학교경영대학원,본교,제주,특수대학원,4,4,4,,,not_tested,not_tested,not_tested,unresolved_no_exact_signature
2023,employment-school-41eef61e9366ab8fc8bc,제주대학교교육대학원,본교,제주,특수대학원,21,21,21,,,not_tested,not_tested,not_tested,unresolved_no_exact_signature
2023,employment-school-a1b318954b20f4010153,제주대학교대학원,본교,제주,일반대학원,60,60,60,,,not_tested,not_tested,not_tested,unresolved_no_exact_signature
2023,employment-school-984a14a85ed5da88de09,제주대학교 법학전문대학원,본교,제주,전문대학원,1,1,1,,,not_tested,not_tested,not_tested,unresolved_signature_too_small
2023,employment-school-782b012d7934ab99512b,제주대학교 보건복지대학원,본교,제주,특수대학원,2,2,2,,,not_tested,not_tested,not_tested,unresolved_signature_too_small
2023,employment-school-5480b4e2b32a2878fed4,제주대학교 사회교육대학원,본교,제주,특수대학원,3,3,3,,,not_tested,not_tested,not_tested,unresolved_no_exact_signature
2023,employment-school-9a16f736ff6e15440ed5,제주대학교산업대학원,본교,제주,특수대학원,10,10,10,,,not_tested,not_tested,not_tested,unresolved_no_exact_signature
2023,employment-school-77e2ba70cd294e76d29c,제주대학교 의학전문대학원,본교,제주,전문대학원,1,1,1,,,not_tested,not_tested,not_tested,unresolved_signature_too_small
2023,employment-school-0ca650eeb89524ebbe9f,제주대학교 통역번역대학원,본교,제주,전문대학원,3,3,3,,,not_tested,not_tested,not_tested,unresolved_no_exact_signature
2023,employment-school-855d0b7e0c39dbdc8848,제주대학교행정대학원,본교,제주,특수대학원,4,4,4,,,not_tested,not_tested,not_tested,unresolved_no_exact_signature
2023,employment-school-441d5e55cf4484227f50,제주한라대학교,본교,제주,전문대학,41,41,41,,,not_tested,not_tested,not_tested,unresolved_no_exact_signature
2023,employment-school-096e1bb8b18d35d4047c,조선간호대학교,본교,광주,전문대학,1,1,1,,,not_tested,not_tested,not_tested,unresolved_signature_too_small
2023,employment-school-5fc53f13493205640d1f,조선대학교,본교,광주,대학,95,95,95,,,not_tested,not_tested,not_tested,unresolved_no_exact_signature
2023,employment-school-7a80f53981cea562aa6d,조선대학교경영대학원,본교,광주,특수대학원,1,1,1,,,not_tested,not_tested,not_tested,unresolved_signature_too_small
2023,employment-school-98c9f3c3ee19d3088dcf,조선대학교교육대학원,본교,광주,특수대학원,12,12,12,,,not_tested,not_tested,not_tested,unresolved_no_exact_signature
2023,employment-school-758ea9c81be2fd74a1b2,조선대학교대학원,본교,광주,일반대학원,67,67,67,,,not_tested,not_tested,not_tested,unresolved_no_exact_signature
2023,employment-school-436427036d9cded71a3a,조선대학교디자인대학원,본교,광주,특수대학원,1,1,1,,,not_tested,not_tested,not_tested,unresolved_signature_too_small
2023,employment-school-8919070a79734988f5ba,조선대학교 보건대학원,본교,광주,특수대학원,3,3,3,,,not_tested,not_tested,not_tested,unresolved_no_exact_signature
2023,employment-school-94ba083cd852b07fcc84,조선대학교 산업기술창업대학원,본교,광주,특수대학원,3,3,3,,,not_tested,not_tested,not_tested,unresolved_no_exact_signature
2023,employment-school-c2ae595a391685d9b678,조선대학교 의학전문대학원,본교,광주,전문대학원,1,1,1,,,not_tested,not_tested,not_tested,unresolved_signature_too_small
2023,employment-school-4ecfc7f555cd8056c018,조선대학교 임상약학대학원,본교,광주,특수대학원,1,1,1,,,not_tested,not_tested,not_tested,unresolved_signature_too_small
2023,employment-school-b0f784c09a98ca86dbb5,조선대학교정책대학원,본교,광주,특수대학원,3,3,3,,,not_tested,not_tested,not_tested,unresolved_no_exact_signature
2023,employment-school-2d58d0101e563b2f06f7,조선이공대학교,본교,광주,전문대학,26,26,26,,,not_tested,not_tested,not_tested,unresolved_no_exact_signature
2023,employment-school-b241b7e77e0207d2151b,주안대학원대학교,본교,인천,전문대학원,1,1,1,,,not_tested,not_tested,not_tested,unresolved_signature_too_small
2023,employment-school-a924a1d1a9a2aad820aa,중부대학교,본교,충남,대학,78,78,78,,,not_tested,not_tested,not_tested,unresolved_no_exact_signature
2023,employment-school-f2cb4618094b9f3ad3a5,중부대학교교육대학원,본교,충남,특수대학원,6,6,6,,,not_tested,not_tested,not_tested,unresolved_no_exact_signature
2023,employment-school-d3d442156c0f39e76759,중부대학교원격대학원,본교,충남,특수대학원,7,7,7,,,not_tested,not_tested,not_tested,unresolved_no_exact_signature
2023,employment-school-14a4638052dd3ab33838,중부대학교일반대학원,본교,충남,일반대학원,24,24,24,,,not_tested,not_tested,not_tested,unresolved_no_exact_signature
2023,employment-school-a256a40dcde1cfe6acf6,중부대학교 휴먼텍대학원,본교,충남,특수대학원,16,16,16,,,not_tested,not_tested,not_tested,unresolved_no_exact_signature
2023,employment-school-0332a71bc8edc8a7a63c,중앙대학교,본교,서울,대학,55,54,55,,,not_tested,not_tested,not_tested,unresolved_no_exact_signature
2023,employment-school-384ce1e99ecc0bea09b4,중앙대학교,캠퍼스,경기,대학,39,39,39,,,not_tested,not_tested,not_tested,unresolved_no_exact_signature
2023,employment-school-937e06659324ff4b602c,중앙대학교 건강간호대학원,본교,서울,특수대학원,5,5,5,,,not_tested,not_tested,not_tested,unresolved_no_exact_signature
2023,employment-school-82f4a43266ae0d3f61a8,중앙대학교 건설대학원,본교,서울,특수대학원,4,4,4,,,not_tested,not_tested,not_tested,unresolved_no_exact_signature
2023,employment-school-e923dd41fe947d6f8599,중앙대학교 경영전문대학원,본교,서울,전문대학원,2,2,2,,,not_tested,not_tested,not_tested,unresolved_signature_too_small
2023,employment-school-88872cc41c7c17090776,중앙대학교 교육대학원,본교,서울,특수대학원,1,1,1,,,not_tested,not_tested,not_tested,unresolved_signature_too_small
2023,employment-school-44d50c54dd83734b1b4e,중앙대학교 국악교육대학원,캠퍼스,경기,특수대학원,3,3,3,,,not_tested,not_tested,not_tested,unresolved_no_exact_signature
2023,employment-school-19183932c2d08196bfe2,중앙대학교 국제대학원,본교,서울,전문대학원,2,2,2,,,not_tested,not_tested,not_tested,unresolved_signature_too_small
2023,employment-school-072f640136aea154d326,중앙대학교 글로벌대학원,본교,서울,전문대학원,1,1,1,,,not_tested,not_tested,not_tested,unresolved_signature_too_small
2023,employment-school-5e132cccc0d9741f1203,중앙대학교 글로벌인적자원개발대학원,본교,서울,특수대학원,3,3,3,,,not_tested,not_tested,not_tested,unresolved_no_exact_signature
2023,employment-school-13d569f12e4cbf8d3a03,중앙대학교 대학원,본교,서울,일반대학원,74,74,74,,,not_tested,not_tested,not_tested,unresolved_no_exact_signature
2023,employment-school-156696aa59dc11398cb7,중앙대학교 대학원,캠퍼스,경기,일반대학원,7,7,7,,,not_tested,not_tested,not_tested,unresolved_no_exact_signature
2023,employment-school-ec6742821ec94558089c,중앙대학교 법학전문대학원,본교,서울,전문대학원,1,1,1,,,not_tested,not_tested,not_tested,unresolved_signature_too_small
2023,employment-school-eade1fc10c2f90f68d28,중앙대학교 보안대학원,본교,서울,특수대학원,2,2,2,,,not_tested,not_tested,not_tested,unresolved_signature_too_small
2023,employment-school-4c73aef1adb4d2a240e3,중앙대학교 사회복지대학원,본교,서울,특수대학원,3,3,3,,,not_tested,not_tested,not_tested,unresolved_no_exact_signature
2023,employment-school-d7db942509a4953c574e,중앙대학교 산업창업경영대학원,캠퍼스,경기,특수대학원,5,5,5,,,not_tested,not_tested,not_tested,unresolved_no_exact_signature
2023,employment-school-0de54481baeb4811a1de,중앙대학교 신문방송대학원,본교,서울,특수대학원,1,1,1,,,not_tested,not_tested,not_tested,unresolved_signature_too_small
2023,employment-school-b31bd716acfd50d6213d,중앙대학교 심리서비스대학원,본교,서울,특수대학원,5,5,5,,,not_tested,not_tested,not_tested,unresolved_no_exact_signature
2023,employment-school-f84aa679b6f9f70c1ed2,중앙대학교 예술대학원,본교,서울,특수대학원,3,3,3,,,not_tested,not_tested,not_tested,unresolved_no_exact_signature
2023,employment-school-63c6958db372c89a4d02,중앙대학교 창업경영대학원,캠퍼스,경기,특수대학원,6,6,6,,,not_tested,not_tested,not_tested,unresolved_no_exact_signature
2023,employment-school-0dcb72af4740db55a13d,중앙대학교 첨단영상대학원,본교,서울,전문대학원,2,2,2,,,not_tested,not_tested,not_tested,unresolved_signature_too_small
2023,employment-school-c63872844b5e756bece0,중앙대학교 커뮤니케이션대학원,본교,서울,특수대학원,1,1,1,,,not_tested,not_tested,not_tested,unresolved_signature_too_small
2023,employment-school-83033cf16e651bdf5cde,중앙대학교 행정대학원,본교,서울,특수대학원,6,6,6,,,not_tested,not_tested,not_tested,unresolved_no_exact_signature
2023,employment-school-030d11fe80e2977b0059,중앙승가대학교,본교,경기,대학,4,4,4,,,not_tested,not_tested,not_tested,unresolved_no_exact_signature
2023,employment-school-0115c76b991f80b88c37,중앙승가대학교대학원,본교,경기,일반대학원,2,2,2,,,not_tested,not_tested,not_tested,unresolved_signature_too_small
2023,employment-school-c5ec7c760f588948e14a,중원대학교,본교,충북,대학,37,37,37,,,not_tested,not_tested,not_tested,unresolved_no_exact_signature
2023,employment-school-06ab9e1dd42931c18161,중원대학교 사회문화대학원,본교,충북,특수대학원,7,7,7,,,not_tested,not_tested,not_tested,unresolved_no_exact_signature
2023,employment-school-5aadfa44e3cf1d788f39,중원대학교 일반대학원,본교,충북,일반대학원,6,6,6,,,not_tested,not_tested,not_tested,unresolved_no_exact_signature
2023,employment-school-9c90b1a6502ac861c4dd,중원대학교 평생학습대학원,본교,충북,특수대학원,2,2,2,,,not_tested,not_tested,not_tested,unresolved_signature_too_small
2023,employment-school-392a19a381e7b1f7d95b,진주교육대학교,본교,경남,교육대학,12,12,12,7351759016,unique_exact_department_college_signature,true,true,true,candidate_signature_context_confirmed
2023,employment-school-7901a5e9f3cdd20b9a18,진주교육대학교교육대학원,본교,경남,특수대학원,19,19,19,,,not_tested,not_tested,not_tested,unresolved_no_exact_signature
2023,employment-school-371ccfdc67ac844f04d9,진주보건대학교,본교,경남,전문대학,12,12,12,,,not_tested,not_tested,not_tested,unresolved_no_exact_signature
2023,employment-school-bd66598a404717941083,차의과학대학교,본교,경기,대학,11,11,11,,,not_tested,not_tested,not_tested,unresolved_no_exact_signature
2023,employment-school-10034851bb06428bb469,차의과학대학교 경영대학원,본교,경기,특수대학원,2,2,2,,,not_tested,not_tested,not_tested,unresolved_signature_too_small
2023,employment-school-26111ec08c0d6e79f82e,차의과학대학교 대학원,본교,경기,일반대학원,6,6,6,,,not_tested,not_tested,not_tested,unresolved_no_exact_signature
2023,employment-school-8ba884e41d74c97f7d7d,차의과학대학교 미술치료대학원,본교,경기,특수대학원,1,1,1,,,not_tested,not_tested,not_tested,unresolved_signature_too_small
2023,employment-school-a2a948104aeea6f43ccb,차의과학대학교 보건산업대학원,본교,경기,특수대학원,3,3,3,,,not_tested,not_tested,not_tested,unresolved_no_exact_signature
2023,employment-school-5a45fe420ee717e3edf1,차의과학대학교 스포츠의학대학원,본교,경기,특수대학원,2,2,2,,,not_tested,not_tested,not_tested,unresolved_signature_too_small
2023,employment-school-9e32e526de5945ea14b3,차의과학대학교 의학전문대학원,본교,경기,전문대학원,1,1,1,,,not_tested,not_tested,not_tested,unresolved_signature_too_small
2023,employment-school-4d54b935b03a7a667623,차의과학대학교 임상상담심리대학원,본교,경기,특수대학원,1,1,1,,,not_tested,not_tested,not_tested,unresolved_signature_too_small
2023,employment-school-12c93d3bcad05496648c,차의과학대학교 임상약학대학원,본교,경기,특수대학원,2,2,2,,,not_tested,not_tested,not_tested,unresolved_signature_too_small
2023,employment-school-b75aa633b3021b6a3b14,차의과학대학교 통합의학대학원,본교,경기,특수대학원,5,5,5,,,not_tested,not_tested,not_tested,unresolved_no_exact_signature
2023,employment-school-8df9a6426168f0a3a339,창신대학교,본교,경남,대학,17,17,17,,,not_tested,not_tested,not_tested,unresolved_no_exact_signature
2023,employment-school-3967abd9bbdd6115e5f4,창신대학교 대학원,본교,경남,일반대학원,4,4,4,,,not_tested,not_tested,not_tested,unresolved_no_exact_signature
2023,employment-school-18d2be06f6786b76665a,창신대학교 복지문화대학원,본교,경남,특수대학원,4,4,4,,,not_tested,not_tested,not_tested,unresolved_no_exact_signature
2023,employment-school-10a6467f8bf4ef5646bf,창신대학교 부동산경영대학원,본교,경남,특수대학원,2,2,2,,,not_tested,not_tested,not_tested,unresolved_signature_too_small
2023,employment-school-a80c2d99e83ac1022d71,창원대학교,본교,경남,대학,59,59,59,,,not_tested,not_tested,not_tested,unresolved_no_exact_signature
2023,employment-school-de01274c77a390c5bcfe,창원대학교 경영대학원,본교,경남,특수대학원,6,6,6,,,not_tested,not_tested,not_tested,unresolved_no_exact_signature
2023,employment-school-b1fb65bda7dec5406493,창원대학교 교육대학원,본교,경남,특수대학원,8,8,8,,,not_tested,not_tested,not_tested,unresolved_no_exact_signature
2023,employment-school-089c3569e23b2dc80aa7,창원대학교 대학원,본교,경남,일반대학원,45,45,45,,,not_tested,not_tested,not_tested,unresolved_no_exact_signature
2023,employment-school-df74f8bfe71ae801be8e,창원대학교 보건대학원,본교,경남,특수대학원,3,3,3,,,not_tested,not_tested,not_tested,unresolved_no_exact_signature
2023,employment-school-318096b2dcabaa4d25e1,창원대학교 사회복지대학원,본교,경남,특수대학원,1,1,1,,,not_tested,not_tested,not_tested,unresolved_signature_too_small
2023,employment-school-b0df31c68ccec6fc12ed,창원대학교 산업대학원,본교,경남,특수대학원,11,11,11,,,not_tested,not_tested,not_tested,unresolved_no_exact_signature
2023,employment-school-0bca212080333f2c8ff0,창원대학교 행정대학원,본교,경남,특수대학원,3,3,3,,,not_tested,not_tested,not_tested,unresolved_no_exact_signature
2023,employment-school-e08332e7bd073b72d872,창원문성대학교,본교,경남,전문대학,29,29,29,,,not_tested,not_tested,not_tested,unresolved_no_exact_signature
2023,employment-school-ec3fa7da4177487f1866,청강문화산업대학교,본교,경기,전문대학,18,18,18,,,not_tested,not_tested,not_tested,unresolved_no_exact_signature
2023,employment-school-923e74701b92294e7a41,청암대학교,본교,전남,전문대학,24,24,24,,,not_tested,not_tested,not_tested,unresolved_no_exact_signature
2023,employment-school-45f0f8fded4ffff2f824,청운대학교,본교,충남,산업대학,34,34,34,,,not_tested,not_tested,not_tested,unresolved_no_exact_signature
2023,employment-school-eaa7573947bd122e1425,청운대학교 대학원,본교,충남,특수대학원,18,18,18,,,not_tested,not_tested,not_tested,unresolved_no_exact_signature
2023,employment-school-d680700282d7e047dd38,청주교육대학교,본교,충북,교육대학,12,12,12,,,not_tested,not_tested,not_tested,unresolved_ambiguous_exact_signature
2023,employment-school-406611654f51d816c5a3,청주교육대학교교육대학원,본교,충북,특수대학원,22,22,22,,,not_tested,not_tested,not_tested,unresolved_no_exact_signature
2023,employment-school-65484bdf09ccd7a21e25,청주대학교,본교,충북,대학,106,106,106,,,not_tested,not_tested,not_tested,unresolved_no_exact_signature
2023,employment-school-ba8640d26c827198e56c,청주대학교 보건의료대학원,본교,충북,특수대학원,7,7,7,,,not_tested,not_tested,not_tested,unresolved_no_exact_signature
2023,employment-school-0d57723c742ea95217d4,청주대학교 사회복지·공공정책대학원,본교,충북,특수대학원,6,6,6,,,not_tested,not_tested,not_tested,unresolved_no_exact_signature
2023,employment-school-eaf05de350753aeb140a,청주대학교 사회복지행정대학원,본교,충북,특수대학원,1,1,1,,,not_tested,not_tested,not_tested,unresolved_signature_too_small
2023,employment-school-4a8f861e147a8218e582,청주대학교산업경영대학원,본교,충북,특수대학원,2,2,2,,,not_tested,not_tested,not_tested,unresolved_signature_too_small
2023,employment-school-d223cb025af575bb8a87,청주대학교 융합신기술대학원,본교,충북,특수대학원,4,4,4,,,not_tested,not_tested,not_tested,unresolved_no_exact_signature
2023,employment-school-3d15ea9a5b743b4a5a7b,청주대학교일반대학원,본교,충북,일반대학원,34,34,34,,,not_tested,not_tested,not_tested,unresolved_no_exact_signature
2023,employment-school-5decbd6054d706122a12,초당대학교,본교,전남,대학,19,19,19,,,not_tested,not_tested,not_tested,unresolved_no_exact_signature
2023,employment-school-aad4ee80cd33a335726f,초당대학교 산업대학원,본교,전남,특수대학원,6,6,6,,,not_tested,not_tested,not_tested,unresolved_no_exact_signature
2023,employment-school-41d527d2bdc3ecb9454e,초당대학교 일반대학원,본교,전남,일반대학원,5,5,5,,,not_tested,not_tested,not_tested,unresolved_no_exact_signature
2023,employment-school-db19c18a817b39512246,총신대학교,본교,서울,대학,10,10,10,,,not_tested,not_tested,not_tested,unresolved_no_exact_signature
2023,employment-school-ad004ffb017a4e6f837b,총신대학교교육대학원,본교,서울,특수대학원,2,2,2,,,not_tested,not_tested,not_tested,unresolved_signature_too_small
2023,employment-school-02cb6aec22a9c6dc80b1,총신대학교교회음악대학원,본교,서울,특수대학원,1,1,1,,,not_tested,not_tested,not_tested,unresolved_signature_too_small
2023,employment-school-ccaf7937cf57ff848ce6,총신대학교목회신학대학원,본교,서울,전문대학원,1,1,1,,,not_tested,not_tested,not_tested,unresolved_signature_too_small
2023,employment-school-a46a3a9ad087d259c2bb,총신대학교사회복지대학원,본교,서울,특수대학원,1,1,1,,,not_tested,not_tested,not_tested,unresolved_signature_too_small
2023,employment-school-5be67821f68005e003d3,총신대학교상담대학원,본교,서울,특수대학원,2,2,2,,,not_tested,not_tested,not_tested,unresolved_signature_too_small
2023,employment-school-41989c38b74dc5e58363,총신대학교선교대학원,본교,서울,특수대학원,1,1,1,,,not_tested,not_tested,not_tested,unresolved_signature_too_small
2023,employment-school-98b2a469b265b428ff9e,총신대학교신학대학원,본교,경기,특수대학원,2,2,2,,,not_tested,not_tested,not_tested,unresolved_signature_too_small
2023,employment-school-b734a240f26eacf38cc3,총신대학교일반대학원,본교,서울,일반대학원,3,3,3,,,not_tested,not_tested,not_tested,unresolved_no_exact_signature
2023,employment-school-16be1392c4b3ebdb69d6,추계예술대학교,본교,서울,대학,11,11,11,,,not_tested,not_tested,not_tested,unresolved_no_exact_signature
2023,employment-school-7829af1c354d976aa121,추계예술대학교 교육대학원,본교,서울,특수대학원,2,2,2,,,not_tested,not_tested,not_tested,unresolved_signature_too_small
2023,employment-school-932914640e28cbd7cfa9,추계예술대학교 문화예술경영대학원,본교,서울,특수대학원,3,3,3,,,not_tested,not_tested,not_tested,unresolved_no_exact_signature
2023,employment-school-c1884091b5d35a3235eb,추계예술대학교 일반대학원,본교,서울,일반대학원,4,4,4,,,not_tested,not_tested,not_tested,unresolved_no_exact_signature
2023,employment-school-ea11dc38d0008fc0ad6a,춘천교육대학교,본교,강원,교육대학,12,12,12,,,not_tested,not_tested,not_tested,unresolved_ambiguous_exact_signature
2023,employment-school-a44055424855fa88207d,춘천교육대학교교육대학원,본교,강원,특수대학원,21,21,21,,,not_tested,not_tested,not_tested,unresolved_no_exact_signature
2023,employment-school-57dbf61dc78c2eb4b5a3,춘해보건대학교,본교,울산,전문대학,21,21,21,,,not_tested,not_tested,not_tested,unresolved_no_exact_signature
2023,employment-school-0e15fadd6c1acf2bf452,충남대학교,본교,대전,대학,105,105,105,,,not_tested,not_tested,not_tested,unresolved_no_exact_signature
2023,employment-school-1aae055569fe44754bff,충남대학교경영대학원,본교,대전,특수대학원,1,1,1,,,not_tested,not_tested,not_tested,unresolved_signature_too_small
2023,employment-school-8c6fa95a39f44f2e869b,충남대학교교육대학원,본교,대전,특수대학원,2,2,2,,,not_tested,not_tested,not_tested,unresolved_signature_too_small
2023,employment-school-5e00c3b697ac328a03e5,충남대학교 국가정책대학원,본교,대전,특수대학원,1,1,1,,,not_tested,not_tested,not_tested,unresolved_signature_too_small
2023,employment-school-c9eb4515bc5b36e8e213,충남대학교대학원,본교,대전,일반대학원,95,95,95,,,not_tested,not_tested,not_tested,unresolved_no_exact_signature
2023,employment-school-301e97005437f25af390,충남대학교 법학전문대학원,본교,대전,전문대학원,1,1,1,,,not_tested,not_tested,not_tested,unresolved_signature_too_small
2023,employment-school-45db5c25838d3dcc14e2,충남대학교보건대학원,본교,대전,특수대학원,1,1,1,,,not_tested,not_tested,not_tested,unresolved_signature_too_small
2023,employment-school-bfd98fb18770598509fe,충남대학교 분석과학기술대학원,본교,대전,전문대학원,1,1,1,,,not_tested,not_tested,not_tested,unresolved_signature_too_small
2023,employment-school-f60d8b9ec69f741964e4,충남대학교산업대학원,본교,대전,특수대학원,12,12,12,,,not_tested,not_tested,not_tested,unresolved_no_exact_signature
2023,employment-school-88611730e9c2130f0870,충남대학교 스마트농업대학원,본교,대전,특수대학원,1,1,1,,,not_tested,not_tested,not_tested,unresolved_signature_too_small
2023,employment-school-ac42d2bec87904171d1a,충남대학교 신약전문대학원,본교,대전,전문대학원,1,1,1,,,not_tested,not_tested,not_tested,unresolved_signature_too_small
2023,employment-school-9903074b6490bc938717,충남대학교 에너지과학기술대학원,본교,대전,전문대학원,1,1,1,,,not_tested,not_tested,not_tested,unresolved_signature_too_small
2023,employment-school-b2bfeaac0d7a24b3a05b,충남대학교특허법무대학원,본교,대전,특수대학원,2,2,2,,,not_tested,not_tested,not_tested,unresolved_signature_too_small
2023,employment-school-b157fdf01f557ec0b33d,충남대학교평화안보대학원,본교,대전,특수대학원,4,4,4,,,not_tested,not_tested,not_tested,unresolved_no_exact_signature
2023,employment-school-399b458c868c0b60dab8,충남대학교행정대학원,본교,대전,특수대학원,1,1,1,,,not_tested,not_tested,not_tested,unresolved_signature_too_small
2023,employment-school-6f513402edade8cf05d4,충남도립대학교,본교,충남,전문대학,26,26,26,,,not_tested,not_tested,not_tested,unresolved_no_exact_signature
2023,employment-school-981a1f3aecc6f6226112,충북대학교,본교,충북,대학,98,98,98,,,not_tested,not_tested,not_tested,unresolved_no_exact_signature
2023,employment-school-0cb304812d158df00214,충북대학교경영대학원,본교,충북,특수대학원,1,1,1,,,not_tested,not_tested,not_tested,unresolved_signature_too_small
2023,employment-school-24e0011116b4a2d6dc7c,충북대학교 교육대학원,본교,충북,특수대학원,15,15,15,,,not_tested,not_tested,not_tested,unresolved_no_exact_signature
2023,employment-school-f948ec68804918b80189,충북대학교 대학원,본교,충북,일반대학원,94,94,94,,,not_tested,not_tested,not_tested,unresolved_no_exact_signature
2023,employment-school-448aff192dd58aefa55e,충북대학교 법무대학원,본교,충북,특수대학원,1,1,1,,,not_tested,not_tested,not_tested,unresolved_signature_too_small
2023,employment-school-6fde76e6d858ee9de106,충북대학교 법학전문대학원,본교,충북,전문대학원,1,1,1,,,not_tested,not_tested,not_tested,unresolved_signature_too_small
2023,employment-school-c81a72295aa37bbc00f7,충북대학교 북방농업대학원,본교,충북,특수대학원,1,1,1,,,not_tested,not_tested,not_tested,unresolved_signature_too_small
2023,employment-school-1893100aa8ae3a88209e,충북대학교 산업대학원,본교,충북,특수대학원,4,4,4,,,not_tested,not_tested,not_tested,unresolved_no_exact_signature
2023,employment-school-92b24f9eb3dc568175e3,충북대학교 세종 국가정책대학원,본교,충북,특수대학원,1,1,1,,,not_tested,not_tested,not_tested,unresolved_signature_too_small
2023,employment-school-3e03163cc3bab2b8c08b,충북도립대학교,본교,충북,전문대학,13,13,13,,,not_tested,not_tested,not_tested,unresolved_no_exact_signature
2023,employment-school-f07ee4841cd5a1a6d493,충북보건과학대학교,본교,충북,전문대학,33,33,33,,,not_tested,not_tested,not_tested,unresolved_no_exact_signature
2023,employment-school-d794e0756dd73d7b51d0,충청대학교,본교,충북,전문대학,43,43,43,,,not_tested,not_tested,not_tested,unresolved_no_exact_signature
2023,employment-school-f05c21a903d6588f25e3,치유상담대학원대학교,본교,서울,전문대학원,3,3,3,,,not_tested,not_tested,not_tested,unresolved_no_exact_signature
2023,employment-school-90caa361075442570c15,칼빈대학교,본교,경기,대학,5,5,5,,,not_tested,not_tested,not_tested,unresolved_no_exact_signature
2023,employment-school-217ac0ad9f10172a87a7,칼빈대학교대학원,본교,경기,일반대학원,4,4,4,,,not_tested,not_tested,not_tested,unresolved_no_exact_signature
2023,employment-school-55c78ed69ac04800d2f6,칼빈신학대학원,본교,경기,특수대학원,1,1,1,,,not_tested,not_tested,not_tested,unresolved_signature_too_small
2023,employment-school-c5daf65d237b83c0df8a,평택대학교,본교,경기,대학,49,40,49,,,not_tested,not_tested,not_tested,unresolved_no_exact_signature
2023,employment-school-3c1b08ff1f3ad2fe658f,평택대학교 글로벌비즈니스대학원,본교,경기,특수대학원,3,3,3,,,not_tested,not_tested,not_tested,unresolved_no_exact_signature
2023,employment-school-25031859b0789f9636e2,평택대학교 물류·정보·경영대학원,본교,경기,특수대학원,2,2,2,,,not_tested,not_tested,not_tested,unresolved_signature_too_small
2023,employment-school-635dd96ff96438c1d9cb,평택대학교 사회복지대학원,본교,경기,특수대학원,1,1,1,,,not_tested,not_tested,not_tested,unresolved_signature_too_small
2023,employment-school-bc6ecfdf06e60def5632,평택대학교 상담대학원,본교,경기,특수대학원,2,2,2,,,not_tested,not_tested,not_tested,unresolved_signature_too_small
2023,employment-school-e8779be6d2afc3c0bd63,평택대학교 일반대학원,본교,경기,일반대학원,5,5,5,,,not_tested,not_tested,not_tested,unresolved_no_exact_signature
2023,employment-school-9ed8fba5f6fce879587d,평택대학교 통번역대학원,본교,경기,특수대학원,2,2,2,,,not_tested,not_tested,not_tested,unresolved_signature_too_small
2023,employment-school-ee81a73213ebc0f28feb,평택대학교 피어선신학전문대학원,본교,경기,전문대학원,1,1,1,,,not_tested,not_tested,not_tested,unresolved_signature_too_small
2023,employment-school-375ff1c1ef89ac8862ee,포스코기술대학,본교,경북,사내대학(전문),1,1,1,,,not_tested,not_tested,not_tested,unresolved_signature_too_small
2023,employment-school-b8f43a5f64fb188b7f33,포스코기술대학,캠퍼스,전남,사내대학(전문),1,1,1,,,not_tested,not_tested,not_tested,unresolved_signature_too_small
2023,employment-school-96de4ed2712ddc759940,포항공과대학교,본교,경북,대학,11,11,11,,,not_tested,not_tested,not_tested,unresolved_no_exact_signature
2023,employment-school-3ca4144ac7fe1a1a4443,포항공과대학교 대학원,본교,경북,일반대학원,17,17,17,,,not_tested,not_tested,not_tested,unresolved_no_exact_signature
2023,employment-school-823a6cb85b4b065c160c,포항공과대학교 철강·에너지소재대학원,본교,경북,전문대학원,1,1,1,,,not_tested,not_tested,not_tested,unresolved_signature_too_small
2023,employment-school-32992331d38af9f4c529,포항대학교,본교,경북,전문대학,19,19,19,,,not_tested,not_tested,not_tested,unresolved_no_exact_signature
2023,employment-school-952b6f93f3c4212d2f30,한경국립대학교,본교,경기,대학,26,26,26,,,not_tested,not_tested,not_tested,unresolved_no_exact_signature
2023,employment-school-68ad420995876b6a0733,한경국립대학교 공공정책대학원,본교,경기,특수대학원,3,3,3,,,not_tested,not_tested,not_tested,unresolved_no_exact_signature
2023,employment-school-ef6bf132f286969a65f5,한경국립대학교 국제개발협력대학원,본교,경기,특수대학원,2,2,2,,,not_tested,not_tested,not_tested,unresolved_signature_too_small
2023,employment-school-a941403cc6cdc86cf8e7,한경국립대학교 미래융합기술대학원,본교,경기,전문대학원,2,2,2,,,not_tested,not_tested,not_tested,unresolved_signature_too_small
2023,employment-school-d744921fa1351970fdd4,한경국립대학교 산업대학원,본교,경기,특수대학원,3,3,3,,,not_tested,not_tested,not_tested,unresolved_no_exact_signature
2023,employment-school-bba385dc2e26c403e07d,한경국립대학교 일반대학원,본교,경기,일반대학원,22,22,22,,,not_tested,not_tested,not_tested,unresolved_no_exact_signature
2023,employment-school-0192c14f827b157f8f80,한국개발연구원국제정책대학원대학교,본교,세종,전문대학원,6,6,6,,,not_tested,not_tested,not_tested,unresolved_no_exact_signature
2023,employment-school-0b659d29537e743b9bdf,한국골프대학교,본교,강원,전문대학,5,5,5,,,not_tested,not_tested,not_tested,unresolved_no_exact_signature
2023,employment-school-0a9e455e9c6c68715af1,한국공학대학교,본교,경기,대학,30,30,30,,,not_tested,not_tested,not_tested,unresolved_no_exact_signature
2023,employment-school-ac91348b0e1a7bccf658,한국공학대학교 산업기술경영대학원,본교,경기,특수대학원,14,14,14,,,not_tested,not_tested,not_tested,unresolved_no_exact_signature
2023,employment-school-7d40382c2a314a57bd1f,한국공학대학교 일반대학원,본교,경기,일반대학원,13,13,13,,,not_tested,not_tested,not_tested,unresolved_no_exact_signature
2023,employment-school-4bb2e903852b6448e409,한국공학대학교 지식기반기술·에너지대학원,본교,경기,전문대학원,8,8,8,,,not_tested,not_tested,not_tested,unresolved_no_exact_signature
2023,employment-school-9ff7cc98c4eeb4d05c67,한국과학기술원,본교,대전,대학,16,16,16,,,not_tested,not_tested,not_tested,unresolved_no_exact_signature
2023,employment-school-6fffd73eae50ba2bf67b,한국과학기술원 일반대학원,본교,대전,일반대학원,49,49,49,,,not_tested,not_tested,not_tested,unresolved_no_exact_signature
2023,employment-school-b3f8dee2df262cfd2c5a,한국관광대학교,본교,경기,전문대학,14,14,14,,,not_tested,not_tested,not_tested,unresolved_no_exact_signature
2023,employment-school-c35a3e6d568543feef54,한국교원대학교,본교,충북,대학,24,24,24,5302303493,unique_exact_department_college_signature,true,true,true,candidate_signature_context_confirmed
2023,employment-school-ff1f26257ae41a8294f8,한국교원대학교교육대학원,본교,충북,특수대학원,54,54,54,,,not_tested,not_tested,not_tested,unresolved_no_exact_signature
2023,employment-school-02cbb6e32be93e86361f,한국교원대학교 교육정책전문대학원,본교,충북,전문대학원,4,4,4,,,not_tested,not_tested,not_tested,unresolved_no_exact_signature
2023,employment-school-26b7e03af02993035bec,한국교원대학교대학원,본교,충북,일반대학원,54,54,54,,,not_tested,not_tested,not_tested,unresolved_no_exact_signature
2023,employment-school-ed9a0e9b887f919959ce,한국교통대학교,본교,충북,대학,57,55,57,,,not_tested,not_tested,not_tested,unresolved_no_exact_signature
2023,employment-school-75dbdbcf9b7d943f6e3a,한국교통대학교 교육대학원,본교,충북,특수대학원,4,4,4,,,not_tested,not_tested,not_tested,unresolved_no_exact_signature
2023,employment-school-c8a3329b64a20b1de174,한국교통대학교 교통대학원,본교,경기,전문대학원,4,4,4,,,not_tested,not_tested,not_tested,unresolved_no_exact_signature
2023,employment-school-77e9cb86a74f36123383,한국교통대학교 글로벌융합대학원,본교,충북,특수대학원,13,13,13,,,not_tested,not_tested,not_tested,unresolved_no_exact_signature
2023,employment-school-ab6a5cd190c114bbd5e0,한국교통대학교 대학원,본교,충북,일반대학원,30,30,30,,,not_tested,not_tested,not_tested,unresolved_no_exact_signature
2023,employment-school-885dfa0974c0d977d675,한국국제대학교,본교,경남,대학,23,23,23,,,not_tested,not_tested,not_tested,unresolved_no_exact_signature
2023,employment-school-c05fceb535a5b667f842,한국기술교육대학교,본교,충남,대학,12,12,12,,,not_tested,not_tested,not_tested,unresolved_no_exact_signature
2023,employment-school-81d0f7ce15bf3ff68355,한국기술교육대학교 IT융합과학경영산업대학원,본교,충남,특수대학원,11,11,11,,,not_tested,not_tested,not_tested,unresolved_no_exact_signature
2023,employment-school-d944877c9c1f1e64e5f6,한국기술교육대학교 대학원,본교,충남,일반대학원,13,13,13,,,not_tested,not_tested,not_tested,unresolved_no_exact_signature
2023,employment-school-6758841f4d05d882a50d,한국기술교육대학교테크노인력개발전문대학원,본교,충남,전문대학원,1,1,1,,,not_tested,not_tested,not_tested,unresolved_signature_too_small
2023,employment-school-a61c68d4828d03ec9728,한국농수산대학교,본교,전북,전문대학,35,35,35,,,not_tested,not_tested,not_tested,unresolved_no_exact_signature
2023,employment-school-a5bab2d9ba28fb164762,한국방송통신대학교,본교,서울,방송통신대학,31,31,31,,,not_tested,not_tested,not_tested,unresolved_no_exact_signature
2023,employment-school-70c6c65c90931e438f01,한국방송통신대학교 경영대학원,본교,서울,특수대학원,8,8,8,,,not_tested,not_tested,not_tested,unresolved_no_exact_signature
2023,employment-school-70deae461ce16ec846ea,한국방송통신대학교 대학원,본교,서울,특수대학원,19,19,19,,,not_tested,not_tested,not_tested,unresolved_no_exact_signature
2023,employment-school-1b6c9ed0d16f4c42df50,한국복지대학교,본교,경기,전문대학,23,23,23,,,not_tested,not_tested,not_tested,unresolved_no_exact_signature
2023,employment-school-315664cc9059748a0534,한국복지사이버대학,본교,경북,사이버대학(전문),13,13,13,,,not_tested,not_tested,not_tested,unresolved_no_exact_signature
2023,employment-school-488ce6db0dcdbc4df270,한국상담대학원대학교,본교,서울,전문대학원,1,1,1,,,not_tested,not_tested,not_tested,unresolved_signature_too_small
2023,employment-school-830b393076e2e6324858,한국성서대학교,본교,서울,대학,8,8,8,,,not_tested,not_tested,not_tested,unresolved_no_exact_signature
2023,employment-school-2bfe3f7e8e0448a17460,한국성서대학교대학원,본교,서울,일반대학원,2,2,2,,,not_tested,not_tested,not_tested,unresolved_signature_too_small
2023,employment-school-03d43c927cc97755b02a,한국성서대학교보육대학원,본교,서울,특수대학원,1,1,1,,,not_tested,not_tested,not_tested,unresolved_signature_too_small
2023,employment-school-132437bf4baabb1f7973,한국성서대학교사회복지대학원,본교,서울,특수대학원,1,1,1,,,not_tested,not_tested,not_tested,unresolved_signature_too_small
2023,employment-school-ba8512fff406145a3940,한국성서대학교신학대학원,본교,서울,특수대학원,1,1,1,,,not_tested,not_tested,not_tested,unresolved_signature_too_small
2023,employment-school-ce6837fe24abc73843bd,한국승강기대학교,본교,경남,전문대학,1,1,1,,,not_tested,not_tested,not_tested,unresolved_signature_too_small
2023,employment-school-f3e707f64fc74aa50b7d,한국에너지공과대학교 대학원,본교,전남,일반대학원,1,1,1,,,not_tested,not_tested,not_tested,unresolved_signature_too_small
2023,employment-school-834407347cd9e87e6e84,한국열린사이버대학교,본교,서울,사이버대학(대학),11,11,11,,,not_tested,not_tested,not_tested,unresolved_no_exact_signature
2023,employment-school-978f728cf4e797d076e4,한국영상대학교,본교,세종,전문대학,36,36,36,,,not_tested,not_tested,not_tested,unresolved_no_exact_signature
2023,employment-school-1d6f59ec893d44b635c1,한국예술종합학교,본교,서울,각종학교(대학),27,27,27,,,not_tested,not_tested,not_tested,unresolved_no_exact_signature
2023,employment-school-686d7213469d1e4956f6,한국외국어대학교,본교,서울,대학,106,106,106,,,not_tested,not_tested,not_tested,unresolved_no_exact_signature
2023,employment-school-ab7b86ce98ba8217f04c,한국외국어대학교 KFL대학원,본교,서울,특수대학원,3,3,3,,,not_tested,not_tested,not_tested,unresolved_no_exact_signature
2023,employment-school-b033c8d0778bcc86a6f5,한국외국어대학교 TESOL 대학원,본교,서울,특수대학원,4,4,4,,,not_tested,not_tested,not_tested,unresolved_no_exact_signature
2023,employment-school-cf1a702fa06cbbeeaba3,한국외국어대학교 경영대학원,본교,서울,특수대학원,4,4,4,,,not_tested,not_tested,not_tested,unresolved_no_exact_signature
2023,employment-school-29b9be290a4b49c78c94,한국외국어대학교 교육대학원,본교,서울,특수대학원,13,13,13,,,not_tested,not_tested,not_tested,unresolved_no_exact_signature
2023,employment-school-91917e5206f579ef53e0,한국외국어대학교 국제지역대학원,본교,서울,전문대학원,12,12,12,,,not_tested,not_tested,not_tested,unresolved_no_exact_signature
2023,employment-school-2fc4fea317616d7bf9f9,한국외국어대학교 법학전문대학원,본교,서울,전문대학원,1,1,1,,,not_tested,not_tested,not_tested,unresolved_signature_too_small
2023,employment-school-15c766c46ebfcd747e45,한국외국어대학교 일반대학원,본교,서울,일반대학원,48,48,48,,,not_tested,not_tested,not_tested,unresolved_no_exact_signature
2023,employment-school-ab3021d30bf62a66ee5d,한국외국어대학교 정치행정언론대학원,본교,서울,특수대학원,3,3,3,,,not_tested,not_tested,not_tested,unresolved_no_exact_signature
2023,employment-school-bf774a393bf8c947ca14,한국외국어대학교 통번역대학원,본교,서울,전문대학원,10,10,10,,,not_tested,not_tested,not_tested,unresolved_no_exact_signature
2023,employment-school-ae084a597bd213077201,한국전력국제원자력대학원대학교,본교,울산,전문대학원,2,2,2,,,not_tested,not_tested,not_tested,unresolved_signature_too_small
2023,employment-school-58506c06d43c2b6ee03c,한국전통문화대학교,본교,충남,대학,7,7,7,,,not_tested,not_tested,not_tested,unresolved_no_exact_signature
2023,employment-school-dfec2bf21df6c4d88181,한국전통문화대학교 문화유산전문대학원,본교,충남,전문대학원,2,2,2,,,not_tested,not_tested,not_tested,unresolved_signature_too_small
2023,employment-school-75cdad00b4a00d9d8452,한국전통문화대학교 일반대학원,본교,충남,일반대학원,3,3,3,,,not_tested,not_tested,not_tested,unresolved_no_exact_signature
2023,employment-school-e8a3f41d48af4a19d60b,한국체육대학교,본교,서울,대학,10,10,10,,,not_tested,not_tested,not_tested,unresolved_no_exact_signature
2023,employment-school-542f44f8009c29ca7ddf,한국체육대학교 교육대학원,본교,서울,특수대학원,1,1,1,,,not_tested,not_tested,not_tested,unresolved_signature_too_small
2023,employment-school-ed56414bc8ea910dcbd6,한국체육대학교 대학원,본교,서울,일반대학원,1,1,1,,,not_tested,not_tested,not_tested,unresolved_signature_too_small
2023,employment-school-a78634d6b4c06e51e91b,한국체육대학교 사회체육대학원,본교,서울,특수대학원,13,13,13,,,not_tested,not_tested,not_tested,unresolved_no_exact_signature
2023,employment-school-43b077d03bf1fe178731,한국침례신학대학교,본교,대전,대학,8,8,8,,,not_tested,not_tested,not_tested,unresolved_no_exact_signature
2023,employment-school-693490df7ba5cebc0b59,한국침례신학대학교 교회음악대학원,본교,대전,특수대학원,1,1,1,,,not_tested,not_tested,not_tested,unresolved_signature_too_small
2023,employment-school-b3c39788f28d6b620028,한국침례신학대학교 대학원,본교,대전,일반대학원,4,4,4,,,not_tested,not_tested,not_tested,unresolved_no_exact_signature
2023,employment-school-879c1aeaa9460aa45fad,한국침례신학대학교 목회신학대학원,본교,대전,전문대학원,1,1,1,,,not_tested,not_tested,not_tested,unresolved_signature_too_small
2023,employment-school-d08c7b9feb05ab02670f,한국침례신학대학교 상담대학원,본교,대전,특수대학원,1,1,1,,,not_tested,not_tested,not_tested,unresolved_signature_too_small
2023,employment-school-2679815bf5759adb8134,한국침례신학대학교 상담복지대학원,본교,대전,특수대학원,1,1,1,,,not_tested,not_tested,not_tested,unresolved_signature_too_small
2023,employment-school-b72f107c2921f4c4caf2,한국침례신학대학교 성서주해대학원,본교,대전,특수대학원,1,1,1,,,not_tested,not_tested,not_tested,unresolved_signature_too_small
2023,employment-school-79f7c3df31a795387575,한국침례신학대학교 신학대학원,본교,대전,특수대학원,1,1,1,,,not_tested,not_tested,not_tested,unresolved_signature_too_small
2023,employment-school-ed0948e21473b38616ff,한국폴리텍 III 대학 강릉캠퍼스,본교,강원,기능대학,2,2,2,,,not_tested,not_tested,not_tested,unresolved_signature_too_small
2023,employment-school-f7f2a10339727cc5d978,한국폴리텍 III 대학 원주캠퍼스,본교,강원,기능대학,2,2,2,,,not_tested,not_tested,not_tested,unresolved_signature_too_small
2023,employment-school-fd301aaa2435e383b24a,한국폴리텍 III 대학 춘천캠퍼스,본교,강원,기능대학,5,5,5,,,not_tested,not_tested,not_tested,unresolved_no_exact_signature
2023,employment-school-4db31f0c0eafbfd4f62a,한국폴리텍 II 대학 남인천캠퍼스,본교,인천,기능대학,1,1,1,,,not_tested,not_tested,not_tested,unresolved_signature_too_small
2023,employment-school-e22a13c42a871776df6b,한국폴리텍 II 대학 화성캠퍼스,본교,경기,기능대학,1,1,1,,,not_tested,not_tested,not_tested,unresolved_signature_too_small
2023,employment-school-8d7f49a754881cd49912,한국폴리텍 IV 대학 대전캠퍼스,본교,대전,기능대학,7,7,7,,,not_tested,not_tested,not_tested,unresolved_no_exact_signature
2023,employment-school-c74500d6acd685c2de87,한국폴리텍 IV 대학 아산캠퍼스,본교,충남,기능대학,7,7,7,,,not_tested,not_tested,not_tested,unresolved_no_exact_signature
2023,employment-school-36ff61d2947f03ee9735,한국폴리텍IV 대학 청주캠퍼스,본교,충북,기능대학,5,5,5,,,not_tested,not_tested,not_tested,unresolved_no_exact_signature
2023,employment-school-e625c967fde44f20bd26,한국폴리텍 IV 대학 홍성캠퍼스,본교,충남,기능대학,4,4,4,,,not_tested,not_tested,not_tested,unresolved_no_exact_signature
2023,employment-school-2df727951b625998d4e8,한국폴리텍 I 대학 성남캠퍼스,본교,경기,기능대학,6,6,6,,,not_tested,not_tested,not_tested,unresolved_no_exact_signature
2023,employment-school-fcac206e654be8466a5a,한국폴리텍 I 대학 제주캠퍼스,본교,제주,기능대학,1,1,1,,,not_tested,not_tested,not_tested,unresolved_signature_too_small
2023,employment-school-b2075202e7a197648192,한국폴리텍Ⅶ대학 부산캠퍼스,본교,부산,기능대학,8,8,8,,,not_tested,not_tested,not_tested,unresolved_no_exact_signature
2023,employment-school-494c1fd8ef8efb848090,한국폴리텍 VII 대학 울산캠퍼스,본교,울산,기능대학,7,7,7,,,not_tested,not_tested,not_tested,unresolved_no_exact_signature
2023,employment-school-7cfbaf41c24e2117f184,한국폴리텍VII대학 창원캠퍼스,본교,경남,기능대학,15,15,15,,,not_tested,not_tested,not_tested,unresolved_no_exact_signature
2023,employment-school-960ae7b04880aee74ba1,한국폴리텍 Ⅵ 대학 영주캠퍼스,본교,경북,기능대학,1,1,1,,,not_tested,not_tested,not_tested,unresolved_signature_too_small
2023,employment-school-dd027f0536f7f3a745ee,한국폴리텍V대학 광주캠퍼스,본교,광주,기능대학,11,11,11,,,not_tested,not_tested,not_tested,unresolved_no_exact_signature
2023,employment-school-c800265baf779aa23515,한국폴리텍 V 대학 순천캠퍼스,본교,전남,기능대학,1,1,1,,,not_tested,not_tested,not_tested,unresolved_signature_too_small
2023,employment-school-3dfd33c7441a5ea4243a,한국폴리텍Ⅴ대학 익산캠퍼스,본교,전북,기능대학,3,3,3,,,not_tested,not_tested,not_tested,unresolved_no_exact_signature
2023,employment-school-c715d3ca5319e1b7f005,한국폴리텍V대학 전남캠퍼스,본교,전남,기능대학,5,5,5,,,not_tested,not_tested,not_tested,unresolved_no_exact_signature
2023,employment-school-adbe788ffe2064b52420,한국폴리텍 V 대학 전북캠퍼스,본교,전북,기능대학,6,6,6,,,not_tested,not_tested,not_tested,unresolved_no_exact_signature
2023,employment-school-a59f588ec869525c08fb,한국폴리텍대학 구미캠퍼스,본교,경북,기능대학,6,6,6,,,not_tested,not_tested,not_tested,unresolved_no_exact_signature
2023,employment-school-9fde1cb29e79606a9179,한국폴리텍대학 대구캠퍼스,본교,대구,기능대학,8,8,8,,,not_tested,not_tested,not_tested,unresolved_no_exact_signature
2023,employment-school-fd147d29a18b4094542d,한국폴리텍대학바이오캠퍼스,본교,충남,기능대학,6,6,6,,,not_tested,not_tested,not_tested,unresolved_no_exact_signature
2023,employment-school-a1a6aa4ce417f78d4b16,한국폴리텍대학 서울강서캠퍼스,본교,서울,기능대학,7,7,7,,,not_tested,not_tested,not_tested,unresolved_no_exact_signature
2023,employment-school-d34ac4655ffcadcd0f79,한국폴리텍대학 서울정수캠퍼스,본교,서울,기능대학,12,12,12,,,not_tested,not_tested,not_tested,unresolved_no_exact_signature
2023,employment-school-dabd9e2d3a99fb6c2750,한국폴리텍대학 영남융합기술캠퍼스,본교,대구,기능대학,4,4,4,,,not_tested,not_tested,not_tested,unresolved_no_exact_signature
2023,employment-school-e1d4ba901d94d172fdba,한국폴리텍대학 인천캠퍼스,본교,인천,기능대학,22,22,22,,,not_tested,not_tested,not_tested,unresolved_no_exact_signature
2023,employment-school-1aa811fdc57c1dba7709,한국폴리텍대학 항공캠퍼스,본교,경남,기능대학,5,5,5,,,not_tested,not_tested,not_tested,unresolved_no_exact_signature
2023,employment-school-c47306a1ac43375d874e,한국폴리텍 특성화대학 로봇캠퍼스,본교,경북,기능대학,4,4,4,,,not_tested,not_tested,not_tested,unresolved_no_exact_signature
2023,employment-school-eba0b39c2dd204b62014,한국폴리텍특성화대학 반도체융합캠퍼스,본교,경기,기능대학,7,7,7,,,not_tested,not_tested,not_tested,unresolved_no_exact_signature
2023,employment-school-f6d71c14c453f9918677,한국학대학원,본교,경기,일반대학원,15,15,15,,,not_tested,not_tested,not_tested,unresolved_no_exact_signature
2023,employment-school-4f431d208d1f4e4f5288,한국항공대학교,본교,경기,대학,8,8,8,,,not_tested,not_tested,not_tested,unresolved_no_exact_signature
2023,employment-school-cf33e3d482977daa2500,한국항공대학교대학원,본교,경기,일반대학원,13,13,13,,,not_tested,not_tested,not_tested,unresolved_no_exact_signature
2023,employment-school-facda618f29370b34805,한국항공대학교 항공·경영대학원,본교,경기,특수대학원,8,8,8,,,not_tested,not_tested,not_tested,unresolved_no_exact_signature
2023,employment-school-8617f3130286f944ab8f,한국해양대학교,본교,부산,대학,41,41,41,,,not_tested,not_tested,not_tested,unresolved_no_exact_signature
2023,employment-school-009c55a494f248fdc4dd,한국해양대학교 글로벌물류대학원,본교,부산,특수대학원,1,1,1,,,not_tested,not_tested,not_tested,unresolved_signature_too_small
2023,employment-school-2cf9a260f7550c7132e2,한국해양대학교대학원,본교,부산,일반대학원,42,42,42,,,not_tested,not_tested,not_tested,unresolved_no_exact_signature
2023,employment-school-cc6581230aa67c681b2d,한국해양대학교해사산업대학원,본교,부산,특수대학원,14,14,14,,,not_tested,not_tested,not_tested,unresolved_no_exact_signature
2023,employment-school-ae32d9cc2bdd9b6269b2,한국해양대학교 해양과학기술전문대학원,본교,부산,전문대학원,2,2,2,,,not_tested,not_tested,not_tested,unresolved_signature_too_small
2023,employment-school-d29db0af20a645cbae30,한국해양대학교 해양금융대학원,본교,부산,특수대학원,2,2,2,,,not_tested,not_tested,not_tested,unresolved_signature_too_small
2023,employment-school-f8b28ec6a36ff9f25d06,한남대학교,본교,대전,대학,88,77,88,,,not_tested,not_tested,not_tested,unresolved_no_exact_signature
2023,employment-school-b7c9311e66aae4a0b93a,한남대학교 경영·국방전략대학원,본교,대전,특수대학원,4,4,4,,,not_tested,not_tested,not_tested,unresolved_no_exact_signature
2023,employment-school-376036df8b91b6553933,한남대학교교육대학원,본교,대전,특수대학원,11,11,11,,,not_tested,not_tested,not_tested,unresolved_no_exact_signature
2023,employment-school-c95c3ed8354acb6c211d,한남대학교대학원,본교,대전,일반대학원,36,36,36,,,not_tested,not_tested,not_tested,unresolved_no_exact_signature
2023,employment-school-e234bb00916df209f7dc,한남대학교 사회문화·행정복지대학원,본교,대전,특수대학원,14,14,14,,,not_tested,not_tested,not_tested,unresolved_no_exact_signature
2023,employment-school-5fffe300cd984d8b5096,한남대학교학제신학대학원,본교,대전,특수대학원,2,2,2,,,not_tested,not_tested,not_tested,unresolved_signature_too_small
2023,employment-school-8d91c6c71c4d85e63e29,한동대학교,본교,경북,대학,13,13,13,,,not_tested,not_tested,not_tested,unresolved_no_exact_signature
2023,employment-school-cc8ca84d7ef5d36f2048,한동대학교 교육대학원,본교,경북,특수대학원,2,2,2,,,not_tested,not_tested,not_tested,unresolved_signature_too_small
2023,employment-school-16ef29f5b1d5e83381f0,한동대학교 국제개발협력대학원,본교,경북,특수대학원,2,2,2,,,not_tested,not_tested,not_tested,unresolved_signature_too_small
2023,employment-school-71b91a679a1e36db07a1,한동대학교 국제경영대학원,본교,경북,특수대학원,2,2,2,,,not_tested,not_tested,not_tested,unresolved_signature_too_small
2023,employment-school-fadbbbd8522ff5a3dc61,한동대학교 국제법률대학원,본교,경북,전문대학원,2,2,2,,,not_tested,not_tested,not_tested,unresolved_signature_too_small
2023,employment-school-55507ea4b2f803998493,한동대학교상담대학원,본교,경북,특수대학원,1,1,1,,,not_tested,not_tested,not_tested,unresolved_signature_too_small
2023,employment-school-380899ac7c918a522e93,한동대학교 일반대학원,본교,경북,일반대학원,8,8,8,,,not_tested,not_tested,not_tested,unresolved_no_exact_signature
2023,employment-school-743f4bdb8967ba186c98,한동대학교 통역번역대학원,본교,경북,특수대학원,1,1,1,,,not_tested,not_tested,not_tested,unresolved_signature_too_small
2023,employment-school-d0247f98bccf353cfd21,한라대학교,본교,강원,대학,24,19,24,,,not_tested,not_tested,not_tested,unresolved_no_exact_signature
2023,employment-school-b8535cd384fa58113da4,한라대학교정보산업대학원,본교,강원,특수대학원,7,7,7,,,not_tested,not_tested,not_tested,unresolved_no_exact_signature
2023,employment-school-ca0440a336ba589fcaf3,한림국제대학원대학교,본교,서울,특수대학원,5,5,5,,,not_tested,not_tested,not_tested,unresolved_no_exact_signature
2023,employment-school-d785974f1d951b055f8c,한림대학교,본교,강원,대학,45,45,45,,,not_tested,not_tested,not_tested,unresolved_no_exact_signature
2023,employment-school-6cf38f8b44da73e7f1e0,한림대학교 간호대학원,본교,강원,특수대학원,2,2,2,,,not_tested,not_tested,not_tested,unresolved_signature_too_small
2023,employment-school-c70d8cdc15154d812f7e,한림대학교경영대학원,본교,강원,특수대학원,1,1,1,,,not_tested,not_tested,not_tested,unresolved_signature_too_small
2023,employment-school-49555e365b7540cf5309,한림대학교 글로벌협력대학원,본교,강원,특수대학원,2,2,2,,,not_tested,not_tested,not_tested,unresolved_signature_too_small
2023,employment-school-09a7b99263464bf58035,한림대학교대학원,본교,강원,일반대학원,25,25,25,,,not_tested,not_tested,not_tested,unresolved_no_exact_signature
2023,employment-school-ebadd19dc3542487d92b,한림대학교 보건과학대학원,본교,강원,특수대학원,3,3,3,,,not_tested,not_tested,not_tested,unresolved_no_exact_signature
2023,employment-school-2f5c4e67b1b7e51c2929,한림대학교사회복지대학원,본교,강원,특수대학원,1,1,1,,,not_tested,not_tested,not_tested,unresolved_signature_too_small
2023,employment-school-d74fc6497d66b936913b,한림대학교 임상치의학대학원,본교,강원,특수대학원,1,1,1,,,not_tested,not_tested,not_tested,unresolved_signature_too_small
2023,employment-school-b7d90e9604ba90777856,한림성심대학교,본교,강원,전문대학,32,32,32,,,not_tested,not_tested,not_tested,unresolved_no_exact_signature
2023,employment-school-4a04afa505bdd127ae85,한반도국제대학원대학교,본교,서울,특수대학원,2,2,2,,,not_tested,not_tested,not_tested,unresolved_signature_too_small
2023,employment-school-f0024d227b8ca3c03557,한밭대학교,본교,대전,대학,34,34,34,,,not_tested,not_tested,not_tested,unresolved_no_exact_signature
2023,employment-school-56dab239a2857cdce17a,한밭대학교 산업대학원,본교,대전,특수대학원,14,14,14,,,not_tested,not_tested,not_tested,unresolved_no_exact_signature
2023,employment-school-89783d413b5e46480145,한밭대학교 일반대학원,본교,대전,일반대학원,20,20,20,,,not_tested,not_tested,not_tested,unresolved_no_exact_signature
2023,employment-school-045495ec1d3e33992122,한밭대학교 정보통신전문대학원,본교,대전,전문대학원,5,5,5,,,not_tested,not_tested,not_tested,unresolved_no_exact_signature
2023,employment-school-b121e9f790c81c147a89,한밭대학교 창업경영대학원,본교,대전,특수대학원,6,6,6,,,not_tested,not_tested,not_tested,unresolved_no_exact_signature
2023,employment-school-330c7925db72ae9db345,한서대학교,본교,충남,대학,79,79,79,,,not_tested,not_tested,not_tested,unresolved_no_exact_signature
2023,employment-school-bae75132b81f5fba571f,한서대학교건강증진대학원,본교,충남,특수대학원,6,6,6,,,not_tested,not_tested,not_tested,unresolved_no_exact_signature
2023,employment-school-dd1118612a29a30c4af2,한서대학교교육대학원,본교,충남,특수대학원,5,5,5,,,not_tested,not_tested,not_tested,unresolved_no_exact_signature
2023,employment-school-9403d7efc2b08b9e0306,한서대학교 국제디자인융합전문대학원,본교,충남,전문대학원,2,2,2,,,not_tested,not_tested,not_tested,unresolved_signature_too_small
2023,employment-school-c4b5c7edd523ef35b1a2,한서대학교 국제예술디자인대학원,본교,충남,특수대학원,1,1,1,,,not_tested,not_tested,not_tested,unresolved_signature_too_small
2023,employment-school-8b67c581429cda2db2f5,한서대학교대학원,본교,충남,일반대학원,22,22,22,,,not_tested,not_tested,not_tested,unresolved_no_exact_signature
2023,employment-school-5125f37329df1a8aadbc,한서대학교 항공융합대학원,본교,충남,특수대학원,6,6,6,,,not_tested,not_tested,not_tested,unresolved_no_exact_signature
2023,employment-school-66cee77af3bf9ccbde04,한서대학교 항공정보산업대학원,본교,충남,특수대학원,2,2,2,,,not_tested,not_tested,not_tested,unresolved_signature_too_small
2023,employment-school-6298477668ba90816082,한성대학교,본교,서울,대학,49,46,49,,,not_tested,not_tested,not_tested,unresolved_no_exact_signature
2023,employment-school-761bfcfe7675a3399a3f,한성대학교경영대학원,본교,서울,특수대학원,3,3,3,,,not_tested,not_tested,not_tested,unresolved_no_exact_signature
2023,employment-school-9de078a348cbb1ab83e1,한성대학교교육대학원,본교,서울,특수대학원,2,2,2,,,not_tested,not_tested,not_tested,unresolved_signature_too_small
2023,employment-school-d67cb46f8c3c46830dc9,한성대학교 국방과학대학원,본교,서울,특수대학원,3,3,3,,,not_tested,not_tested,not_tested,unresolved_no_exact_signature
2023,employment-school-a9b8db6f994fbeb7b3bd,한성대학교부동산대학원,본교,서울,특수대학원,3,3,3,,,not_tested,not_tested,not_tested,unresolved_no_exact_signature
2023,employment-school-7e279a99583b191e14ec,한성대학교예술대학원,본교,서울,특수대학원,2,2,2,,,not_tested,not_tested,not_tested,unresolved_signature_too_small
2023,employment-school-eed6ea4fc58755257f4d,한성대학교일반대학원,본교,서울,일반대학원,18,18,18,,,not_tested,not_tested,not_tested,unresolved_no_exact_signature
2023,employment-school-5b58c62d7689a504d0d9,한성대학교 지식서비스&컨설팅대학원,본교,서울,특수대학원,3,3,3,,,not_tested,not_tested,not_tested,unresolved_no_exact_signature
2023,employment-school-545dc21a460b8636a678,한성대학교행정대학원,본교,서울,특수대학원,3,3,3,,,not_tested,not_tested,not_tested,unresolved_no_exact_signature
2023,employment-school-1ee5ab1c428b6b72fe2b,한세대학교,본교,경기,대학,27,27,27,,,not_tested,not_tested,not_tested,unresolved_no_exact_signature
2023,employment-school-5c13357f2bc910096185,한세대학교 공학대학원,본교,경기,특수대학원,2,2,2,,,not_tested,not_tested,not_tested,unresolved_signature_too_small
2023,employment-school-54f7a994a4f581308e27,한세대학교 대학원,본교,경기,일반대학원,13,13,13,,,not_tested,not_tested,not_tested,unresolved_no_exact_signature
2023,employment-school-3560af1d823b6bb3e8e4,한세대학교 심리상담대학원,본교,경기,특수대학원,1,1,1,,,not_tested,not_tested,not_tested,unresolved_signature_too_small
2023,employment-school-580498b4290345021c11,한세대학교 영산신학대학원,본교,경기,특수대학원,1,1,1,,,not_tested,not_tested,not_tested,unresolved_signature_too_small
2023,employment-school-9b46979c82dbe37fe22f,한세대학교 예술대학원,본교,경기,특수대학원,3,3,3,,,not_tested,not_tested,not_tested,unresolved_no_exact_signature
2023,employment-school-3d0c4a27c193c6c47d09,한세대학교 휴먼서비스대학원,본교,경기,특수대학원,6,6,6,,,not_tested,not_tested,not_tested,unresolved_no_exact_signature
2023,employment-school-9da325842ea460b06c3c,한신대학교,본교,경기,대학,48,47,48,,,not_tested,not_tested,not_tested,unresolved_no_exact_signature
2023,employment-school-3c61ae65472ea8211d87,한신대학교교육대학원,본교,경기,특수대학원,3,3,3,,,not_tested,not_tested,not_tested,unresolved_no_exact_signature
2023,employment-school-b24312e607fec89bd61e,한신대학교대학원,본교,경기,일반대학원,13,13,13,,,not_tested,not_tested,not_tested,unresolved_no_exact_signature
2023,employment-school-f1ba0aa8f5c05fd10fec,한신대학교 사회혁신경영대학원,본교,서울,특수대학원,1,1,1,,,not_tested,not_tested,not_tested,unresolved_signature_too_small
2023,employment-school-7e80f49f9a5cfa5e08d3,한신대학교신학대학원,본교,서울,특수대학원,1,1,1,,,not_tested,not_tested,not_tested,unresolved_signature_too_small
2023,employment-school-44a4c2476080650716c4,한신대학교 정신분석대학원,본교,경기,특수대학원,1,1,1,,,not_tested,not_tested,not_tested,unresolved_signature_too_small
2023,employment-school-a8a7fd3eadb705a41e53,한양대학교,본교,서울,대학,64,63,64,,,not_tested,not_tested,not_tested,unresolved_no_exact_signature
2023,employment-school-18c06f4d9611a65df2e9,한양대학교,분교,경기,대학,54,54,54,,,not_tested,not_tested,not_tested,unresolved_no_exact_signature
2023,employment-school-6ba21f450e3bfee65dbd,한양대학교 경영전문대학원,본교,서울,전문대학원,1,1,1,,,not_tested,not_tested,not_tested,unresolved_signature_too_small
2023,employment-school-96546adc5c01642b4c86,한양대학교 공공정책대학원,본교,서울,특수대학원,6,6,6,,,not_tested,not_tested,not_tested,unresolved_no_exact_signature
2023,employment-school-2b0e403c6458be8712e5,한양대학교공학대학원,본교,서울,특수대학원,9,9,9,,,not_tested,not_tested,not_tested,unresolved_no_exact_signature
2023,employment-school-d4f3b4799ee982f40d4f,한양대학교교육대학원,본교,서울,특수대학원,12,12,12,,,not_tested,not_tested,not_tested,unresolved_no_exact_signature
2023,employment-school-46f09700f19544c392d2,한양대학교국제관광대학원,본교,서울,특수대학원,2,2,2,,,not_tested,not_tested,not_tested,unresolved_signature_too_small
2023,employment-school-2d62ddddfe07fdb98704,한양대학교국제학대학원,본교,서울,전문대학원,6,6,6,,,not_tested,not_tested,not_tested,unresolved_no_exact_signature
2023,employment-school-fa5579b5cf0ede3f8728,한양대학교 기술경영전문대학원,본교,서울,전문대학원,1,1,1,,,not_tested,not_tested,not_tested,unresolved_signature_too_small
2023,employment-school-f24e806e56c5559584e0,한양대학교대학원,본교,서울,일반대학원,89,89,89,,,not_tested,not_tested,not_tested,unresolved_no_exact_signature
2023,employment-school-4a25dfeabf6012844726,한양대학교 대학원,분교,경기,일반대학원,41,41,41,,,not_tested,not_tested,not_tested,unresolved_no_exact_signature
2023,employment-school-1d312ea0096b91f1250b,한양대학교도시대학원,본교,서울,전문대학원,3,3,3,,,not_tested,not_tested,not_tested,unresolved_no_exact_signature
2023,employment-school-d37d429799eb4ef47a4f,한양대학교 법학전문대학원,본교,서울,전문대학원,1,1,1,,,not_tested,not_tested,not_tested,unresolved_signature_too_small
2023,employment-school-5613c8302c21ecbcff03,한양대학교 보건대학원,본교,서울,특수대학원,4,4,4,,,not_tested,not_tested,not_tested,unresolved_no_exact_signature
2023,employment-school-d63365b036c253139e87,한양대학교 부동산융합대학원,본교,서울,특수대학원,2,2,2,,,not_tested,not_tested,not_tested,unresolved_signature_too_small
2023,employment-school-fac37f28e6e60ea41d8a,한양대학교 상담심리대학원,본교,서울,특수대학원,3,3,3,,,not_tested,not_tested,not_tested,unresolved_no_exact_signature
2023,employment-school-7f8e67e43a7b6b2fbd8c,한양대학교언론정보대학원,본교,서울,특수대학원,4,4,4,,,not_tested,not_tested,not_tested,unresolved_no_exact_signature
2023,employment-school-7fc881c969ec1379c6a4,한양대학교 융합산업대학원,분교,경기,특수대학원,8,8,8,,,not_tested,not_tested,not_tested,unresolved_no_exact_signature
2023,employment-school-c08842c8ca88ff9dec3b,한양대학교 의생명공학전문대학원,본교,서울,전문대학원,4,4,4,,,not_tested,not_tested,not_tested,unresolved_no_exact_signature
2023,employment-school-98d60e26beafa83faf0d,한양대학교 인공지능융합대학원,본교,서울,특수대학원,1,1,1,,,not_tested,not_tested,not_tested,unresolved_signature_too_small
2023,employment-school-2af0f0a3a93e897a866d,한양대학교 임상간호대학원,본교,서울,특수대학원,2,2,2,,,not_tested,not_tested,not_tested,unresolved_signature_too_small
2023,employment-school-e5ed268928fff67c9cd2,한양대학교 임상간호정보대학원,본교,서울,특수대학원,1,1,1,,,not_tested,not_tested,not_tested,unresolved_signature_too_small
2023,employment-school-10882c7221e000ef2336,한양사이버대학교,본교,서울,사이버대학(대학),41,41,41,,,not_tested,not_tested,not_tested,unresolved_no_exact_signature
2023,employment-school-55d99c2aa91bf7a81260,한양사이버대학교 경영대학원,본교,서울,특수대학원,5,5,5,,,not_tested,not_tested,not_tested,unresolved_no_exact_signature
2023,employment-school-f67b99a5c0f28108f70f,한양사이버대학교 교육정보대학원,본교,서울,특수대학원,1,1,1,,,not_tested,not_tested,not_tested,unresolved_signature_too_small
2023,employment-school-420a03d644f143b54f2e,한양사이버대학교 디자인대학원,본교,서울,특수대학원,1,1,1,,,not_tested,not_tested,not_tested,unresolved_signature_too_small
2023,employment-school-068115ff6d9c5c8eb2da,한양사이버대학교 미래융합공학대학원,본교,서울,특수대학원,2,2,2,,,not_tested,not_tested,not_tested,unresolved_signature_too_small
2023,employment-school-3e7461e712de931d41fb,한양사이버대학교 부동산대학원,본교,서울,특수대학원,1,1,1,,,not_tested,not_tested,not_tested,unresolved_signature_too_small
2023,employment-school-45f7395eadd5219adc85,한양사이버대학교 휴먼서비스대학원,본교,서울,특수대학원,3,3,3,,,not_tested,not_tested,not_tested,unresolved_no_exact_signature
2023,employment-school-ec0e26231d3fea2a8eb9,한양여자대학교,본교,서울,전문대학,50,50,50,,,not_tested,not_tested,not_tested,unresolved_no_exact_signature
2023,employment-school-097e283514c33d30b507,한영대학교,본교,전남,전문대학,4,4,4,,,not_tested,not_tested,not_tested,unresolved_no_exact_signature
2023,employment-school-6e38669840e213d8004a,한일장신대학교,본교,전북,대학,12,12,12,,,not_tested,not_tested,not_tested,unresolved_no_exact_signature
2023,employment-school-78b2441ad7922807a372,한일장신대학교 사회복지대학원,본교,전북,특수대학원,1,1,1,,,not_tested,not_tested,not_tested,unresolved_signature_too_small
2023,employment-school-31c8d3d8374135f43804,한일장신대학교신학대학원,본교,전북,특수대학원,1,1,1,,,not_tested,not_tested,not_tested,unresolved_signature_too_small
2023,employment-school-4427e935f453c3529e7e,한일장신대학교 심리치료대학원,본교,전북,특수대학원,1,1,1,,,not_tested,not_tested,not_tested,unresolved_signature_too_small
2023,employment-school-80a978e708e1ab399ed0,한일장신대학교 일반대학원,본교,전북,일반대학원,3,3,3,,,not_tested,not_tested,not_tested,unresolved_no_exact_signature
2023,employment-school-7197e596125d6a5b733d,합동신학대학원대학교,본교,경기,전문대학원,4,4,4,,,not_tested,not_tested,not_tested,unresolved_no_exact_signature
2023,employment-school-bad52321f8120c0d864a,협성대학교,본교,경기,대학,24,22,24,,,not_tested,not_tested,not_tested,unresolved_no_exact_signature
2023,employment-school-a10aee7bfbc728b30d6b,협성대학교교육대학원,본교,경기,특수대학원,2,2,2,,,not_tested,not_tested,not_tested,unresolved_signature_too_small
2023,employment-school-e197e5966182bef17278,협성대학교사회복지대학원,본교,경기,특수대학원,3,3,3,,,not_tested,not_tested,not_tested,unresolved_no_exact_signature
2023,employment-school-9eceffa611d9b9c76322,협성대학교신학대학원,본교,경기,특수대학원,1,1,1,,,not_tested,not_tested,not_tested,unresolved_signature_too_small
2023,employment-school-6a3b9c2679c5eff5fdbd,협성대학교일반대학원,본교,경기,일반대학원,7,7,7,,,not_tested,not_tested,not_tested,unresolved_no_exact_signature
2023,employment-school-cc9605ffa223ae6f3e0a,혜전대학교,본교,충남,전문대학,26,26,26,,,not_tested,not_tested,not_tested,unresolved_no_exact_signature
2023,employment-school-1c5d712a5517dc353de6,호남대학교,본교,광주,대학,46,46,46,,,not_tested,not_tested,not_tested,unresolved_no_exact_signature
2023,employment-school-d290784099a37befc9bd,호남대학교 교육대학원,본교,광주,특수대학원,2,2,2,,,not_tested,not_tested,not_tested,unresolved_signature_too_small
2023,employment-school-05baa69be753728756ab,호남대학교 사회융합대학원,본교,광주,특수대학원,20,20,20,,,not_tested,not_tested,not_tested,unresolved_no_exact_signature
2023,employment-school-77be609c16a9aa597845,호남대학교 일반대학원,본교,광주,일반대학원,24,24,24,,,not_tested,not_tested,not_tested,unresolved_no_exact_signature
2023,employment-school-509711abdcb653335410,호남신학대학교,본교,광주,대학,3,3,3,4745576679,unique_exact_department_college_signature,true,true,true,candidate_signature_context_confirmed
2023,employment-school-e51765d0e47a168d342b,호남신학대학교교회음악대학원,본교,광주,특수대학원,1,1,1,,,not_tested,not_tested,not_tested,unresolved_signature_too_small
2023,employment-school-fd111757b7f57c6c8897,호남신학대학교대학원,본교,광주,일반대학원,1,1,1,,,not_tested,not_tested,not_tested,unresolved_signature_too_small
2023,employment-school-962eeac93a2c52526888,호남신학대학교 사회복지대학원,본교,광주,특수대학원,1,1,1,,,not_tested,not_tested,not_tested,unresolved_signature_too_small
2023,employment-school-5f5f8abbd10a4158498a,호남신학대학교 상담대학원,본교,광주,특수대학원,1,1,1,,,not_tested,not_tested,not_tested,unresolved_signature_too_small
2023,employment-school-7b7257a2d2c44dee7d7c,호남신학대학교신학대학원,본교,광주,특수대학원,1,1,1,,,not_tested,not_tested,not_tested,unresolved_signature_too_small
2023,employment-school-cdf1a591bc1c06dd5c34,호산대학교,본교,경북,전문대학,19,19,19,,,not_tested,not_tested,not_tested,unresolved_no_exact_signature
2023,employment-school-46f26c2c07b70ed882d4,호서대학교,본교,충남,대학,84,84,84,,,not_tested,not_tested,not_tested,unresolved_no_exact_signature
2023,employment-school-3290e8179eb9c37d35bf,호서대학교 경영대학원,본교,충남,특수대학원,1,1,1,,,not_tested,not_tested,not_tested,unresolved_signature_too_small
2023,employment-school-f599f94a90fac306fe3e,호서대학교 교육대학원,본교,충남,특수대학원,3,3,3,,,not_tested,not_tested,not_tested,unresolved_no_exact_signature
2023,employment-school-e922b74d92662bcfa969,호서대학교 글로벌창업대학원,본교,서울,특수대학원,2,2,2,,,not_tested,not_tested,not_tested,unresolved_signature_too_small
2023,employment-school-9043f2ac78a268e41a9a,호서대학교 기술경영전문대학원,본교,충남,전문대학원,2,2,2,,,not_tested,not_tested,not_tested,unresolved_signature_too_small
2023,employment-school-e5fd1c60cb8d9555398f,호서대학교 대학원,본교,충남,일반대학원,49,49,49,,,not_tested,not_tested,not_tested,unresolved_no_exact_signature
2023,employment-school-c94ed6ad69f0c4ad94b7,호서대학교 문화복지상담대학원,본교,충남,특수대학원,7,7,7,,,not_tested,not_tested,not_tested,unresolved_no_exact_signature
2023,employment-school-0d9931851c5e7bb8f96d,호서대학교 벤처대학원,본교,서울,전문대학원,6,6,6,,,not_tested,not_tested,not_tested,unresolved_no_exact_signature
2023,employment-school-81d9047c020b3fea6a48,호서대학교 산학융합대학원,본교,충남,특수대학원,1,1,1,,,not_tested,not_tested,not_tested,unresolved_signature_too_small
2023,employment-school-d2f8cfbb75e99d1541af,호서대학교 스포츠과학대학원,본교,충남,특수대학원,2,2,2,,,not_tested,not_tested,not_tested,unresolved_signature_too_small
2023,employment-school-73455ab1d1d6a5194e80,호서대학교 연합신학전문대학원,본교,충남,전문대학원,6,6,6,,,not_tested,not_tested,not_tested,unresolved_no_exact_signature
2023,employment-school-2d917684eaf3d7b76fc1,호원대학교,본교,전북,산업대학,39,34,39,,,not_tested,not_tested,not_tested,unresolved_no_exact_signature
2023,employment-school-8392c28a95435b491f94,홍익대학교,본교,서울,대학,45,43,45,,,not_tested,not_tested,not_tested,unresolved_no_exact_signature
2023,employment-school-7e17c0282f2632a7246d,홍익대학교 건축도시대학원,본교,서울,특수대학원,6,6,6,,,not_tested,not_tested,not_tested,unresolved_no_exact_signature
2023,employment-school-3137a13ade2362dcb8ce,홍익대학교 경영대학원,본교,서울,특수대학원,3,3,3,,,not_tested,not_tested,not_tested,unresolved_no_exact_signature
2023,employment-school-d749ad308ec42821ad22,홍익대학교 공연예술대학원,본교,서울,특수대학원,1,1,1,,,not_tested,not_tested,not_tested,unresolved_signature_too_small
2023,employment-school-f1ded172542edf7c5dbc,홍익대학교 광고홍보대학원,본교,서울,특수대학원,3,3,3,,,not_tested,not_tested,not_tested,unresolved_no_exact_signature
2023,employment-school-741eb8099040bc7fd372,홍익대학교 교육대학원,본교,서울,특수대학원,3,3,3,,,not_tested,not_tested,not_tested,unresolved_no_exact_signature
2023,employment-school-530d17d0860a9657b065,홍익대학교 국제디자인전문대학원,본교,서울,전문대학원,4,4,4,,,not_tested,not_tested,not_tested,unresolved_no_exact_signature
2023,employment-school-54696539530ed8fdcd43,홍익대학교 대학원,본교,서울,일반대학원,40,40,40,,,not_tested,not_tested,not_tested,unresolved_no_exact_signature
2023,employment-school-f786e3203d0688365414,홍익대학교 디자인콘텐츠대학원,본교,서울,특수대학원,4,4,4,,,not_tested,not_tested,not_tested,unresolved_no_exact_signature
2023,employment-school-af45094596914d1d4d2e,홍익대학교 문화예술경영대학원,본교,서울,특수대학원,1,1,1,,,not_tested,not_tested,not_tested,unresolved_signature_too_small
2023,employment-school-2f805b86f8ceedd9037d,홍익대학교 문화정보정책대학원,캠퍼스,세종,특수대학원,3,3,3,,,not_tested,not_tested,not_tested,unresolved_no_exact_signature
2023,employment-school-e491b947b01850487902,홍익대학교 미술대학원,본교,서울,특수대학원,4,4,4,,,not_tested,not_tested,not_tested,unresolved_no_exact_signature
2023,employment-school-1e484b423aa8580cd7de,홍익대학교 산업미술대학원,본교,서울,특수대학원,14,14,14,,,not_tested,not_tested,not_tested,unresolved_no_exact_signature
2023,employment-school-367555c11285f238c254,홍익대학교 세종캠퍼스,캠퍼스,세종,대학,31,31,31,,,not_tested,not_tested,not_tested,unresolved_no_exact_signature
2023,employment-school-a5c94ae03a36edd187fb,홍익대학교 영상·커뮤니케이션대학원,본교,서울,특수대학원,8,8,8,,,not_tested,not_tested,not_tested,unresolved_no_exact_signature
2023,employment-school-19d5d8ea3b3012dc0f2d,홍익대학교 영상대학원,본교,서울,특수대학원,3,3,3,,,not_tested,not_tested,not_tested,unresolved_no_exact_signature
2023,employment-school-3fcee802aa753d3a5a76,홍익대학교 일반대학원,캠퍼스,세종,일반대학원,12,12,12,,,not_tested,not_tested,not_tested,unresolved_no_exact_signature
2023,employment-school-73dc8155105d50f3a724,홍익대학교 패션대학원,본교,서울,특수대학원,3,3,3,,,not_tested,not_tested,not_tested,unresolved_no_exact_signature
2023,employment-school-db682ff9d0d384a219c8,화성의과학대학교,본교,경기,대학,8,8,8,,,not_tested,not_tested,not_tested,unresolved_no_exact_signature
2023,employment-school-65d91afa36595d1fa85f,화신사이버대학교,본교,부산,사이버대학(대학),2,2,2,,,not_tested,not_tested,not_tested,unresolved_signature_too_small
2023,employment-school-93ee3016692ecef141b7,횃불트리니티신학대학원대학교,본교,서울,전문대학원,6,6,6,,,not_tested,not_tested,not_tested,unresolved_no_exact_signature
2024,employment-school-0ef152dcf1525e18095d,ICT폴리텍대학,본교,경기,기능대학,5,5,5,,,not_tested,not_tested,not_tested,unresolved_no_exact_signature
2024,employment-school-7e484a87d5032717584e,LH토지주택대학교,본교,대전,사내대학(대학),2,2,2,,,not_tested,not_tested,not_tested,unresolved_signature_too_small
2024,employment-school-cf5070e3876f29adc75d,SPC식품과학대학,본교,서울,사내대학(전문),1,1,1,,,not_tested,not_tested,not_tested,unresolved_signature_too_small
2024,employment-school-231183eb502f83a2eb24,가야대학교,본교,경남,대학,13,13,13,,,not_tested,not_tested,not_tested,unresolved_no_exact_signature
2024,employment-school-57d0a5875bdd312acacf,가야대학교 보건대학원,본교,경남,특수대학원,3,3,3,,,not_tested,not_tested,not_tested,unresolved_no_exact_signature
2024,employment-school-43da25c13f8314cee500,가야대학교일반대학원,본교,경남,일반대학원,1,1,1,,,not_tested,not_tested,not_tested,unresolved_signature_too_small
2024,employment-school-436389f350dc6b7b0d19,가야대학교행정대학원,본교,경남,특수대학원,1,1,1,,,not_tested,not_tested,not_tested,unresolved_signature_too_small
2024,employment-school-ceb315a406c52534280d,가천대학교,본교,경기,대학,71,70,71,,,not_tested,not_tested,not_tested,unresolved_no_exact_signature
2024,employment-school-703049b6fb834a70ffbe,가천대학교 간호대학원,본교,인천,특수대학원,1,1,1,,,not_tested,not_tested,not_tested,unresolved_signature_too_small
2024,employment-school-36a68641e1fac8535b00,가천대학교 게임대학원,본교,경기,특수대학원,2,2,2,,,not_tested,not_tested,not_tested,unresolved_signature_too_small
2024,employment-school-a1b41859d7a92f11aaed,가천대학교 경영대학원,본교,경기,특수대학원,2,2,2,,,not_tested,not_tested,not_tested,unresolved_signature_too_small
2024,employment-school-fdb7c5d2395d5283ad97,가천대학교 교육대학원,본교,경기,특수대학원,1,1,1,,,not_tested,not_tested,not_tested,unresolved_signature_too_small
2024,employment-school-6a4b9eaaea626d935e62,가천대학교 보건대학원,본교,인천,특수대학원,1,1,1,,,not_tested,not_tested,not_tested,unresolved_signature_too_small
2024,employment-school-a62b28bfdf7966d7bfd9,가천대학교 사회정책대학원,본교,경기,특수대학원,2,2,2,,,not_tested,not_tested,not_tested,unresolved_signature_too_small
2024,employment-school-ea1bc16d8f3ab1d41799,가천대학교 산업환경대학원,본교,경기,특수대학원,1,1,1,,,not_tested,not_tested,not_tested,unresolved_signature_too_small
2024,employment-school-93a4b2f936b7d5271158,가천대학교 일반대학원,본교,경기,일반대학원,47,47,47,,,not_tested,not_tested,not_tested,unresolved_no_exact_signature
2024,employment-school-2ff2757f9558805f8d8a,가천대학교 특수치료대학원,본교,경기,특수대학원,2,2,2,,,not_tested,not_tested,not_tested,unresolved_signature_too_small
2024,employment-school-bd77f0093a11e0d90de3,가톨릭관동대학교,본교,강원,대학,54,54,54,,,not_tested,not_tested,not_tested,unresolved_no_exact_signature
2024,employment-school-a0a0dffda01991edff0b,가톨릭관동대학교 경영행정·창업대학원,본교,강원,특수대학원,8,8,8,,,not_tested,not_tested,not_tested,unresolved_no_exact_signature
2024,employment-school-44a10709b21144f6452f,가톨릭관동대학교 교육대학원,본교,강원,특수대학원,8,8,8,,,not_tested,not_tested,not_tested,unresolved_no_exact_signature
2024,employment-school-8e58d97451b50ab1045b,가톨릭관동대학교 사회복지대학원,본교,강원,특수대학원,1,1,1,,,not_tested,not_tested,not_tested,unresolved_signature_too_small
2024,employment-school-66d9d2135df01aaf380d,가톨릭관동대학교 일반대학원,본교,강원,일반대학원,15,15,15,,,not_tested,not_tested,not_tested,unresolved_no_exact_signature
2024,employment-school-fc8db7d657f9b2a850ac,가톨릭꽃동네대학교,본교,충북,대학,5,5,5,,,not_tested,not_tested,not_tested,unresolved_no_exact_signature
2024,employment-school-295c4dfdb6325399acf1,가톨릭꽃동네대학교 사회복지카리타스대학원,본교,충북,특수대학원,3,3,3,,,not_tested,not_tested,not_tested,unresolved_no_exact_signature
2024,employment-school-5b6136a9dedd9c80b65e,가톨릭대학교,본교,경기,대학,50,50,50,,,not_tested,not_tested,not_tested,unresolved_no_exact_signature
2024,employment-school-d9617280c51adc69517f,가톨릭대학교,캠퍼스,서울,대학,2,2,2,,,not_tested,not_tested,not_tested,unresolved_signature_too_small
2024,employment-school-9d0314da34d34d6ae476,가톨릭대학교,캠퍼스1,서울,대학,1,1,1,,,not_tested,not_tested,not_tested,unresolved_signature_too_small
2024,employment-school-1ae76f1b4ce99ead4c65,가톨릭대학교교육대학원,본교,경기,특수대학원,8,8,8,,,not_tested,not_tested,not_tested,unresolved_no_exact_signature
2024,employment-school-f337f0307cd764bff727,가톨릭대학교 교회법대학원,본교,경기,특수대학원,1,1,1,,,not_tested,not_tested,not_tested,unresolved_signature_too_small
2024,employment-school-db7c00df623d81249e8b,가톨릭대학교 교회음악대학원,캠퍼스1,서울,특수대학원,1,1,1,,,not_tested,not_tested,not_tested,unresolved_signature_too_small
2024,employment-school-85ab27e472f909ed970b,가톨릭대학교 글로벌융합대학원,본교,서울,특수대학원,1,1,1,,,not_tested,not_tested,not_tested,unresolved_signature_too_small
2024,employment-school-a24164d1c5a574fb267e,가톨릭대학교대학원,본교,경기,일반대학원,24,24,24,,,not_tested,not_tested,not_tested,unresolved_no_exact_signature
2024,employment-school-ac64b3ac4e696049761a,가톨릭대학교문화영성대학원,본교,서울,특수대학원,1,1,1,,,not_tested,not_tested,not_tested,unresolved_signature_too_small
2024,employment-school-1983d9a15fff20ff5b23,가톨릭대학교 보건의료경영대학원,캠퍼스,서울,특수대학원,9,9,9,,,not_tested,not_tested,not_tested,unresolved_no_exact_signature
2024,employment-school-1cf7c10d7f10205437a5,가톨릭대학교사회복지대학원,본교,서울,특수대학원,5,5,5,,,not_tested,not_tested,not_tested,unresolved_no_exact_signature
2024,employment-school-b2517744dc9b530e4499,가톨릭대학교 상담심리대학원,본교,서울,특수대학원,4,4,4,,,not_tested,not_tested,not_tested,unresolved_no_exact_signature
2024,employment-school-bf31819a141aca45cb68,가톨릭대학교 생명대학원,캠퍼스,서울,특수대학원,3,3,3,,,not_tested,not_tested,not_tested,unresolved_no_exact_signature
2024,employment-school-8eb42d8e1ec7315cc1c6,가톨릭대학교 일반대학원,캠퍼스,서울,일반대학원,5,5,5,,,not_tested,not_tested,not_tested,unresolved_no_exact_signature
2024,employment-school-4951693c14c6a9a0802f,가톨릭대학교 일반대학원,캠퍼스1,서울,일반대학원,1,1,1,,,not_tested,not_tested,not_tested,unresolved_signature_too_small
2024,employment-school-9e6331d04ec84f772e2c,가톨릭대학교 임상간호대학원,캠퍼스,서울,특수대학원,4,4,4,,,not_tested,not_tested,not_tested,unresolved_no_exact_signature
2024,employment-school-1d5e6aab118b45867fc9,가톨릭대학교 임상치과학대학원,캠퍼스,서울,특수대학원,3,3,3,,,not_tested,not_tested,not_tested,unresolved_no_exact_signature
2024,employment-school-3ca2181449c1dc159af2,가톨릭대학교행정대학원,본교,서울,특수대학원,1,1,1,,,not_tested,not_tested,not_tested,unresolved_signature_too_small
2024,employment-school-2d55ba95efd95a81a501,가톨릭상지대학교,본교,경북,전문대학,22,22,22,,,not_tested,not_tested,not_tested,unresolved_no_exact_signature
2024,employment-school-38d3c5197f9c6999113b,감리교신학대학교,본교,서울,대학,1,1,1,,,not_tested,not_tested,not_tested,unresolved_signature_too_small
2024,employment-school-fc347ccea62f22af34b8,감리교신학대학교대학원,본교,서울,일반대학원,1,1,1,,,not_tested,not_tested,not_tested,unresolved_signature_too_small
2024,employment-school-beccc74af888d73a1d96,감리교신학대학교목회신학대학원,본교,서울,특수대학원,1,1,1,,,not_tested,not_tested,not_tested,unresolved_signature_too_small
2024,employment-school-65f864ecdd718a376b3d,감리교신학대학교신학대학원,본교,서울,특수대학원,1,1,1,,,not_tested,not_tested,not_tested,unresolved_signature_too_small
2024,employment-school-9d3eedfd890aeab949ee,강남대학교,본교,경기,대학,20,20,20,,,not_tested,not_tested,not_tested,unresolved_no_exact_signature
2024,employment-school-9016dc591c28ca970135,강남대학교교육대학원,본교,경기,특수대학원,6,6,6,,,not_tested,not_tested,not_tested,unresolved_no_exact_signature
2024,employment-school-152f07ec948c3a287ccd,강남대학교 국제대학원,본교,경기,특수대학원,1,1,1,,,not_tested,not_tested,not_tested,unresolved_signature_too_small
2024,employment-school-924cce6f12f894dd09eb,강남대학교대학원,본교,경기,일반대학원,10,10,10,,,not_tested,not_tested,not_tested,unresolved_no_exact_signature
2024,employment-school-bc8b421566a6eb763e83,강남대학교사회복지전문대학원,본교,경기,전문대학원,1,1,1,,,not_tested,not_tested,not_tested,unresolved_signature_too_small
2024,employment-school-8bcb9be2bfa7178d3759,강남대학교 융복합대학원,본교,경기,특수대학원,7,7,7,,,not_tested,not_tested,not_tested,unresolved_no_exact_signature
2024,employment-school-7931f8c3cfe7f2a8c352,강동대학교,본교,충북,전문대학,34,34,34,,,not_tested,not_tested,not_tested,unresolved_no_exact_signature
2024,employment-school-192263611d286543efc9,강릉영동대학교,본교,강원,전문대학,24,24,24,,,not_tested,not_tested,not_tested,unresolved_no_exact_signature
2024,employment-school-aa0f84828a8037c09d91,강서대학교,본교,서울,대학,22,22,22,,,not_tested,not_tested,not_tested,unresolved_no_exact_signature
2024,employment-school-3437616e72a807bbec09,강서대학교 교육대학원,본교,서울,특수대학원,2,2,2,,,not_tested,not_tested,not_tested,unresolved_signature_too_small
2024,employment-school-7d4a60fe8dd6b9cbf0c4,강서대학교 사회복지대학원,본교,서울,특수대학원,1,1,1,,,not_tested,not_tested,not_tested,unresolved_signature_too_small
2024,employment-school-200bc7fac02c4c93c0cf,강서대학교 신학대학원,본교,서울,특수대학원,1,1,1,,,not_tested,not_tested,not_tested,unresolved_signature_too_small
2024,employment-school-47cc7987ffe4890040f1,강서대학교 일반대학원,본교,서울,일반대학원,2,2,2,,,not_tested,not_tested,not_tested,unresolved_signature_too_small
2024,employment-school-f87ca4ace75275263ee5,강원대학교,본교,강원,대학,163,146,163,,,not_tested,not_tested,not_tested,unresolved_no_exact_signature
2024,employment-school-f250f94f2c15a6203be7,강원대학교,캠퍼스,강원,대학,66,55,66,,,not_tested,not_tested,not_tested,unresolved_no_exact_signature
2024,employment-school-ab91336b9059faccac7e,강원대학교 경영대학원,본교,강원,특수대학원,2,2,2,,,not_tested,not_tested,not_tested,unresolved_signature_too_small
2024,employment-school-34c0d9d461d0cf9fc5e2,강원대학교교육대학원,본교,강원,특수대학원,15,15,15,,,not_tested,not_tested,not_tested,unresolved_no_exact_signature
2024,employment-school-65620c3c14feee941537,강원대학교 녹색생명산업정책대학원,본교,강원,특수대학원,1,1,1,,,not_tested,not_tested,not_tested,unresolved_signature_too_small
2024,employment-school-1eab81b4d57f601a3cf7,강원대학교 방재전문대학원,캠퍼스,강원,전문대학원,6,6,6,,,not_tested,not_tested,not_tested,unresolved_no_exact_signature
2024,employment-school-6b64ffa4a70d8bd32c70,강원대학교법학전문대학원,본교,강원,전문대학원,1,1,1,,,not_tested,not_tested,not_tested,unresolved_signature_too_small
2024,employment-school-0b4f94741633d9662e1c,강원대학교 산업과학대학원,캠퍼스,강원,특수대학원,14,14,14,,,not_tested,not_tested,not_tested,unresolved_no_exact_signature
2024,employment-school-811fcdde627195c0319e,강원대학교산업대학원,본교,강원,특수대학원,7,7,7,,,not_tested,not_tested,not_tested,unresolved_no_exact_signature
2024,employment-school-3aae832fb43fa84cc127,강원대학교 의학전문대학원,본교,강원,전문대학원,1,1,1,,,not_tested,not_tested,not_tested,unresolved_signature_too_small
2024,employment-school-7ed9587a2b8641d28902,강원대학교일반대학원,본교,강원,일반대학원,108,108,108,,,not_tested,not_tested,not_tested,unresolved_no_exact_signature
2024,employment-school-cc35371334603d19799b,강원대학교 정보과학ㆍ행정대학원,본교,강원,특수대학원,6,6,6,,,not_tested,not_tested,not_tested,unresolved_no_exact_signature
2024,employment-school-260ce7316b2276499b16,강원도립대학교,본교,강원,전문대학,12,12,12,,,not_tested,not_tested,not_tested,unresolved_no_exact_signature
2024,employment-school-01afd6c20ebef96b6867,개신대학원대학교,본교,서울,전문대학원,7,7,7,,,not_tested,not_tested,not_tested,unresolved_no_exact_signature
2024,employment-school-269a3e468b0187f542d2,거제대학교,본교,경남,전문대학,13,13,13,,,not_tested,not_tested,not_tested,unresolved_no_exact_signature
2024,employment-school-d964fae57563e7c9c62f,건국대학교,본교,서울,대학,77,76,77,,,not_tested,not_tested,not_tested,unresolved_no_exact_signature
2024,employment-school-dd7599708e956bab76d5,건국대학교,분교,충북,대학,76,71,76,,,not_tested,not_tested,not_tested,unresolved_no_exact_signature
2024,employment-school-7733a1522968beb52898,건국대학교건축전문대학원,본교,서울,전문대학원,2,2,2,,,not_tested,not_tested,not_tested,unresolved_signature_too_small
2024,employment-school-760f720ab6632584c622,건국대학교 경영전문대학원,본교,서울,전문대학원,4,4,4,,,not_tested,not_tested,not_tested,unresolved_no_exact_signature
2024,employment-school-55eb3a8f7d85563f367f,건국대학교교육대학원,본교,서울,특수대학원,4,4,4,,,not_tested,not_tested,not_tested,unresolved_no_exact_signature
2024,employment-school-518146626cecbd17b702,건국대학교 교육대학원,분교,충북,특수대학원,1,1,1,,,not_tested,not_tested,not_tested,unresolved_signature_too_small
2024,employment-school-27bd0da51e4396da1b37,건국대학교농축대학원,본교,서울,특수대학원,8,8,8,,,not_tested,not_tested,not_tested,unresolved_no_exact_signature
2024,employment-school-a51ba9aedc1ef59f87a0,건국대학교 법학전문대학원,본교,서울,전문대학원,1,1,1,,,not_tested,not_tested,not_tested,unresolved_signature_too_small
2024,employment-school-ea9568615e8638bf8321,건국대학교부동산대학원,본교,서울,특수대학원,7,7,7,,,not_tested,not_tested,not_tested,unresolved_no_exact_signature
2024,employment-school-4d3a91c816ffaad34bf7,건국대학교산업대학원,본교,서울,특수대학원,7,7,7,,,not_tested,not_tested,not_tested,unresolved_no_exact_signature
2024,employment-school-6263215d6fa017dbcb49,건국대학교 수의방역대학원,본교,서울,특수대학원,1,1,1,,,not_tested,not_tested,not_tested,unresolved_signature_too_small
2024,employment-school-b2711ea1aa3127340c9e,건국대학교언론홍보대학원,본교,서울,특수대학원,6,6,6,,,not_tested,not_tested,not_tested,unresolved_no_exact_signature
2024,employment-school-dbd15ce46f13e006a4af,건국대학교 예술디자인대학원,본교,서울,특수대학원,7,7,7,,,not_tested,not_tested,not_tested,unresolved_no_exact_signature
2024,employment-school-1d196fb20df6f5d63865,건국대학교 의학전문대학원,분교,충북,전문대학원,1,1,1,,,not_tested,not_tested,not_tested,unresolved_signature_too_small
2024,employment-school-7bd46cb60989ce1d0ace,건국대학교일반대학원,본교,서울,일반대학원,85,85,85,,,not_tested,not_tested,not_tested,unresolved_no_exact_signature
2024,employment-school-9a55ce5c6a144ac1ff52,건국대학교 일반대학원,분교,충북,일반대학원,17,17,17,,,not_tested,not_tested,not_tested,unresolved_no_exact_signature
2024,employment-school-b7d86363cc8066b65660,건국대학교정보통신대학원,본교,서울,특수대학원,5,5,5,,,not_tested,not_tested,not_tested,unresolved_no_exact_signature
2024,employment-school-12ca0ce90c0103a9ae3f,건국대학교 창의융합대학원,분교,충북,특수대학원,2,2,2,,,not_tested,not_tested,not_tested,unresolved_signature_too_small
2024,employment-school-ce8c35c1aa53b445e584,건국대학교행정대학원,본교,서울,특수대학원,6,6,6,,,not_tested,not_tested,not_tested,unresolved_no_exact_signature
2024,employment-school-9d3729352d502c2ea63e,건신대학원대학교,본교,대전,전문대학원,7,7,7,,,not_tested,not_tested,not_tested,unresolved_no_exact_signature
2024,employment-school-dd9d2f41dbffb0d3aa95,건양대학교,본교,충남,대학,37,37,37,,,not_tested,not_tested,not_tested,unresolved_no_exact_signature
2024,employment-school-61615eb74d9d56946698,건양대학교,캠퍼스,대전,대학,17,17,17,,,not_tested,not_tested,not_tested,unresolved_no_exact_signature
2024,employment-school-65500b65827d173c0355,건양대학교 경영사회복지대학원,캠퍼스,대전,특수대학원,4,4,4,,,not_tested,not_tested,not_tested,unresolved_no_exact_signature
2024,employment-school-fe8c4696f36669e4225a,건양대학교 군사경찰행정대학원,캠퍼스,대전,특수대학원,3,3,3,,,not_tested,not_tested,not_tested,unresolved_no_exact_signature
2024,employment-school-db81655a67508ec150f4,건양대학교 바이오융합대학원,캠퍼스,대전,특수대학원,1,1,1,,,not_tested,not_tested,not_tested,unresolved_signature_too_small
2024,employment-school-e6e3486737d0ac1f934d,건양대학교 보건복지대학원,캠퍼스,대전,특수대학원,6,6,6,,,not_tested,not_tested,not_tested,unresolved_no_exact_signature
2024,employment-school-2ea6319142f98637f246,건양대학교 상담대학원,캠퍼스,대전,특수대학원,1,1,1,,,not_tested,not_tested,not_tested,unresolved_signature_too_small
2024,employment-school-74d6a6e129dafb3c3e4a,건양대학교 일반대학원,캠퍼스,대전,일반대학원,12,12,12,,,not_tested,not_tested,not_tested,unresolved_no_exact_signature
2024,employment-school-3eb98daf0c6581f9ca8a,건양사이버대학교,본교,대전,사이버대학(대학),12,12,12,,,not_tested,not_tested,not_tested,unresolved_no_exact_signature
2024,employment-school-dd56d46836429b448405,경기과학기술대학교,본교,경기,전문대학,53,53,53,,,not_tested,not_tested,not_tested,unresolved_no_exact_signature
2024,employment-school-afd13f629ab3b1ef3db7,경기대학교,본교,경기,대학,48,48,48,,,not_tested,not_tested,not_tested,unresolved_no_exact_signature
2024,employment-school-65e59c97c937907796f2,경기대학교,캠퍼스,서울,대학,14,14,14,,,not_tested,not_tested,not_tested,unresolved_no_exact_signature
2024,employment-school-4963dade139cd6bd343f,경기대학교 공학대학원,본교,경기,특수대학원,5,5,5,,,not_tested,not_tested,not_tested,unresolved_no_exact_signature
2024,employment-school-9c509c2705994a495a3c,경기대학교 관광전문대학원,본교,서울,전문대학원,5,5,5,,,not_tested,not_tested,not_tested,unresolved_no_exact_signature
2024,employment-school-ee84e218e95440cae729,경기대학교 교육대학원,본교,경기,특수대학원,11,11,11,,,not_tested,not_tested,not_tested,unresolved_no_exact_signature
2024,employment-school-4e04fffbf6a9c5636edb,경기대학교대체의학대학원,본교,서울,특수대학원,7,7,7,,,not_tested,not_tested,not_tested,unresolved_no_exact_signature
2024,employment-school-ddcad96a6aa4b86d86e9,경기대학교 미술·디자인대학원,본교,경기,특수대학원,3,3,3,,,not_tested,not_tested,not_tested,unresolved_no_exact_signature
2024,employment-school-a609b30f648ab7ef4e42,경기대학교 서비스경영전문대학원,본교,서울,전문대학원,4,4,4,,,not_tested,not_tested,not_tested,unresolved_no_exact_signature
2024,employment-school-995876a4777263f21b7c,경기대학교 예술대학원,본교,서울,특수대학원,5,5,5,,,not_tested,not_tested,not_tested,unresolved_no_exact_signature
2024,employment-school-49827223e710744c3f40,경기대학교 일반대학원,본교,경기,일반대학원,52,52,52,,,not_tested,not_tested,not_tested,unresolved_no_exact_signature
2024,employment-school-9f47ec9b670d0732aeb8,경기대학교정치전문대학원,본교,서울,전문대학원,4,4,4,,,not_tested,not_tested,not_tested,unresolved_no_exact_signature
2024,employment-school-b648d88a8cf65ae15618,경기대학교 한류문화대학원,본교,서울,특수대학원,8,8,8,,,not_tested,not_tested,not_tested,unresolved_no_exact_signature
2024,employment-school-fe00b368db37593bd639,경기대학교 행정대학원,본교,경기,특수대학원,2,2,2,,,not_tested,not_tested,not_tested,unresolved_signature_too_small
2024,employment-school-979e55dac1bb2eb0bddd,경기대학교 행정복지상담대학원,본교,경기,특수대학원,10,10,10,,,not_tested,not_tested,not_tested,unresolved_no_exact_signature
2024,employment-school-9ac42082e04fa2dbdc8b,경기대학교 행정사회복지대학원,본교,경기,특수대학원,8,8,8,,,not_tested,not_tested,not_tested,unresolved_no_exact_signature
2024,employment-school-ee50164f2eb261fe5c56,경남과학기술대학교,본교,경남,대학,41,41,41,,,not_tested,not_tested,not_tested,unresolved_no_exact_signature
2024,employment-school-4f4bad2de47603feb3c4,경남과학기술대학교 대학원,본교,경남,일반대학원,16,16,16,,,not_tested,not_tested,not_tested,unresolved_no_exact_signature
2024,employment-school-455fc8361de54f38b481,경남과학기술대학교 산업복지대학원,본교,경남,특수대학원,6,6,6,,,not_tested,not_tested,not_tested,unresolved_no_exact_signature
2024,employment-school-652030e5b235ac009c59,경남과학기술대학교 창업대학원,본교,경남,특수대학원,1,1,1,,,not_tested,not_tested,not_tested,unresolved_signature_too_small
2024,employment-school-61b5c9ab212d217962e3,경남대학교,본교,경남,대학,62,62,62,,,not_tested,not_tested,not_tested,unresolved_no_exact_signature
2024,employment-school-2ddc8cc6c733919c25df,경남대학교교육대학원,본교,경남,특수대학원,12,12,12,,,not_tested,not_tested,not_tested,unresolved_no_exact_signature
2024,employment-school-c094af8bd6bb1adcddac,경남대학교대학원,본교,경남,일반대학원,23,23,23,,,not_tested,not_tested,not_tested,unresolved_no_exact_signature
2024,employment-school-4f048fb6d6552fb038a1,경남대학교 산업경영대학원,본교,경남,특수대학원,6,6,6,,,not_tested,not_tested,not_tested,unresolved_no_exact_signature
2024,employment-school-79959964de57e25dca75,경남대학교행정대학원,본교,경남,특수대학원,6,6,6,,,not_tested,not_tested,not_tested,unresolved_no_exact_signature
2024,employment-school-bced6c1ba160770f2329,경남도립거창대학,본교,경남,전문대학,11,11,11,,,not_tested,not_tested,not_tested,unresolved_no_exact_signature
2024,employment-school-81ee31082ce4d50f420a,경남도립남해대학,본교,경남,전문대학,10,10,10,,,not_tested,not_tested,not_tested,unresolved_no_exact_signature
2024,employment-school-d97c49ebbe165e73d7d7,경남정보대학교,본교,부산,전문대학,53,53,53,,,not_tested,not_tested,not_tested,unresolved_no_exact_signature
2024,employment-school-607f0fad7f4d1d85a974,경동대학교,본교,강원,대학,9,9,9,,,not_tested,not_tested,not_tested,unresolved_no_exact_signature
2024,employment-school-924a02555331deeb2dc3,경동대학교,캠퍼스1,강원,대학,11,11,11,,,not_tested,not_tested,not_tested,unresolved_no_exact_signature
2024,employment-school-7b21033b27de7f428710,경동대학교,캠퍼스2,경기,대학,20,20,20,,,not_tested,not_tested,not_tested,unresolved_no_exact_signature
2024,employment-school-c9fa2e494b15df1223fb,경민대학교,본교,경기,전문대학,50,50,50,,,not_tested,not_tested,not_tested,unresolved_no_exact_signature
2024,employment-school-61147c35fbbb948c4c5d,경복대학교,본교,경기,전문대학,53,53,53,,,not_tested,not_tested,not_tested,unresolved_no_exact_signature
2024,employment-school-ffe310a49ef99c9b97da,경북과학대학교,본교,경북,전문대학,20,20,20,,,not_tested,not_tested,not_tested,unresolved_no_exact_signature
2024,employment-school-f0bd2e538cafd1424125,경북대학교,본교,대구,대학,142,141,142,,,not_tested,not_tested,not_tested,unresolved_no_exact_signature
2024,employment-school-1f8dd040aca25626863e,경북대학교 경영대학원,본교,대구,특수대학원,4,4,4,,,not_tested,not_tested,not_tested,unresolved_no_exact_signature
2024,employment-school-cae63cf1e90a3a3639d2,경북대학교 과학기술대학원,본교,경북,특수대학원,10,10,10,,,not_tested,not_tested,not_tested,unresolved_no_exact_signature
2024,employment-school-620d397dc9ae06535f80,경북대학교 교육대학원,본교,대구,특수대학원,28,28,28,,,not_tested,not_tested,not_tested,unresolved_no_exact_signature
2024,employment-school-da439493ee900579fd91,경북대학교 국제대학원,본교,대구,특수대학원,7,7,7,,,not_tested,not_tested,not_tested,unresolved_no_exact_signature
2024,employment-school-6599a0566995a3c80b65,경북대학교 농업생명융합대학원,본교,대구,특수대학원,4,4,4,,,not_tested,not_tested,not_tested,unresolved_no_exact_signature
2024,employment-school-f34294f9d2e8cdbbc348,경북대학교 데이터사이언스대학원,본교,대구,전문대학원,1,1,1,,,not_tested,not_tested,not_tested,unresolved_signature_too_small
2024,employment-school-e6c39249904887c5b4ce,경북대학교 법학전문대학원,본교,대구,전문대학원,1,1,1,,,not_tested,not_tested,not_tested,unresolved_signature_too_small
2024,employment-school-debba099705aab1d1758,경북대학교 보건대학원,본교,대구,특수대학원,2,2,2,,,not_tested,not_tested,not_tested,unresolved_signature_too_small
2024,employment-school-03c03589e23a77dbcd93,경북대학교 산업대학원,본교,대구,특수대학원,15,15,15,,,not_tested,not_tested,not_tested,unresolved_no_exact_signature
2024,employment-school-5446896fcc974f656830,경북대학교 수사과학대학원,본교,대구,특수대학원,3,3,3,,,not_tested,not_tested,not_tested,unresolved_no_exact_signature
2024,employment-school-ca978463d4add2165d19,경북대학교 스마트농생명식품융합대학원,본교,대구,특수대학원,6,6,6,,,not_tested,not_tested,not_tested,unresolved_no_exact_signature
2024,employment-school-2f6f95aeebb91fedc8ce,경북대학교 일반대학원,본교,대구,일반대학원,132,132,132,,,not_tested,not_tested,not_tested,unresolved_no_exact_signature
2024,employment-school-9355632b07935acfda6c,경북대학교 정책정보대학원,본교,대구,특수대학원,8,8,8,,,not_tested,not_tested,not_tested,unresolved_no_exact_signature
2024,employment-school-884e302df45c2d7bf12a,경북대학교 치의학전문대학원,본교,대구,전문대학원,1,1,1,,,not_tested,not_tested,not_tested,unresolved_signature_too_small
2024,employment-school-efab2a083bfd9710bdac,경북대학교 행정대학원,본교,대구,특수대학원,4,4,4,,,not_tested,not_tested,not_tested,unresolved_no_exact_signature
2024,employment-school-cca3dece1ecf38ff3696,경북도립대학교,본교,경북,전문대학,18,18,18,,,not_tested,not_tested,not_tested,unresolved_no_exact_signature
2024,employment-school-793df834336f48973742,경북보건대학교,본교,경북,전문대학,7,7,7,,,not_tested,not_tested,not_tested,unresolved_no_exact_signature
2024,employment-school-f86bd31e746b51f318f0,경북전문대학교,본교,경북,전문대학,27,27,27,,,not_tested,not_tested,not_tested,unresolved_no_exact_signature
2024,employment-school-b7da602b708c88631535,경상국립대학교,본교,경남,대학,99,98,99,,,not_tested,not_tested,not_tested,unresolved_no_exact_signature
2024,employment-school-034faf1d7440ad3ccbcb,경상국립대학교 건축도시토목대학원,본교,경남,특수대학원,4,4,4,,,not_tested,not_tested,not_tested,unresolved_no_exact_signature
2024,employment-school-a95187b61d4dcb1e6424,경상국립대학교 경영대학원,본교,경남,특수대학원,3,3,3,,,not_tested,not_tested,not_tested,unresolved_no_exact_signature
2024,employment-school-112db0c0218163cb20b4,경상국립대학교 교육대학원,본교,경남,특수대학원,22,22,22,,,not_tested,not_tested,not_tested,unresolved_no_exact_signature
2024,employment-school-e70c3b9d7a723cd2842a,경상국립대학교 대학원,본교,경남,일반대학원,95,95,95,,,not_tested,not_tested,not_tested,unresolved_no_exact_signature
2024,employment-school-c9f429fb9d082417aca1,경상국립대학교 보건대학원,본교,경남,특수대학원,1,1,1,,,not_tested,not_tested,not_tested,unresolved_signature_too_small
2024,employment-school-4cffcc4b1c10458e4339,경상국립대학교 산업복지대학원,본교,경남,특수대학원,5,5,5,,,not_tested,not_tested,not_tested,unresolved_no_exact_signature
2024,employment-school-3d6d3ac7d0c87de64c2f,경상국립대학교 스마트미래농업대학원,본교,경남,특수대학원,1,1,1,,,not_tested,not_tested,not_tested,unresolved_signature_too_small
2024,employment-school-88c40397412ddb1c6295,경상국립대학교 융합과학기술대학원,본교,경남,특수대학원,15,15,15,,,not_tested,not_tested,not_tested,unresolved_no_exact_signature
2024,employment-school-1561772dd581fe1e79aa,경상국립대학교 의학전문대학원,본교,경남,전문대학원,1,1,1,,,not_tested,not_tested,not_tested,unresolved_signature_too_small
2024,employment-school-e8496b5f162ea8deff59,경상국립대학교 창업대학원,본교,경남,특수대학원,2,2,2,,,not_tested,not_tested,not_tested,unresolved_signature_too_small
2024,employment-school-9fae4c510b9cd240565e,경상국립대학교 항공우주특성화대학원,본교,경남,특수대학원,1,1,1,,,not_tested,not_tested,not_tested,unresolved_signature_too_small
2024,employment-school-0a7bc0e16c83fd41ad1e,경상국립대학교 행정대학원,본교,경남,특수대학원,5,5,5,,,not_tested,not_tested,not_tested,unresolved_no_exact_signature
2024,employment-school-66778ca5ac10e5d48a0b,경성대학교,본교,부산,대학,70,69,70,,,not_tested,not_tested,not_tested,unresolved_no_exact_signature
2024,employment-school-95907b9a3f9dead4def6,경성대학교 경영대학원,본교,부산,특수대학원,1,1,1,,,not_tested,not_tested,not_tested,unresolved_signature_too_small
2024,employment-school-a8b147e47f17160bc4f0,경성대학교 교육대학원,본교,부산,특수대학원,6,6,6,,,not_tested,not_tested,not_tested,unresolved_no_exact_signature
2024,employment-school-2f65c13acb4d5d09c612,경성대학교 사회복지대학원,본교,부산,특수대학원,1,1,1,,,not_tested,not_tested,not_tested,unresolved_signature_too_small
2024,employment-school-f02cb5ebc1724eec8ca5,경성대학교 예술종합대학원,본교,부산,특수대학원,1,1,1,,,not_tested,not_tested,not_tested,unresolved_signature_too_small
2024,employment-school-803599e2aed875a44255,경성대학교 일반대학원,본교,부산,일반대학원,34,34,34,,,not_tested,not_tested,not_tested,unresolved_no_exact_signature
2024,employment-school-38a4ecf0df80e272cbe3,경성대학교 임상약학보건대학원,본교,부산,특수대학원,1,1,1,,,not_tested,not_tested,not_tested,unresolved_signature_too_small
2024,employment-school-cc81bfb8b7d2abde9c53,경안대학원대학교,본교,경북,전문대학원,3,3,3,4745576679,unique_exact_department_signature,true,false,true,candidate_0101_context_conflict
2024,employment-school-00c3c7e567c7622b599d,경운대학교,본교,경북,대학,31,31,31,,,not_tested,not_tested,not_tested,unresolved_no_exact_signature
2024,employment-school-81e689939c1ee7b3a834,경운대학교 사회복지대학원,본교,경북,특수대학원,2,2,2,,,not_tested,not_tested,not_tested,unresolved_signature_too_small
2024,employment-school-22bf0cfdf636711a283f,경운대학교 산업정보대학원,본교,경북,특수대학원,4,4,4,,,not_tested,not_tested,not_tested,unresolved_no_exact_signature
2024,employment-school-22624848cf01370a0574,경운대학교 일반대학원,본교,경북,일반대학원,10,10,10,,,not_tested,not_tested,not_tested,unresolved_no_exact_signature
2024,employment-school-843b3ed876cba79f8230,경인교육대학교,캠퍼스,경기,교육대학,14,14,14,,,not_tested,not_tested,not_tested,unresolved_no_exact_signature
2024,employment-school-2a01b4b6dbe7a4da1d14,경인교육대학교 교육전문대학원,본교,인천,전문대학원,29,29,29,,,not_tested,not_tested,not_tested,unresolved_no_exact_signature
2024,employment-school-8a388715e7195e0e578e,경인여자대학교,본교,인천,전문대학,48,48,48,,,not_tested,not_tested,not_tested,unresolved_no_exact_signature
2024,employment-school-e727b2993745253337ad,경일대학교,본교,경북,대학,35,35,35,,,not_tested,not_tested,not_tested,unresolved_no_exact_signature
2024,employment-school-b03d2bc86d674d6da78e,경일대학교 K-글로벌대학원,본교,경북,특수대학원,1,1,1,,,not_tested,not_tested,not_tested,unresolved_signature_too_small
2024,employment-school-19ea6252c6deff92a57a,경일대학교 보건복지대학원,본교,경북,특수대학원,1,1,1,,,not_tested,not_tested,not_tested,unresolved_signature_too_small
2024,employment-school-5bd3c8e1b8c534128cd0,경일대학교 산업경영대학원,본교,경북,특수대학원,1,1,1,,,not_tested,not_tested,not_tested,unresolved_signature_too_small
2024,employment-school-0016b5b1e6cce3f529d3,경일대학교 일반대학원,본교,경북,일반대학원,17,17,17,,,not_tested,not_tested,not_tested,unresolved_no_exact_signature
2024,employment-school-5c1793a960822abdcf3f,경희대학교,본교,서울,대학,96,95,96,,,not_tested,not_tested,not_tested,unresolved_no_exact_signature
2024,employment-school-e537e8510db00af6292a,경희대학교 간호대학원,본교,서울,특수대학원,1,1,1,,,not_tested,not_tested,not_tested,unresolved_signature_too_small
2024,employment-school-152e8d766f75e47ce449,경희대학교경영대학원,본교,서울,특수대학원,21,21,21,,,not_tested,not_tested,not_tested,unresolved_no_exact_signature
2024,employment-school-e257a0c34781776bb075,경희대학교 공공대학원,본교,서울,특수대학원,5,5,5,,,not_tested,not_tested,not_tested,unresolved_no_exact_signature
2024,employment-school-d29d6ec84e6958d42b86,경희대학교관광대학원,본교,서울,특수대학원,7,7,7,,,not_tested,not_tested,not_tested,unresolved_no_exact_signature
2024,employment-school-afb4024a58a7f0d08b16,경희대학교교육대학원,본교,서울,특수대학원,26,26,26,,,not_tested,not_tested,not_tested,unresolved_no_exact_signature
2024,employment-school-baed28e82ae80130883b,경희대학교 국제대학원,본교,경기,전문대학원,4,4,4,,,not_tested,not_tested,not_tested,unresolved_no_exact_signature
2024,employment-school-357a005c5b1dbbb0f4b3,경희대학교대학원,본교,서울,일반대학원,98,98,98,,,not_tested,not_tested,not_tested,unresolved_no_exact_signature
2024,employment-school-6acc2fa013355932ab5f,경희대학교 동서의학대학원,본교,경기,전문대학원,9,9,9,,,not_tested,not_tested,not_tested,unresolved_no_exact_signature
2024,employment-school-f79dac2e824502cc9258,경희대학교 미디어커뮤니케이션대학원,본교,서울,특수대학원,3,3,3,,,not_tested,not_tested,not_tested,unresolved_no_exact_signature
2024,employment-school-9edf8a642729350cf299,경희대학교 법무대학원,본교,서울,특수대학원,4,4,4,,,not_tested,not_tested,not_tested,unresolved_no_exact_signature
2024,employment-school-2bc098f6fef55398909f,경희대학교 법학전문대학원,본교,서울,전문대학원,1,1,1,,,not_tested,not_tested,not_tested,unresolved_signature_too_small
2024,employment-school-ccd40d1dc63d4633411a,경희대학교 아트퓨전디자인대학원,본교,경기,특수대학원,2,2,2,,,not_tested,not_tested,not_tested,unresolved_signature_too_small
2024,employment-school-bc908468df695fe718e0,경희대학교 체육대학원,본교,경기,전문대학원,6,6,6,,,not_tested,not_tested,not_tested,unresolved_no_exact_signature
2024,employment-school-e59068d2968f9de06527,경희대학교 테크노경영대학원,본교,경기,특수대학원,8,8,8,,,not_tested,not_tested,not_tested,unresolved_no_exact_signature
2024,employment-school-3936c7c7198a7bf94cda,경희대학교평화복지대학원,본교,경기,특수대학원,3,3,3,,,not_tested,not_tested,not_tested,unresolved_no_exact_signature
2024,employment-school-55660422d0cafa8e296e,경희사이버대학교,본교,서울,사이버대학(대학),42,42,42,,,not_tested,not_tested,not_tested,unresolved_no_exact_signature
2024,employment-school-54ae9a7f5ed444aeea13,경희사이버대학교 문화창조대학원,본교,서울,특수대학원,4,4,4,,,not_tested,not_tested,not_tested,unresolved_no_exact_signature
2024,employment-school-0be2c28a70922d009e23,경희사이버대학교 호텔관광대학원,본교,서울,특수대학원,2,2,2,,,not_tested,not_tested,not_tested,unresolved_signature_too_small
2024,employment-school-a11785a275031021ea7c,계명대학교,본교,대구,대학,88,88,88,,,not_tested,not_tested,not_tested,unresolved_no_exact_signature
2024,employment-school-fb3d0e46dd3ee3f27cc2,계명대학교 경영대학원,본교,대구,특수대학원,2,2,2,,,not_tested,not_tested,not_tested,unresolved_signature_too_small
2024,employment-school-6c11ac79570f6fe1f85d,계명대학교 교육대학원,본교,대구,특수대학원,16,16,16,,,not_tested,not_tested,not_tested,unresolved_no_exact_signature
2024,employment-school-b349d7d710294cbde872,계명대학교 글로벌창업대학원,본교,대구,특수대학원,2,2,2,,,not_tested,not_tested,not_tested,unresolved_signature_too_small
2024,employment-school-e457277e589d1141a9bb,계명대학교 대학원,본교,대구,일반대학원,58,58,58,,,not_tested,not_tested,not_tested,unresolved_no_exact_signature
2024,employment-school-8917e1a8dc0b2e1251d7,계명대학교 스포츠산업대학원,본교,대구,특수대학원,2,2,2,,,not_tested,not_tested,not_tested,unresolved_signature_too_small
2024,employment-school-54699277205014a01d2c,계명대학교 연합신학대학원,본교,대구,특수대학원,3,3,3,,,not_tested,not_tested,not_tested,unresolved_no_exact_signature
2024,employment-school-1d1b9c3e08cdbbae0486,계명대학교 예술대학원,본교,대구,특수대학원,4,4,4,,,not_tested,not_tested,not_tested,unresolved_no_exact_signature
2024,employment-school-af67a3b6cd7576b1bbc9,계명대학교 유아교육대학원,본교,대구,특수대학원,2,2,2,,,not_tested,not_tested,not_tested,unresolved_signature_too_small
2024,employment-school-fa7e299bb98b462f7875,계명대학교 정책대학원,본교,대구,특수대학원,4,4,4,,,not_tested,not_tested,not_tested,unresolved_no_exact_signature
2024,employment-school-952c40f8630a8dc55821,계명문화대학교,본교,대구,전문대학,49,49,49,,,not_tested,not_tested,not_tested,unresolved_no_exact_signature
2024,employment-school-bc43ac4594fd16e5fb14,계원예술대학교,본교,경기,전문대학,28,28,28,,,not_tested,not_tested,not_tested,unresolved_no_exact_signature
2024,employment-school-bfb5d9644559fef94c24,고려대학교,본교,서울,대학,63,62,63,,,not_tested,not_tested,not_tested,unresolved_no_exact_signature
2024,employment-school-23f1a4872c08cb220182,고려대학교 KU-KIST융합대학원,본교,서울,전문대학원,1,1,1,,,not_tested,not_tested,not_tested,unresolved_signature_too_small
2024,employment-school-dac66508f165c1882875,고려대학교 경영전문대학원,본교,서울,전문대학원,5,5,5,,,not_tested,not_tested,not_tested,unresolved_no_exact_signature
2024,employment-school-9f95778c2b31d2e61d49,고려대학교 공학대학원,본교,서울,특수대학원,4,4,4,,,not_tested,not_tested,not_tested,unresolved_no_exact_signature
2024,employment-school-5108da1d79daa4d86ec5,고려대학교 교육대학원,본교,서울,특수대학원,24,24,24,,,not_tested,not_tested,not_tested,unresolved_no_exact_signature
2024,employment-school-1caf9c5a8747feb18aa3,고려대학교 국제대학원,본교,서울,전문대학원,2,2,2,,,not_tested,not_tested,not_tested,unresolved_signature_too_small
2024,employment-school-631fc55a30e004836712,고려대학교 그린스쿨(에너지환경정책기술대학원),본교,서울,전문대학원,1,1,1,,,not_tested,not_tested,not_tested,unresolved_signature_too_small
2024,employment-school-6dbb6d36a051d501bb8a,고려대학교 기술경영전문대학원,본교,서울,전문대학원,3,3,3,,,not_tested,not_tested,not_tested,unresolved_no_exact_signature
2024,employment-school-25d18ba5369c25efff1a,고려대학교 노동대학원,본교,서울,특수대학원,5,5,5,,,not_tested,not_tested,not_tested,unresolved_no_exact_signature
2024,employment-school-f0c170a326a4bd9bcfdc,고려대학교 대학원,본교,서울,일반대학원,88,88,88,,,not_tested,not_tested,not_tested,unresolved_no_exact_signature
2024,employment-school-540580cc5079ea3b0a9c,고려대학교 문화스포츠대학원,분교,세종,특수대학원,3,3,3,,,not_tested,not_tested,not_tested,unresolved_no_exact_signature
2024,employment-school-ee454f0eb98e23cc1bb3,고려대학교 미디어대학원,본교,서울,특수대학원,4,4,4,,,not_tested,not_tested,not_tested,unresolved_no_exact_signature
2024,employment-school-31ef50b3b3b880dd353d,고려대학교 법무대학원,본교,서울,특수대학원,8,8,8,,,not_tested,not_tested,not_tested,unresolved_no_exact_signature
2024,employment-school-992703f5894f8cab3eba,고려대학교 법학전문대학원,본교,서울,전문대학원,1,1,1,,,not_tested,not_tested,not_tested,unresolved_signature_too_small
2024,employment-school-48c188cc0d0831e54e33,고려대학교 보건대학원,본교,서울,특수대학원,5,5,5,,,not_tested,not_tested,not_tested,unresolved_no_exact_signature
2024,employment-school-e5481252b704d0438be5,고려대학교 생명환경과학대학원,본교,서울,특수대학원,6,6,6,,,not_tested,not_tested,not_tested,unresolved_no_exact_signature
2024,employment-school-fb1638a475bb1f7330fa,고려대학교 세종캠퍼스,분교,세종,대학,54,54,54,,,not_tested,not_tested,not_tested,unresolved_no_exact_signature
2024,employment-school-a823a1b30ce0c410bc13,고려대학교 세종캠퍼스 경영정보대학원,분교,세종,특수대학원,6,6,6,,,not_tested,not_tested,not_tested,unresolved_no_exact_signature
2024,employment-school-6807167e1f72e0874234,고려대학교 세종캠퍼스 융합과학대학원,분교,세종,특수대학원,4,4,4,,,not_tested,not_tested,not_tested,unresolved_no_exact_signature
2024,employment-school-2406432bbdf793c72c53,고려대학교 세종캠퍼스 의용과학대학원,분교,세종,특수대학원,3,3,3,,,not_tested,not_tested,not_tested,unresolved_no_exact_signature
2024,employment-school-eded51c3993335530d87,고려대학교 세종캠퍼스 인문정보대학원,분교,세종,특수대학원,1,1,1,,,not_tested,not_tested,not_tested,unresolved_signature_too_small
2024,employment-school-6fac7451c56ab88585df,고려대학교 세종캠퍼스 창업경영대학원,분교,세종,특수대학원,5,5,5,,,not_tested,not_tested,not_tested,unresolved_no_exact_signature
2024,employment-school-8584134c3f4b5941c524,고려대학교 세종캠퍼스 행정대학원,분교,세종,특수대학원,2,2,2,,,not_tested,not_tested,not_tested,unresolved_signature_too_small
2024,employment-school-31f8579c595e3db4efba,고려대학교 세종캠퍼스 행정전문대학원,분교,세종,전문대학원,2,2,2,,,not_tested,not_tested,not_tested,unresolved_signature_too_small
2024,employment-school-9f18cffda655b3107d01,고려대학교 언론대학원,본교,서울,특수대학원,5,5,5,,,not_tested,not_tested,not_tested,unresolved_no_exact_signature
2024,employment-school-f43e7a56aaa2c6f0bb0a,고려대학교 에너지환경대학원(그린스쿨),본교,서울,전문대학원,2,2,2,,,not_tested,not_tested,not_tested,unresolved_signature_too_small
2024,employment-school-68824142728b3595cd9e,고려대학교 일반대학원,분교,세종,일반대학원,28,28,28,,,not_tested,not_tested,not_tested,unresolved_no_exact_signature
2024,employment-school-b3303c870757bb1bd9ea,고려대학교 임상치의학대학원,본교,서울,특수대학원,3,3,3,,,not_tested,not_tested,not_tested,unresolved_no_exact_signature
2024,employment-school-0ebc597b614d631c3e30,고려대학교 정보보호대학원,본교,서울,전문대학원,7,7,7,,,not_tested,not_tested,not_tested,unresolved_no_exact_signature
2024,employment-school-ce0d610cb0061b346b72,고려대학교 정책대학원,본교,서울,특수대학원,10,10,10,,,not_tested,not_tested,not_tested,unresolved_no_exact_signature
2024,employment-school-02999f9cdd1ad4f7aafe,고려대학교 컴퓨터정보통신대학원,본교,서울,특수대학원,5,5,5,,,not_tested,not_tested,not_tested,unresolved_no_exact_signature
2024,employment-school-d22d631ce50fd29da9cb,고려사이버대학교,본교,서울,사이버대학(대학),22,22,22,,,not_tested,not_tested,not_tested,unresolved_no_exact_signature
2024,employment-school-1bcc198bbbdb6682c373,고려사이버대학교 융합정보대학원,본교,서울,특수대학원,1,1,1,,,not_tested,not_tested,not_tested,unresolved_signature_too_small
2024,employment-school-244bb3797d3ccf86f805,고신대학교,본교,부산,대학,31,30,31,,,not_tested,not_tested,not_tested,unresolved_no_exact_signature
2024,employment-school-c3e18ae98601a0493c6e,고신대학교교육대학원,본교,부산,특수대학원,5,5,5,,,not_tested,not_tested,not_tested,unresolved_no_exact_signature
2024,employment-school-99ac9bbce3f44cf3c63b,고신대학교 교회음악대학원,본교,부산,특수대학원,3,3,3,,,not_tested,not_tested,not_tested,unresolved_no_exact_signature
2024,employment-school-c3b6232edec738a79a97,고신대학교기독교상담대학원,본교,부산,특수대학원,1,1,1,,,not_tested,not_tested,not_tested,unresolved_signature_too_small
2024,employment-school-5606672810d0527b9d8e,고신대학교 대학원,본교,부산,일반대학원,10,10,10,,,not_tested,not_tested,not_tested,unresolved_no_exact_signature
2024,employment-school-e7f8b0d7c1ed74dd7359,고신대학교보건대학원,본교,부산,특수대학원,4,4,4,,,not_tested,not_tested,not_tested,unresolved_no_exact_signature
2024,employment-school-38b1384335a70c4b7b7a,고신대학교 선교목회대학원,본교,부산,특수대학원,4,4,4,,,not_tested,not_tested,not_tested,unresolved_no_exact_signature
2024,employment-school-9c97a655631df753b915,고신대학교신학대학원,본교,충남,특수대학원,2,2,2,,,not_tested,not_tested,not_tested,unresolved_signature_too_small
2024,employment-school-95725a133217977cfc65,공주교육대학교,본교,충남,교육대학,12,12,12,,,not_tested,not_tested,not_tested,unresolved_no_exact_signature
2024,employment-school-171bb6d8b8d5c044ff30,공주교육대학교교육대학원,본교,충남,특수대학원,29,29,29,,,not_tested,not_tested,not_tested,unresolved_no_exact_signature
2024,employment-school-21116899db276319eeab,과학기술연합대학원대학교,본교,대전,전문대학원,66,66,66,,,not_tested,not_tested,not_tested,unresolved_no_exact_signature
2024,employment-school-27be82858bc4bad2b8c3,광신대학교,본교,광주,대학,7,7,7,,,not_tested,not_tested,not_tested,unresolved_no_exact_signature
2024,employment-school-6b22e46a52484a904113,광신대학교 국제대학원,본교,광주,특수대학원,2,2,2,,,not_tested,not_tested,not_tested,unresolved_signature_too_small
2024,employment-school-107977a7376085021ec5,광신대학교대학원,본교,광주,일반대학원,9,9,9,,,not_tested,not_tested,not_tested,unresolved_no_exact_signature
2024,employment-school-787f132acb8c45675da5,광신대학교 사회복지대학원,본교,광주,특수대학원,2,2,2,,,not_tested,not_tested,not_tested,unresolved_signature_too_small
2024,employment-school-a25fa7efa859a3f396b5,광신대학교상담치료대학원,본교,광주,특수대학원,5,5,5,,,not_tested,not_tested,not_tested,unresolved_no_exact_signature
2024,employment-school-16daa8102db328364ce4,광신대학교신학대학원,본교,광주,특수대학원,2,2,2,,,not_tested,not_tested,not_tested,unresolved_signature_too_small
2024,employment-school-438e9bbde4c3d41672c3,광신대학교 음악대학원,본교,광주,특수대학원,2,2,2,,,not_tested,not_tested,not_tested,unresolved_signature_too_small
2024,employment-school-f5caae21583a35e8f522,광양보건대학교,본교,전남,전문대학,6,6,6,,,not_tested,not_tested,not_tested,unresolved_no_exact_signature
2024,employment-school-6dc39f2e8cdddd4bd198,광운대학교,본교,서울,대학,37,37,37,,,not_tested,not_tested,not_tested,unresolved_no_exact_signature
2024,employment-school-625591a8d764590406d9,광운대학교 건설법무대학원,본교,서울,특수대학원,3,3,3,,,not_tested,not_tested,not_tested,unresolved_no_exact_signature
2024,employment-school-1c0bff0f5e90f44891cc,광운대학교 경영대학원,본교,서울,특수대학원,4,4,4,,,not_tested,not_tested,not_tested,unresolved_no_exact_signature
2024,employment-school-cc0761eaf56d4f571c56,광운대학교교육대학원,본교,서울,특수대학원,8,8,8,,,not_tested,not_tested,not_tested,unresolved_no_exact_signature
2024,employment-school-11b87ae6ce748a82bffd,광운대학교대학원,본교,서울,일반대학원,40,40,40,,,not_tested,not_tested,not_tested,unresolved_no_exact_signature
2024,employment-school-6b25a7fbbc68f08ef628,광운대학교 상담복지정책대학원,본교,서울,특수대학원,2,2,2,,,not_tested,not_tested,not_tested,unresolved_signature_too_small
2024,employment-school-87df1d3a48d45f0f8533,광운대학교 스마트융합대학원,본교,서울,특수대학원,7,7,7,,,not_tested,not_tested,not_tested,unresolved_no_exact_signature
2024,employment-school-cb609b5684212b2b9af8,광운대학교 환경대학원,본교,서울,특수대학원,3,3,3,,,not_tested,not_tested,not_tested,unresolved_no_exact_signature
2024,employment-school-f7fecbac229ecb1352d9,광주가톨릭대학교,본교,전남,대학,1,1,1,,,not_tested,not_tested,not_tested,unresolved_signature_too_small
2024,employment-school-24c761faf9d0fbb6a56e,광주가톨릭대학교대학원,본교,전남,일반대학원,1,1,1,,,not_tested,not_tested,not_tested,unresolved_signature_too_small
2024,employment-school-5955bc8b4b9e80f620e2,광주과학기술원,본교,광주,대학,7,7,7,,,not_tested,not_tested,not_tested,unresolved_no_exact_signature
2024,employment-school-d88844bb6eecfedd270b,광주과학기술원 일반대학원,본교,광주,일반대학원,11,11,11,,,not_tested,not_tested,not_tested,unresolved_no_exact_signature
2024,employment-school-3e002d9f3a4106daefba,광주교육대학교,본교,광주,교육대학,13,13,13,7730154871,unique_exact_department_college_signature,true,true,true,candidate_signature_context_confirmed
2024,employment-school-b83cad2e8fbbd544b694,광주교육대학교교육대학원,본교,광주,특수대학원,25,25,25,,,not_tested,not_tested,not_tested,unresolved_no_exact_signature
2024,employment-school-895adfed5ef05be3321d,광주대학교,본교,광주,대학,41,41,41,,,not_tested,not_tested,not_tested,unresolved_no_exact_signature
2024,employment-school-443b1cf90e6c59b3ee92,광주대학교 보건상담정책대학원,본교,광주,특수대학원,7,7,7,,,not_tested,not_tested,not_tested,unresolved_no_exact_signature
2024,employment-school-ce7861122d927f7b110d,광주대학교사회복지전문대학원,본교,광주,전문대학원,1,1,1,,,not_tested,not_tested,not_tested,unresolved_signature_too_small
2024,employment-school-4c214d424288de396853,광주대학교 일반대학원,본교,광주,일반대학원,24,24,24,,,not_tested,not_tested,not_tested,unresolved_no_exact_signature
2024,employment-school-2718b929c26582c39dd2,광주보건대학교,본교,광주,전문대학,14,14,14,,,not_tested,not_tested,not_tested,unresolved_no_exact_signature
2024,employment-school-60acf2d601534764a099,광주여자대학교,본교,광주,대학,20,20,20,,,not_tested,not_tested,not_tested,unresolved_no_exact_signature
2024,employment-school-55e061e9ed1e7d64c7bb,광주여자대학교교육대학원,본교,광주,특수대학원,3,3,3,,,not_tested,not_tested,not_tested,unresolved_no_exact_signature
2024,employment-school-908866cdd4d4327ba137,광주여자대학교 사회개발대학원,본교,광주,특수대학원,8,8,8,,,not_tested,not_tested,not_tested,unresolved_no_exact_signature
2024,employment-school-69a1da397e51a7be2645,광주여자대학교 일반대학원,본교,광주,일반대학원,8,8,8,,,not_tested,not_tested,not_tested,unresolved_no_exact_signature
2024,employment-school-1055220f0bd9a3ad17c1,구미대학교,본교,경북,전문대학,44,44,44,,,not_tested,not_tested,not_tested,unresolved_no_exact_signature
2024,employment-school-462af11c9b7c9fc71d5e,구세군사관대학원대학교,본교,경기,특수대학원,2,2,2,,,not_tested,not_tested,not_tested,unresolved_signature_too_small
2024,employment-school-0376cc160c68b54c6f95,국립강릉원주대학교,본교,강원,대학,49,49,49,,,not_tested,not_tested,not_tested,unresolved_no_exact_signature
2024,employment-school-a215fb837c30fbdb7642,국립강릉원주대학교,캠퍼스,강원,대학,11,11,11,,,not_tested,not_tested,not_tested,unresolved_no_exact_signature
2024,employment-school-fbe8ba3ef3fa912ceaa5,국립강릉원주대학교경영정책과학대학원,본교,강원,특수대학원,3,3,3,,,not_tested,not_tested,not_tested,unresolved_no_exact_signature
2024,employment-school-cdecf8bc89c3c285cdf8,국립강릉원주대학교경영정책과학대학원,캠퍼스,강원,특수대학원,2,2,2,,,not_tested,not_tested,not_tested,unresolved_signature_too_small
2024,employment-school-327f182ec787640a2429,국립강릉원주대학교교육대학원,본교,강원,특수대학원,9,9,9,,,not_tested,not_tested,not_tested,unresolved_no_exact_signature
2024,employment-school-a96bff03addbb4c4a005,국립강릉원주대학교교육대학원,캠퍼스,강원,특수대학원,2,2,2,,,not_tested,not_tested,not_tested,unresolved_signature_too_small
2024,employment-school-727ab6cf26c92f3e8744,국립강릉원주대학교대학원,본교,강원,일반대학원,30,30,30,,,not_tested,not_tested,not_tested,unresolved_no_exact_signature
2024,employment-school-9dd0bed412075fd624c7,국립강릉원주대학교대학원,캠퍼스,강원,일반대학원,8,8,8,,,not_tested,not_tested,not_tested,unresolved_no_exact_signature
2024,employment-school-ac052dd3f26a36835765,국립강릉원주대학교산업대학원,본교,강원,특수대학원,4,4,4,,,not_tested,not_tested,not_tested,unresolved_no_exact_signature
2024,employment-school-99a10a1d1f7088eb3ce5,국립강릉원주대학교산업대학원,캠퍼스,강원,특수대학원,5,5,5,,,not_tested,not_tested,not_tested,unresolved_no_exact_signature
2024,employment-school-df58fd26f1ffafd53299,국립공주대학교,본교,충남,대학,116,116,116,,,not_tested,not_tested,not_tested,unresolved_no_exact_signature
2024,employment-school-aeb75071b450dda00a1e,국립공주대학교 경영대학원,본교,충남,특수대학원,1,1,1,,,not_tested,not_tested,not_tested,unresolved_signature_too_small
2024,employment-school-49b90ce376d24523b3ae,국립공주대학교교육대학원,본교,충남,특수대학원,29,29,29,,,not_tested,not_tested,not_tested,unresolved_no_exact_signature
2024,employment-school-b81b348fbc4b2704e8a1,국립공주대학교 국가사회안전대학원,본교,충남,특수대학원,5,5,5,,,not_tested,not_tested,not_tested,unresolved_no_exact_signature
2024,employment-school-73f020a380c63c68969b,국립공주대학교대학원,본교,충남,일반대학원,81,81,81,,,not_tested,not_tested,not_tested,unresolved_no_exact_signature
2024,employment-school-9f95f0e85850886ddaea,국립공주대학교 문화유산대학원,본교,충남,특수대학원,1,1,1,,,not_tested,not_tested,not_tested,unresolved_signature_too_small
2024,employment-school-efb9f70b8e908aa62e72,국립공주대학교산업과학대학원,본교,충남,특수대학원,9,9,9,,,not_tested,not_tested,not_tested,unresolved_no_exact_signature
2024,employment-school-22fd4f05c26d4b63a430,국립공주대학교 정책융합전문대학원,본교,충남,전문대학원,3,3,3,,,not_tested,not_tested,not_tested,unresolved_no_exact_signature
2024,employment-school-9016578e27d9b356d312,국립공주대학교 테크노융합대학원,본교,충남,특수대학원,5,5,5,,,not_tested,not_tested,not_tested,unresolved_no_exact_signature
2024,employment-school-1615c2d1a41d5d50e83b,국립공주대학교특수교육대학원,본교,충남,특수대학원,6,6,6,,,not_tested,not_tested,not_tested,unresolved_no_exact_signature
2024,employment-school-6e8e1883a64b456d019e,국립군산대학교,본교,전북,대학,86,69,86,,,not_tested,not_tested,not_tested,unresolved_no_exact_signature
2024,employment-school-6079fc2589ddfb8ac9e8,국립군산대학교경영행정대학원,본교,전북,특수대학원,4,4,4,,,not_tested,not_tested,not_tested,unresolved_no_exact_signature
2024,employment-school-55ddf5c61736c626374e,국립군산대학교교육대학원,본교,전북,특수대학원,7,7,7,,,not_tested,not_tested,not_tested,unresolved_no_exact_signature
2024,employment-school-1be2754719451e4d12aa,국립군산대학교대학원,본교,전북,일반대학원,31,31,31,,,not_tested,not_tested,not_tested,unresolved_no_exact_signature
2024,employment-school-7562a9d414d1e412a930,국립군산대학교산업대학원,본교,전북,특수대학원,9,9,9,,,not_tested,not_tested,not_tested,unresolved_no_exact_signature
2024,employment-school-9a4557681d17e397c9a6,국립금오공과대학교,본교,경북,대학,37,37,37,,,not_tested,not_tested,not_tested,unresolved_no_exact_signature
2024,employment-school-7929d437b6411faafdb3,국립금오공과대학교교육대학원,본교,경북,특수대학원,4,4,4,,,not_tested,not_tested,not_tested,unresolved_no_exact_signature
2024,employment-school-c240fd930a7b0c25a40c,국립금오공과대학교대학원,본교,경북,일반대학원,20,20,20,,,not_tested,not_tested,not_tested,unresolved_no_exact_signature
2024,employment-school-8bbf0a138624914935d3,국립금오공과대학교산업대학원,본교,경북,특수대학원,8,8,8,,,not_tested,not_tested,not_tested,unresolved_no_exact_signature
2024,employment-school-48b257338877fe58aa4c,국립금오공과대학교 컨설팅대학원,본교,경북,특수대학원,1,1,1,,,not_tested,not_tested,not_tested,unresolved_signature_too_small
2024,employment-school-fcd84f3dbcd92e8e430b,국립목포대학교,본교,전남,대학,66,66,66,,,not_tested,not_tested,not_tested,unresolved_no_exact_signature
2024,employment-school-8ce33966e61a6ef7186a,국립목포대학교경영행정대학원,본교,전남,특수대학원,9,9,9,,,not_tested,not_tested,not_tested,unresolved_no_exact_signature
2024,employment-school-4861417b110b4110c40c,국립목포대학교 교육대학원,본교,전남,특수대학원,14,14,14,,,not_tested,not_tested,not_tested,unresolved_no_exact_signature
2024,employment-school-efdcec3b8f2ce561d3d8,국립목포대학교대학원,본교,전남,일반대학원,42,42,42,,,not_tested,not_tested,not_tested,unresolved_no_exact_signature
2024,employment-school-353fd2da872d48e1065b,국립목포대학교산업기술대학원,본교,전남,특수대학원,12,12,12,,,not_tested,not_tested,not_tested,unresolved_no_exact_signature
2024,employment-school-67990b842182c3e01570,국립목포해양대학교,본교,전남,대학,16,16,16,,,not_tested,not_tested,not_tested,unresolved_no_exact_signature
2024,employment-school-0e2149306c78b95e1fe9,국립목포해양대학교대학원,본교,전남,일반대학원,4,4,4,,,not_tested,not_tested,not_tested,unresolved_no_exact_signature
2024,employment-school-253f3fdb83d65634b33a,국립목포해양대학교해양산업대학원,본교,전남,특수대학원,2,2,2,,,not_tested,not_tested,not_tested,unresolved_signature_too_small
2024,employment-school-a907ec585738c8076ef3,국립부경대학교,본교,부산,대학,90,90,90,,,not_tested,not_tested,not_tested,unresolved_no_exact_signature
2024,employment-school-12fc45e0496dd2715cd3,국립부경대학교 경영대학원,본교,부산,특수대학원,6,6,6,,,not_tested,not_tested,not_tested,unresolved_no_exact_signature
2024,employment-school-d957322273bde1d41d00,국립부경대학교 교육대학원,본교,부산,특수대학원,15,15,15,,,not_tested,not_tested,not_tested,unresolved_no_exact_signature
2024,employment-school-6ce02a2cce8a7186d883,국립부경대학교 글로벌수산대학원,본교,부산,특수대학원,5,5,5,,,not_tested,not_tested,not_tested,unresolved_no_exact_signature
2024,employment-school-1cdf84af6e894b6c7854,국립부경대학교 글로벌정책대학원,본교,부산,특수대학원,11,11,11,,,not_tested,not_tested,not_tested,unresolved_no_exact_signature
2024,employment-school-a4d1b079031fba6aa9a5,국립부경대학교 기술경영전문대학원,본교,부산,전문대학원,1,1,1,,,not_tested,not_tested,not_tested,unresolved_signature_too_small
2024,employment-school-b3061c5ff7ee080cac42,국립부경대학교대학원,본교,부산,일반대학원,88,88,88,,,not_tested,not_tested,not_tested,unresolved_no_exact_signature
2024,employment-school-87ba05d800eaca2a43ab,국립부경대학교 산업대학원,본교,부산,특수대학원,20,20,20,,,not_tested,not_tested,not_tested,unresolved_no_exact_signature
2024,employment-school-9c7db6ce7fa5f8aef44a,국립순천대학교,본교,전남,대학,68,66,68,,,not_tested,not_tested,not_tested,unresolved_no_exact_signature
2024,employment-school-197f8a9ab030e741be59,국립순천대학교경영행정대학원,본교,전남,특수대학원,2,2,2,,,not_tested,not_tested,not_tested,unresolved_signature_too_small
2024,employment-school-de5d45f115eacc7e5299,국립순천대학교교육대학원,본교,전남,특수대학원,11,11,11,,,not_tested,not_tested,not_tested,unresolved_no_exact_signature
2024,employment-school-f9952eecb39160e6b597,국립순천대학교 사회문화예술대학원,본교,전남,특수대학원,2,2,2,,,not_tested,not_tested,not_tested,unresolved_signature_too_small
2024,employment-school-1f8c37e657310cba6458,국립순천대학교산업대학원,본교,전남,특수대학원,6,6,6,,,not_tested,not_tested,not_tested,unresolved_no_exact_signature
2024,employment-school-c44a1ceb79a2641f913b,국립순천대학교일반대학원,본교,전남,일반대학원,54,54,54,,,not_tested,not_tested,not_tested,unresolved_no_exact_signature
2024,employment-school-ea8004c6aca97f47527c,국립안동대학교,본교,경북,대학,55,55,55,,,not_tested,not_tested,not_tested,unresolved_no_exact_signature
2024,employment-school-d166fb24d448b4a0087d,국립안동대학교교육대학원,본교,경북,특수대학원,14,14,14,,,not_tested,not_tested,not_tested,unresolved_no_exact_signature
2024,employment-school-dbbd438336146c1557de,국립안동대학교대학원,본교,경북,일반대학원,36,36,36,,,not_tested,not_tested,not_tested,unresolved_no_exact_signature
2024,employment-school-101dc41bd88ca7e041eb,국립안동대학교 한국문화산업전문대학원,본교,경북,전문대학원,1,1,1,,,not_tested,not_tested,not_tested,unresolved_signature_too_small
2024,employment-school-3fcb6186130c24941723,국립안동대학교행정경영대학원,본교,경북,특수대학원,5,5,5,,,not_tested,not_tested,not_tested,unresolved_no_exact_signature
2024,employment-school-660c2cd67f7a5e4b924f,국립암센터국제암대학원대학교,본교,경기,전문대학원,3,3,3,,,not_tested,not_tested,not_tested,unresolved_no_exact_signature
2024,employment-school-9b4e66277c774909293e,국립창원대학교,본교,경남,대학,59,59,59,,,not_tested,not_tested,not_tested,unresolved_no_exact_signature
2024,employment-school-87eda1aecb717e27269d,국립창원대학교 경영대학원,본교,경남,특수대학원,8,8,8,,,not_tested,not_tested,not_tested,unresolved_no_exact_signature
2024,employment-school-0310c3b317f6882c6e61,국립창원대학교 교육대학원,본교,경남,특수대학원,8,8,8,,,not_tested,not_tested,not_tested,unresolved_no_exact_signature
2024,employment-school-203be3bf6045870a4e2f,국립창원대학교 대학원,본교,경남,일반대학원,48,48,48,,,not_tested,not_tested,not_tested,unresolved_no_exact_signature
2024,employment-school-97c308eb89289d479ae7,국립창원대학교 보건대학원,본교,경남,특수대학원,3,3,3,,,not_tested,not_tested,not_tested,unresolved_no_exact_signature
2024,employment-school-009ef89407dce1218733,국립창원대학교 사회복지대학원,본교,경남,특수대학원,1,1,1,,,not_tested,not_tested,not_tested,unresolved_signature_too_small
2024,employment-school-8df7bc456857c0d367a6,국립창원대학교 산업대학원,본교,경남,특수대학원,12,12,12,,,not_tested,not_tested,not_tested,unresolved_no_exact_signature
2024,employment-school-2abb54229efd6c212762,국립창원대학교 행정대학원,본교,경남,특수대학원,3,3,3,,,not_tested,not_tested,not_tested,unresolved_no_exact_signature
2024,employment-school-43a1e6faf7bd8fba855c,국립한국교통대학교,본교,충북,대학,57,56,57,,,not_tested,not_tested,not_tested,unresolved_no_exact_signature
2024,employment-school-cfecf7291ee241745af0,국립한국교통대학교 교육대학원,본교,충북,특수대학원,4,4,4,,,not_tested,not_tested,not_tested,unresolved_no_exact_signature
2024,employment-school-0d0039f516d3918f305e,국립한국교통대학교 교통대학원,본교,경기,전문대학원,4,4,4,,,not_tested,not_tested,not_tested,unresolved_no_exact_signature
2024,employment-school-7fb7e1e6bf20755ac09f,국립한국교통대학교 글로벌융합대학원,본교,충북,특수대학원,14,14,14,,,not_tested,not_tested,not_tested,unresolved_no_exact_signature
2024,employment-school-e36a609e0d6d5bb0723d,국립한국교통대학교 대학원,본교,충북,일반대학원,29,29,29,,,not_tested,not_tested,not_tested,unresolved_no_exact_signature
2024,employment-school-07c61879f2155afde5c0,국립한국해양대학교,본교,부산,대학,42,41,42,,,not_tested,not_tested,not_tested,unresolved_no_exact_signature
2024,employment-school-e91e38636d2900b4e7b5,국립한국해양대학교 글로벌물류대학원,본교,부산,특수대학원,1,1,1,,,not_tested,not_tested,not_tested,unresolved_signature_too_small
2024,employment-school-204c630c68c274f79ddf,국립한국해양대학교대학원,본교,부산,일반대학원,41,41,41,,,not_tested,not_tested,not_tested,unresolved_no_exact_signature
2024,employment-school-266bdea13cb97f799aff,국립한국해양대학교해사산업대학원,본교,부산,특수대학원,12,12,12,,,not_tested,not_tested,not_tested,unresolved_no_exact_signature
2024,employment-school-f570cbe22f75e842eb5f,국립한국해양대학교 해양과학기술전문대학원,본교,부산,전문대학원,2,2,2,,,not_tested,not_tested,not_tested,unresolved_signature_too_small
2024,employment-school-cd9822b5ab1f212bb6cc,국립한국해양대학교 해양금융대학원,본교,부산,특수대학원,2,2,2,,,not_tested,not_tested,not_tested,unresolved_signature_too_small
2024,employment-school-8e9145186c20dc29233f,국립한밭대학교,본교,대전,대학,33,33,33,,,not_tested,not_tested,not_tested,unresolved_no_exact_signature
2024,employment-school-f105a2aca69b1e6b81b0,국립한밭대학교 산업대학원,본교,대전,특수대학원,10,10,10,,,not_tested,not_tested,not_tested,unresolved_no_exact_signature
2024,employment-school-3e8c17ee19c5a7b5fcab,국립한밭대학교 소프트웨어융합대학원,본교,대전,전문대학원,4,4,4,,,not_tested,not_tested,not_tested,unresolved_no_exact_signature
2024,employment-school-1afc7c65fd22c0035906,국립한밭대학교 일반대학원,본교,대전,일반대학원,25,25,25,,,not_tested,not_tested,not_tested,unresolved_no_exact_signature
2024,employment-school-ceae331433c25a111b28,국립한밭대학교 창업경영대학원,본교,대전,특수대학원,5,5,5,,,not_tested,not_tested,not_tested,unresolved_no_exact_signature
2024,employment-school-de6b22e2a44be8a5fa50,국민대학교,본교,서울,대학,96,91,96,,,not_tested,not_tested,not_tested,unresolved_no_exact_signature
2024,employment-school-5e70b420523f2a548e2b,국민대학교경영대학원,본교,서울,특수대학원,6,6,6,,,not_tested,not_tested,not_tested,unresolved_no_exact_signature
2024,employment-school-39f2bc2ee06678a2fc06,국민대학교교육대학원,본교,서울,특수대학원,10,10,10,,,not_tested,not_tested,not_tested,unresolved_no_exact_signature
2024,employment-school-134e564294205a335703,국민대학교 글로벌창업벤처대학원,본교,서울,특수대학원,1,1,1,,,not_tested,not_tested,not_tested,unresolved_signature_too_small
2024,employment-school-6a4a5039a80643bdb410,국민대학교대학원,본교,서울,일반대학원,48,48,48,,,not_tested,not_tested,not_tested,unresolved_no_exact_signature
2024,employment-school-62fde606effef527e260,국민대학교디자인대학원,본교,서울,특수대학원,11,11,11,,,not_tested,not_tested,not_tested,unresolved_no_exact_signature
2024,employment-school-256339e7fb54c1a3cce9,국민대학교법무대학원,본교,서울,특수대학원,6,6,6,,,not_tested,not_tested,not_tested,unresolved_no_exact_signature
2024,employment-school-78f30f46cadf5520ce7b,국민대학교비즈니스IT전문대학원,본교,서울,전문대학원,2,2,2,,,not_tested,not_tested,not_tested,unresolved_signature_too_small
2024,employment-school-3d848307d92a896b45cf,국민대학교 소프트웨어융합대학원,본교,서울,특수대학원,3,3,3,,,not_tested,not_tested,not_tested,unresolved_no_exact_signature
2024,employment-school-f627e0f90203fcc610b2,국민대학교스포츠산업대학원,본교,서울,특수대학원,5,5,5,,,not_tested,not_tested,not_tested,unresolved_no_exact_signature
2024,employment-school-d740957d8f2487b0a42d,국민대학교자동차공학전문대학원,본교,서울,전문대학원,4,4,4,,,not_tested,not_tested,not_tested,unresolved_no_exact_signature
2024,employment-school-0bc9021ebaa44a8c7b03,국민대학교 자동차산업대학원,본교,서울,특수대학원,1,1,1,,,not_tested,not_tested,not_tested,unresolved_signature_too_small
2024,employment-school-4ae8637ad7f39d233c4e,국민대학교정치대학원,본교,서울,특수대학원,7,7,7,,,not_tested,not_tested,not_tested,unresolved_no_exact_signature
2024,employment-school-82d23840fd898b2b6c64,국민대학교종합예술대학원,본교,서울,특수대학원,9,9,9,,,not_tested,not_tested,not_tested,unresolved_no_exact_signature
2024,employment-school-cd8f6dcf561cf46315a7,국민대학교테크노디자인전문대학원,본교,서울,전문대학원,9,9,9,,,not_tested,not_tested,not_tested,unresolved_no_exact_signature
2024,employment-school-7f9a66ea531dfb890d3c,국민대학교행정대학원,본교,서울,특수대학원,3,3,3,,,not_tested,not_tested,not_tested,unresolved_no_exact_signature
2024,employment-school-52b51c0fc0c3ec0e9d1f,국제뇌교육종합대학원대학교,본교,충남,전문대학원,6,6,6,,,not_tested,not_tested,not_tested,unresolved_no_exact_signature
2024,employment-school-bef5bf8ed521d2c2bf20,국제대학교,본교,경기,전문대학,46,46,46,,,not_tested,not_tested,not_tested,unresolved_no_exact_signature
2024,employment-school-c19ac543414cfe3c64e2,국제법률경영대학원대학교,본교,경기,전문대학원,2,2,2,,,not_tested,not_tested,not_tested,unresolved_signature_too_small
2024,employment-school-bc9a5d4f183deee5ae87,국제사이버대학교,본교,경기,사이버대학(대학),20,20,20,,,not_tested,not_tested,not_tested,unresolved_no_exact_signature
2024,employment-school-a795d176bd0e1c15c2fa,국제언어대학원대학교,본교,서울,전문대학원,2,2,2,,,not_tested,not_tested,not_tested,unresolved_signature_too_small
2024,employment-school-eff12735cf1184200f1b,국제예술대학교,본교,서울,전공대학,2,2,2,,,not_tested,not_tested,not_tested,unresolved_signature_too_small
2024,employment-school-d4a41f7b449a09239305,군산간호대학교,본교,전북,전문대학,1,1,1,,,not_tested,not_tested,not_tested,unresolved_signature_too_small
2024,employment-school-8f82f880d19afaeaeba7,군장대학교,본교,전북,전문대학,18,18,18,,,not_tested,not_tested,not_tested,unresolved_no_exact_signature
2024,employment-school-e8cb3fcf557fb9a32802,극동대학교,본교,충북,대학,31,31,31,,,not_tested,not_tested,not_tested,unresolved_no_exact_signature
2024,employment-school-ee4f7610e8b854a46c03,극동대학교교육대학원,본교,충북,특수대학원,1,1,1,,,not_tested,not_tested,not_tested,unresolved_signature_too_small
2024,employment-school-6c27921541fea47b599f,극동대학교 글로벌대학원,본교,충북,특수대학원,10,10,10,,,not_tested,not_tested,not_tested,unresolved_no_exact_signature
2024,employment-school-25ec24c8180c48530a7b,극동대학교 산업기술보안대학원,본교,충북,특수대학원,1,1,1,,,not_tested,not_tested,not_tested,unresolved_signature_too_small
2024,employment-school-e45f164f70758aed31c3,극동대학교일반대학원,본교,충북,일반대학원,7,7,7,,,not_tested,not_tested,not_tested,unresolved_no_exact_signature
2024,employment-school-c18b2a27d2c7143e2bbd,글로벌사이버대학교,본교,충남,사이버대학(대학),11,11,11,,,not_tested,not_tested,not_tested,unresolved_no_exact_signature
2024,employment-school-5beba9d56d2989043c56,금강대학교,본교,충남,대학,7,7,7,,,not_tested,not_tested,not_tested,unresolved_no_exact_signature
2024,employment-school-7c46853583ee4cac61f4,금강대학교 일반대학원,본교,충남,일반대학원,1,1,1,,,not_tested,not_tested,not_tested,unresolved_signature_too_small
2024,employment-school-a63b8dd8f1fbd0b2d818,기독간호대학교,본교,광주,전문대학,1,1,1,,,not_tested,not_tested,not_tested,unresolved_signature_too_small
2024,employment-school-1832d61fa0d868d17c86,김천대학교,본교,경북,대학,28,28,28,,,not_tested,not_tested,not_tested,unresolved_no_exact_signature
2024,employment-school-d6a68f6002c5a6f84158,김천대학교 글로컬휴먼대학원,본교,경북,특수대학원,4,4,4,,,not_tested,not_tested,not_tested,unresolved_no_exact_signature
2024,employment-school-93a52ae86cd98f8a24cd,김천대학교 사회문화대학원,본교,경북,특수대학원,1,1,1,,,not_tested,not_tested,not_tested,unresolved_signature_too_small
2024,employment-school-94beed0f0ff54bc592ef,김천대학교 일반대학원,본교,경북,일반대학원,5,5,5,,,not_tested,not_tested,not_tested,unresolved_no_exact_signature
2024,employment-school-9654becd8af498c0acdc,김포대학교,본교,경기,전문대학,44,44,44,,,not_tested,not_tested,not_tested,unresolved_no_exact_signature
2024,employment-school-76a99f07ee7e4ecf44ef,김해대학교,본교,경남,전문대학,13,13,13,,,not_tested,not_tested,not_tested,unresolved_no_exact_signature
2024,employment-school-76fc1bf7bbfbdb91aed3,나사렛대학교,본교,충남,대학,46,46,46,,,not_tested,not_tested,not_tested,unresolved_no_exact_signature
2024,employment-school-7523a8e17d501b8a8c6c,나사렛대학교교육대학원,본교,충남,특수대학원,2,2,2,,,not_tested,not_tested,not_tested,unresolved_signature_too_small
2024,employment-school-fa732224327caff8718a,나사렛대학교 사회복지대학원,본교,충남,특수대학원,1,1,1,,,not_tested,not_tested,not_tested,unresolved_signature_too_small
2024,employment-school-e0229619f867ba4382c7,나사렛대학교신학대학원,본교,충남,특수대학원,1,1,1,,,not_tested,not_tested,not_tested,unresolved_signature_too_small
2024,employment-school-485da027ad92603fa78b,나사렛대학교 일반대학원,본교,충남,일반대학원,7,7,7,,,not_tested,not_tested,not_tested,unresolved_no_exact_signature
2024,employment-school-778ba390be6938bfc041,나사렛대학교재활복지대학원,본교,충남,특수대학원,6,6,6,,,not_tested,not_tested,not_tested,unresolved_no_exact_signature
2024,employment-school-b9cabf953a27040a9444,나주대학교,본교,전남,전문대학,19,19,19,,,not_tested,not_tested,not_tested,unresolved_no_exact_signature
2024,employment-school-893c61f8505515664269,남부대학교,본교,광주,대학,23,23,23,,,not_tested,not_tested,not_tested,unresolved_no_exact_signature
2024,employment-school-fd05aac280dc54cdc05c,남부대학교 교육대학원,본교,광주,특수대학원,7,7,7,,,not_tested,not_tested,not_tested,unresolved_no_exact_signature
2024,employment-school-d30512b1ca16e2ca7fec,남부대학교 문화복지대학원,본교,광주,특수대학원,6,6,6,,,not_tested,not_tested,not_tested,unresolved_no_exact_signature
2024,employment-school-5b08461f357a25a20c5a,남부대학교 일반대학원,본교,광주,일반대학원,10,10,10,,,not_tested,not_tested,not_tested,unresolved_no_exact_signature
2024,employment-school-1c3965fb183870b306f5,남서울대학교,본교,충남,대학,39,39,39,,,not_tested,not_tested,not_tested,unresolved_no_exact_signature
2024,employment-school-40de944647beb0e73f2d,남서울대학교 국제대학원,본교,충남,특수대학원,3,3,3,,,not_tested,not_tested,not_tested,unresolved_no_exact_signature
2024,employment-school-d9dd316ba79d950837a6,남서울대학교 일반대학원,본교,충남,일반대학원,19,19,19,,,not_tested,not_tested,not_tested,unresolved_no_exact_signature
2024,employment-school-7edf8f9d722ea0709318,남서울대학교 특수대학원,본교,충남,특수대학원,14,14,14,,,not_tested,not_tested,not_tested,unresolved_no_exact_signature
2024,employment-school-dc70c6d0438deaede0eb,농협대학교,본교,경기,전문대학,2,2,2,,,not_tested,not_tested,not_tested,unresolved_signature_too_small
2024,employment-school-8abf626b543e40d147f2,능인대학원대학교,본교,경기,전문대학원,2,2,2,,,not_tested,not_tested,not_tested,unresolved_signature_too_small
2024,employment-school-051d6be3edc6d9411bff,단국대학교,본교,경기,대학,64,54,64,,,not_tested,not_tested,not_tested,unresolved_no_exact_signature
2024,employment-school-385a7ec3cd824c882c1e,단국대학교,캠퍼스,충남,대학,84,69,84,,,not_tested,not_tested,not_tested,unresolved_no_exact_signature
2024,employment-school-69aafaa0512e36775f9b,단국대학교 경영대학원,본교,경기,특수대학원,3,3,3,,,not_tested,not_tested,not_tested,unresolved_no_exact_signature
2024,employment-school-9dd1d520db16b37c30d5,단국대학교 교육대학원,본교,경기,특수대학원,14,14,14,,,not_tested,not_tested,not_tested,unresolved_no_exact_signature
2024,employment-school-33808c8043bbb805feac,단국대학교 교육대학원,캠퍼스,충남,특수대학원,3,3,3,,,not_tested,not_tested,not_tested,unresolved_no_exact_signature
2024,employment-school-ef9751df6cf051219c27,단국대학교 문화예술대학원,본교,경기,특수대학원,7,7,7,,,not_tested,not_tested,not_tested,unresolved_no_exact_signature
2024,employment-school-fabaa85cda2c7b46ad36,단국대학교 보건복지대학원,캠퍼스,충남,특수대학원,8,8,8,,,not_tested,not_tested,not_tested,unresolved_no_exact_signature
2024,employment-school-c96d69ffea117ea9c535,단국대학교 부동산·건설대학원,본교,경기,특수대학원,4,4,4,,,not_tested,not_tested,not_tested,unresolved_no_exact_signature
2024,employment-school-0842dc2f4d8f795dde0a,단국대학교 스포츠과학대학원,캠퍼스,충남,특수대학원,3,3,3,,,not_tested,not_tested,not_tested,unresolved_no_exact_signature
2024,employment-school-cb01538dca71135ddc83,단국대학교 일반대학원,본교,경기,일반대학원,57,57,57,,,not_tested,not_tested,not_tested,unresolved_no_exact_signature
2024,employment-school-a3bf76f6f0d85257c517,단국대학교 일반대학원,캠퍼스,충남,일반대학원,32,32,32,,,not_tested,not_tested,not_tested,unresolved_no_exact_signature
2024,employment-school-44964ddcb36762af2012,단국대학교 정보·지식재산대학원,본교,경기,특수대학원,1,1,1,,,not_tested,not_tested,not_tested,unresolved_signature_too_small
2024,employment-school-5262a5cb9b7b351c65bb,단국대학교 정보융합기술·창업대학원,본교,경기,특수대학원,9,9,9,,,not_tested,not_tested,not_tested,unresolved_no_exact_signature
2024,employment-school-8d622af79342e11d6c98,단국대학교 정책경영대학원,캠퍼스,충남,특수대학원,6,6,6,,,not_tested,not_tested,not_tested,unresolved_no_exact_signature
2024,employment-school-447e61fa6c3d3ba342af,단국대학교 특수교육대학원,본교,경기,특수대학원,9,9,9,,,not_tested,not_tested,not_tested,unresolved_no_exact_signature
2024,employment-school-1d1f8c5f7cdd50704af3,단국대학교 행정법무대학원,본교,경기,특수대학원,7,7,7,,,not_tested,not_tested,not_tested,unresolved_no_exact_signature
2024,employment-school-df6ec59d87775dc09ee6,대경대학교,본교,경북,전문대학,46,46,46,,,not_tested,not_tested,not_tested,unresolved_no_exact_signature
2024,employment-school-26bbba2aec72d0fe187d,대구가톨릭대학교,본교,경북,대학,97,97,97,,,not_tested,not_tested,not_tested,unresolved_no_exact_signature
2024,employment-school-7c67bc68ffa697ae5fd7,대구가톨릭대학교교육대학원,본교,경북,특수대학원,7,7,7,,,not_tested,not_tested,not_tested,unresolved_no_exact_signature
2024,employment-school-868cc9fe9034752f03d8,대구가톨릭대학교대학원,본교,경북,일반대학원,59,59,59,,,not_tested,not_tested,not_tested,unresolved_no_exact_signature
2024,employment-school-774add43fd61285c7c30,대구가톨릭대학교 사회복지대학원,본교,대구,특수대학원,2,2,2,,,not_tested,not_tested,not_tested,unresolved_signature_too_small
2024,employment-school-3cb66c88a7eb9acf20e0,대구가톨릭대학교 사회적경제경영대학원,본교,대구,특수대학원,3,3,3,,,not_tested,not_tested,not_tested,unresolved_no_exact_signature
2024,employment-school-1d8c7aa982604232b719,대구가톨릭대학교 상담대학원,본교,대구,특수대학원,1,1,1,,,not_tested,not_tested,not_tested,unresolved_signature_too_small
2024,employment-school-82e50005ca048838862b,대구가톨릭대학교 신학대학원,본교,대구,특수대학원,1,1,1,,,not_tested,not_tested,not_tested,unresolved_signature_too_small
2024,employment-school-8a9478048585a7c6de15,대구가톨릭대학교 예술대학원,본교,경북,특수대학원,2,2,2,,,not_tested,not_tested,not_tested,unresolved_signature_too_small
2024,employment-school-00e967c11da4aa191625,대구가톨릭대학교 유스티노자유대학원,본교,대구,특수대학원,2,2,2,,,not_tested,not_tested,not_tested,unresolved_signature_too_small
2024,employment-school-6e481a4c81897f2d3448,대구가톨릭대학교 유아교육대학원,본교,경북,특수대학원,1,1,1,,,not_tested,not_tested,not_tested,unresolved_signature_too_small
2024,employment-school-8baebcd7869a1da25f62,대구가톨릭대학교 의료보건산업대학원,본교,경북,특수대학원,9,9,9,,,not_tested,not_tested,not_tested,unresolved_no_exact_signature
2024,employment-school-f7a57b4e7dbac6098793,대구경북과학기술원,본교,대구,대학,1,1,1,,,not_tested,not_tested,not_tested,unresolved_signature_too_small
2024,employment-school-02d9033f2e239a251cd1,대구경북과학기술원 일반대학원,본교,대구,일반대학원,7,7,7,,,not_tested,not_tested,not_tested,unresolved_no_exact_signature
2024,employment-school-ea90908b8512a3929156,대구공업대학교,본교,대구,전문대학,17,17,17,,,not_tested,not_tested,not_tested,unresolved_no_exact_signature
2024,employment-school-3034bdc9df42c43d04c4,대구과학대학교,본교,대구,전문대학,34,34,34,,,not_tested,not_tested,not_tested,unresolved_no_exact_signature
2024,employment-school-0abf7c3d2bc7d20c8ea2,대구교육대학교,본교,대구,교육대학,13,13,13,2183489322,unique_exact_department_signature,true,true,true,candidate_signature_context_confirmed
2024,employment-school-d7943bd56a628e11ac21,대구교육대학교교육대학원,본교,대구,특수대학원,32,32,32,,,not_tested,not_tested,not_tested,unresolved_no_exact_signature
2024,employment-school-c94eaeaf5dd5127124b8,대구대학교,본교,경북,대학,110,110,110,,,not_tested,not_tested,not_tested,unresolved_no_exact_signature
2024,employment-school-a3804c69721dacc5236e,대구대학교 교육대학원,본교,경북,특수대학원,1,1,1,,,not_tested,not_tested,not_tested,unresolved_signature_too_small
2024,employment-school-cf3bcdaeaa0ca171518d,대구대학교대학원,본교,경북,일반대학원,42,42,42,,,not_tested,not_tested,not_tested,unresolved_no_exact_signature
2024,employment-school-a3a62a1cfa6dc39ce30e,대구대학교 디자인·산업행정대학원,본교,대구,특수대학원,5,5,5,,,not_tested,not_tested,not_tested,unresolved_no_exact_signature
2024,employment-school-762951620f0180314f1d,대구대학교사회복지대학원,본교,경북,특수대학원,1,1,1,,,not_tested,not_tested,not_tested,unresolved_signature_too_small
2024,employment-school-95d904fd63cb323f0599,대구대학교 재활과학대학원,본교,대구,특수대학원,5,5,5,,,not_tested,not_tested,not_tested,unresolved_no_exact_signature
2024,employment-school-4b6d55c43ffafa0849d8,대구대학교 특수교육대학원,본교,경북,특수대학원,1,1,1,,,not_tested,not_tested,not_tested,unresolved_signature_too_small
2024,employment-school-ea8676b3cf431c632de9,대구보건대학교,본교,대구,전문대학,23,23,23,,,not_tested,not_tested,not_tested,unresolved_no_exact_signature
2024,employment-school-517a5b46b9ca468690da,대구사이버대학교,본교,경북,사이버대학(대학),15,15,15,,,not_tested,not_tested,not_tested,unresolved_no_exact_signature
2024,employment-school-3929b0601db422800da3,대구사이버대학교 휴먼케어대학원,본교,경북,특수대학원,1,1,1,,,not_tested,not_tested,not_tested,unresolved_signature_too_small
2024,employment-school-8eb95ea8ce270fae02f0,대구예술대학교,본교,경북,대학,18,18,18,,,not_tested,not_tested,not_tested,unresolved_no_exact_signature
2024,employment-school-ce70c87b250777c7d5a4,대구한의대학교,본교,경북,대학,51,49,51,,,not_tested,not_tested,not_tested,unresolved_no_exact_signature
2024,employment-school-35c65de83f5abb25fe1f,대구한의대학교 대학원,본교,경북,일반대학원,20,20,20,,,not_tested,not_tested,not_tested,unresolved_no_exact_signature
2024,employment-school-d7689372abe4adc8b098,대구한의대학교 보건복지대학원,본교,경북,특수대학원,9,9,9,,,not_tested,not_tested,not_tested,unresolved_no_exact_signature
2024,employment-school-780cd80f8c4f77a51c33,대구한의대학교 한방산업대학원,본교,경북,특수대학원,2,2,2,,,not_tested,not_tested,not_tested,unresolved_signature_too_small
2024,employment-school-1b617004f985afc65d65,대덕대학교,본교,대전,전문대학,36,36,36,,,not_tested,not_tested,not_tested,unresolved_no_exact_signature
2024,employment-school-43f419359c9d93c911b4,대동대학교,본교,부산,전문대학,7,7,7,,,not_tested,not_tested,not_tested,unresolved_no_exact_signature
2024,employment-school-9a914a357212ca38c008,대림대학교,본교,경기,전문대학,76,76,76,,,not_tested,not_tested,not_tested,unresolved_no_exact_signature
2024,employment-school-e97bd11662e4388c1d12,대신대학교,본교,경북,대학,5,5,5,,,not_tested,not_tested,not_tested,unresolved_no_exact_signature
2024,employment-school-ce43755dd8a7796b82b9,대신대학교 대학원,본교,경북,일반대학원,4,4,4,,,not_tested,not_tested,not_tested,unresolved_no_exact_signature
2024,employment-school-6ccf3b03856042473132,대신대학교 신학대학원,본교,경북,특수대학원,1,1,1,,,not_tested,not_tested,not_tested,unresolved_signature_too_small
2024,employment-school-570367e3ae411fd0d6fa,대원대학교,본교,충북,전문대학,28,28,28,,,not_tested,not_tested,not_tested,unresolved_no_exact_signature
2024,employment-school-00bef977a700e1ffcc4e,대전가톨릭대학교,본교,세종,대학,1,1,1,,,not_tested,not_tested,not_tested,unresolved_signature_too_small
2024,employment-school-9964aa2da2d709c9c489,대전가톨릭대학교 대학원,본교,세종,일반대학원,1,1,1,,,not_tested,not_tested,not_tested,unresolved_signature_too_small
2024,employment-school-f60eb14ce740a9f5ddc3,대전과학기술대학교,본교,대전,전문대학,42,42,42,,,not_tested,not_tested,not_tested,unresolved_no_exact_signature
2024,employment-school-caa8e17b82112699a460,대전대학교,본교,대전,대학,63,63,63,,,not_tested,not_tested,not_tested,unresolved_no_exact_signature
2024,employment-school-c2b173597760ee34f859,대전대학교 경영행정·사회복지·상담대학원,본교,대전,특수대학원,3,3,3,,,not_tested,not_tested,not_tested,unresolved_no_exact_signature
2024,employment-school-02627a4b1d27d557ce29,대전대학교 교육대학원,본교,대전,특수대학원,2,2,2,,,not_tested,not_tested,not_tested,unresolved_signature_too_small
2024,employment-school-f2d1408df110cf99bc5f,대전대학교 보건의료대학원,본교,대전,특수대학원,5,5,5,,,not_tested,not_tested,not_tested,unresolved_no_exact_signature
2024,employment-school-3b3e936ab81e3b304cfc,대전대학교 일반대학원,본교,대전,일반대학원,30,30,30,,,not_tested,not_tested,not_tested,unresolved_no_exact_signature
2024,employment-school-502c9695b19913037c3a,대전보건대학교,본교,대전,전문대학,46,46,46,,,not_tested,not_tested,not_tested,unresolved_no_exact_signature
2024,employment-school-3cee17071c63e6c069da,대전신학대학교,본교,대전,대학,1,1,1,,,not_tested,not_tested,not_tested,unresolved_signature_too_small
2024,employment-school-7fe1de019d17eb61f458,대전신학대학교 신학대학원,본교,대전,특수대학원,1,1,1,,,not_tested,not_tested,not_tested,unresolved_signature_too_small
2024,employment-school-91dbfb89778305ad2591,대전신학대학교 일반대학원,본교,대전,일반대학원,1,1,1,,,not_tested,not_tested,not_tested,unresolved_signature_too_small
2024,employment-school-f6ca22e18bd27356c377,대진대학교,본교,경기,대학,45,45,45,,,not_tested,not_tested,not_tested,unresolved_no_exact_signature
2024,employment-school-dab60a468d8f1685aad4,대진대학교 공공정책대학원,본교,경기,특수대학원,3,3,3,,,not_tested,not_tested,not_tested,unresolved_no_exact_signature
2024,employment-school-794d4be8d4fe0ae487d4,대진대학교 교육대학원,본교,경기,특수대학원,8,8,8,,,not_tested,not_tested,not_tested,unresolved_no_exact_signature
2024,employment-school-a5e2fb4e48c8b364f3a8,대진대학교 대학원,본교,경기,일반대학원,26,26,26,,,not_tested,not_tested,not_tested,unresolved_no_exact_signature
2024,employment-school-843c2a7b56e51c695dd9,대진대학교 통일대학원,본교,경기,특수대학원,2,2,2,,,not_tested,not_tested,not_tested,unresolved_signature_too_small
2024,employment-school-d4e2fc82e5adf454618a,대한신학대학원대학교,본교,경기,전문대학원,4,4,4,,,not_tested,not_tested,not_tested,unresolved_no_exact_signature
2024,employment-school-3ff37a70463100503fcb,덕성여자대학교,본교,서울,대학,70,69,70,,,not_tested,not_tested,not_tested,unresolved_no_exact_signature
2024,employment-school-ec9cd37994eb81e0ebcb,덕성여자대학교 교육대학원,본교,서울,특수대학원,3,3,3,,,not_tested,not_tested,not_tested,unresolved_no_exact_signature
2024,employment-school-19e3ba7b00c4304884f1,덕성여자대학교 대학원,본교,서울,일반대학원,10,10,10,,,not_tested,not_tested,not_tested,unresolved_no_exact_signature
2024,employment-school-d3313f9080dad69a54d7,덕성여자대학교 상담·산업대학원,본교,서울,특수대학원,3,3,3,,,not_tested,not_tested,not_tested,unresolved_no_exact_signature
2024,employment-school-8a0501813ddfdbee02d2,동강대학교,본교,광주,전문대학,32,32,32,,,not_tested,not_tested,not_tested,unresolved_no_exact_signature
2024,employment-school-f4f54e6f7b4d4e369eb3,동국대학교,본교,서울,대학,87,85,87,,,not_tested,not_tested,not_tested,unresolved_no_exact_signature
2024,employment-school-f092d7f8b9dd9286799c,동국대학교,분교,경북,대학,65,63,65,,,not_tested,not_tested,not_tested,unresolved_no_exact_signature
2024,employment-school-db02c874816943f83660,동국대학교 경영대학원,분교,경북,특수대학원,1,1,1,,,not_tested,not_tested,not_tested,unresolved_signature_too_small
2024,employment-school-25835b886111afe7c0ed,동국대학교 경영전문대학원,본교,서울,전문대학원,4,4,4,,,not_tested,not_tested,not_tested,unresolved_no_exact_signature
2024,employment-school-24eae7d7b22873f2a855,동국대학교 경찰사법대학원,본교,서울,특수대학원,5,5,5,,,not_tested,not_tested,not_tested,unresolved_no_exact_signature
2024,employment-school-e58dd710ed06a1d0fced,동국대학교 교육대학원,본교,서울,특수대학원,2,2,2,,,not_tested,not_tested,not_tested,unresolved_signature_too_small
2024,employment-school-285dd92284d9c01f0d5a,동국대학교 교육서비스과학대학원,본교,서울,특수대학원,2,2,2,,,not_tested,not_tested,not_tested,unresolved_signature_too_small
2024,employment-school-c05ff9c2b4f0a67656cb,동국대학교 국제정보보호대학원,본교,서울,특수대학원,2,2,2,,,not_tested,not_tested,not_tested,unresolved_signature_too_small
2024,employment-school-01d9ad4c48d3ed9afed1,동국대학교 대학원,본교,서울,일반대학원,78,78,78,,,not_tested,not_tested,not_tested,unresolved_no_exact_signature
2024,employment-school-e66cdd54e076fde91975,동국대학교 문화예술대학원,본교,서울,특수대학원,8,8,8,,,not_tested,not_tested,not_tested,unresolved_no_exact_signature
2024,employment-school-430df56dcab6081db9c6,동국대학교 법무대학원,본교,서울,특수대학원,2,2,2,,,not_tested,not_tested,not_tested,unresolved_signature_too_small
2024,employment-school-a6818830ac333a9a4bbf,동국대학교 불교대학원,본교,서울,특수대학원,6,6,6,,,not_tested,not_tested,not_tested,unresolved_no_exact_signature
2024,employment-school-2e63c518515f76a78d1c,동국대학교불교문화대학원,분교,경북,특수대학원,8,8,8,,,not_tested,not_tested,not_tested,unresolved_no_exact_signature
2024,employment-school-34b5b18fa6a07d60246c,동국대학교사회과학대학원(경),분교,경북,특수대학원,4,4,4,,,not_tested,not_tested,not_tested,unresolved_no_exact_signature
2024,employment-school-c0d44917c2febf339532,동국대학교 언론정보대학원,본교,서울,특수대학원,3,3,3,,,not_tested,not_tested,not_tested,unresolved_no_exact_signature
2024,employment-school-f8768e270caf2b1b8e05,동국대학교 영상대학원(전문),본교,서울,전문대학원,4,4,4,,,not_tested,not_tested,not_tested,unresolved_no_exact_signature
2024,employment-school-89f2488a32c46df6ddda,동국대학교 의학전문대학원,분교,경북,전문대학원,1,1,1,,,not_tested,not_tested,not_tested,unresolved_signature_too_small
2024,employment-school-d48d9ed6db2abb75c4d0,동국대학교 일반대학원,분교,경북,일반대학원,18,18,18,,,not_tested,not_tested,not_tested,unresolved_no_exact_signature
2024,employment-school-99effb9203878c22c46f,동국대학교 행정대학원,본교,서울,특수대학원,7,7,7,,,not_tested,not_tested,not_tested,unresolved_no_exact_signature
2024,employment-school-0a92fb1d9227e60a1c4f,동남보건대학교,본교,경기,전문대학,29,29,29,,,not_tested,not_tested,not_tested,unresolved_no_exact_signature
2024,employment-school-95de441722e65e0313af,동덕여자대학교,본교,서울,대학,39,37,39,,,not_tested,not_tested,not_tested,unresolved_no_exact_signature
2024,employment-school-28f76b273ebe941c05a8,동덕여자대학교 공연예술대학원,본교,서울,특수대학원,1,1,1,,,not_tested,not_tested,not_tested,unresolved_signature_too_small
2024,employment-school-1ea46c4c666a592591a1,동덕여자대학교 교육대학원,본교,서울,특수대학원,2,2,2,,,not_tested,not_tested,not_tested,unresolved_signature_too_small
2024,employment-school-82873e2cc3655fc8d9cc,동덕여자대학교 문화 예술치료대학원,본교,서울,특수대학원,2,2,2,,,not_tested,not_tested,not_tested,unresolved_signature_too_small
2024,employment-school-fd03585a2ec27793ada8,동덕여자대학교 미래전략융합대학원,본교,서울,특수대학원,9,9,9,,,not_tested,not_tested,not_tested,unresolved_no_exact_signature
2024,employment-school-13b25669058e8452c306,동덕여자대학교 보건과학대학원,본교,서울,특수대학원,1,1,1,,,not_tested,not_tested,not_tested,unresolved_signature_too_small
2024,employment-school-b91cc0ef1d2bb18af30f,동덕여자대학교일반대학원,본교,서울,일반대학원,14,14,14,,,not_tested,not_tested,not_tested,unresolved_no_exact_signature
2024,employment-school-0ba46307ac2c2139b7e6,동덕여자대학교 패션전문대학원,본교,서울,전문대학원,1,1,1,,,not_tested,not_tested,not_tested,unresolved_signature_too_small
2024,employment-school-59332a253dfb68a3e6d6,동명대학교,본교,부산,대학,48,48,48,,,not_tested,not_tested,not_tested,unresolved_no_exact_signature
2024,employment-school-9a68f3653f471fb0f135,동명대학교 복지산업대학원,본교,부산,특수대학원,4,4,4,,,not_tested,not_tested,not_tested,unresolved_no_exact_signature
2024,employment-school-c2dad06d9114fed58c02,동명대학교 일반대학원,본교,부산,일반대학원,11,11,11,,,not_tested,not_tested,not_tested,unresolved_no_exact_signature
2024,employment-school-fae6898a4a348d58a3ff,동방문화대학원대학교,본교,서울,전문대학원,8,8,8,,,not_tested,not_tested,not_tested,unresolved_no_exact_signature
2024,employment-school-d572f975775ddda85aa4,동서대학교,본교,부산,대학,80,80,80,,,not_tested,not_tested,not_tested,unresolved_no_exact_signature
2024,employment-school-fd93148a45450400804d,동서대학교 디자인전문대학원,본교,부산,전문대학원,1,1,1,,,not_tested,not_tested,not_tested,unresolved_signature_too_small
2024,employment-school-c0ea73641e8c5d8e7e0f,동서대학교 선교복지대학원,본교,부산,특수대학원,3,3,3,,,not_tested,not_tested,not_tested,unresolved_no_exact_signature
2024,employment-school-1b53ce933c30b5e78ff4,동서대학교일반대학원,본교,부산,일반대학원,12,12,12,,,not_tested,not_tested,not_tested,unresolved_no_exact_signature
2024,employment-school-7ceb5018ee40e582eeb9,동서울대학교,본교,경기,전문대학,49,49,49,,,not_tested,not_tested,not_tested,unresolved_no_exact_signature
2024,employment-school-467df8f6103c1980c088,동신대학교,본교,전남,대학,44,44,44,,,not_tested,not_tested,not_tested,unresolved_no_exact_signature
2024,employment-school-0ddaef195c1e0f63dc6c,동신대학교교육대학원,본교,전남,특수대학원,3,3,3,,,not_tested,not_tested,not_tested,unresolved_no_exact_signature
2024,employment-school-f77b65f160ce8d9ab6ef,동신대학교대학원,본교,전남,일반대학원,30,30,30,,,not_tested,not_tested,not_tested,unresolved_no_exact_signature
2024,employment-school-933fbf9b24b9c77466a5,동신대학교사회개발대학원,본교,전남,특수대학원,12,12,12,,,not_tested,not_tested,not_tested,unresolved_no_exact_signature
2024,employment-school-1bd06ee29e849bc8cef0,동아대학교,본교,부산,대학,104,101,104,,,not_tested,not_tested,not_tested,unresolved_no_exact_signature
2024,employment-school-9cb7595a6ce7456723eb,동아대학교 경영대학원,본교,부산,특수대학원,2,2,2,,,not_tested,not_tested,not_tested,unresolved_signature_too_small
2024,employment-school-114fd51e9876270568f7,동아대학교 교육대학원,본교,부산,특수대학원,13,13,13,,,not_tested,not_tested,not_tested,unresolved_no_exact_signature
2024,employment-school-32f8dfb3bdc33b7e5aae,동아대학교 국제전문대학원,본교,부산,전문대학원,1,1,1,,,not_tested,not_tested,not_tested,unresolved_signature_too_small
2024,employment-school-40ff8d9db5cb78011ec1,동아대학교 대학원,본교,부산,일반대학원,59,59,59,,,not_tested,not_tested,not_tested,unresolved_no_exact_signature
2024,employment-school-22d1e77e80cf132f5774,동아대학교 법무대학원,본교,부산,특수대학원,1,1,1,,,not_tested,not_tested,not_tested,unresolved_signature_too_small
2024,employment-school-2a2f2ecb620d188d1403,동아대학교 법학전문대학원,본교,부산,전문대학원,1,1,1,,,not_tested,not_tested,not_tested,unresolved_signature_too_small
2024,employment-school-9ef13eeff64ed3b8c263,동아대학교 사회복지대학원,본교,부산,특수대학원,3,3,3,,,not_tested,not_tested,not_tested,unresolved_no_exact_signature
2024,employment-school-d913a8ed756b0ba4dd96,동아방송예술대학교,본교,경기,전문대학,30,30,30,,,not_tested,not_tested,not_tested,unresolved_no_exact_signature
2024,employment-school-e2f0ad9c360dee519824,동아보건대학교,본교,전남,전문대학,13,13,13,,,not_tested,not_tested,not_tested,unresolved_no_exact_signature
2024,employment-school-7da0d5d93d843f5ff939,동양대학교,본교,경북,대학,25,25,25,,,not_tested,not_tested,not_tested,unresolved_no_exact_signature
2024,employment-school-36503c26e972d27931b5,동양대학교교육대학원,본교,경북,특수대학원,1,1,1,,,not_tested,not_tested,not_tested,unresolved_signature_too_small
2024,employment-school-740d13cc4ffa3a4cd991,동양대학교일반대학원,본교,경북,일반대학원,8,8,8,,,not_tested,not_tested,not_tested,unresolved_no_exact_signature
2024,employment-school-b7e9aa98f4f22b2c5f2c,동양대학교정보대학원,본교,경북,특수대학원,5,5,5,,,not_tested,not_tested,not_tested,unresolved_no_exact_signature
2024,employment-school-f9f6a7df406586a30039,동양미래대학교,본교,서울,전문대학,26,26,26,,,not_tested,not_tested,not_tested,unresolved_no_exact_signature
2024,employment-school-85e06ea533261ded17b6,동원과학기술대학교,본교,경남,전문대학,30,30,30,,,not_tested,not_tested,not_tested,unresolved_no_exact_signature
2024,employment-school-1130725ae4e0a95e810a,동원대학교,본교,경기,전문대학,40,40,40,,,not_tested,not_tested,not_tested,unresolved_no_exact_signature
2024,employment-school-e582b671a77d270f77b8,동의과학대학교,본교,부산,전문대학,50,50,50,,,not_tested,not_tested,not_tested,unresolved_no_exact_signature
2024,employment-school-f5ae2e625696588e87d6,동의대학교,본교,부산,대학,86,86,86,,,not_tested,not_tested,not_tested,unresolved_no_exact_signature
2024,employment-school-1880e1e4577b909d206b,동의대학교경영대학원,본교,부산,특수대학원,5,5,5,,,not_tested,not_tested,not_tested,unresolved_no_exact_signature
2024,employment-school-ca289906436184be2ffc,동의대학교교육대학원,본교,부산,특수대학원,5,5,5,,,not_tested,not_tested,not_tested,unresolved_no_exact_signature
2024,employment-school-4dd5662e402e0987f7e4,동의대학교 국가안전정책대학원,본교,부산,특수대학원,4,4,4,,,not_tested,not_tested,not_tested,unresolved_no_exact_signature
2024,employment-school-086b2de63d9a59443de8,동의대학교대학원,본교,부산,일반대학원,42,42,42,,,not_tested,not_tested,not_tested,unresolved_no_exact_signature
2024,employment-school-c440718005dda63a1738,동의대학교 부동산대학원,본교,부산,특수대학원,3,3,3,,,not_tested,not_tested,not_tested,unresolved_no_exact_signature
2024,employment-school-fc9cba81a69817b282b5,동의대학교산업문화대학원,본교,부산,특수대학원,8,8,8,,,not_tested,not_tested,not_tested,unresolved_no_exact_signature
2024,employment-school-ecb9236a88bb17e33485,두원공과대학교,본교,경기,전문대학,46,46,46,,,not_tested,not_tested,not_tested,unresolved_no_exact_signature
2024,employment-school-f3d1a33c7ef513490cf5,디지털서울문화예술대학교,본교,서울,사이버대학(대학),13,13,13,,,not_tested,not_tested,not_tested,unresolved_no_exact_signature
2024,employment-school-a10ff01119e6a66985b3,루터대학교,본교,경기,대학,5,5,5,,,not_tested,not_tested,not_tested,unresolved_no_exact_signature
2024,employment-school-c630e41a6dfc1b0eaac0,루터대학교 대학원,본교,경기,특수대학원,3,3,3,,,not_tested,not_tested,not_tested,unresolved_no_exact_signature
2024,employment-school-afb8fe716ac166477943,마산대학교,본교,경남,전문대학,37,37,37,,,not_tested,not_tested,not_tested,unresolved_no_exact_signature
2024,employment-school-43ad4550c08280571507,명지대학교 경영대학원,캠퍼스,서울,특수대학원,5,5,5,,,not_tested,not_tested,not_tested,unresolved_no_exact_signature
2024,employment-school-f024ce39e76c344808e2,명지대학교 교육대학원,캠퍼스,서울,특수대학원,7,7,7,,,not_tested,not_tested,not_tested,unresolved_no_exact_signature
2024,employment-school-32f99d9b5c907b1d6849,명지대학교 기록정보과학전문대학원,캠퍼스,서울,전문대학원,4,4,4,,,not_tested,not_tested,not_tested,unresolved_no_exact_signature
2024,employment-school-8906a1c3df7315623af8,명지대학교 대학원,본교,경기,일반대학원,51,51,51,,,not_tested,not_tested,not_tested,unresolved_no_exact_signature
2024,employment-school-928ef29b32b42d4203be,명지대학교 문화예술대학원,캠퍼스,서울,특수대학원,7,7,7,,,not_tested,not_tested,not_tested,unresolved_no_exact_signature
2024,employment-school-a806f8bcaf9a833c0da9,명지대학교 부동산대학원,캠퍼스,서울,특수대학원,1,1,1,,,not_tested,not_tested,not_tested,unresolved_signature_too_small
2024,employment-school-1babf4b794029eb29ec1,명지대학교 사회교육대학원,캠퍼스,서울,특수대학원,5,5,5,,,not_tested,not_tested,not_tested,unresolved_no_exact_signature
2024,employment-school-d8993dceb20ae7f128b0,명지대학교 사회복지대학원,캠퍼스,서울,특수대학원,1,1,1,,,not_tested,not_tested,not_tested,unresolved_signature_too_small
2024,employment-school-afe647e7e1d2883e1364,명지대학교 산업대학원,캠퍼스,경기,특수대학원,9,9,9,,,not_tested,not_tested,not_tested,unresolved_no_exact_signature
2024,employment-school-b02ed33284d6b6dc3d24,명지대학교 인문캠퍼스,캠퍼스,서울,대학,40,40,40,,,not_tested,not_tested,not_tested,unresolved_no_exact_signature
2024,employment-school-a8e1357987b5821e00ec,명지대학교 자연캠퍼스,본교,경기,대학,39,39,39,,,not_tested,not_tested,not_tested,unresolved_no_exact_signature
2024,employment-school-a2582db7262819fd6f1a,명지대학교 통합치료대학원,캠퍼스,서울,특수대학원,8,8,8,,,not_tested,not_tested,not_tested,unresolved_no_exact_signature
2024,employment-school-5521ea0637eb59d11c86,명지전문대학,본교,서울,전문대학,59,59,59,,,not_tested,not_tested,not_tested,unresolved_no_exact_signature
2024,employment-school-9053414857489996e702,목원대학교,본교,대전,대학,83,83,83,,,not_tested,not_tested,not_tested,unresolved_no_exact_signature
2024,employment-school-2ecc5041dcf0bc454ea0,목원대학교 산업정보언론대학원,본교,대전,특수대학원,6,6,6,,,not_tested,not_tested,not_tested,unresolved_no_exact_signature
2024,employment-school-7d2910050c0113f2693a,목원대학교 웨슬리신학대학원,본교,대전,특수대학원,1,1,1,,,not_tested,not_tested,not_tested,unresolved_signature_too_small
2024,employment-school-0536623d4e2273f729ab,목원대학교일반대학원,본교,대전,일반대학원,15,15,15,,,not_tested,not_tested,not_tested,unresolved_no_exact_signature
2024,employment-school-06bb01ac2805231aef63,목포가톨릭대학교,본교,전남,대학,3,3,3,,,not_tested,not_tested,not_tested,unresolved_no_exact_signature
2024,employment-school-0b7ece343d8d54128e5b,목포과학대학교,본교,전남,전문대학,20,20,20,,,not_tested,not_tested,not_tested,unresolved_no_exact_signature
2024,employment-school-175e96b6b5baf19cb70d,문경대학교,본교,경북,전문대학,7,7,7,,,not_tested,not_tested,not_tested,unresolved_no_exact_signature
2024,employment-school-601211bff99075bfba90,배재대학교,본교,대전,대학,68,67,68,,,not_tested,not_tested,not_tested,unresolved_no_exact_signature
2024,employment-school-d0abedb63f6502ec772d,배재대학교 관광축제한류대학원,본교,대전,특수대학원,4,4,4,,,not_tested,not_tested,not_tested,unresolved_no_exact_signature
2024,employment-school-bbb5fd3cd408b8ab06d5,배재대학교 관광축제호텔대학원,본교,대전,특수대학원,2,2,2,,,not_tested,not_tested,not_tested,unresolved_signature_too_small
2024,employment-school-554c0c933ef6ec2b7259,배재대학교 교육대학원,본교,대전,특수대학원,1,1,1,,,not_tested,not_tested,not_tested,unresolved_signature_too_small
2024,employment-school-5287cd2a480e5b2268dd,배재대학교대학원,본교,대전,일반대학원,27,27,27,,,not_tested,not_tested,not_tested,unresolved_no_exact_signature
2024,employment-school-d9dade0d0832262bd7cf,배화여자대학교,본교,서울,전문대학,26,26,26,,,not_tested,not_tested,not_tested,unresolved_no_exact_signature
2024,employment-school-d78f2e5142c7819b8b85,백석대학교,본교,충남,대학,26,26,26,,,not_tested,not_tested,not_tested,unresolved_no_exact_signature
2024,employment-school-4307dbbd28cde8538c7c,백석대학교 교육대학원,본교,서울,특수대학원,8,8,8,,,not_tested,not_tested,not_tested,unresolved_no_exact_signature
2024,employment-school-f20cb53c49edecc1c0ce,백석대학교 기독교전문대학원,본교,서울,전문대학원,14,14,14,,,not_tested,not_tested,not_tested,unresolved_no_exact_signature
2024,employment-school-deca67ccacc859addfdb,백석대학교 문화예술대학원,본교,서울,특수대학원,6,6,6,,,not_tested,not_tested,not_tested,unresolved_no_exact_signature
2024,employment-school-fa6f7e1098bb5bd2781f,백석대학교 보건복지대학원,본교,서울,특수대학원,6,6,6,,,not_tested,not_tested,not_tested,unresolved_no_exact_signature
2024,employment-school-08633680c4f8666ef50b,백석대학교 상담대학원,본교,서울,특수대학원,7,7,7,,,not_tested,not_tested,not_tested,unresolved_no_exact_signature
2024,employment-school-a29eb7fd4020293ae421,백석대학교 신학대학원,본교,서울,특수대학원,1,1,1,,,not_tested,not_tested,not_tested,unresolved_signature_too_small
2024,employment-school-40bc28ca36ea01a7ddc1,백석대학교 실천신학대학원,본교,서울,특수대학원,1,1,1,,,not_tested,not_tested,not_tested,unresolved_signature_too_small
2024,employment-school-4a3388869e1e1e13e3e8,백석대학교 일반대학원,본교,충남,일반대학원,1,1,1,,,not_tested,not_tested,not_tested,unresolved_signature_too_small
2024,employment-school-a4c0a18dfa595b7e693a,백석문화대학교,본교,충남,전문대학,30,30,30,,,not_tested,not_tested,not_tested,unresolved_no_exact_signature
2024,employment-school-2de58f1f41a3eb6e6da1,백석예술대학교,본교,서울,전공대학,16,16,16,,,not_tested,not_tested,not_tested,unresolved_no_exact_signature
2024,employment-school-e5021a1fd07a08597422,백제예술대학교,본교,전북,전문대학,6,6,6,,,not_tested,not_tested,not_tested,unresolved_no_exact_signature
2024,employment-school-93b2e01149c4ae6eac2c,베뢰아국제대학원대학교,본교,서울,전문대학원,2,2,2,,,not_tested,not_tested,not_tested,unresolved_signature_too_small
2024,employment-school-956151cf7c1f275cc937,부산가톨릭대학교,본교,부산,대학,19,19,19,,,not_tested,not_tested,not_tested,unresolved_no_exact_signature
2024,employment-school-23e2b7217b67a0c6f936,부산가톨릭대학교대학원,본교,부산,일반대학원,15,15,15,,,not_tested,not_tested,not_tested,unresolved_no_exact_signature
2024,employment-school-b43c11ebcc02486cfea1,부산경상대학교,본교,부산,전문대학,50,50,50,,,not_tested,not_tested,not_tested,unresolved_no_exact_signature
2024,employment-school-1e3a90993982bbd67e9b,부산과학기술대학교,본교,부산,전문대학,51,51,51,,,not_tested,not_tested,not_tested,unresolved_no_exact_signature
2024,employment-school-f2e7f309b87ef54784a8,부산교육대학교,본교,부산,교육대학,13,13,13,6089915394,unique_exact_department_college_signature,true,true,true,candidate_signature_context_confirmed
2024,employment-school-d55c75e1bb515dc68b06,부산교육대학교교육대학원,본교,부산,특수대학원,25,25,25,,,not_tested,not_tested,not_tested,unresolved_no_exact_signature
2024,employment-school-c7cd31853e1aeaf7cf34,부산대학교,본교,부산,대학,104,103,104,,,not_tested,not_tested,not_tested,unresolved_no_exact_signature
2024,employment-school-a0db2ab718f1d5b63702,부산대학교 경영대학원,본교,부산,특수대학원,3,3,3,,,not_tested,not_tested,not_tested,unresolved_no_exact_signature
2024,employment-school-1311e88cb132122869cd,부산대학교 경제통상대학원,본교,부산,특수대학원,4,4,4,,,not_tested,not_tested,not_tested,unresolved_no_exact_signature
2024,employment-school-32fa2c40df9c6c1c85f7,부산대학교 교육대학원,본교,부산,특수대학원,32,32,32,,,not_tested,not_tested,not_tested,unresolved_no_exact_signature
2024,employment-school-a3f6c00fc41a0dd21a7d,부산대학교 국제전문대학원,본교,부산,전문대학원,5,5,5,,,not_tested,not_tested,not_tested,unresolved_no_exact_signature
2024,employment-school-88c2582862a262404855,부산대학교 금융대학원,본교,부산,특수대학원,1,1,1,,,not_tested,not_tested,not_tested,unresolved_signature_too_small
2024,employment-school-573346d70b4313d370c3,부산대학교 기술창업대학원,본교,부산,특수대학원,1,1,1,,,not_tested,not_tested,not_tested,unresolved_signature_too_small
2024,employment-school-eb07ec79274f3f4d1286,부산대학교 법학전문대학원,본교,부산,전문대학원,1,1,1,,,not_tested,not_tested,not_tested,unresolved_signature_too_small
2024,employment-school-d84f7414dba28daee263,부산대학교 산업대학원,본교,부산,특수대학원,12,12,12,,,not_tested,not_tested,not_tested,unresolved_no_exact_signature
2024,employment-school-fec4217ca55b9f7e0872,부산대학교 의학전문대학원,본교,경남,전문대학원,2,2,2,,,not_tested,not_tested,not_tested,unresolved_signature_too_small
2024,employment-school-30d6bbbcf9652e38dda7,부산대학교 일반대학원,본교,부산,일반대학원,115,115,115,,,not_tested,not_tested,not_tested,unresolved_no_exact_signature
2024,employment-school-f1a43665eaaca9af7fb9,부산대학교 치의학전문대학원,본교,경남,전문대학원,3,3,3,,,not_tested,not_tested,not_tested,unresolved_no_exact_signature
2024,employment-school-8926aa4467cda899a925,부산대학교 한의학전문대학원,본교,경남,전문대학원,3,3,3,,,not_tested,not_tested,not_tested,unresolved_no_exact_signature
2024,employment-school-cc3c88fa9140f7283c1e,부산대학교 행정대학원,본교,부산,특수대학원,2,2,2,,,not_tested,not_tested,not_tested,unresolved_signature_too_small
2024,employment-school-c88a9380082d92851324,부산대학교 환경대학원,본교,부산,특수대학원,3,3,3,,,not_tested,not_tested,not_tested,unresolved_no_exact_signature
2024,employment-school-a84b603f8e246df9d97b,부산디지털대학교,본교,부산,사이버대학(대학),9,9,9,,,not_tested,not_tested,not_tested,unresolved_no_exact_signature
2024,employment-school-37827388fad6d652bd78,부산디지털대학교 휴먼서비스대학원,본교,부산,특수대학원,2,2,2,,,not_tested,not_tested,not_tested,unresolved_signature_too_small
2024,employment-school-ff6024d3093b43eca3dd,부산보건대학교,본교,부산,전문대학,30,30,30,,,not_tested,not_tested,not_tested,unresolved_no_exact_signature
2024,employment-school-a7ccfffcd897ec794f55,부산여자대학교,본교,부산,전문대학,20,20,20,,,not_tested,not_tested,not_tested,unresolved_no_exact_signature
2024,employment-school-bbec6a858684b0d57fd0,부산예술대학교,본교,부산,전문대학,10,10,10,,,not_tested,not_tested,not_tested,unresolved_no_exact_signature
2024,employment-school-d898bc2458808f964f8d,부산외국어대학교,본교,부산,대학,38,38,38,,,not_tested,not_tested,not_tested,unresolved_no_exact_signature
2024,employment-school-db6b2f3dad7635c50a5c,부산외국어대학교교육대학원,본교,부산,특수대학원,2,2,2,,,not_tested,not_tested,not_tested,unresolved_signature_too_small
2024,employment-school-5632db0add569524a952,부산외국어대학교 글로벌골프대학원,본교,부산,특수대학원,1,1,1,,,not_tested,not_tested,not_tested,unresolved_signature_too_small
2024,employment-school-1d69611ae26ddd909406,부산외국어대학교대학원,본교,부산,일반대학원,13,13,13,,,not_tested,not_tested,not_tested,unresolved_no_exact_signature
2024,employment-school-39a86c6036169d4ec748,부산외국어대학교 산업·경영대학원,본교,부산,특수대학원,8,8,8,,,not_tested,not_tested,not_tested,unresolved_no_exact_signature
2024,employment-school-ef98692c3abd6b7b5d0b,부산외국어대학교통역번역대학원,본교,부산,특수대학원,3,3,3,,,not_tested,not_tested,not_tested,unresolved_no_exact_signature
2024,employment-school-1bbb8b19af19288aabdc,부산장신대학교,본교,경남,대학,4,4,4,,,not_tested,not_tested,not_tested,unresolved_no_exact_signature
2024,employment-school-9f0a0c2fbd746ff56506,부산장신대학교 강해설교대학원,본교,경남,특수대학원,1,1,1,,,not_tested,not_tested,not_tested,unresolved_signature_too_small
2024,employment-school-1204f7082b954388dc60,부산장신대학교 상담및심리치료대학원,본교,경남,특수대학원,1,1,1,,,not_tested,not_tested,not_tested,unresolved_signature_too_small
2024,employment-school-de76715e604491cc216d,부산장신대학교신학대학원,본교,경남,특수대학원,1,1,1,,,not_tested,not_tested,not_tested,unresolved_signature_too_small
2024,employment-school-7c73edf67a3a166883aa,부산장신대학교일반대학원,본교,경남,일반대학원,1,1,1,,,not_tested,not_tested,not_tested,unresolved_signature_too_small
2024,employment-school-b618384a9ccb9c18225f,부산장신대학교 장애인교육선교대학원,본교,경남,특수대학원,1,1,1,,,not_tested,not_tested,not_tested,unresolved_signature_too_small
2024,employment-school-a5ef5eddf0d7eed2190e,부천대학교,본교,경기,전문대학,52,52,52,,,not_tested,not_tested,not_tested,unresolved_no_exact_signature
2024,employment-school-f70ff07301e1ef0448a0,북한대학원대학교,본교,서울,전문대학원,1,1,1,,,not_tested,not_tested,not_tested,unresolved_signature_too_small
2024,employment-school-543d43b0592656426a42,사이버한국외국어대학교,본교,서울,사이버대학(대학),10,10,10,,,not_tested,not_tested,not_tested,unresolved_no_exact_signature
2024,employment-school-5c45b971d0a8d926c8af,사이버한국외국어대학교 TESOL 대학원,본교,서울,특수대학원,1,1,1,,,not_tested,not_tested,not_tested,unresolved_signature_too_small
2024,employment-school-a99e3f6f15daf9481717,삼성전자공과대학교,본교,경기,사내대학(대학),1,1,1,,,not_tested,not_tested,not_tested,unresolved_signature_too_small
2024,employment-school-fee5ef8cac5215c0a1e7,삼육대학교,본교,서울,대학,27,27,27,,,not_tested,not_tested,not_tested,unresolved_no_exact_signature
2024,employment-school-9dd1d3a1b340615fc4f1,삼육대학교경영대학원,본교,서울,특수대학원,1,1,1,,,not_tested,not_tested,not_tested,unresolved_signature_too_small
2024,employment-school-b3723ca4cefdab91848e,삼육대학교 대학원,본교,서울,일반대학원,17,17,17,,,not_tested,not_tested,not_tested,unresolved_no_exact_signature
2024,employment-school-26d9891be05a218c775c,삼육대학교 신학대학원,본교,서울,특수대학원,1,1,1,,,not_tested,not_tested,not_tested,unresolved_signature_too_small
2024,employment-school-945d83cf9c4f7a66e99c,삼육대학교 임상간호대학원,본교,서울,특수대학원,1,1,1,,,not_tested,not_tested,not_tested,unresolved_signature_too_small
2024,employment-school-8a3e43c7663765d41ed9,삼육보건대학교,본교,서울,전문대학,10,10,10,,,not_tested,not_tested,not_tested,unresolved_no_exact_signature
2024,employment-school-2a3ad7e512758f5b734c,상명대학교,본교,서울,대학,42,42,42,,,not_tested,not_tested,not_tested,unresolved_no_exact_signature
2024,employment-school-eeae9ac57f44109ae773,상명대학교,캠퍼스,충남,대학,52,52,52,,,not_tested,not_tested,not_tested,unresolved_no_exact_signature
2024,employment-school-16a3afb302c5877e1414,상명대학교 경영대학원,본교,서울,특수대학원,3,3,3,,,not_tested,not_tested,not_tested,unresolved_no_exact_signature
2024,employment-school-06d4fe4d568d914e9cdc,상명대학교 교육대학원,본교,서울,특수대학원,10,10,10,,,not_tested,not_tested,not_tested,unresolved_no_exact_signature
2024,employment-school-00078da01ce356334b38,상명대학교 대학원,본교,서울,일반대학원,35,35,35,,,not_tested,not_tested,not_tested,unresolved_no_exact_signature
2024,employment-school-1061220a0531de7d2998,상명대학교 대학원,캠퍼스,충남,일반대학원,18,18,18,,,not_tested,not_tested,not_tested,unresolved_no_exact_signature
2024,employment-school-2e9fa1cdcd893d80ba41,상명대학교 문화기술대학원,본교,서울,특수대학원,2,2,2,,,not_tested,not_tested,not_tested,unresolved_signature_too_small
2024,employment-school-b3815f814b5a46ce5bf2,상명대학교 복지상담대학원,본교,서울,특수대학원,3,3,3,,,not_tested,not_tested,not_tested,unresolved_no_exact_signature
2024,employment-school-0c949df9b62222195932,상명대학교 예술디자인대학원,본교,서울,특수대학원,1,1,1,,,not_tested,not_tested,not_tested,unresolved_signature_too_small
2024,employment-school-f7ade46664c47d9523fc,상명대학교 통합심리치료대학원,본교,서울,특수대학원,2,2,2,,,not_tested,not_tested,not_tested,unresolved_signature_too_small
2024,employment-school-2cc53e9553412991d88c,상지대학교,본교,강원,대학,66,66,66,,,not_tested,not_tested,not_tested,unresolved_no_exact_signature
2024,employment-school-288e545380af295d3e3f,상지대학교교육대학원,본교,강원,특수대학원,2,2,2,,,not_tested,not_tested,not_tested,unresolved_signature_too_small
2024,employment-school-954e5791eb032858f262,상지대학교대학원,본교,강원,일반대학원,18,18,18,,,not_tested,not_tested,not_tested,unresolved_no_exact_signature
2024,employment-school-d0fa690ceb567c80f8c1,상지대학교 사회복지정책대학원,본교,강원,특수대학원,1,1,1,,,not_tested,not_tested,not_tested,unresolved_signature_too_small
2024,employment-school-def57b117f2bdb4a9d4d,상지대학교 사회융합대학원,본교,강원,특수대학원,6,6,6,,,not_tested,not_tested,not_tested,unresolved_no_exact_signature
2024,employment-school-ed038115751ce0765219,상지대학교 평화안보.상담심리대학원,본교,강원,특수대학원,2,2,2,,,not_tested,not_tested,not_tested,unresolved_signature_too_small
2024,employment-school-80436647ff7e66f25e52,상지영서대학교,본교,강원,전문대학,6,6,6,,,not_tested,not_tested,not_tested,unresolved_no_exact_signature
2024,employment-school-61ad60e5c050549b63e7,서강대학교,본교,서울,대학,31,31,31,,,not_tested,not_tested,not_tested,unresolved_no_exact_signature
2024,employment-school-70035de8796b7d7f7a8b,서강대학교 경영전문대학원,본교,서울,전문대학원,6,6,6,,,not_tested,not_tested,not_tested,unresolved_no_exact_signature
2024,employment-school-94378656bf9b5b7b2d78,서강대학교 경제대학원,본교,서울,특수대학원,9,9,9,,,not_tested,not_tested,not_tested,unresolved_no_exact_signature
2024,employment-school-0702dc013f1735c031f2,서강대학교 공공정책대학원,본교,서울,특수대학원,8,8,8,,,not_tested,not_tested,not_tested,unresolved_no_exact_signature
2024,employment-school-fadc329da8f11c20f27e,서강대학교교육대학원,본교,서울,특수대학원,9,9,9,,,not_tested,not_tested,not_tested,unresolved_no_exact_signature
2024,employment-school-8721783360add8e342cc,서강대학교국제대학원,본교,서울,전문대학원,4,4,4,,,not_tested,not_tested,not_tested,unresolved_no_exact_signature
2024,employment-school-5ed7f45850aac87fe75e,서강대학교 기술경영전문대학원,본교,서울,전문대학원,1,1,1,,,not_tested,not_tested,not_tested,unresolved_signature_too_small
2024,employment-school-968cd6dcddfd9240c68d,서강대학교대학원,본교,서울,일반대학원,29,29,29,,,not_tested,not_tested,not_tested,unresolved_no_exact_signature
2024,employment-school-627e55cea488f4bd78a8,서강대학교 메타버스전문대학원,본교,서울,전문대학원,3,3,3,,,not_tested,not_tested,not_tested,unresolved_no_exact_signature
2024,employment-school-0a9add51633ccb054d08,서강대학교 미디어커뮤니케이션대학원,본교,서울,특수대학원,2,2,2,,,not_tested,not_tested,not_tested,unresolved_signature_too_small
2024,employment-school-fcf25991d52c2d06d62a,서강대학교 법학전문대학원,본교,서울,전문대학원,1,1,1,,,not_tested,not_tested,not_tested,unresolved_signature_too_small
2024,employment-school-88a6ed39ad58a0de75e5,서강대학교 신학대학원,본교,서울,전문대학원,4,4,4,,,not_tested,not_tested,not_tested,unresolved_no_exact_signature
2024,employment-school-5928548262f81b0c7dcd,서강대학교언론대학원,본교,서울,특수대학원,7,7,7,,,not_tested,not_tested,not_tested,unresolved_no_exact_signature
2024,employment-school-812be69dbd148ba3f68d,서강대학교영상대학원,본교,서울,전문대학원,2,2,2,,,not_tested,not_tested,not_tested,unresolved_signature_too_small
2024,employment-school-38bfc42f36478bae5033,서강대학교정보통신대학원,본교,서울,특수대학원,5,5,5,,,not_tested,not_tested,not_tested,unresolved_no_exact_signature
2024,employment-school-b9a0d8237ff0dee59178,서경대학교,본교,서울,대학,39,39,39,,,not_tested,not_tested,not_tested,unresolved_no_exact_signature
2024,employment-school-5803ffcd33590dce135c,서경대학교 경영문화대학원,본교,서울,특수대학원,2,2,2,,,not_tested,not_tested,not_tested,unresolved_signature_too_small
2024,employment-school-737bdb2a0a39a187e43f,서경대학교 미용예술대학원,본교,서울,특수대학원,1,1,1,,,not_tested,not_tested,not_tested,unresolved_signature_too_small
2024,employment-school-2a2e139919ea3eaadf7b,서경대학교 실용음악대학원,본교,서울,특수대학원,1,1,1,,,not_tested,not_tested,not_tested,unresolved_signature_too_small
2024,employment-school-cc420e6cc674dfc17c12,서경대학교 일반대학원,본교,서울,일반대학원,13,13,13,,,not_tested,not_tested,not_tested,unresolved_no_exact_signature
2024,employment-school-8aa31536940a4d1f4dfd,서라벌대학교,본교,경북,전문대학,15,15,15,,,not_tested,not_tested,not_tested,unresolved_no_exact_signature
2024,employment-school-8f51030b821e70a0d28c,서영대학교,본교,광주,전문대학,49,49,49,,,not_tested,not_tested,not_tested,unresolved_no_exact_signature
2024,employment-school-a2d3ad6d23f9f4594c0a,서울과학기술대학교,본교,서울,대학,41,41,41,,,not_tested,not_tested,not_tested,unresolved_no_exact_signature
2024,employment-school-b49ee19b2938a4eac0e8,서울과학기술대학교 IT정책전문대학원,본교,서울,전문대학원,4,4,4,,,not_tested,not_tested,not_tested,unresolved_no_exact_signature
2024,employment-school-f6f4e7d7750a97074654,서울과학기술대학교 나노IT디자인융합대학원,본교,서울,전문대학원,3,3,3,,,not_tested,not_tested,not_tested,unresolved_no_exact_signature
2024,employment-school-57280dd2ac13b1b86276,서울과학기술대학교 산업대학원,본교,서울,특수대학원,10,10,10,,,not_tested,not_tested,not_tested,unresolved_no_exact_signature
2024,employment-school-d541524664b7ec69f824,서울과학기술대학교 융합과학대학원,본교,서울,전문대학원,8,8,8,,,not_tested,not_tested,not_tested,unresolved_no_exact_signature
2024,employment-school-2abef360de86f1a6749d,서울과학기술대학교 일반대학원,본교,서울,일반대학원,37,37,37,,,not_tested,not_tested,not_tested,unresolved_no_exact_signature
2024,employment-school-68c2fb571813043304c9,서울과학기술대학교 주택도시대학원,본교,서울,특수대학원,4,4,4,,,not_tested,not_tested,not_tested,unresolved_no_exact_signature
2024,employment-school-e0668d9e5b39726c8b2a,서울과학기술대학교 철도전문대학원,본교,서울,전문대학원,7,7,7,,,not_tested,not_tested,not_tested,unresolved_no_exact_signature
2024,employment-school-92896c6a56f027283640,서울과학종합대학원대학교,본교,서울,전문대학원,2,2,2,,,not_tested,not_tested,not_tested,unresolved_signature_too_small
2024,employment-school-0285daa063a579aaa01b,서울교육대학교,본교,서울,교육대학,13,13,13,8185494184,unique_exact_department_college_signature,true,true,true,candidate_signature_context_confirmed
2024,employment-school-ca56580ef8bb117b1ac8,서울교육대학교 교육대학원,본교,서울,특수대학원,11,11,11,,,not_tested,not_tested,not_tested,unresolved_no_exact_signature
2024,employment-school-09167975a8c57739f2d0,서울교육대학교 교육전문대학원,본교,서울,전문대학원,30,30,30,,,not_tested,not_tested,not_tested,unresolved_no_exact_signature
2024,employment-school-2f9f8cac806a9e118f93,서울기독대학교,본교,서울,대학,13,13,13,,,not_tested,not_tested,not_tested,unresolved_no_exact_signature
2024,employment-school-de38ed2b01981534e219,서울기독대학교 대학원,본교,서울,일반대학원,3,3,3,9473754882,unique_exact_department_college_signature,true,true,true,candidate_signature_context_confirmed
2024,employment-school-079acceb637b4e00dc62,서울기독대학교사회복지대학원,본교,서울,특수대학원,1,1,1,,,not_tested,not_tested,not_tested,unresolved_signature_too_small
2024,employment-school-67d5347699805b6bc0a8,서울기독대학교 연합신학대학원,본교,서울,특수대학원,1,1,1,,,not_tested,not_tested,not_tested,unresolved_signature_too_small
2024,employment-school-0ec0e99536a0913154cb,서울기독대학교치유상담대학원,본교,서울,특수대학원,1,1,1,,,not_tested,not_tested,not_tested,unresolved_signature_too_small
2024,employment-school-9f520c81174f70b2710d,서울대학교,본교,서울,대학,96,96,96,,,not_tested,not_tested,not_tested,unresolved_no_exact_signature
2024,employment-school-345cbb34011552d08511,서울대학교 경영전문대학원,본교,서울,전문대학원,1,1,1,,,not_tested,not_tested,not_tested,unresolved_signature_too_small
2024,employment-school-6817a7ba01f81ebe5978,서울대학교 공학전문대학원,본교,서울,전문대학원,1,1,1,,,not_tested,not_tested,not_tested,unresolved_signature_too_small
2024,employment-school-54de984ded824e1669ff,서울대학교 국제농업기술대학원,본교,강원,전문대학원,1,1,1,,,not_tested,not_tested,not_tested,unresolved_signature_too_small
2024,employment-school-ddc53f6f13a0389a43f1,서울대학교 국제대학원,본교,서울,전문대학원,6,6,6,,,not_tested,not_tested,not_tested,unresolved_no_exact_signature
2024,employment-school-9d5086fcaadbf94b9d61,서울대학교 대학원,본교,서울,일반대학원,149,149,149,,,not_tested,not_tested,not_tested,unresolved_no_exact_signature
2024,employment-school-b4a05e7639de456ee48a,서울대학교 데이터사이언스대학원,본교,서울,전문대학원,1,1,1,,,not_tested,not_tested,not_tested,unresolved_signature_too_small
2024,employment-school-f045a6fd8afe2fa80a13,서울대학교 법학전문대학원,본교,서울,전문대학원,1,1,1,,,not_tested,not_tested,not_tested,unresolved_signature_too_small
2024,employment-school-226c90385e3088d35533,서울대학교 보건대학원,본교,서울,전문대학원,3,3,3,,,not_tested,not_tested,not_tested,unresolved_no_exact_signature
2024,employment-school-5f737434a4b692d74e4d,서울대학교 융합과학기술대학원,본교,서울,전문대학원,5,5,5,,,not_tested,not_tested,not_tested,unresolved_no_exact_signature
2024,employment-school-e9d58e0183a89e991edc,서울대학교 치의학대학원,본교,서울,전문대학원,1,1,1,,,not_tested,not_tested,not_tested,unresolved_signature_too_small
2024,employment-school-d94acae05a8c0ae479ce,서울대학교 행정대학원,본교,서울,전문대학원,4,4,4,,,not_tested,not_tested,not_tested,unresolved_no_exact_signature
2024,employment-school-0e52e753f7da1b884041,서울대학교 환경대학원,본교,서울,전문대학원,3,3,3,,,not_tested,not_tested,not_tested,unresolved_no_exact_signature
2024,employment-school-33c8d0e52bfb8b216e57,서울디지털대학교,본교,서울,사이버대학(대학),36,36,36,,,not_tested,not_tested,not_tested,unresolved_no_exact_signature
2024,employment-school-fc7f2f3f92615cbe7e6a,서울미디어대학원대학교,본교,서울,특수대학원,5,5,5,,,not_tested,not_tested,not_tested,unresolved_no_exact_signature
2024,employment-school-8dbdc9b58e01afd04c3a,서울벤처대학원대학교,본교,서울,전문대학원,3,3,3,,,not_tested,not_tested,not_tested,unresolved_no_exact_signature
2024,employment-school-07d74302ae9af1f37430,서울불교대학원대학교,본교,서울,전문대학원,3,3,3,,,not_tested,not_tested,not_tested,unresolved_no_exact_signature
2024,employment-school-da1df75717f7621391c8,서울사이버대학교,본교,서울,사이버대학(대학),33,33,33,,,not_tested,not_tested,not_tested,unresolved_no_exact_signature
2024,employment-school-e25fe67d58c0fc4fffad,서울사이버대학교 상담심리대학원,본교,서울,특수대학원,1,1,1,,,not_tested,not_tested,not_tested,unresolved_signature_too_small
2024,employment-school-fbe804222f5357f41b31,서울사이버대학교 휴먼서비스대학원,본교,서울,특수대학원,1,1,1,,,not_tested,not_tested,not_tested,unresolved_signature_too_small
2024,employment-school-19c374b50d40e9198d3d,서울사회복지대학원대학교,본교,서울,특수대학원,1,1,1,,,not_tested,not_tested,not_tested,unresolved_signature_too_small
2024,employment-school-2b09b80985980cb51f13,서울상담심리대학원대학교,본교,서울,전문대학원,1,1,1,,,not_tested,not_tested,not_tested,unresolved_signature_too_small
2024,employment-school-6092bd6afbf7beda6624,서울성경신학대학원대학교,본교,서울,전문대학원,2,2,2,,,not_tested,not_tested,not_tested,unresolved_signature_too_small
2024,employment-school-985ef1dca0762f74be55,서울시립대학교,본교,서울,대학,42,42,42,,,not_tested,not_tested,not_tested,unresolved_no_exact_signature
2024,employment-school-a84e32c1a8dcd82c2db8,서울시립대학교 경영대학원,본교,서울,특수대학원,2,2,2,,,not_tested,not_tested,not_tested,unresolved_signature_too_small
2024,employment-school-9ee7433f50041376259c,서울시립대학교 과학기술대학원,본교,서울,특수대학원,7,7,7,,,not_tested,not_tested,not_tested,unresolved_no_exact_signature
2024,employment-school-ac79a105be15777c5341,서울시립대학교 교육대학원,본교,서울,특수대학원,6,6,6,,,not_tested,not_tested,not_tested,unresolved_no_exact_signature
2024,employment-school-cdbd139948e0c043b90c,서울시립대학교 국제도시과학대학원,본교,서울,특수대학원,3,3,3,,,not_tested,not_tested,not_tested,unresolved_no_exact_signature
2024,employment-school-9da3133e0afbad916301,서울시립대학교대학원,본교,서울,일반대학원,38,38,38,,,not_tested,not_tested,not_tested,unresolved_no_exact_signature
2024,employment-school-461b8200e4807b06e1c5,서울시립대학교 도시과학대학원,본교,서울,특수대학원,15,15,15,,,not_tested,not_tested,not_tested,unresolved_no_exact_signature
2024,employment-school-13ec836d5b2d4ccdcc15,서울시립대학교 도시보건대학원,본교,서울,특수대학원,3,3,3,,,not_tested,not_tested,not_tested,unresolved_no_exact_signature
2024,employment-school-82c283e19cdfb99eb1c5,서울시립대학교 디자인전문대학원,본교,서울,전문대학원,1,1,1,,,not_tested,not_tested,not_tested,unresolved_signature_too_small
2024,employment-school-6d39fb0e58b277a799f9,서울시립대학교 법학전문대학원,본교,서울,전문대학원,1,1,1,,,not_tested,not_tested,not_tested,unresolved_signature_too_small
2024,employment-school-5641e6079d66369cf99d,서울시립대학교 세무전문대학원,본교,서울,전문대학원,1,1,1,,,not_tested,not_tested,not_tested,unresolved_signature_too_small
2024,employment-school-1d6334b643874e2e33d3,서울신학대학교,본교,경기,대학,11,11,11,6105046808,unique_exact_department_signature,true,true,true,candidate_signature_context_confirmed
2024,employment-school-a9b06817833690456179,서울신학대학교 교회성장대학원,본교,경기,특수대학원,1,1,1,,,not_tested,not_tested,not_tested,unresolved_signature_too_small
2024,employment-school-c918e252ee1d22b16bcc,서울신학대학교대학원,본교,경기,일반대학원,6,6,6,9174008369,unique_exact_department_college_signature,true,true,true,candidate_signature_context_confirmed
2024,employment-school-b1234424bad574b13b76,서울신학대학교사회복지대학원,본교,경기,특수대학원,1,1,1,,,not_tested,not_tested,not_tested,unresolved_signature_too_small
2024,employment-school-41bdb1fee13a5cf7e6fd,서울신학대학교상담대학원,본교,경기,특수대학원,1,1,1,,,not_tested,not_tested,not_tested,unresolved_signature_too_small
2024,employment-school-54e720cc5c50fad5e6b7,서울신학대학교 설교대학원,본교,경기,특수대학원,1,1,1,,,not_tested,not_tested,not_tested,unresolved_signature_too_small
2024,employment-school-c3192fdab8b959dd226f,서울신학대학교신학대학원,본교,경기,특수대학원,1,1,1,,,not_tested,not_tested,not_tested,unresolved_signature_too_small
2024,employment-school-4c12f929551e1eef010b,서울신학대학교 신학전문대학원,본교,경기,전문대학원,2,2,2,,,not_tested,not_tested,not_tested,unresolved_signature_too_small
2024,employment-school-dd758350a2177d1e98c9,서울여자간호대학교,본교,서울,전문대학,1,1,1,,,not_tested,not_tested,not_tested,unresolved_signature_too_small
2024,employment-school-206505ee947fee22d488,서울여자대학교,본교,서울,대학,35,34,35,,,not_tested,not_tested,not_tested,unresolved_no_exact_signature
2024,employment-school-06d6fe36b227dabd687a,서울여자대학교 교육대학원,본교,서울,특수대학원,2,2,2,,,not_tested,not_tested,not_tested,unresolved_signature_too_small
2024,employment-school-f6d03e1f6647d01c8a2d,서울여자대학교 대학원,본교,서울,일반대학원,18,18,18,,,not_tested,not_tested,not_tested,unresolved_no_exact_signature
2024,employment-school-94eeb82dc20717ed21e8,서울여자대학교 사회복지·기독교대학원,본교,서울,특수대학원,1,1,1,,,not_tested,not_tested,not_tested,unresolved_signature_too_small
2024,employment-school-0d12d703068f98e52295,서울여자대학교 휴먼서비스대학원,본교,서울,특수대학원,3,3,3,,,not_tested,not_tested,not_tested,unresolved_no_exact_signature
2024,employment-school-48b85385cfefe60d6e52,서울예술대학교,본교,경기,전문대학,18,18,18,,,not_tested,not_tested,not_tested,unresolved_no_exact_signature
2024,employment-school-c673e38935db1152ccbd,서울외국어대학원대학교,본교,서울,전문대학원,3,3,3,,,not_tested,not_tested,not_tested,unresolved_no_exact_signature
2024,employment-school-57611fefe7495cdc6256,서울장신대학교,본교,경기,대학,3,3,3,4364512026,unique_exact_department_college_signature,true,true,true,candidate_signature_context_confirmed
2024,employment-school-5c1e5f6589026d244c4e,서울장신대학교 교회음악대학원,본교,경기,특수대학원,1,1,1,,,not_tested,not_tested,not_tested,unresolved_signature_too_small
2024,employment-school-87992cc5346e5ca0b311,서울장신대학교 사회복지상담대학원,본교,경기,특수대학원,1,1,1,,,not_tested,not_tested,not_tested,unresolved_signature_too_small
2024,employment-school-beaafb632a2de492dbb0,서울장신대학교 신학대학원,본교,경기,특수대학원,1,1,1,,,not_tested,not_tested,not_tested,unresolved_signature_too_small
2024,employment-school-2d5040fe3db5e5883402,서울장신대학교 영성심리치유대학원,본교,경기,특수대학원,1,1,1,,,not_tested,not_tested,not_tested,unresolved_signature_too_small
2024,employment-school-2cb95db1243ef7c7c6af,서울장신대학교 예배찬양사역대학원,본교,경기,특수대학원,1,1,1,,,not_tested,not_tested,not_tested,unresolved_signature_too_small
2024,employment-school-5fb60e2d765cb4e3c53c,서울장신대학교 일반대학원,본교,경기,일반대학원,1,1,1,,,not_tested,not_tested,not_tested,unresolved_signature_too_small
2024,employment-school-0d9cd9fbc9fb3e3a1daa,서울장신대학교 자연치유선교대학원,본교,경기,특수대학원,1,1,1,,,not_tested,not_tested,not_tested,unresolved_signature_too_small
2024,employment-school-f6c0e55bf37f66aa66ea,서울한영대학교,본교,서울,대학,12,12,12,,,not_tested,not_tested,not_tested,unresolved_no_exact_signature
2024,employment-school-9dcd089cf8399ce92df5,서울한영대학교 국제신학선교대학원,본교,서울,특수대학원,2,2,2,,,not_tested,not_tested,not_tested,unresolved_signature_too_small
2024,employment-school-f614170197b66d5b16a8,서울한영대학교 상담복지대학원,본교,서울,특수대학원,6,6,6,,,not_tested,not_tested,not_tested,unresolved_no_exact_signature
2024,employment-school-9337b88d1b91e1de6b57,서울한영대학교 일반대학원,본교,서울,일반대학원,4,4,4,,,not_tested,not_tested,not_tested,unresolved_no_exact_signature
2024,employment-school-e420dffb4c911bfa6334,서원대학교,본교,충북,대학,43,42,43,,,not_tested,not_tested,not_tested,unresolved_no_exact_signature
2024,employment-school-e886af279b2a1d4a7db6,서원대학교교육대학원,본교,충북,특수대학원,1,1,1,,,not_tested,not_tested,not_tested,unresolved_signature_too_small
2024,employment-school-dc669a613d7036b9a7c8,서원대학교산업대학원,본교,충북,특수대학원,10,10,10,,,not_tested,not_tested,not_tested,unresolved_no_exact_signature
2024,employment-school-17efbd66b9890907b0c7,서일대학교,본교,서울,전문대학,38,38,38,,,not_tested,not_tested,not_tested,unresolved_no_exact_signature
2024,employment-school-db8a0add2c08a14ef6da,서정대학교,본교,경기,전문대학,30,30,30,,,not_tested,not_tested,not_tested,unresolved_no_exact_signature
2024,employment-school-ed69049d240c3833c777,선린대학교,본교,경북,전문대학,19,19,19,,,not_tested,not_tested,not_tested,unresolved_no_exact_signature
2024,employment-school-a8fd4a91cd3cf5d473da,선문대학교,본교,충남,대학,62,62,62,,,not_tested,not_tested,not_tested,unresolved_no_exact_signature
2024,employment-school-fe5ecb18099b24bf5955,선문대학교교육대학원,본교,충남,특수대학원,2,2,2,,,not_tested,not_tested,not_tested,unresolved_signature_too_small
2024,employment-school-bdaac287093e3b716cbe,선문대학교대학원,본교,충남,일반대학원,22,22,22,,,not_tested,not_tested,not_tested,unresolved_no_exact_signature
2024,employment-school-9745a8e29771ef7dc2dd,선문대학교 미래융합대학원,본교,충남,특수대학원,7,7,7,,,not_tested,not_tested,not_tested,unresolved_no_exact_signature
2024,employment-school-cff8fc9dc7bfa743c8ea,선문대학교신학전문대학원,본교,충남,전문대학원,1,1,1,,,not_tested,not_tested,not_tested,unresolved_signature_too_small
2024,employment-school-1f3acc688ae227a08aeb,선학유피대학원대학교,본교,경기,전문대학원,4,4,4,,,not_tested,not_tested,not_tested,unresolved_no_exact_signature
2024,employment-school-6d22401cba9e82461b41,성결대학교,본교,경기,대학,24,24,24,,,not_tested,not_tested,not_tested,unresolved_no_exact_signature
2024,employment-school-c8a1e7b37dd096768219,성결대학교교육대학원,본교,경기,특수대학원,5,5,5,,,not_tested,not_tested,not_tested,unresolved_no_exact_signature
2024,employment-school-db64ca16ee30b223a963,성결대학교사회복지대학원,본교,경기,특수대학원,1,1,1,,,not_tested,not_tested,not_tested,unresolved_signature_too_small
2024,employment-school-06449a44d5d6d54072bf,성결대학교신학대학원,본교,경기,특수대학원,2,2,2,,,not_tested,not_tested,not_tested,unresolved_signature_too_small
2024,employment-school-21c5c43bb8b7a7278dd4,성결대학교신학전문대학원,본교,경기,전문대학원,1,1,1,,,not_tested,not_tested,not_tested,unresolved_signature_too_small
2024,employment-school-fc39a4596edf878026a6,성결대학교일반대학원,본교,경기,일반대학원,6,6,6,,,not_tested,not_tested,not_tested,unresolved_no_exact_signature
2024,employment-school-32fc3e98960ea7007e01,성결대학교 프라임대학원,본교,경기,특수대학원,3,3,3,,,not_tested,not_tested,not_tested,unresolved_no_exact_signature
2024,employment-school-aaf3e5a712891474201a,성공회대학교,본교,서울,대학,28,28,28,,,not_tested,not_tested,not_tested,unresolved_no_exact_signature
2024,employment-school-02c7019f845e4c102227,성공회대학교NGO대학원,본교,서울,특수대학원,4,4,4,,,not_tested,not_tested,not_tested,unresolved_no_exact_signature
2024,employment-school-e08ca5c1ded6631c80b3,성공회대학교교육대학원,본교,서울,특수대학원,2,2,2,,,not_tested,not_tested,not_tested,unresolved_signature_too_small
2024,employment-school-7a15961be620dc25087b,성공회대학교대학원,본교,서울,일반대학원,6,6,6,,,not_tested,not_tested,not_tested,unresolved_no_exact_signature
2024,employment-school-6fd6b0f6a755c61c6bdd,성공회대학교문화대학원,본교,서울,특수대학원,2,2,2,,,not_tested,not_tested,not_tested,unresolved_signature_too_small
2024,employment-school-e876e8515f575cc8b9d5,성공회대학교 사회적경제대학원,본교,서울,특수대학원,2,2,2,,,not_tested,not_tested,not_tested,unresolved_signature_too_small
2024,employment-school-ff9f5059f26a929a17a6,성공회대학교시민사회복지대학원,본교,서울,특수대학원,1,1,1,,,not_tested,not_tested,not_tested,unresolved_signature_too_small
2024,employment-school-0ab8a098d009645b4bf2,성공회대학교 시민평화대학원,본교,서울,특수대학원,2,2,2,,,not_tested,not_tested,not_tested,unresolved_signature_too_small
2024,employment-school-957ffcd44d1aef68069d,성공회대학교 신학대학원,본교,서울,특수대학원,2,2,2,,,not_tested,not_tested,not_tested,unresolved_signature_too_small
2024,employment-school-a4f4ec2178f1ca7a978f,성균관대학교,본교,서울,대학,75,73,75,,,not_tested,not_tested,not_tested,unresolved_no_exact_signature
2024,employment-school-978b38e6c0ec6082bbdd,성균관대학교 경영(전문)대학원,본교,서울,전문대학원,8,8,8,,,not_tested,not_tested,not_tested,unresolved_no_exact_signature
2024,employment-school-cb546bf784e91cc10d8e,성균관대학교 경영대학원,본교,서울,특수대학원,2,2,2,,,not_tested,not_tested,not_tested,unresolved_signature_too_small
2024,employment-school-ef1301139110b7d78a25,성균관대학교 경영대학원(iMBA),본교,서울,특수대학원,1,1,1,,,not_tested,not_tested,not_tested,unresolved_signature_too_small
2024,employment-school-b22ccc583d53cd4e1661,성균관대학교 과학기술대학원,본교,경기,특수대학원,1,1,1,,,not_tested,not_tested,not_tested,unresolved_signature_too_small
2024,employment-school-3addf8a85243f6bbadbf,성균관대학교 교육대학원,본교,서울,특수대학원,7,7,7,,,not_tested,not_tested,not_tested,unresolved_no_exact_signature
2024,employment-school-2ff700d4dbb9aa495432,성균관대학교 국가전략대학원,본교,서울,특수대학원,2,2,2,,,not_tested,not_tested,not_tested,unresolved_signature_too_small
2024,employment-school-dd9563d1a1c0a83985fa,성균관대학교 국정전문대학원,본교,서울,전문대학원,1,1,1,,,not_tested,not_tested,not_tested,unresolved_signature_too_small
2024,employment-school-6f4f3b1dfe1ce7745677,성균관대학교 글로벌창업대학원,본교,경기,특수대학원,2,2,2,,,not_tested,not_tested,not_tested,unresolved_signature_too_small
2024,employment-school-b861fd196743ced84353,성균관대학교 기술경영전문대학원,본교,경기,전문대학원,1,1,1,,,not_tested,not_tested,not_tested,unresolved_signature_too_small
2024,employment-school-b3532daebead3e3edcc6,성균관대학교 디자인대학원,본교,서울,특수대학원,3,3,3,,,not_tested,not_tested,not_tested,unresolved_no_exact_signature
2024,employment-school-47314946ce3e27d76970,성균관대학교 문화융합대학원,본교,서울,특수대학원,1,1,1,,,not_tested,not_tested,not_tested,unresolved_signature_too_small
2024,employment-school-a5ea7f9d38dacba7ded8,성균관대학교 미디어문화융합대학원,본교,서울,특수대학원,8,8,8,,,not_tested,not_tested,not_tested,unresolved_no_exact_signature
2024,employment-school-1bfc32952f65ec08350b,성균관대학교 번역·테솔(TESOL)대학원,본교,서울,특수대학원,2,2,2,,,not_tested,not_tested,not_tested,unresolved_signature_too_small
2024,employment-school-c55d5cea682f6b1ffcf4,성균관대학교 법학전문대학원,본교,서울,전문대학원,3,3,3,,,not_tested,not_tested,not_tested,unresolved_no_exact_signature
2024,employment-school-45091f9765f33b732d01,성균관대학교 사회복지대학원,본교,서울,특수대학원,3,3,3,,,not_tested,not_tested,not_tested,unresolved_no_exact_signature
2024,employment-school-214890037859fbb57a2a,성균관대학교 수자원전문대학원,본교,경기,전문대학원,1,1,1,,,not_tested,not_tested,not_tested,unresolved_signature_too_small
2024,employment-school-bb4ce935463350c8c790,성균관대학교 언론정보대학원,본교,서울,특수대학원,3,3,3,,,not_tested,not_tested,not_tested,unresolved_no_exact_signature
2024,employment-school-01584fd6b446d200d175,성균관대학교 유학대학원,본교,서울,특수대학원,3,3,3,,,not_tested,not_tested,not_tested,unresolved_no_exact_signature
2024,employment-school-1268c79f539ea9d8a809,성균관대학교 일반대학원,본교,서울,일반대학원,101,101,101,,,not_tested,not_tested,not_tested,unresolved_no_exact_signature
2024,employment-school-6d517d63823de961895a,성균관대학교 임상간호대학원,본교,경기,특수대학원,2,2,2,,,not_tested,not_tested,not_tested,unresolved_signature_too_small
2024,employment-school-3a03e13093a01d100142,성균관대학교 임상약학대학원,본교,경기,특수대학원,1,1,1,,,not_tested,not_tested,not_tested,unresolved_signature_too_small
2024,employment-school-da6cec84e4184ef5d159,성균관대학교 정보통신대학원,본교,서울,특수대학원,3,3,3,,,not_tested,not_tested,not_tested,unresolved_no_exact_signature
2024,employment-school-0008c385e9311693decb,성균관대학교 중국대학원,본교,서울,전문대학원,1,1,1,,,not_tested,not_tested,not_tested,unresolved_signature_too_small
2024,employment-school-f9985e03315a48f299ac,성균관대학교 행정대학원,본교,서울,특수대학원,1,1,1,,,not_tested,not_tested,not_tested,unresolved_signature_too_small
2024,employment-school-c1053218139d8d2a8daf,성산효대학원대학교,본교,인천,전문대학원,9,9,9,,,not_tested,not_tested,not_tested,unresolved_no_exact_signature
2024,employment-school-602feb075ef184bc52bd,성서침례대학원대학교,본교,경기,전문대학원,1,1,1,,,not_tested,not_tested,not_tested,unresolved_signature_too_small
2024,employment-school-873d16723cf3c8eb6f92,성신여자대학교,본교,서울,대학,57,56,57,,,not_tested,not_tested,not_tested,unresolved_no_exact_signature
2024,employment-school-84b13b22ceb433c2b3ca,성신여자대학교 AI세무·회계대학원,본교,서울,특수대학원,1,1,1,,,not_tested,not_tested,not_tested,unresolved_signature_too_small
2024,employment-school-4e33844bf2867ae905e7,성신여자대학교교육대학원,본교,서울,특수대학원,1,1,1,,,not_tested,not_tested,not_tested,unresolved_signature_too_small
2024,employment-school-ccff9ed2c7e1c677331d,성신여자대학교대학원,본교,서울,일반대학원,35,35,35,,,not_tested,not_tested,not_tested,unresolved_no_exact_signature
2024,employment-school-764ade5d2f372e2aa2f0,성신여자대학교 문화산업예술대학원,본교,서울,특수대학원,1,1,1,,,not_tested,not_tested,not_tested,unresolved_signature_too_small
2024,employment-school-5789e39e587bc9b49eb7,성신여자대학교 뷰티융합대학원,본교,서울,특수대학원,1,1,1,,,not_tested,not_tested,not_tested,unresolved_signature_too_small
2024,employment-school-c1e54faafe1ee9764926,성신여자대학교 생애복지대학원,본교,서울,특수대학원,4,4,4,,,not_tested,not_tested,not_tested,unresolved_no_exact_signature
2024,employment-school-b32bfc64ccdc7c081510,성운대학교,본교,경북,전문대학,17,17,17,,,not_tested,not_tested,not_tested,unresolved_no_exact_signature
2024,employment-school-0af1b99632619af72dcd,세경대학교,본교,강원,전문대학,13,13,13,,,not_tested,not_tested,not_tested,unresolved_no_exact_signature
2024,employment-school-93fce86944a4f04a52e2,세계사이버대학,본교,경기,원격대학(전문),14,14,14,,,not_tested,not_tested,not_tested,unresolved_no_exact_signature
2024,employment-school-d8474728c482eaec6c10,세명대학교,본교,충북,대학,34,34,34,,,not_tested,not_tested,not_tested,unresolved_no_exact_signature
2024,employment-school-00e53a156a3a012b5e43,세명대학교 경영행정복지대학원,본교,충북,특수대학원,4,4,4,,,not_tested,not_tested,not_tested,unresolved_no_exact_signature
2024,employment-school-10326bf788753e197aa9,세명대학교일반대학원,본교,충북,일반대학원,19,19,19,,,not_tested,not_tested,not_tested,unresolved_no_exact_signature
2024,employment-school-e5d5be2cf49cf2049459,세명대학교 저널리즘대학원,본교,충북,특수대학원,1,1,1,,,not_tested,not_tested,not_tested,unresolved_signature_too_small
2024,employment-school-7657ff1069201131a11e,세종대학교,본교,서울,대학,68,67,68,,,not_tested,not_tested,not_tested,unresolved_no_exact_signature
2024,employment-school-8844205020e27bb906f0,세종대학교경영전문대학원,본교,서울,전문대학원,4,4,4,,,not_tested,not_tested,not_tested,unresolved_no_exact_signature
2024,employment-school-32ef3bed609b705daf9b,세종대학교 공공정책대학원,본교,서울,특수대학원,6,6,6,,,not_tested,not_tested,not_tested,unresolved_no_exact_signature
2024,employment-school-e0c41a00a3e8cf8d7549,세종대학교공연예술대학원,본교,서울,특수대학원,2,2,2,,,not_tested,not_tested,not_tested,unresolved_signature_too_small
2024,employment-school-bd76a6448c78b836bb2e,세종대학교관광대학원,본교,서울,특수대학원,3,3,3,,,not_tested,not_tested,not_tested,unresolved_no_exact_signature
2024,employment-school-892b5fdb1fbb142fad91,세종대학교교육대학원,본교,서울,특수대학원,6,6,6,,,not_tested,not_tested,not_tested,unresolved_no_exact_signature
2024,employment-school-bf71d46514050c2637ae,세종대학교 산업대학원,본교,서울,특수대학원,8,8,8,,,not_tested,not_tested,not_tested,unresolved_no_exact_signature
2024,employment-school-1ff57aaebc75c27ea816,세종대학교 융합예술대학원,본교,서울,특수대학원,8,8,8,,,not_tested,not_tested,not_tested,unresolved_no_exact_signature
2024,employment-school-06c6f3992687a4a4f693,세종대학교일반대학원,본교,서울,일반대학원,60,60,60,,,not_tested,not_tested,not_tested,unresolved_no_exact_signature
2024,employment-school-39478854fe5e3f113211,세종사이버대학교,본교,서울,사이버대학(대학),34,34,34,,,not_tested,not_tested,not_tested,unresolved_no_exact_signature
2024,employment-school-ed19264317a026386b83,세종사이버대학교 경영대학원,본교,서울,특수대학원,1,1,1,,,not_tested,not_tested,not_tested,unresolved_signature_too_small
2024,employment-school-ce6039862fae1038be02,세종사이버대학교 정보보호대학원,본교,서울,특수대학원,1,1,1,,,not_tested,not_tested,not_tested,unresolved_signature_too_small
2024,employment-school-ad83995b7386f6fd5205,세한대학교,본교,전남,대학,35,35,35,,,not_tested,not_tested,not_tested,unresolved_no_exact_signature
2024,employment-school-e569f6d49fbbe1fa3825,세한대학교일반대학원,본교,전남,일반대학원,4,4,4,,,not_tested,not_tested,not_tested,unresolved_no_exact_signature
2024,employment-school-ab601f919849fdde3f50,송곡대학교,본교,강원,전문대학,10,10,10,,,not_tested,not_tested,not_tested,unresolved_no_exact_signature
2024,employment-school-e4c43dd458e6c62f875d,송원대학교,본교,광주,대학,37,25,37,,,not_tested,not_tested,not_tested,unresolved_no_exact_signature
2024,employment-school-275ed7077307d1b1a853,송원대학교 휴먼산업대학원,본교,광주,특수대학원,8,8,8,,,not_tested,not_tested,not_tested,unresolved_no_exact_signature
2024,employment-school-81c8f35366f4d6807c3e,송호대학교,본교,강원,전문대학,18,18,18,,,not_tested,not_tested,not_tested,unresolved_no_exact_signature
2024,employment-school-a6985a0100dbf08eff06,수도국제대학원대학교,본교,서울,전문대학원,6,6,6,,,not_tested,not_tested,not_tested,unresolved_no_exact_signature
2024,employment-school-9ab471d608d31a4d38c2,수성대학교,본교,대구,전문대학,23,23,23,,,not_tested,not_tested,not_tested,unresolved_no_exact_signature
2024,employment-school-58d714ed367e10b8d7ec,수원가톨릭대학교,본교,경기,대학,1,1,1,,,not_tested,not_tested,not_tested,unresolved_signature_too_small
2024,employment-school-6d941cd3cc202930e524,수원가톨릭대학교대학원,본교,경기,일반대학원,1,1,1,,,not_tested,not_tested,not_tested,unresolved_signature_too_small
2024,employment-school-b6a830d61ce3c535e19d,수원과학대학교,본교,경기,전문대학,45,45,45,,,not_tested,not_tested,not_tested,unresolved_no_exact_signature
2024,employment-school-9aa21f860325dbfdbf3d,수원대학교,본교,경기,대학,59,59,59,,,not_tested,not_tested,not_tested,unresolved_no_exact_signature
2024,employment-school-6e80e42d1db992f63b10,수원대학교경영대학원,본교,경기,특수대학원,1,1,1,,,not_tested,not_tested,not_tested,unresolved_signature_too_small
2024,employment-school-72fbcff4c82bb67ff758,수원대학교 고용서비스대학원,본교,경기,특수대학원,1,1,1,,,not_tested,not_tested,not_tested,unresolved_signature_too_small
2024,employment-school-1a47b72a53e86eba9c07,수원대학교 공공정책대학원,본교,경기,특수대학원,1,1,1,,,not_tested,not_tested,not_tested,unresolved_signature_too_small
2024,employment-school-5cf98a96a246007c745a,수원대학교 공학대학원,본교,경기,특수대학원,6,6,6,,,not_tested,not_tested,not_tested,unresolved_no_exact_signature
2024,employment-school-dbbcfb602c0ac6ed2db7,수원대학교교육대학원,본교,경기,특수대학원,5,5,5,,,not_tested,not_tested,not_tested,unresolved_no_exact_signature
2024,employment-school-a8284dac8d4d9fbf8204,수원대학교 글로벌창업대학원,본교,경기,특수대학원,1,1,1,,,not_tested,not_tested,not_tested,unresolved_signature_too_small
2024,employment-school-062db85735c9c760a64c,수원대학교 문화예술대학원,본교,경기,특수대학원,1,1,1,,,not_tested,not_tested,not_tested,unresolved_signature_too_small
2024,employment-school-897eca3e4474f7590c3f,수원대학교 미술대학원,본교,경기,특수대학원,2,2,2,,,not_tested,not_tested,not_tested,unresolved_signature_too_small
2024,employment-school-47224295aab7058cde99,수원대학교사회복지대학원,본교,경기,특수대학원,1,1,1,,,not_tested,not_tested,not_tested,unresolved_signature_too_small
2024,employment-school-b9ba81968ed7f5be6e57,수원대학교 스포츠과학대학원,본교,경기,특수대학원,1,1,1,,,not_tested,not_tested,not_tested,unresolved_signature_too_small
2024,employment-school-d59bc2c86e7321e4c1a3,수원대학교 음악대학원,본교,경기,특수대학원,3,3,3,,,not_tested,not_tested,not_tested,unresolved_no_exact_signature
2024,employment-school-1fd3e4b1471f875ab5b5,수원대학교일반대학원,본교,경기,일반대학원,19,19,19,,,not_tested,not_tested,not_tested,unresolved_no_exact_signature
2024,employment-school-35fa43ea4e490a49bc61,수원대학교호텔관광대학원,본교,경기,특수대학원,1,1,1,,,not_tested,not_tested,not_tested,unresolved_signature_too_small
2024,employment-school-683c66d1dc183afd5a3f,수원여자대학교,본교,경기,전문대학,40,40,40,,,not_tested,not_tested,not_tested,unresolved_no_exact_signature
2024,employment-school-082cb3068cd001fb41a6,숙명여자대학교,본교,서울,대학,50,50,50,,,not_tested,not_tested,not_tested,unresolved_no_exact_signature
2024,employment-school-f9a94efc9744267a0969,숙명여자대학교 TESOL·국제학대학원,본교,서울,특수대학원,3,3,3,,,not_tested,not_tested,not_tested,unresolved_no_exact_signature
2024,employment-school-09806aedf48545570d5a,숙명여자대학교 TESOL 대학원,본교,서울,특수대학원,1,1,1,,,not_tested,not_tested,not_tested,unresolved_signature_too_small
2024,employment-school-af51cd3b60dcd27f1e8d,숙명여자대학교 경영전문대학원,본교,서울,전문대학원,1,1,1,,,not_tested,not_tested,not_tested,unresolved_signature_too_small
2024,employment-school-70f2cd968a48efb3b012,숙명여자대학교 교육대학원,본교,서울,특수대학원,15,15,15,,,not_tested,not_tested,not_tested,unresolved_no_exact_signature
2024,employment-school-79bee1a483747e22b7b2,숙명여자대학교 국제관계대학원,본교,서울,특수대학원,1,1,1,,,not_tested,not_tested,not_tested,unresolved_signature_too_small
2024,employment-school-5b24a2737af9db2f4458,숙명여자대학교 라이프스타일디자인대학원,본교,서울,특수대학원,1,1,1,,,not_tested,not_tested,not_tested,unresolved_signature_too_small
2024,employment-school-10b1d9304e235081bfbf,숙명여자대학교 문화예술대학원,본교,서울,특수대학원,8,8,8,,,not_tested,not_tested,not_tested,unresolved_no_exact_signature
2024,employment-school-e4c8a14e1a29b3a285d0,숙명여자대학교 사회교육대학원,본교,서울,특수대학원,1,1,1,,,not_tested,not_tested,not_tested,unresolved_signature_too_small
2024,employment-school-0c66f982204343e79224,숙명여자대학교 심리치료대학원,본교,서울,특수대학원,2,2,2,,,not_tested,not_tested,not_tested,unresolved_signature_too_small
2024,employment-school-d4996ce2791a252fb6b7,숙명여자대학교 원격대학원,본교,서울,특수대학원,6,6,6,,,not_tested,not_tested,not_tested,unresolved_no_exact_signature
2024,employment-school-2a701c3d9cc2ac9ce593,숙명여자대학교 음악치료대학원,본교,서울,특수대학원,1,1,1,,,not_tested,not_tested,not_tested,unresolved_signature_too_small
2024,employment-school-eb04429165be3c6c4412,숙명여자대학교 인적자원개발대학원,본교,서울,특수대학원,2,2,2,,,not_tested,not_tested,not_tested,unresolved_signature_too_small
2024,employment-school-84b4259c328e05808e39,숙명여자대학교 일반대학원,본교,서울,일반대학원,48,48,48,,,not_tested,not_tested,not_tested,unresolved_no_exact_signature
2024,employment-school-fe77029038cf46b9e1da,숙명여자대학교 전통문화예술대학원,본교,서울,특수대학원,2,2,2,,,not_tested,not_tested,not_tested,unresolved_signature_too_small
2024,employment-school-79e63fd1c2c742fda4ef,숙명여자대학교 정책대학원,본교,서울,특수대학원,2,2,2,,,not_tested,not_tested,not_tested,unresolved_signature_too_small
2024,employment-school-80bae952bb4df89cd503,숙명여자대학교 정책산업대학원,본교,서울,특수대학원,1,1,1,,,not_tested,not_tested,not_tested,unresolved_signature_too_small
2024,employment-school-35b9fbfc6ef3d17d1a6d,순복음대학원대학교,본교,서울,전문대학원,5,5,5,,,not_tested,not_tested,not_tested,unresolved_no_exact_signature
2024,employment-school-fc009faa7a8992f0c50f,순복음총회신학교,본교,충북,각종학교(대학),4,4,4,,,not_tested,not_tested,not_tested,unresolved_no_exact_signature
2024,employment-school-bd7f02960e84699effd0,순천제일대학교,본교,전남,전문대학,24,24,24,,,not_tested,not_tested,not_tested,unresolved_no_exact_signature
2024,employment-school-4568aa59f8b8fccefc9e,순천향대학교,본교,충남,대학,69,69,69,,,not_tested,not_tested,not_tested,unresolved_no_exact_signature
2024,employment-school-f38cdbe60a6dc4dc4ddb,순천향대학교 건강과학대학원,본교,충남,특수대학원,7,7,7,,,not_tested,not_tested,not_tested,unresolved_no_exact_signature
2024,employment-school-e583fd5e990df43a827b,순천향대학교교육대학원,본교,충남,특수대학원,2,2,2,,,not_tested,not_tested,not_tested,unresolved_signature_too_small
2024,employment-school-943d76fb2f552e6a5055,순천향대학교대학원,본교,충남,일반대학원,31,31,31,,,not_tested,not_tested,not_tested,unresolved_no_exact_signature
2024,employment-school-7508f129b4ec7cee44a9,순천향대학교 미래융합대학원,본교,충남,특수대학원,10,10,10,,,not_tested,not_tested,not_tested,unresolved_no_exact_signature
2024,employment-school-f3092aaf4ed374c0db9d,순천향대학교 법과학대학원,본교,충남,특수대학원,1,1,1,,,not_tested,not_tested,not_tested,unresolved_signature_too_small
2024,employment-school-f9d13e8db9ede47d32e0,숭실대학교,본교,서울,대학,53,53,53,,,not_tested,not_tested,not_tested,unresolved_no_exact_signature
2024,employment-school-a967a2a29e13f7ebf40b,숭실대학교 경영대학원,본교,서울,특수대학원,12,12,12,,,not_tested,not_tested,not_tested,unresolved_no_exact_signature
2024,employment-school-553d4220045eb1fd2239,숭실대학교 교육대학원,본교,서울,특수대학원,7,7,7,,,not_tested,not_tested,not_tested,unresolved_no_exact_signature
2024,employment-school-8e359f520d6478b1bfbe,숭실대학교 기독교학대학원,본교,서울,특수대학원,3,3,3,,,not_tested,not_tested,not_tested,unresolved_no_exact_signature
2024,employment-school-9119ff5e6d0a41252508,숭실대학교 대학원,본교,서울,일반대학원,53,53,53,,,not_tested,not_tested,not_tested,unresolved_no_exact_signature
2024,employment-school-90e7b62cfafa689347eb,숭실대학교 사회복지대학원,본교,서울,특수대학원,4,4,4,,,not_tested,not_tested,not_tested,unresolved_no_exact_signature
2024,employment-school-d932a4d5f1d1900b81a4,숭실대학교 안전융합대학원,본교,서울,특수대학원,3,3,3,,,not_tested,not_tested,not_tested,unresolved_no_exact_signature
2024,employment-school-e62bd86e475e1cb20d3f,숭실대학교 정보과학대학원,본교,서울,특수대학원,6,6,6,,,not_tested,not_tested,not_tested,unresolved_no_exact_signature
2024,employment-school-751c8e40c00325370e72,숭실대학교 중소기업대학원,본교,서울,특수대학원,6,6,6,,,not_tested,not_tested,not_tested,unresolved_no_exact_signature
2024,employment-school-a1a338fe643f41178880,숭실사이버대학교,본교,서울,사이버대학(대학),27,27,27,,,not_tested,not_tested,not_tested,unresolved_no_exact_signature
2024,employment-school-1d7723fe630128dc055c,숭의여자대학교,본교,서울,전문대학,24,24,24,,,not_tested,not_tested,not_tested,unresolved_no_exact_signature
2024,employment-school-ca46a9878b24365cb301,신경주대학교,본교,경북,대학,18,18,18,,,not_tested,not_tested,not_tested,unresolved_no_exact_signature
2024,employment-school-dbbf864a701aa8089cae,신경주대학교 문화관광복지대학원,본교,경북,특수대학원,3,3,3,,,not_tested,not_tested,not_tested,unresolved_no_exact_signature
2024,employment-school-c70fb7331cb7b1c46d66,신경주대학교일반대학원,본교,경북,일반대학원,2,2,2,,,not_tested,not_tested,not_tested,unresolved_signature_too_small
2024,employment-school-44f13f664ec4bba85f41,신구대학교,본교,경기,전문대학,58,58,58,,,not_tested,not_tested,not_tested,unresolved_no_exact_signature
2024,employment-school-306ffc57ac3938aac891,신라대학교,본교,부산,대학,115,100,115,,,not_tested,not_tested,not_tested,unresolved_no_exact_signature
2024,employment-school-0da9625eb75588a82fa4,신라대학교 공공안전정책대학원,본교,부산,특수대학원,4,4,4,,,not_tested,not_tested,not_tested,unresolved_no_exact_signature
2024,employment-school-7f61de1709fc2faf589e,신라대학교 교육대학원,본교,부산,특수대학원,8,8,8,,,not_tested,not_tested,not_tested,unresolved_no_exact_signature
2024,employment-school-9dd7571fd7e06b29c2eb,신라대학교 대학원,본교,부산,일반대학원,26,26,26,,,not_tested,not_tested,not_tested,unresolved_no_exact_signature
2024,employment-school-5ab26b0f934471569cdf,신라대학교 사회복지대학원,본교,부산,특수대학원,2,2,2,,,not_tested,not_tested,not_tested,unresolved_signature_too_small
2024,employment-school-b418dcf4e2b86bbf4165,신라대학교 산업융합대학원,본교,부산,특수대학원,5,5,5,,,not_tested,not_tested,not_tested,unresolved_no_exact_signature
2024,employment-school-29b62b9244e8bf18d3bf,신라대학교 상담치료대학원,본교,부산,특수대학원,2,2,2,,,not_tested,not_tested,not_tested,unresolved_signature_too_small
2024,employment-school-2406cc7c26ad64376e27,신성대학교,본교,충남,전문대학,35,35,35,,,not_tested,not_tested,not_tested,unresolved_no_exact_signature
2024,employment-school-f5e5d0aed118676a1886,신안산대학교,본교,경기,전문대학,38,38,38,,,not_tested,not_tested,not_tested,unresolved_no_exact_signature
2024,employment-school-1e983d671e5ccc6c74c1,신한대학교,본교,경기,대학,8,8,8,,,not_tested,not_tested,not_tested,unresolved_no_exact_signature
2024,employment-school-0206516c2765565e6706,신한대학교,캠퍼스,경기,대학,26,26,26,,,not_tested,not_tested,not_tested,unresolved_no_exact_signature
2024,employment-school-c136003aadb9a7cb3b84,신한대학교 일반대학원,본교,경기,일반대학원,15,15,15,,,not_tested,not_tested,not_tested,unresolved_no_exact_signature
2024,employment-school-81e7cfda3a778fadcc99,신한대학교 지식복지대학원,본교,경기,특수대학원,4,4,4,,,not_tested,not_tested,not_tested,unresolved_no_exact_signature
2024,employment-school-8b7c78458d3483fe9e8f,실천신학대학원대학교,본교,경기,전문대학원,1,1,1,,,not_tested,not_tested,not_tested,unresolved_signature_too_small
2024,employment-school-c5bb35f6691de49cdd04,아신대학교,본교,경기,대학,6,6,6,,,not_tested,not_tested,not_tested,unresolved_no_exact_signature
2024,employment-school-44bdece6caacf9b15ba7,아신대학교 교육대학원,본교,경기,특수대학원,3,3,3,,,not_tested,not_tested,not_tested,unresolved_no_exact_signature
2024,employment-school-14afe1682471b37e8560,아신대학교 대학원,본교,경기,일반대학원,3,3,3,,,not_tested,not_tested,not_tested,unresolved_no_exact_signature
2024,employment-school-dc83923457c6007e9510,아신대학교 복지대학원,본교,경기,특수대학원,1,1,1,,,not_tested,not_tested,not_tested,unresolved_signature_too_small
2024,employment-school-0883e3d4a0e93277f6fb,아신대학교 상담대학원,본교,경기,특수대학원,2,2,2,,,not_tested,not_tested,not_tested,unresolved_signature_too_small
2024,employment-school-d0bc554d888054668d96,아신대학교 선교대학원,본교,경기,특수대학원,1,1,1,,,not_tested,not_tested,not_tested,unresolved_signature_too_small
2024,employment-school-1b930eee8c64486cbd85,아신대학교 신학대학원,본교,경기,특수대학원,1,1,1,,,not_tested,not_tested,not_tested,unresolved_signature_too_small
2024,employment-school-ab8b05d8fc1d35783eb3,아주대학교,본교,경기,대학,38,38,38,,,not_tested,not_tested,not_tested,unresolved_no_exact_signature
2024,employment-school-9bd569bb630fed9f450c,아주대학교 IT융합대학원,본교,경기,특수대학원,1,1,1,,,not_tested,not_tested,not_tested,unresolved_signature_too_small
2024,employment-school-0740bf51f14ee9109300,아주대학교경영대학원,본교,경기,특수대학원,1,1,1,,,not_tested,not_tested,not_tested,unresolved_signature_too_small
2024,employment-school-662f07c08d6ce29f3b6e,아주대학교공공정책대학원,본교,경기,특수대학원,3,3,3,,,not_tested,not_tested,not_tested,unresolved_no_exact_signature
2024,employment-school-654080e8e179487ee678,아주대학교 공학대학원,본교,경기,특수대학원,9,9,9,,,not_tested,not_tested,not_tested,unresolved_no_exact_signature
2024,employment-school-488e4ab48c6003bf9731,아주대학교교육대학원,본교,경기,특수대학원,1,1,1,,,not_tested,not_tested,not_tested,unresolved_signature_too_small
2024,employment-school-aafa92ff34051f8c2791,아주대학교 교통·ITS대학원,본교,경기,특수대학원,2,2,2,,,not_tested,not_tested,not_tested,unresolved_signature_too_small
2024,employment-school-4736cde4a030952e29a1,아주대학교국제대학원,본교,경기,특수대학원,6,6,6,,,not_tested,not_tested,not_tested,unresolved_no_exact_signature
2024,employment-school-0ff812896f7e168a3f82,아주대학교 글로벌제약임상대학원,본교,경기,특수대학원,1,1,1,,,not_tested,not_tested,not_tested,unresolved_signature_too_small
2024,employment-school-7a2033b1586cbb0e446e,아주대학교대학원,본교,경기,일반대학원,51,51,51,,,not_tested,not_tested,not_tested,unresolved_no_exact_signature
2024,employment-school-f5268824a1041fa3bc92,아주대학교 법학전문대학원,본교,경기,전문대학원,1,1,1,,,not_tested,not_tested,not_tested,unresolved_signature_too_small
2024,employment-school-1e0865ffbe6499d2ab4e,아주대학교 보건대학원,본교,경기,특수대학원,1,1,1,,,not_tested,not_tested,not_tested,unresolved_signature_too_small
2024,employment-school-7705b9dc4ed1091208b6,아주대학교 임상치의학대학원,본교,경기,특수대학원,2,2,2,,,not_tested,not_tested,not_tested,unresolved_signature_too_small
2024,employment-school-d1fa9c2bef226f033bff,아주대학교정보통신대학원,본교,경기,특수대학원,1,1,1,,,not_tested,not_tested,not_tested,unresolved_signature_too_small
2024,employment-school-58faff6adc95367b44b9,아주자동차대학교,본교,충남,전문대학,2,2,2,,,not_tested,not_tested,not_tested,unresolved_signature_too_small
2024,employment-school-fa558643b7ff4f300166,안동과학대학교,본교,경북,전문대학,29,29,29,,,not_tested,not_tested,not_tested,unresolved_no_exact_signature
2024,employment-school-1fb3e428238fa0d0d0c9,안산대학교,본교,경기,전문대학,41,41,41,,,not_tested,not_tested,not_tested,unresolved_no_exact_signature
2024,employment-school-69d99446e376cf02caae,안양대학교,본교,경기,대학,42,40,42,,,not_tested,not_tested,not_tested,unresolved_no_exact_signature
2024,employment-school-193d316f94370823402a,안양대학교,캠퍼스,인천,대학,8,7,8,,,not_tested,not_tested,not_tested,unresolved_no_exact_signature
2024,employment-school-a840e2cca69bf6ec421a,안양대학교경영행정대학원,본교,경기,특수대학원,1,1,1,,,not_tested,not_tested,not_tested,unresolved_signature_too_small
2024,employment-school-344c7717ce3147f489ae,안양대학교 경영행정대학원,캠퍼스,인천,특수대학원,1,1,1,,,not_tested,not_tested,not_tested,unresolved_signature_too_small
2024,employment-school-671fe51749379831afdf,안양대학교교육대학원,본교,경기,특수대학원,5,5,5,,,not_tested,not_tested,not_tested,unresolved_no_exact_signature
2024,employment-school-638a010a9a8025fd3aa3,안양대학교 글로벌대학원,본교,경기,특수대학원,5,5,5,,,not_tested,not_tested,not_tested,unresolved_no_exact_signature
2024,employment-school-a4a1a29b7d21bd9a00c0,안양대학교대학원,본교,경기,일반대학원,8,8,8,,,not_tested,not_tested,not_tested,unresolved_no_exact_signature
2024,employment-school-f574746ae2cadfba4379,안양대학교신학대학원,본교,경기,특수대학원,2,2,2,,,not_tested,not_tested,not_tested,unresolved_signature_too_small
2024,employment-school-8f6cf60b7559ac002ef2,에스라성경대학원대학교,본교,경기,전문대학원,1,1,1,,,not_tested,not_tested,not_tested,unresolved_signature_too_small
2024,employment-school-be2c1deded077147b9f2,여주대학교,본교,경기,전문대학,65,65,65,,,not_tested,not_tested,not_tested,unresolved_no_exact_signature
2024,employment-school-b300d7bc472f97756d85,연성대학교,본교,경기,전문대학,46,46,46,,,not_tested,not_tested,not_tested,unresolved_no_exact_signature
2024,employment-school-f903969ceda1a65664ef,연세대학교,본교,서울,대학,82,82,82,,,not_tested,not_tested,not_tested,unresolved_no_exact_signature
2024,employment-school-0878bac8166315b40be2,연세대학교 간호대학원,본교,서울,특수대학원,1,1,1,,,not_tested,not_tested,not_tested,unresolved_signature_too_small
2024,employment-school-93f8324e653e31e74e3a,연세대학교 경영전문대학원,본교,서울,전문대학원,5,5,5,,,not_tested,not_tested,not_tested,unresolved_no_exact_signature
2024,employment-school-f455c845f9c01ea8494b,연세대학교 경제대학원,본교,서울,특수대학원,1,1,1,,,not_tested,not_tested,not_tested,unresolved_signature_too_small
2024,employment-school-8c8afca2a58787612dd6,연세대학교 공학대학원,본교,서울,특수대학원,7,7,7,,,not_tested,not_tested,not_tested,unresolved_no_exact_signature
2024,employment-school-aebfbafafab34447f8c1,연세대학교 교육대학원,본교,서울,특수대학원,19,19,19,,,not_tested,not_tested,not_tested,unresolved_no_exact_signature
2024,employment-school-c6a37439e7bf1f32e6b3,연세대학교 국제학대학원,본교,서울,전문대학원,6,6,6,,,not_tested,not_tested,not_tested,unresolved_no_exact_signature
2024,employment-school-1dc3d8f203852926257f,연세대학교 대학원,본교,서울,일반대학원,96,96,96,,,not_tested,not_tested,not_tested,unresolved_no_exact_signature
2024,employment-school-a2d8ecca7c6a1e84034c,연세대학교 미래캠퍼스,분교,강원,대학,46,46,46,,,not_tested,not_tested,not_tested,unresolved_no_exact_signature
2024,employment-school-32ee4769565686d55965,연세대학교 미래캠퍼스 보건과학대학원,분교,강원,특수대학원,1,1,1,,,not_tested,not_tested,not_tested,unresolved_signature_too_small
2024,employment-school-d88f5ce5bf692bf8891e,연세대학교 법무대학원,본교,서울,특수대학원,1,1,1,,,not_tested,not_tested,not_tested,unresolved_signature_too_small
2024,employment-school-3fd5169f12da2f425a5e,연세대학교 법학전문대학원,본교,서울,전문대학원,1,1,1,,,not_tested,not_tested,not_tested,unresolved_signature_too_small
2024,employment-school-6cd2f274d1dbb9b04b12,연세대학교 보건대학원,본교,서울,특수대학원,3,3,3,,,not_tested,not_tested,not_tested,unresolved_no_exact_signature
2024,employment-school-0a84cb5a011aede954f6,연세대학교 보건환경대학원,분교,강원,특수대학원,6,6,6,,,not_tested,not_tested,not_tested,unresolved_no_exact_signature
2024,employment-school-26af01ebc4f9c0dc3e2b,연세대학교 사회복지대학원,본교,서울,전문대학원,1,1,1,,,not_tested,not_tested,not_tested,unresolved_signature_too_small
2024,employment-school-7e4879c6f0b90bb06c63,연세대학교 생활환경대학원,본교,서울,특수대학원,6,6,6,,,not_tested,not_tested,not_tested,unresolved_no_exact_signature
2024,employment-school-5bb5081a01f532ab86c0,연세대학교 언론홍보대학원,본교,서울,특수대학원,1,1,1,,,not_tested,not_tested,not_tested,unresolved_signature_too_small
2024,employment-school-77f1a6e48e49cec259a5,연세대학교 연합신학대학원,본교,서울,전문대학원,2,2,2,,,not_tested,not_tested,not_tested,unresolved_signature_too_small
2024,employment-school-b213a8883f646fd7a704,연세대학교 일반대학원,분교,강원,일반대학원,30,30,30,,,not_tested,not_tested,not_tested,unresolved_no_exact_signature
2024,employment-school-c69e0f41975c6dda6b1b,연세대학교 정경·창업대학원,분교,강원,특수대학원,6,6,6,,,not_tested,not_tested,not_tested,unresolved_no_exact_signature
2024,employment-school-af90b8dbcfac10d26a5f,연세대학교 정경대학원,분교,강원,특수대학원,10,10,10,,,not_tested,not_tested,not_tested,unresolved_no_exact_signature
2024,employment-school-ba0a7135668073324a29,연세대학교 정보대학원,본교,서울,전문대학원,5,5,5,,,not_tested,not_tested,not_tested,unresolved_no_exact_signature
2024,employment-school-98bc322cb4b9188b7bcd,연세대학교 커뮤니케이션대학원,본교,서울,전문대학원,7,7,7,,,not_tested,not_tested,not_tested,unresolved_no_exact_signature
2024,employment-school-e823927dbb1dc0743449,연세대학교 행정대학원,본교,서울,특수대학원,2,2,2,,,not_tested,not_tested,not_tested,unresolved_signature_too_small
2024,employment-school-f685bad121dca0b28cb7,연암공과대학교,본교,경남,전문대학,5,5,5,,,not_tested,not_tested,not_tested,unresolved_no_exact_signature
2024,employment-school-937ff55330bb9c1d5ace,연암대학교,본교,충남,전문대학,5,5,5,,,not_tested,not_tested,not_tested,unresolved_no_exact_signature
2024,employment-school-587a5153d9ec9673a5ae,영남대학교,본교,경북,대학,111,85,111,,,not_tested,not_tested,not_tested,unresolved_no_exact_signature
2024,employment-school-6c34f4b791cc8dd75915,영남대학교 경영행정대학원,본교,대구,특수대학원,4,4,4,,,not_tested,not_tested,not_tested,unresolved_no_exact_signature
2024,employment-school-b5424c0c2e0c82f73fb9,영남대학교 공학대학원,본교,경북,특수대학원,7,7,7,,,not_tested,not_tested,not_tested,unresolved_no_exact_signature
2024,employment-school-6b114b83dfa11fcee9b6,영남대학교 교육대학원,본교,경북,특수대학원,11,11,11,,,not_tested,not_tested,not_tested,unresolved_no_exact_signature
2024,employment-school-9ee6eada3c31c6d840fd,영남대학교 문화예술디자인대학원,본교,대구,특수대학원,2,2,2,,,not_tested,not_tested,not_tested,unresolved_signature_too_small
2024,employment-school-8dbdbdb320c6e8404f4c,영남대학교 박정희새마을대학원,본교,경북,특수대학원,3,3,3,,,not_tested,not_tested,not_tested,unresolved_no_exact_signature
2024,employment-school-472374a7f655fcce55d4,영남대학교 법학전문대학원,본교,경북,전문대학원,1,1,1,,,not_tested,not_tested,not_tested,unresolved_signature_too_small
2024,employment-school-11ce9202890e5424d252,영남대학교 스포츠과학대학원,본교,대구,특수대학원,1,1,1,,,not_tested,not_tested,not_tested,unresolved_signature_too_small
2024,employment-school-cd5d741ed2b01974947e,영남대학교 일반대학원,본교,경북,일반대학원,79,79,79,,,not_tested,not_tested,not_tested,unresolved_no_exact_signature
2024,employment-school-5204c6e978da4ad30aa7,영남대학교 행정대학원,본교,대구,특수대학원,2,2,2,,,not_tested,not_tested,not_tested,unresolved_signature_too_small
2024,employment-school-65201d89c3c51ae060d9,영남대학교 환경보건대학원,본교,대구,특수대학원,3,3,3,,,not_tested,not_tested,not_tested,unresolved_no_exact_signature
2024,employment-school-d5a7cddf5dda38f3946e,영남사이버대학교,본교,경북,원격대학(대학),8,8,8,,,not_tested,not_tested,not_tested,unresolved_no_exact_signature
2024,employment-school-055b8caec607e1fd1522,영남신학대학교,본교,경북,대학,4,4,4,8771178662,unique_exact_department_college_signature,true,true,true,candidate_signature_context_confirmed
2024,employment-school-c8c9eae8248b9fd4721d,영남신학대학교대학원,본교,경북,일반대학원,3,3,3,4347365736,unique_exact_department_college_signature,true,true,true,candidate_signature_context_confirmed
2024,employment-school-35551f6f261fe3a21028,영남신학대학교 미래목회대학원,본교,경북,특수대학원,1,1,1,,,not_tested,not_tested,not_tested,unresolved_signature_too_small
2024,employment-school-0fb4f477a36dfadf6163,영남신학대학교사회복지대학원,본교,경북,특수대학원,1,1,1,,,not_tested,not_tested,not_tested,unresolved_signature_too_small
2024,employment-school-95ae82c59f30ed5a5db0,영남신학대학교 상담대학원,본교,경북,특수대학원,1,1,1,,,not_tested,not_tested,not_tested,unresolved_signature_too_small
2024,employment-school-1d0685dddbf298a7e902,영남신학대학교 성서신학대학원,본교,경북,특수대학원,1,1,1,,,not_tested,not_tested,not_tested,unresolved_signature_too_small
2024,employment-school-059e42a7d5fce3ee254b,영남신학대학교신학대학원,본교,경북,특수대학원,1,1,1,,,not_tested,not_tested,not_tested,unresolved_signature_too_small
2024,employment-school-e8bd2866c7e2b7b6eba1,영남신학대학교 통일선교대학원,본교,경북,특수대학원,1,1,1,,,not_tested,not_tested,not_tested,unresolved_signature_too_small
2024,employment-school-8968d3bd3d23650115fb,영남외국어대학,본교,경북,전문대학,4,4,4,,,not_tested,not_tested,not_tested,unresolved_no_exact_signature
2024,employment-school-34ce3345a9aa264ee7d4,영남이공대학교,본교,대구,전문대학,48,48,48,,,not_tested,not_tested,not_tested,unresolved_no_exact_signature
2024,employment-school-e03fe05c6ea2204034bd,영산대학교,본교,부산,대학,50,50,50,,,not_tested,not_tested,not_tested,unresolved_no_exact_signature
2024,employment-school-6fb2785f5509ac2dde82,영산대학교,캠퍼스,경남,대학,31,30,31,,,not_tested,not_tested,not_tested,unresolved_no_exact_signature
2024,employment-school-ff126f6813533d384fb7,영산대학교 공과대학원,캠퍼스,경남,특수대학원,2,2,2,,,not_tested,not_tested,not_tested,unresolved_signature_too_small
2024,employment-school-2368fe45b731d2ee8bb2,영산대학교 관광대학원,본교,부산,특수대학원,2,2,2,,,not_tested,not_tested,not_tested,unresolved_signature_too_small
2024,employment-school-9d609288872bec2f10f5,영산대학교 기술창업대학원,캠퍼스,경남,특수대학원,1,1,1,,,not_tested,not_tested,not_tested,unresolved_signature_too_small
2024,employment-school-aa3e088e1852d73be150,영산대학교 미용예술대학원,본교,부산,특수대학원,3,3,3,,,not_tested,not_tested,not_tested,unresolved_no_exact_signature
2024,employment-school-10ba5b1808ea8bf99169,영산대학교 부동산대학원,본교,부산,특수대학원,1,1,1,,,not_tested,not_tested,not_tested,unresolved_signature_too_small
2024,employment-school-ed2732d0836637310283,영산대학교 사회과학대학원,본교,부산,특수대학원,3,3,3,,,not_tested,not_tested,not_tested,unresolved_no_exact_signature
2024,employment-school-2649bae3a916faf5175b,영산대학교 일반대학원,본교,부산,일반대학원,4,4,4,,,not_tested,not_tested,not_tested,unresolved_no_exact_signature
2024,employment-school-04d50b59dfc2e7d24eb2,영산대학교 일반대학원,캠퍼스,경남,일반대학원,2,2,2,,,not_tested,not_tested,not_tested,unresolved_signature_too_small
2024,employment-school-aa52a2bd5ef7dc06403a,영산선학대학교,본교,전남,대학,1,1,1,,,not_tested,not_tested,not_tested,unresolved_signature_too_small
2024,employment-school-a8e12143a6ff745bb92c,영진사이버대학교,본교,대구,사이버대학(전문),12,12,12,,,not_tested,not_tested,not_tested,unresolved_no_exact_signature
2024,employment-school-4ed8ec6d1f374440ca54,영진전문대학교,본교,대구,전문대학,38,38,38,,,not_tested,not_tested,not_tested,unresolved_no_exact_signature
2024,employment-school-bae910f127b5d907f3cb,예명대학원대학교,본교,서울,전문대학원,2,2,2,,,not_tested,not_tested,not_tested,unresolved_signature_too_small
2024,employment-school-5c3c5c736d8ad8943404,예수대학교,본교,전북,대학,2,2,2,,,not_tested,not_tested,not_tested,unresolved_signature_too_small
2024,employment-school-a1d340234b25a9bc443b,예수대학교 일반대학원,본교,전북,일반대학원,1,1,1,,,not_tested,not_tested,not_tested,unresolved_signature_too_small
2024,employment-school-0a1451fb690cbf23259f,예원예술대학교,본교,전북,대학,16,16,16,,,not_tested,not_tested,not_tested,unresolved_no_exact_signature
2024,employment-school-5459984578d7713ba21d,예원예술대학교,캠퍼스,경기,대학,5,5,5,,,not_tested,not_tested,not_tested,unresolved_no_exact_signature
2024,employment-school-bffc3c1deb95fc009e07,예원예술대학교 문화예술대학원,본교,전북,특수대학원,3,3,3,,,not_tested,not_tested,not_tested,unresolved_no_exact_signature
2024,employment-school-06e7c8426b20cd477174,예원예술대학교 문화예술대학원,캠퍼스,경기,특수대학원,10,10,10,,,not_tested,not_tested,not_tested,unresolved_no_exact_signature
2024,employment-school-90921eed90cab262cf89,예원예술대학교 사회복지대학원,본교,전북,특수대학원,1,1,1,,,not_tested,not_tested,not_tested,unresolved_signature_too_small
2024,employment-school-e24dfb65d21834cfdb7a,오산대학교,본교,경기,전문대학,51,51,51,,,not_tested,not_tested,not_tested,unresolved_no_exact_signature
2024,employment-school-d4f9ab076beebf41078b,온석대학원대학교,본교,경기,전문대학원,6,6,6,,,not_tested,not_tested,not_tested,unresolved_no_exact_signature
2024,employment-school-1581790914a8a392a8d7,용인대학교,본교,경기,대학,40,39,40,,,not_tested,not_tested,not_tested,unresolved_no_exact_signature
2024,employment-school-e5c126414f86c23fae2d,용인대학교경영대학원,본교,경기,특수대학원,2,2,2,,,not_tested,not_tested,not_tested,unresolved_signature_too_small
2024,employment-school-1fccbc755dbe9233220d,용인대학교교육대학원,본교,경기,특수대학원,3,3,3,,,not_tested,not_tested,not_tested,unresolved_no_exact_signature
2024,employment-school-3c3b3603c161dd271373,용인대학교 문화예술대학원,본교,경기,특수대학원,4,4,4,,,not_tested,not_tested,not_tested,unresolved_no_exact_signature
2024,employment-school-a4d38469289bce499df9,용인대학교 문화재대학원,본교,경기,특수대학원,1,1,1,,,not_tested,not_tested,not_tested,unresolved_signature_too_small
2024,employment-school-b161bbad6e9a69c51dc5,용인대학교 스포츠웰니스산업대학원,본교,경기,특수대학원,2,2,2,,,not_tested,not_tested,not_tested,unresolved_signature_too_small
2024,employment-school-8d5fdc505e82a76165e0,용인대학교예술대학원,본교,경기,특수대학원,1,1,1,,,not_tested,not_tested,not_tested,unresolved_signature_too_small
2024,employment-school-60467a64032c5fe989ed,용인대학교일반대학원,본교,경기,일반대학원,10,10,10,,,not_tested,not_tested,not_tested,unresolved_no_exact_signature
2024,employment-school-31cb2822ebb702b7eb24,용인대학교재활보건과학대학원,본교,경기,특수대학원,1,1,1,,,not_tested,not_tested,not_tested,unresolved_signature_too_small
2024,employment-school-397747f6031b55026d42,용인대학교 재활복지대학원,본교,경기,특수대학원,2,2,2,,,not_tested,not_tested,not_tested,unresolved_signature_too_small
2024,employment-school-0a0e9ca549eb86ea9cd2,용인대학교 태권도대학원,본교,경기,특수대학원,1,1,1,,,not_tested,not_tested,not_tested,unresolved_signature_too_small
2024,employment-school-b84f43443c94d2080434,용인예술과학대학교,본교,경기,전문대학,44,44,44,,,not_tested,not_tested,not_tested,unresolved_no_exact_signature
2024,employment-school-97aba9bf2bc3c5a59225,우석대학교,본교,전북,대학,55,55,55,,,not_tested,not_tested,not_tested,unresolved_no_exact_signature
2024,employment-school-4c7719554fe8c729c3a7,우석대학교 경영문화대학원,본교,전북,특수대학원,8,8,8,,,not_tested,not_tested,not_tested,unresolved_no_exact_signature
2024,employment-school-05a31dce013885bd22f8,우석대학교 교육대학원,본교,전북,특수대학원,9,9,9,,,not_tested,not_tested,not_tested,unresolved_no_exact_signature
2024,employment-school-6a2c3602c168f2cb59cb,우석대학교 국방정책대학원,본교,전북,특수대학원,3,3,3,,,not_tested,not_tested,not_tested,unresolved_no_exact_signature
2024,employment-school-843388d342ad53d19fd4,우석대학교 일반대학원,본교,전북,일반대학원,31,31,31,,,not_tested,not_tested,not_tested,unresolved_no_exact_signature
2024,employment-school-658e4cc703cad8ace658,우송대학교,본교,대전,대학,38,38,38,,,not_tested,not_tested,not_tested,unresolved_no_exact_signature
2024,employment-school-3e7516eaa74d666e65fb,우송대학교 Culture-Technology융합대학원,본교,대전,특수대학원,1,1,1,,,not_tested,not_tested,not_tested,unresolved_signature_too_small
2024,employment-school-c9fa1db1265e88ad9697,우송대학교 경영대학원,본교,대전,특수대학원,1,1,1,,,not_tested,not_tested,not_tested,unresolved_signature_too_small
2024,employment-school-a494500ae9e5ccecb8f5,우송대학교 글로벌외식조리대학원,본교,대전,특수대학원,2,2,2,,,not_tested,not_tested,not_tested,unresolved_signature_too_small
2024,employment-school-37d1e494a9eaaf7e8107,우송대학교 보건복지대학원,본교,대전,특수대학원,2,2,2,,,not_tested,not_tested,not_tested,unresolved_signature_too_small
2024,employment-school-cc936ce5a60299be1c4a,우송대학교 일반대학원,본교,대전,일반대학원,5,5,5,,,not_tested,not_tested,not_tested,unresolved_no_exact_signature
2024,employment-school-b7b30fe5f1db5c80b8bb,우송대학교 철도융합대학원,본교,대전,특수대학원,2,2,2,,,not_tested,not_tested,not_tested,unresolved_signature_too_small
2024,employment-school-ab0060561fe152a0032e,우송정보대학,본교,대전,전문대학,40,40,40,,,not_tested,not_tested,not_tested,unresolved_no_exact_signature
2024,employment-school-4e2e3707eca638ef77bd,울산과학기술원,본교,울산,대학,26,26,26,,,not_tested,not_tested,not_tested,unresolved_no_exact_signature
2024,employment-school-7a364dfafdb06a645e46,울산과학기술원 기술경영전문대학원,본교,울산,전문대학원,2,2,2,,,not_tested,not_tested,not_tested,unresolved_signature_too_small
2024,employment-school-65afc1f907d6adbc41a8,울산과학기술원 디자인-공학 융합전문대학원,본교,울산,전문대학원,1,1,1,,,not_tested,not_tested,not_tested,unresolved_signature_too_small
2024,employment-school-49b7570cf5962892d102,울산과학기술원 융합경영대학원,본교,울산,특수대학원,1,1,1,,,not_tested,not_tested,not_tested,unresolved_signature_too_small
2024,employment-school-08148af54dff4a902cc4,울산과학기술원 일반대학원,본교,울산,일반대학원,18,18,18,,,not_tested,not_tested,not_tested,unresolved_no_exact_signature
2024,employment-school-77e33fd947ca4d98743f,울산과학대학교,본교,울산,전문대학,45,45,45,,,not_tested,not_tested,not_tested,unresolved_no_exact_signature
2024,employment-school-ef0057791e3c2176b1e7,울산대학교,본교,울산,대학,57,57,57,,,not_tested,not_tested,not_tested,unresolved_no_exact_signature
2024,employment-school-3342cf8ebb77138d482d,울산대학교 경영대학원,본교,울산,특수대학원,1,1,1,,,not_tested,not_tested,not_tested,unresolved_signature_too_small
2024,employment-school-e0e1302dc5846ac7e1d6,울산대학교 교육대학원,본교,울산,특수대학원,12,12,12,,,not_tested,not_tested,not_tested,unresolved_no_exact_signature
2024,employment-school-5197a2f51ccd3daa669c,울산대학교 대학원,본교,울산,일반대학원,29,29,29,,,not_tested,not_tested,not_tested,unresolved_no_exact_signature
2024,employment-school-6e43d70a837a6469730c,울산대학교 산업대학원,본교,울산,특수대학원,11,11,11,,,not_tested,not_tested,not_tested,unresolved_no_exact_signature
2024,employment-school-03b464b3fab4bd219cde,울산대학교 정책대학원,본교,울산,특수대학원,3,3,3,,,not_tested,not_tested,not_tested,unresolved_no_exact_signature
2024,employment-school-24b2fcecadc4b7da6cc5,웅지세무대학교,본교,경기,전문대학,2,2,2,,,not_tested,not_tested,not_tested,unresolved_signature_too_small
2024,employment-school-b9b4fecd84e3e7c5097c,원광대학교,본교,전북,대학,76,76,76,,,not_tested,not_tested,not_tested,unresolved_no_exact_signature
2024,employment-school-0de665092fcabdfc22a8,원광대학교 경영대학원,본교,전북,특수대학원,1,1,1,,,not_tested,not_tested,not_tested,unresolved_signature_too_small
2024,employment-school-89113a9b01a66eb62649,원광대학교 교육대학원,본교,전북,특수대학원,8,8,8,,,not_tested,not_tested,not_tested,unresolved_no_exact_signature
2024,employment-school-c4b9eb0902aad783e34b,원광대학교 대학원,본교,전북,일반대학원,62,62,62,,,not_tested,not_tested,not_tested,unresolved_no_exact_signature
2024,employment-school-a25fd065a1e10f1bb5ec,원광대학교 동양학대학원,본교,전북,특수대학원,5,5,5,,,not_tested,not_tested,not_tested,unresolved_no_exact_signature
2024,employment-school-bbc4d720448775421f25,원광대학교 법학전문대학원,본교,전북,전문대학원,1,1,1,,,not_tested,not_tested,not_tested,unresolved_signature_too_small
2024,employment-school-f78378508d055d35340b,원광대학교 보건·보완의학대학원,본교,전북,특수대학원,2,2,2,,,not_tested,not_tested,not_tested,unresolved_signature_too_small
2024,employment-school-0c996dc73da7373f9d40,원광대학교 한의학전문대학원,본교,전북,전문대학원,3,3,3,,,not_tested,not_tested,not_tested,unresolved_no_exact_signature
2024,employment-school-8de967c6c54917d9c76b,원광대학교 행정대학원,본교,전북,특수대학원,1,1,1,,,not_tested,not_tested,not_tested,unresolved_signature_too_small
2024,employment-school-17718129ad6cc733851a,원광디지털대학교,본교,전북,사이버대학(대학),17,17,17,,,not_tested,not_tested,not_tested,unresolved_no_exact_signature
2024,employment-school-e29a5e6e98b8bdbecfc5,원광디지털대학교 웰빙문화대학원,본교,전북,특수대학원,1,1,1,,,not_tested,not_tested,not_tested,unresolved_signature_too_small
2024,employment-school-4df48d06fd306b929d6f,원광보건대학교,본교,전북,전문대학,31,31,31,,,not_tested,not_tested,not_tested,unresolved_no_exact_signature
2024,employment-school-088ee2b23c25cdd2aff9,원불교대학원대학교,본교,전북,전문대학원,1,1,1,,,not_tested,not_tested,not_tested,unresolved_signature_too_small
2024,employment-school-a613378f884aeaaccd39,웨스트민스터신학대학원대학교,본교,경기,전문대학원,9,9,9,,,not_tested,not_tested,not_tested,unresolved_no_exact_signature
2024,employment-school-69f554844e75fc84fd48,위덕대학교,본교,경북,대학,26,26,26,,,not_tested,not_tested,not_tested,unresolved_no_exact_signature
2024,employment-school-ae6929d1d3de26f596be,위덕대학교 경영대학원,본교,경북,특수대학원,1,1,1,,,not_tested,not_tested,not_tested,unresolved_signature_too_small
2024,employment-school-fbbc9c1997441586d5d4,위덕대학교 교육대학원,본교,경북,특수대학원,1,1,1,,,not_tested,not_tested,not_tested,unresolved_signature_too_small
2024,employment-school-de60dc98ff26c5c8c9c5,위덕대학교 대학원,본교,경북,일반대학원,6,6,6,,,not_tested,not_tested,not_tested,unresolved_no_exact_signature
2024,employment-school-e6a44648f0841f189a34,위덕대학교 불교대학원,본교,경북,특수대학원,2,2,2,,,not_tested,not_tested,not_tested,unresolved_signature_too_small
2024,employment-school-8049a628d3be0b9ee4a2,위덕대학교 사회복지대학원,본교,경북,특수대학원,2,2,2,,,not_tested,not_tested,not_tested,unresolved_signature_too_small
2024,employment-school-22bcc068bfdf03799050,유원대학교,본교,충북,대학,32,32,32,,,not_tested,not_tested,not_tested,unresolved_no_exact_signature
2024,employment-school-5893bfebe428285d6fe7,유원대학교산업정보대학원,본교,충북,특수대학원,5,5,5,,,not_tested,not_tested,not_tested,unresolved_no_exact_signature
2024,employment-school-b75aa5694d1ada9cd049,유한대학교,본교,경기,전문대학,53,53,53,,,not_tested,not_tested,not_tested,unresolved_no_exact_signature
2024,employment-school-9643dfcdb047f45fc762,을지대학교,본교,대전,대학,1,1,1,,,not_tested,not_tested,not_tested,unresolved_signature_too_small
2024,employment-school-a813d6db7fef09b6291a,을지대학교,캠퍼스,경기,대학,40,29,40,,,not_tested,not_tested,not_tested,unresolved_no_exact_signature
2024,employment-school-f5fe4248660cc08693ee,을지대학교,캠퍼스1,경기,대학,2,2,2,,,not_tested,not_tested,not_tested,unresolved_signature_too_small
2024,employment-school-95b4bb8a2de6e3b078d3,을지대학교 보건복지대학원,캠퍼스1,경기,특수대학원,6,6,6,,,not_tested,not_tested,not_tested,unresolved_no_exact_signature
2024,employment-school-5eeb50e05e0d3d082b8c,을지대학교 일반대학원,캠퍼스1,경기,일반대학원,16,16,16,,,not_tested,not_tested,not_tested,unresolved_no_exact_signature
2024,employment-school-9188a278191b62d69944,을지대학교 임상간호대학원,캠퍼스1,경기,특수대학원,2,2,2,,,not_tested,not_tested,not_tested,unresolved_signature_too_small
2024,employment-school-0a3c54a6e5f0515a1c7f,이화여자대학교,본교,서울,대학,109,102,109,,,not_tested,not_tested,not_tested,unresolved_no_exact_signature
2024,employment-school-10cefbbbb4e6c476b4a1,이화여자대학교 경영전문대학원,본교,서울,전문대학원,1,1,1,,,not_tested,not_tested,not_tested,unresolved_signature_too_small
2024,employment-school-e0f13917cf36fc88ad15,이화여자대학교 공연예술대학원,본교,서울,특수대학원,1,1,1,,,not_tested,not_tested,not_tested,unresolved_signature_too_small
2024,employment-school-9cfb2069693c4999bb97,이화여자대학교 교육대학원,본교,서울,특수대학원,1,1,1,,,not_tested,not_tested,not_tested,unresolved_signature_too_small
2024,employment-school-37f75fa582b0325554a8,이화여자대학교 국제대학원,본교,서울,전문대학원,2,2,2,,,not_tested,not_tested,not_tested,unresolved_signature_too_small
2024,employment-school-9de95710e2ae52013c4e,이화여자대학교 대학원,본교,서울,일반대학원,85,85,85,,,not_tested,not_tested,not_tested,unresolved_no_exact_signature
2024,employment-school-148d64cc80d883bd090a,이화여자대학교 데이터사이언스대학원,본교,서울,특수대학원,1,1,1,,,not_tested,not_tested,not_tested,unresolved_signature_too_small
2024,employment-school-cf4cd7d84994c510e263,이화여자대학교 디자인대학원,본교,서울,특수대학원,1,1,1,,,not_tested,not_tested,not_tested,unresolved_signature_too_small
2024,employment-school-5806451d369f59e6cff6,이화여자대학교 법학전문대학원,본교,서울,전문대학원,1,1,1,,,not_tested,not_tested,not_tested,unresolved_signature_too_small
2024,employment-school-f43c0b158c9a156cf27d,이화여자대학교 사회복지대학원,본교,서울,특수대학원,1,1,1,,,not_tested,not_tested,not_tested,unresolved_signature_too_small
2024,employment-school-c10a2bcb5f6040d95ba9,이화여자대학교 신학대학원,본교,서울,특수대학원,1,1,1,,,not_tested,not_tested,not_tested,unresolved_signature_too_small
2024,employment-school-d9e8c01a218b9fccf961,이화여자대학교 외국어교육특수대학원,본교,서울,특수대학원,4,4,4,,,not_tested,not_tested,not_tested,unresolved_no_exact_signature
2024,employment-school-7885be787c25bba47605,이화여자대학교 임상바이오헬스대학원,본교,서울,특수대학원,2,2,2,,,not_tested,not_tested,not_tested,unresolved_signature_too_small
2024,employment-school-4bcef533d635409b4bb2,이화여자대학교 임상보건융합대학원,본교,서울,특수대학원,1,1,1,,,not_tested,not_tested,not_tested,unresolved_signature_too_small
2024,employment-school-ea43055d2d0c9011795c,이화여자대학교 임상치의학대학원,본교,서울,특수대학원,2,2,2,,,not_tested,not_tested,not_tested,unresolved_signature_too_small
2024,employment-school-6c3ae601e635875173e3,이화여자대학교 정책과학대학원,본교,서울,특수대학원,1,1,1,,,not_tested,not_tested,not_tested,unresolved_signature_too_small
2024,employment-school-458e6843d96c94cc0788,이화여자대학교 통역번역대학원,본교,서울,전문대학원,3,3,3,,,not_tested,not_tested,not_tested,unresolved_no_exact_signature
2024,employment-school-24c4d337867104145835,인덕대학교,본교,서울,전문대학,44,44,44,,,not_tested,not_tested,not_tested,unresolved_no_exact_signature
2024,employment-school-2277a95a28d0595ac3bc,인제대학교,본교,경남,대학,66,59,66,,,not_tested,not_tested,not_tested,unresolved_no_exact_signature
2024,employment-school-efb0a2059223a89534ad,인제대학교 경영대학원,본교,경남,특수대학원,1,1,1,,,not_tested,not_tested,not_tested,unresolved_signature_too_small
2024,employment-school-a852f37308b565959e49,인제대학교 교육대학원,본교,경남,특수대학원,7,7,7,,,not_tested,not_tested,not_tested,unresolved_no_exact_signature
2024,employment-school-4963c92779067956f483,인제대학교 보건대학원,본교,부산,특수대학원,2,2,2,,,not_tested,not_tested,not_tested,unresolved_signature_too_small
2024,employment-school-bf3f15ce09e7cd986ff4,인제대학교 사회복지대학원,본교,경남,특수대학원,1,1,1,,,not_tested,not_tested,not_tested,unresolved_signature_too_small
2024,employment-school-fb0594b94eb02dee754f,인제대학교 산업융합대학원,본교,경남,특수대학원,5,5,5,,,not_tested,not_tested,not_tested,unresolved_no_exact_signature
2024,employment-school-4d866602f24303b0ed04,인제대학교 일반대학원,본교,경남,일반대학원,40,40,40,,,not_tested,not_tested,not_tested,unresolved_no_exact_signature
2024,employment-school-b3317fb14299b9b05f12,인천가톨릭대학교,본교,인천,대학,1,1,1,,,not_tested,not_tested,not_tested,unresolved_signature_too_small
2024,employment-school-9ae622357f0721be654b,인천가톨릭대학교,캠퍼스,인천,대학,9,9,9,,,not_tested,not_tested,not_tested,unresolved_no_exact_signature
2024,employment-school-f74fb2ffa79fc52aebe0,인천가톨릭대학교대학원,본교,인천,일반대학원,1,1,1,,,not_tested,not_tested,not_tested,unresolved_signature_too_small
2024,employment-school-fe486a74ab84c2bcfe85,인천가톨릭대학교 일반대학원,캠퍼스,인천,일반대학원,4,4,4,,,not_tested,not_tested,not_tested,unresolved_no_exact_signature
2024,employment-school-9d7d64b52ff5b3fe8f31,인천대학교,본교,인천,대학,82,74,82,,,not_tested,not_tested,not_tested,unresolved_no_exact_signature
2024,employment-school-879cdbb58b3680a17ae0,인천대학교 경영대학원,본교,인천,특수대학원,1,1,1,,,not_tested,not_tested,not_tested,unresolved_signature_too_small
2024,employment-school-d8810b630181ffef1d83,인천대학교 공학대학원,본교,인천,특수대학원,7,7,7,,,not_tested,not_tested,not_tested,unresolved_no_exact_signature
2024,employment-school-7cc1134cca70cdba67f1,인천대학교교육대학원,본교,인천,특수대학원,23,23,23,,,not_tested,not_tested,not_tested,unresolved_no_exact_signature
2024,employment-school-31867634b0d661a4ccd8,인천대학교대학원,본교,인천,일반대학원,41,41,41,,,not_tested,not_tested,not_tested,unresolved_no_exact_signature
2024,employment-school-a09e77ecd0e873102baa,인천대학교동북아물류대학원,본교,인천,전문대학원,2,2,2,,,not_tested,not_tested,not_tested,unresolved_signature_too_small
2024,employment-school-160a043b6f691aa1c639,인천대학교 문화대학원,본교,인천,특수대학원,2,2,2,,,not_tested,not_tested,not_tested,unresolved_signature_too_small
2024,employment-school-40731af082d95862a02f,인천대학교 정보기술대학원,본교,인천,특수대학원,3,3,3,,,not_tested,not_tested,not_tested,unresolved_no_exact_signature
2024,employment-school-326dbd6d8b56b1012dda,인천대학교 정책대학원,본교,인천,특수대학원,4,4,4,,,not_tested,not_tested,not_tested,unresolved_no_exact_signature
2024,employment-school-28f8dbc28e7eb63bbae1,인하공업전문대학,본교,인천,전문대학,34,34,34,,,not_tested,not_tested,not_tested,unresolved_no_exact_signature
2024,employment-school-868a480884ea961b6edc,인하대학교,본교,인천,대학,72,68,72,,,not_tested,not_tested,not_tested,unresolved_no_exact_signature
2024,employment-school-334fe23408454f2c24bf,인하대학교 경영대학원,본교,인천,특수대학원,1,1,1,,,not_tested,not_tested,not_tested,unresolved_signature_too_small
2024,employment-school-9d5be61e5f44c95f9542,인하대학교 공학대학원,본교,인천,특수대학원,16,16,16,,,not_tested,not_tested,not_tested,unresolved_no_exact_signature
2024,employment-school-5f3ff5673f50c67894ed,인하대학교교육대학원,본교,인천,특수대학원,1,1,1,,,not_tested,not_tested,not_tested,unresolved_signature_too_small
2024,employment-school-2c21c9aca807ed774a93,인하대학교대학원,본교,인천,일반대학원,64,64,64,,,not_tested,not_tested,not_tested,unresolved_no_exact_signature
2024,employment-school-12ba8eafffe483cff6c3,인하대학교 물류전문대학원,본교,인천,전문대학원,2,2,2,,,not_tested,not_tested,not_tested,unresolved_signature_too_small
2024,employment-school-45d3e0c7c6693685d9a6,인하대학교 법학전문대학원,본교,인천,전문대학원,1,1,1,,,not_tested,not_tested,not_tested,unresolved_signature_too_small
2024,employment-school-23aa897ef502661f7c6a,인하대학교 보건대학원,본교,인천,특수대학원,4,4,4,,,not_tested,not_tested,not_tested,unresolved_no_exact_signature
2024,employment-school-7f2e9052c7201021fd7b,인하대학교 상담심리대학원,본교,인천,특수대학원,2,2,2,,,not_tested,not_tested,not_tested,unresolved_signature_too_small
2024,employment-school-0c6c866221c544738804,인하대학교정책대학원,본교,인천,특수대학원,7,7,7,,,not_tested,not_tested,not_tested,unresolved_no_exact_signature
2024,employment-school-a53ca23016f32e5d4827,인하대학교 제조혁신전문대학원,본교,인천,전문대학원,2,2,2,,,not_tested,not_tested,not_tested,unresolved_signature_too_small
2024,employment-school-5de2aeb7fc5d5b5b2217,장로회신학대학교,본교,서울,대학,3,3,3,3061540484,unique_exact_department_college_signature,true,true,true,candidate_signature_context_confirmed
2024,employment-school-79af7e6e1051f4a07580,장로회신학대학교 교육대학원,본교,서울,특수대학원,1,1,1,,,not_tested,not_tested,not_tested,unresolved_signature_too_small
2024,employment-school-7deea5f05ed9520a9edc,장로회신학대학교 교회음악대학원,본교,서울,특수대학원,1,1,1,,,not_tested,not_tested,not_tested,unresolved_signature_too_small
2024,employment-school-95423a151293e58f849c,장로회신학대학교 기독교와사회대학원,본교,서울,특수대학원,3,3,3,,,not_tested,not_tested,not_tested,unresolved_no_exact_signature
2024,employment-school-772fd679fa674269f0d5,장로회신학대학교 목회전문대학원,본교,서울,전문대학원,1,1,1,,,not_tested,not_tested,not_tested,unresolved_signature_too_small
2024,employment-school-c485351be52ca3ec62a7,장로회신학대학교 신학대학원,본교,서울,특수대학원,1,1,1,,,not_tested,not_tested,not_tested,unresolved_signature_too_small
2024,employment-school-ad03fbfbe8dc08e82ec2,장로회신학대학교 일반대학원,본교,서울,일반대학원,3,3,3,,,not_tested,not_tested,not_tested,unresolved_no_exact_signature
2024,employment-school-e183bc5002b72813c892,장안대학교,본교,경기,전문대학,58,58,58,,,not_tested,not_tested,not_tested,unresolved_no_exact_signature
2024,employment-school-4300427f6f6975652729,재능대학교,본교,인천,전문대학,42,42,42,,,not_tested,not_tested,not_tested,unresolved_no_exact_signature
2024,employment-school-3df50e4446dd70fba8cc,전남과학대학교,본교,전남,전문대학,36,36,36,,,not_tested,not_tested,not_tested,unresolved_no_exact_signature
2024,employment-school-a48c01471491bf928bc0,전남대학교,본교,광주,대학,95,94,95,,,not_tested,not_tested,not_tested,unresolved_no_exact_signature
2024,employment-school-ab346bbd08ec76e985ee,전남대학교,캠퍼스,전남,대학,27,27,27,,,not_tested,not_tested,not_tested,unresolved_no_exact_signature
2024,employment-school-67661c4de60f9ba44367,전남대학교 경영전문대학원,본교,광주,전문대학원,1,1,1,,,not_tested,not_tested,not_tested,unresolved_signature_too_small
2024,employment-school-c7b88ed3d8e20e627024,전남대학교교육대학원,본교,광주,특수대학원,19,19,19,,,not_tested,not_tested,not_tested,unresolved_no_exact_signature
2024,employment-school-a73db18cd8d5dfeb2b4d,전남대학교대학원,본교,광주,일반대학원,119,119,119,,,not_tested,not_tested,not_tested,unresolved_no_exact_signature
2024,employment-school-a94363ca660d3d725256,전남대학교 데이터사이언스대학원,본교,광주,전문대학원,1,1,1,,,not_tested,not_tested,not_tested,unresolved_signature_too_small
2024,employment-school-01c43ef24f3339deaa58,전남대학교 문화전문대학원,본교,광주,전문대학원,5,5,5,,,not_tested,not_tested,not_tested,unresolved_no_exact_signature
2024,employment-school-47afcd8fbb622fc89878,전남대학교 법학전문대학원,본교,광주,전문대학원,2,2,2,,,not_tested,not_tested,not_tested,unresolved_signature_too_small
2024,employment-school-d30b86062192eeb2851b,전남대학교산업대학원,본교,광주,특수대학원,11,11,11,,,not_tested,not_tested,not_tested,unresolved_no_exact_signature
2024,employment-school-0e4bcf8ea0aab6a367be,전남대학교 산학협력대학원,캠퍼스,전남,특수대학원,1,1,1,,,not_tested,not_tested,not_tested,unresolved_signature_too_small
2024,employment-school-7437069022a40a056423,전남대학교 수산해양대학원,캠퍼스,전남,특수대학원,1,1,1,,,not_tested,not_tested,not_tested,unresolved_signature_too_small
2024,employment-school-3598f3c29e1c864474cc,전남대학교 정책대학원,본교,광주,특수대학원,4,4,4,,,not_tested,not_tested,not_tested,unresolved_no_exact_signature
2024,employment-school-e1a2e48c3878c301e145,전남대학교 치의학전문대학원,본교,광주,전문대학원,2,2,2,,,not_tested,not_tested,not_tested,unresolved_signature_too_small
2024,employment-school-1cbc3e8180546676bf1c,전남대학교행정대학원,본교,광주,특수대학원,1,1,1,,,not_tested,not_tested,not_tested,unresolved_signature_too_small
2024,employment-school-a8b6e29c062b00d599f6,전남도립대학교,본교,전남,전문대학,21,21,21,,,not_tested,not_tested,not_tested,unresolved_no_exact_signature
2024,employment-school-8b4f172de9c7410c8c40,전북과학대학교,본교,전북,전문대학,13,13,13,,,not_tested,not_tested,not_tested,unresolved_no_exact_signature
2024,employment-school-80241a72e69341f234d5,전북대학교,본교,전북,대학,137,137,137,,,not_tested,not_tested,not_tested,unresolved_no_exact_signature
2024,employment-school-7460b55c980a6c195de2,전북대학교 경영대학원,본교,전북,특수대학원,9,9,9,,,not_tested,not_tested,not_tested,unresolved_no_exact_signature
2024,employment-school-cc4d66d19618962e9ca2,전북대학교 교육대학원,본교,전북,특수대학원,24,24,24,,,not_tested,not_tested,not_tested,unresolved_no_exact_signature
2024,employment-school-561648706272da95f5c0,전북대학교 대학원,본교,전북,일반대학원,135,135,135,,,not_tested,not_tested,not_tested,unresolved_no_exact_signature
2024,employment-school-d1187c0511826bc711bd,전북대학교 법무대학원,본교,전북,특수대학원,5,5,5,,,not_tested,not_tested,not_tested,unresolved_no_exact_signature
2024,employment-school-8314ebde942245b54f06,전북대학교 법학전문대학원,본교,전북,전문대학원,1,1,1,,,not_tested,not_tested,not_tested,unresolved_signature_too_small
2024,employment-school-c5935b4c5fe28608d45a,전북대학교 보건대학원,본교,전북,특수대학원,2,2,2,,,not_tested,not_tested,not_tested,unresolved_signature_too_small
2024,employment-school-f5e5905ce5fdc88c0cd0,전북대학교 산업기술대학원,본교,전북,특수대학원,3,3,3,,,not_tested,not_tested,not_tested,unresolved_no_exact_signature
2024,employment-school-c30868d074f93d54e527,전북대학교 생명자원과학대학원,본교,전북,특수대학원,4,4,4,,,not_tested,not_tested,not_tested,unresolved_no_exact_signature
2024,employment-school-8c8eccf5292c7d707ae0,전북대학교 수의방역대학원,본교,전북,특수대학원,1,1,1,,,not_tested,not_tested,not_tested,unresolved_signature_too_small
2024,employment-school-808f2bb26aad3e77e03e,전북대학교 유연인쇄전자전문대학원,본교,전북,전문대학원,1,1,1,,,not_tested,not_tested,not_tested,unresolved_signature_too_small
2024,employment-school-f3e444e1adc1a6983230,전북대학교 의학전문대학원,본교,전북,전문대학원,1,1,1,,,not_tested,not_tested,not_tested,unresolved_signature_too_small
2024,employment-school-96ce1067934a460861c3,전북대학교 정보과학대학원,본교,전북,특수대학원,1,1,1,,,not_tested,not_tested,not_tested,unresolved_signature_too_small
2024,employment-school-9fab421255a59844dc85,전북대학교 행정대학원,본교,전북,특수대학원,6,6,6,,,not_tested,not_tested,not_tested,unresolved_no_exact_signature
2024,employment-school-666a7fbdeca699756e10,전북대학교 환경대학원,본교,전북,특수대학원,2,2,2,,,not_tested,not_tested,not_tested,unresolved_signature_too_small
2024,employment-school-b7e2a50ff9e151d06a91,전주교육대학교,본교,전북,교육대학,12,12,12,1867613613,unique_exact_department_college_signature,true,true,true,candidate_signature_context_confirmed
2024,employment-school-4b72f6e9a0ef86c477ce,전주교육대학교교육대학원,본교,전북,특수대학원,23,23,23,,,not_tested,not_tested,not_tested,unresolved_no_exact_signature
2024,employment-school-b9c844c3808afa64b591,전주기전대학,본교,전북,전문대학,18,18,18,,,not_tested,not_tested,not_tested,unresolved_no_exact_signature
2024,employment-school-cd7224153d8d3eee74c2,전주대학교,본교,전북,대학,79,79,79,,,not_tested,not_tested,not_tested,unresolved_no_exact_signature
2024,employment-school-dbfa457d0d2f2055cde1,전주대학교 경영행정대학원,본교,전북,특수대학원,6,6,6,,,not_tested,not_tested,not_tested,unresolved_no_exact_signature
2024,employment-school-6b18125942c4e752db5c,전주대학교 교육대학원,본교,전북,특수대학원,11,11,11,,,not_tested,not_tested,not_tested,unresolved_no_exact_signature
2024,employment-school-66e15fc03463d44b9ac6,전주대학교 문화산업대학원,본교,전북,특수대학원,6,6,6,,,not_tested,not_tested,not_tested,unresolved_no_exact_signature
2024,employment-school-7117ba9395389bd63dc4,전주대학교 보건복지대학원,본교,전북,특수대학원,3,3,3,,,not_tested,not_tested,not_tested,unresolved_no_exact_signature
2024,employment-school-1b3c9dd3c54687d26771,전주대학교 상담심리대학원,본교,전북,특수대학원,4,4,4,,,not_tested,not_tested,not_tested,unresolved_no_exact_signature
2024,employment-school-9160ac6e3ca79f407826,전주대학교 선교신학대학원,본교,전북,특수대학원,1,1,1,,,not_tested,not_tested,not_tested,unresolved_signature_too_small
2024,employment-school-92fa3500f65010cf1ec0,전주대학교 일반대학원,본교,전북,일반대학원,30,30,30,,,not_tested,not_tested,not_tested,unresolved_no_exact_signature
2024,employment-school-ee28dbbdbead76ae68db,전주비전대학교,본교,전북,전문대학,32,32,32,,,not_tested,not_tested,not_tested,unresolved_no_exact_signature
2024,employment-school-6aaf0e0b408f46541416,정석대학,본교,서울,기술대학,1,1,1,,,not_tested,not_tested,not_tested,unresolved_signature_too_small
2024,employment-school-ded14d00dd5cfb5708c2,정화예술대학교,본교,서울,전공대학,13,13,13,,,not_tested,not_tested,not_tested,unresolved_no_exact_signature
2024,employment-school-90561649d92a6016a3d3,정화예술대학교,캠퍼스,서울,전공대학,5,5,5,,,not_tested,not_tested,not_tested,unresolved_no_exact_signature
2024,employment-school-e83aaa70e44a0fb25d5c,제네바신학대학원대학교,본교,경기,전문대학원,1,1,1,,,not_tested,not_tested,not_tested,unresolved_signature_too_small
2024,employment-school-5ff43d25c67c8a7a7e70,제주관광대학교,본교,제주,전문대학,25,25,25,,,not_tested,not_tested,not_tested,unresolved_no_exact_signature
2024,employment-school-08d4abd7e959d3f79772,제주국제대학교,본교,제주,대학,19,19,19,,,not_tested,not_tested,not_tested,unresolved_no_exact_signature
2024,employment-school-09fad91a3b1ed4375fa6,제주국제대학교 교육대학원,본교,제주,특수대학원,1,1,1,,,not_tested,not_tested,not_tested,unresolved_signature_too_small
2024,employment-school-f985e8ca5b20e1582e28,제주국제대학교 글로벌제주학융합대학원,본교,제주,특수대학원,1,1,1,,,not_tested,not_tested,not_tested,unresolved_signature_too_small
2024,employment-school-1eb2dbc1698952df7efe,제주국제대학교 사회복지임상치료대학원,본교,제주,특수대학원,3,3,3,,,not_tested,not_tested,not_tested,unresolved_no_exact_signature
2024,employment-school-a5d303fbdafa5280f200,제주국제대학교 산업대학원,본교,제주,특수대학원,4,4,4,,,not_tested,not_tested,not_tested,unresolved_no_exact_signature
2024,employment-school-6ceddb20d9f5539422a9,제주국제대학교 일반대학원,본교,제주,일반대학원,1,1,1,,,not_tested,not_tested,not_tested,unresolved_signature_too_small
2024,employment-school-5467cad6be39e4292a79,제주대학교,본교,제주,대학,84,84,84,,,not_tested,not_tested,not_tested,unresolved_no_exact_signature
2024,employment-school-163aa8dac0e10b6e2229,제주대학교경영대학원,본교,제주,특수대학원,7,7,7,,,not_tested,not_tested,not_tested,unresolved_no_exact_signature
2024,employment-school-0eaf1bdc95fa02847128,제주대학교교육대학원,본교,제주,특수대학원,20,20,20,,,not_tested,not_tested,not_tested,unresolved_no_exact_signature
2024,employment-school-2f110c06d82e47b1df6e,제주대학교대학원,본교,제주,일반대학원,63,63,63,,,not_tested,not_tested,not_tested,unresolved_no_exact_signature
2024,employment-school-59a998ac8fb2ae6e580e,제주대학교 법학전문대학원,본교,제주,전문대학원,1,1,1,,,not_tested,not_tested,not_tested,unresolved_signature_too_small
2024,employment-school-878eacc00fda29b9347c,제주대학교 보건복지대학원,본교,제주,특수대학원,2,2,2,,,not_tested,not_tested,not_tested,unresolved_signature_too_small
2024,employment-school-d39eb1995509aeefb958,제주대학교 사회교육대학원,본교,제주,특수대학원,3,3,3,,,not_tested,not_tested,not_tested,unresolved_no_exact_signature
2024,employment-school-cad48f00293cdf1255fe,제주대학교산업대학원,본교,제주,특수대학원,8,8,8,,,not_tested,not_tested,not_tested,unresolved_no_exact_signature
2024,employment-school-5f41f010ccf7585b0c7c,제주대학교 의학전문대학원,본교,제주,전문대학원,1,1,1,,,not_tested,not_tested,not_tested,unresolved_signature_too_small
2024,employment-school-5beb9631fa959ff12406,제주대학교 통역번역대학원,본교,제주,전문대학원,3,3,3,,,not_tested,not_tested,not_tested,unresolved_no_exact_signature
2024,employment-school-b6e90715329f3abd1310,제주대학교행정대학원,본교,제주,특수대학원,5,5,5,,,not_tested,not_tested,not_tested,unresolved_no_exact_signature
2024,employment-school-e9d88d13b18fe29d5afa,제주한라대학교,본교,제주,전문대학,41,41,41,,,not_tested,not_tested,not_tested,unresolved_no_exact_signature
2024,employment-school-0f4d1b952237c47603a5,조선간호대학교,본교,광주,전문대학,1,1,1,,,not_tested,not_tested,not_tested,unresolved_signature_too_small
2024,employment-school-a5c74f7266d1d7c5f2eb,조선대학교,본교,광주,대학,97,97,97,,,not_tested,not_tested,not_tested,unresolved_no_exact_signature
2024,employment-school-dfbed1ae7ce4de51a192,조선대학교경영대학원,본교,광주,특수대학원,1,1,1,,,not_tested,not_tested,not_tested,unresolved_signature_too_small
2024,employment-school-4bcc35da61f566023be5,조선대학교교육대학원,본교,광주,특수대학원,16,16,16,,,not_tested,not_tested,not_tested,unresolved_no_exact_signature
2024,employment-school-1b9edd787a9e57e11f73,조선대학교대학원,본교,광주,일반대학원,61,61,61,,,not_tested,not_tested,not_tested,unresolved_no_exact_signature
2024,employment-school-944f89ebd9ae8ddb3ba7,조선대학교디자인대학원,본교,광주,특수대학원,1,1,1,,,not_tested,not_tested,not_tested,unresolved_signature_too_small
2024,employment-school-1529f96aa1a64361b3a1,조선대학교 보건대학원,본교,광주,특수대학원,2,2,2,,,not_tested,not_tested,not_tested,unresolved_signature_too_small
2024,employment-school-0719af413822b6114ebe,조선대학교 산업기술창업대학원,본교,광주,특수대학원,7,7,7,,,not_tested,not_tested,not_tested,unresolved_no_exact_signature
2024,employment-school-e191bf1ac3ec730b018f,조선대학교 의학전문대학원,본교,광주,전문대학원,1,1,1,,,not_tested,not_tested,not_tested,unresolved_signature_too_small
2024,employment-school-1286cc4c8189d904fe80,조선대학교 임상약학대학원,본교,광주,특수대학원,1,1,1,,,not_tested,not_tested,not_tested,unresolved_signature_too_small
2024,employment-school-fcc5b123a9640ee2c463,조선대학교정책대학원,본교,광주,특수대학원,3,3,3,,,not_tested,not_tested,not_tested,unresolved_no_exact_signature
2024,employment-school-bd6a4223a7c4e460012c,조선대학교 치의학전문대학원,본교,광주,전문대학원,1,1,1,,,not_tested,not_tested,not_tested,unresolved_signature_too_small
2024,employment-school-ce6d83af55902015cc9a,조선이공대학교,본교,광주,전문대학,26,26,26,,,not_tested,not_tested,not_tested,unresolved_no_exact_signature
2024,employment-school-6ff44e9bd8d36a751e97,주안대학원대학교,본교,인천,전문대학원,1,1,1,,,not_tested,not_tested,not_tested,unresolved_signature_too_small
2024,employment-school-49784357bf622aeedbe3,중부대학교,본교,충남,대학,74,74,74,,,not_tested,not_tested,not_tested,unresolved_no_exact_signature
2024,employment-school-bcffdc594a47e2c08e27,중부대학교교육대학원,본교,충남,특수대학원,6,6,6,,,not_tested,not_tested,not_tested,unresolved_no_exact_signature
2024,employment-school-a7d727802d773b7246b3,중부대학교원격대학원,본교,충남,특수대학원,9,9,9,,,not_tested,not_tested,not_tested,unresolved_no_exact_signature
2024,employment-school-d920dfd005e674080b48,중부대학교일반대학원,본교,충남,일반대학원,26,26,26,,,not_tested,not_tested,not_tested,unresolved_no_exact_signature
2024,employment-school-56bc94e15e9f00a1f75f,중부대학교 휴먼텍대학원,본교,충남,특수대학원,16,16,16,,,not_tested,not_tested,not_tested,unresolved_no_exact_signature
2024,employment-school-7ed4c706d2caad9dd082,중앙대학교,본교,서울,대학,53,52,53,,,not_tested,not_tested,not_tested,unresolved_no_exact_signature
2024,employment-school-bc44ee1b84716fd0c0e4,중앙대학교,캠퍼스,경기,대학,37,37,37,,,not_tested,not_tested,not_tested,unresolved_no_exact_signature
2024,employment-school-a59a0f57be60ace6e72e,중앙대학교 건강간호대학원,본교,서울,특수대학원,5,5,5,,,not_tested,not_tested,not_tested,unresolved_no_exact_signature
2024,employment-school-7f3835aaffb1b8c2cc70,중앙대학교 건설대학원,본교,서울,특수대학원,5,5,5,,,not_tested,not_tested,not_tested,unresolved_no_exact_signature
2024,employment-school-eee5c948d202d211da79,중앙대학교 경영전문대학원,본교,서울,전문대학원,2,2,2,,,not_tested,not_tested,not_tested,unresolved_signature_too_small
2024,employment-school-8c927b1f30c9a3a8ee85,중앙대학교 교육대학원,본교,서울,특수대학원,1,1,1,,,not_tested,not_tested,not_tested,unresolved_signature_too_small
2024,employment-school-0e27dd4a416bb93d4b50,중앙대학교 국악교육대학원,캠퍼스,경기,특수대학원,2,2,2,,,not_tested,not_tested,not_tested,unresolved_signature_too_small
2024,employment-school-d9b4e97e333d04eadda3,중앙대학교 국제대학원,본교,서울,전문대학원,2,2,2,,,not_tested,not_tested,not_tested,unresolved_signature_too_small
2024,employment-school-d18e5e8a4f6172b38bfd,중앙대학교 글로벌인적자원개발대학원,본교,서울,특수대학원,3,3,3,,,not_tested,not_tested,not_tested,unresolved_no_exact_signature
2024,employment-school-3271a1f532a5caf6af1d,중앙대학교 대학원,본교,서울,일반대학원,76,76,76,,,not_tested,not_tested,not_tested,unresolved_no_exact_signature
2024,employment-school-22929c8c8f946d9fb545,중앙대학교 대학원,캠퍼스,경기,일반대학원,10,10,10,,,not_tested,not_tested,not_tested,unresolved_no_exact_signature
2024,employment-school-31aed25612a98cc972c9,중앙대학교 법학전문대학원,본교,서울,전문대학원,1,1,1,,,not_tested,not_tested,not_tested,unresolved_signature_too_small
2024,employment-school-f6edacf2334173de3387,중앙대학교 보안대학원,본교,서울,특수대학원,3,3,3,,,not_tested,not_tested,not_tested,unresolved_no_exact_signature
2024,employment-school-2176e796fd7d107489ec,중앙대학교 사회개발대학원,본교,서울,특수대학원,2,2,2,,,not_tested,not_tested,not_tested,unresolved_signature_too_small
2024,employment-school-222ab5cd7080bda47252,중앙대학교 사회복지대학원,본교,서울,특수대학원,3,3,3,,,not_tested,not_tested,not_tested,unresolved_no_exact_signature
2024,employment-school-15808939eb76d0428778,중앙대학교 산업창업경영대학원,캠퍼스,경기,특수대학원,3,3,3,,,not_tested,not_tested,not_tested,unresolved_no_exact_signature
2024,employment-school-df3614efccec6718a4ad,중앙대학교 신문방송대학원,본교,서울,특수대학원,1,1,1,,,not_tested,not_tested,not_tested,unresolved_signature_too_small
2024,employment-school-46a304d6a7bfa7ea1b21,중앙대학교 심리서비스대학원,본교,서울,특수대학원,5,5,5,,,not_tested,not_tested,not_tested,unresolved_no_exact_signature
2024,employment-school-247f0a0d1938402bbe88,중앙대학교 예술대학원,본교,서울,특수대학원,3,3,3,,,not_tested,not_tested,not_tested,unresolved_no_exact_signature
2024,employment-school-33b5063f04766d486d63,중앙대학교 창업경영대학원,캠퍼스,경기,특수대학원,5,5,5,,,not_tested,not_tested,not_tested,unresolved_no_exact_signature
2024,employment-school-7434694bcfebef870b57,중앙대학교 첨단영상대학원,본교,서울,전문대학원,2,2,2,,,not_tested,not_tested,not_tested,unresolved_signature_too_small
2024,employment-school-8f76711eed9d1b3316bf,중앙대학교 커뮤니케이션대학원,본교,서울,특수대학원,1,1,1,,,not_tested,not_tested,not_tested,unresolved_signature_too_small
2024,employment-school-8328731e7955c8c5c481,중앙대학교 행정대학원,본교,서울,특수대학원,4,4,4,,,not_tested,not_tested,not_tested,unresolved_no_exact_signature
2024,employment-school-278f58df0706b18004f1,중앙승가대학교,본교,경기,대학,3,3,3,,,not_tested,not_tested,not_tested,unresolved_no_exact_signature
2024,employment-school-c7c21453ae640eac98e7,중앙승가대학교대학원,본교,경기,일반대학원,2,2,2,,,not_tested,not_tested,not_tested,unresolved_signature_too_small
2024,employment-school-fd885f01637c113c21fe,중원대학교,본교,충북,대학,43,37,43,,,not_tested,not_tested,not_tested,unresolved_no_exact_signature
2024,employment-school-047ce3eb8d931821358e,중원대학교 사회문화대학원,본교,충북,특수대학원,6,6,6,,,not_tested,not_tested,not_tested,unresolved_no_exact_signature
2024,employment-school-e1dc97080799ff17427f,중원대학교 일반대학원,본교,충북,일반대학원,5,5,5,,,not_tested,not_tested,not_tested,unresolved_no_exact_signature
2024,employment-school-32a778e2143901c287b8,중원대학교 평생학습대학원,본교,충북,특수대학원,2,2,2,,,not_tested,not_tested,not_tested,unresolved_signature_too_small
2024,employment-school-5b73efc12a6eb0be681c,진주교육대학교,본교,경남,교육대학,12,12,12,7351759016,unique_exact_department_college_signature,true,true,true,candidate_signature_context_confirmed
2024,employment-school-6f287aed21a930a7a953,진주교육대학교교육대학원,본교,경남,특수대학원,20,20,20,,,not_tested,not_tested,not_tested,unresolved_no_exact_signature
2024,employment-school-a9ef70491818e9c29957,진주보건대학교,본교,경남,전문대학,12,12,12,,,not_tested,not_tested,not_tested,unresolved_no_exact_signature
2024,employment-school-df4126db785ed08076e8,차의과학대학교,본교,경기,대학,11,11,11,,,not_tested,not_tested,not_tested,unresolved_no_exact_signature
2024,employment-school-3a081d1992285b833c09,차의과학대학교 경영대학원,본교,경기,특수대학원,1,1,1,,,not_tested,not_tested,not_tested,unresolved_signature_too_small
2024,employment-school-fbdfbf24a31050a37e3c,차의과학대학교 대학원,본교,경기,일반대학원,5,5,5,,,not_tested,not_tested,not_tested,unresolved_no_exact_signature
2024,employment-school-b58169167c372ed52616,차의과학대학교 미술치료대학원,본교,경기,특수대학원,1,1,1,,,not_tested,not_tested,not_tested,unresolved_signature_too_small
2024,employment-school-d5589181a125131ca68e,차의과학대학교 보건산업대학원,본교,경기,특수대학원,2,2,2,,,not_tested,not_tested,not_tested,unresolved_signature_too_small
2024,employment-school-a093afe3ef482d75740d,차의과학대학교 스포츠의학대학원,본교,경기,특수대학원,2,2,2,,,not_tested,not_tested,not_tested,unresolved_signature_too_small
2024,employment-school-623848633b35583c3b63,차의과학대학교 의학전문대학원,본교,경기,전문대학원,1,1,1,,,not_tested,not_tested,not_tested,unresolved_signature_too_small
2024,employment-school-6ed0526e81a1a471f17c,차의과학대학교 임상상담심리대학원,본교,경기,특수대학원,1,1,1,,,not_tested,not_tested,not_tested,unresolved_signature_too_small
2024,employment-school-1462416796cefffe0517,차의과학대학교 임상약학대학원,본교,경기,특수대학원,2,2,2,,,not_tested,not_tested,not_tested,unresolved_signature_too_small
2024,employment-school-b29dbf6d856ba74ee069,차의과학대학교 통합의학대학원,본교,경기,특수대학원,4,4,4,,,not_tested,not_tested,not_tested,unresolved_no_exact_signature
2024,employment-school-31ec15d203a33e2f79c4,창신대학교,본교,경남,대학,14,14,14,,,not_tested,not_tested,not_tested,unresolved_no_exact_signature
2024,employment-school-4b52501db81d7d65ff92,창신대학교 대학원,본교,경남,일반대학원,5,5,5,,,not_tested,not_tested,not_tested,unresolved_no_exact_signature
2024,employment-school-748e60217acdb37f8df7,창신대학교 복지문화대학원,본교,경남,특수대학원,5,5,5,,,not_tested,not_tested,not_tested,unresolved_no_exact_signature
2024,employment-school-2586fca3d6c3969d16b2,창신대학교 부동산경영대학원,본교,경남,특수대학원,2,2,2,,,not_tested,not_tested,not_tested,unresolved_signature_too_small
2024,employment-school-65982cd97ba344a2db67,창원문성대학교,본교,경남,전문대학,35,35,35,,,not_tested,not_tested,not_tested,unresolved_no_exact_signature
2024,employment-school-d1c7c713155ab2e89aa5,청강문화산업대학교,본교,경기,전문대학,22,22,22,,,not_tested,not_tested,not_tested,unresolved_no_exact_signature
2024,employment-school-7779c2215fff2e42f10d,청암대학교,본교,전남,전문대학,21,21,21,,,not_tested,not_tested,not_tested,unresolved_no_exact_signature
2024,employment-school-f3b8e78177eb08dd6f14,청운대학교,본교,충남,산업대학,33,33,33,,,not_tested,not_tested,not_tested,unresolved_no_exact_signature
2024,employment-school-60a96f1bce8cd35ac41c,청운대학교 대학원,본교,충남,특수대학원,20,20,20,,,not_tested,not_tested,not_tested,unresolved_no_exact_signature
2024,employment-school-3be0fa5926140a9759e8,청주교육대학교,본교,충북,교육대학,12,12,12,,,not_tested,not_tested,not_tested,unresolved_ambiguous_exact_signature
2024,employment-school-7b027d1fd83997465dbf,청주교육대학교교육대학원,본교,충북,특수대학원,23,23,23,,,not_tested,not_tested,not_tested,unresolved_no_exact_signature
2024,employment-school-456d903db8113b552bb2,청주대학교,본교,충북,대학,114,101,114,,,not_tested,not_tested,not_tested,unresolved_no_exact_signature
2024,employment-school-7f43dee6db124773e814,청주대학교 보건의료대학원,본교,충북,특수대학원,7,7,7,,,not_tested,not_tested,not_tested,unresolved_no_exact_signature
2024,employment-school-cfcd4c73df08a2688754,청주대학교 사회복지·공공정책대학원,본교,충북,특수대학원,6,6,6,,,not_tested,not_tested,not_tested,unresolved_no_exact_signature
2024,employment-school-45943c8041534b2c903f,청주대학교 사회복지행정대학원,본교,충북,특수대학원,2,2,2,,,not_tested,not_tested,not_tested,unresolved_signature_too_small
2024,employment-school-dd709fc81ebae9945216,청주대학교산업경영대학원,본교,충북,특수대학원,1,1,1,,,not_tested,not_tested,not_tested,unresolved_signature_too_small
2024,employment-school-6ac18109d35d3fe9035b,청주대학교 예술대학원,본교,충북,특수대학원,1,1,1,,,not_tested,not_tested,not_tested,unresolved_signature_too_small
2024,employment-school-38ab7b622223dafdc3bf,청주대학교 융합신기술대학원,본교,충북,특수대학원,3,3,3,,,not_tested,not_tested,not_tested,unresolved_no_exact_signature
2024,employment-school-200990ddaf3cf3c26751,청주대학교일반대학원,본교,충북,일반대학원,36,36,36,,,not_tested,not_tested,not_tested,unresolved_no_exact_signature
2024,employment-school-d17fd061d82bd6ba9c96,초당대학교,본교,전남,대학,22,22,22,,,not_tested,not_tested,not_tested,unresolved_no_exact_signature
2024,employment-school-df89c85a738994764922,초당대학교 산업대학원,본교,전남,특수대학원,5,5,5,,,not_tested,not_tested,not_tested,unresolved_no_exact_signature
2024,employment-school-bb09f6fd9842a73a3c5b,초당대학교 일반대학원,본교,전남,일반대학원,6,6,6,,,not_tested,not_tested,not_tested,unresolved_no_exact_signature
2024,employment-school-6cb8c02e4dde478c1d34,총신대학교,본교,서울,대학,9,9,9,,,not_tested,not_tested,not_tested,unresolved_no_exact_signature
2024,employment-school-4668207a4bd1314dd57c,총신대학교교육대학원,본교,서울,특수대학원,2,2,2,,,not_tested,not_tested,not_tested,unresolved_signature_too_small
2024,employment-school-b84f2d3f6c240e2e54bf,총신대학교교회음악대학원,본교,서울,특수대학원,1,1,1,,,not_tested,not_tested,not_tested,unresolved_signature_too_small
2024,employment-school-3db5fa63c52bfb8c6f1c,총신대학교목회신학대학원,본교,서울,전문대학원,1,1,1,,,not_tested,not_tested,not_tested,unresolved_signature_too_small
2024,employment-school-d65b9439c351742213d9,총신대학교사회복지대학원,본교,서울,특수대학원,1,1,1,,,not_tested,not_tested,not_tested,unresolved_signature_too_small
2024,employment-school-1ce82cc6b7b4333fa521,총신대학교상담대학원,본교,서울,특수대학원,2,2,2,,,not_tested,not_tested,not_tested,unresolved_signature_too_small
2024,employment-school-99be4eb778200c16ad3f,총신대학교선교대학원,본교,서울,특수대학원,1,1,1,,,not_tested,not_tested,not_tested,unresolved_signature_too_small
2024,employment-school-ebe470a4a635cac2e1ed,총신대학교신학대학원,본교,경기,특수대학원,2,2,2,,,not_tested,not_tested,not_tested,unresolved_signature_too_small
2024,employment-school-36d2fc910515c2bc940a,총신대학교일반대학원,본교,서울,일반대학원,2,2,2,,,not_tested,not_tested,not_tested,unresolved_signature_too_small
2024,employment-school-98b71ad2a541f8ac853a,총신대학교 통일개발대학원,본교,서울,특수대학원,1,1,1,,,not_tested,not_tested,not_tested,unresolved_signature_too_small
2024,employment-school-2684860cbec42211c36c,추계예술대학교,본교,서울,대학,11,11,11,,,not_tested,not_tested,not_tested,unresolved_no_exact_signature
2024,employment-school-9f5d9d9daa028dfe6e32,추계예술대학교 교육대학원,본교,서울,특수대학원,2,2,2,,,not_tested,not_tested,not_tested,unresolved_signature_too_small
2024,employment-school-6004bfff9096719bb85d,추계예술대학교 문화예술경영대학원,본교,서울,특수대학원,4,4,4,,,not_tested,not_tested,not_tested,unresolved_no_exact_signature
2024,employment-school-50d9c35974419a5092d6,추계예술대학교 일반대학원,본교,서울,일반대학원,4,4,4,,,not_tested,not_tested,not_tested,unresolved_no_exact_signature
2024,employment-school-e0d2ef8930eec10932b8,춘천교육대학교,본교,강원,교육대학,12,12,12,,,not_tested,not_tested,not_tested,unresolved_ambiguous_exact_signature
2024,employment-school-a9aa4511ca623a5d31d2,춘천교육대학교교육대학원,본교,강원,특수대학원,20,20,20,,,not_tested,not_tested,not_tested,unresolved_no_exact_signature
2024,employment-school-c13fb03262c4cfb7c4e9,춘해보건대학교,본교,울산,전문대학,21,21,21,,,not_tested,not_tested,not_tested,unresolved_no_exact_signature
2024,employment-school-9000a46b8c46342c3177,충남대학교,본교,대전,대학,102,102,102,,,not_tested,not_tested,not_tested,unresolved_no_exact_signature
2024,employment-school-c88f2a2898b63045d73d,충남대학교경영대학원,본교,대전,특수대학원,1,1,1,,,not_tested,not_tested,not_tested,unresolved_signature_too_small
2024,employment-school-1f7142953923e719e39b,충남대학교교육대학원,본교,대전,특수대학원,2,2,2,,,not_tested,not_tested,not_tested,unresolved_signature_too_small
2024,employment-school-dc4f965164dc5aeed4d7,충남대학교 국가정책대학원,본교,대전,특수대학원,1,1,1,,,not_tested,not_tested,not_tested,unresolved_signature_too_small
2024,employment-school-3e1aae47b6750582e22e,충남대학교대학원,본교,대전,일반대학원,97,97,97,,,not_tested,not_tested,not_tested,unresolved_no_exact_signature
2024,employment-school-bb4ce5eee5b48c40dcf8,충남대학교 법학전문대학원,본교,대전,전문대학원,1,1,1,,,not_tested,not_tested,not_tested,unresolved_signature_too_small
2024,employment-school-572e3bd2e0fc7620be77,충남대학교보건대학원,본교,대전,특수대학원,1,1,1,,,not_tested,not_tested,not_tested,unresolved_signature_too_small
2024,employment-school-04050097c56384404aeb,충남대학교 분석과학기술대학원,본교,대전,전문대학원,1,1,1,,,not_tested,not_tested,not_tested,unresolved_signature_too_small
2024,employment-school-176a22710582303a8e60,충남대학교산업대학원,본교,대전,특수대학원,11,11,11,,,not_tested,not_tested,not_tested,unresolved_no_exact_signature
2024,employment-school-d0a27334fa2ea3742d6a,충남대학교 스마트농업대학원,본교,대전,특수대학원,1,1,1,,,not_tested,not_tested,not_tested,unresolved_signature_too_small
2024,employment-school-8c6d239af94d0ab0f038,충남대학교 신약전문대학원,본교,대전,전문대학원,1,1,1,,,not_tested,not_tested,not_tested,unresolved_signature_too_small
2024,employment-school-a36c3ec12c6eb4f02bd8,충남대학교 에너지과학기술대학원,본교,대전,전문대학원,1,1,1,,,not_tested,not_tested,not_tested,unresolved_signature_too_small
2024,employment-school-ab755d98bf71c8ee90fe,충남대학교특허법무대학원,본교,대전,특수대학원,2,2,2,,,not_tested,not_tested,not_tested,unresolved_signature_too_small
2024,employment-school-e3b50fef6aee1ff76be2,충남대학교평화안보대학원,본교,대전,특수대학원,3,3,3,,,not_tested,not_tested,not_tested,unresolved_no_exact_signature
2024,employment-school-595a92d83e8f060e47c7,충남대학교행정대학원,본교,대전,특수대학원,1,1,1,,,not_tested,not_tested,not_tested,unresolved_signature_too_small
2024,employment-school-bad3f77501d797461ac7,충남도립대학교,본교,충남,전문대학,21,21,21,,,not_tested,not_tested,not_tested,unresolved_no_exact_signature
2024,employment-school-1e4db257593e70e4449e,충북대학교,본교,충북,대학,94,94,94,,,not_tested,not_tested,not_tested,unresolved_no_exact_signature
2024,employment-school-ab67143373ad16e0431b,충북대학교경영대학원,본교,충북,특수대학원,1,1,1,,,not_tested,not_tested,not_tested,unresolved_signature_too_small
2024,employment-school-85548c60eaad25596fda,충북대학교 교육대학원,본교,충북,특수대학원,18,18,18,,,not_tested,not_tested,not_tested,unresolved_no_exact_signature
2024,employment-school-119dad252f5f855c9728,충북대학교 대학원,본교,충북,일반대학원,93,93,93,,,not_tested,not_tested,not_tested,unresolved_no_exact_signature
2024,employment-school-ce6ed6ce0e884e5ffdbc,충북대학교 법무대학원,본교,충북,특수대학원,1,1,1,,,not_tested,not_tested,not_tested,unresolved_signature_too_small
2024,employment-school-82e11d5089f02ac7ed92,충북대학교 법학전문대학원,본교,충북,전문대학원,1,1,1,,,not_tested,not_tested,not_tested,unresolved_signature_too_small
2024,employment-school-2b6a48439594bc8be06e,충북대학교 북방농업대학원,본교,충북,특수대학원,1,1,1,,,not_tested,not_tested,not_tested,unresolved_signature_too_small
2024,employment-school-d6192a5b05207921d68f,충북대학교 산업대학원,본교,충북,특수대학원,4,4,4,,,not_tested,not_tested,not_tested,unresolved_no_exact_signature
2024,employment-school-6cd28cc1a3358bd05088,충북대학교 세종 국가정책대학원,본교,충북,특수대학원,1,1,1,,,not_tested,not_tested,not_tested,unresolved_signature_too_small
2024,employment-school-c2db16ed62553f4b2585,충북대학교 수의방역대학원,본교,충북,특수대학원,1,1,1,,,not_tested,not_tested,not_tested,unresolved_signature_too_small
2024,employment-school-2935f8f5cde3ca81fd7e,충북도립대학교,본교,충북,전문대학,12,12,12,,,not_tested,not_tested,not_tested,unresolved_no_exact_signature
2024,employment-school-2bc57feb02a73eac6046,충북보건과학대학교,본교,충북,전문대학,33,33,33,,,not_tested,not_tested,not_tested,unresolved_no_exact_signature
2024,employment-school-9a3effa77990d425fb58,충청대학교,본교,충북,전문대학,48,48,48,,,not_tested,not_tested,not_tested,unresolved_no_exact_signature
2024,employment-school-0eb64ca6b02d70416081,치유상담대학원대학교,본교,서울,전문대학원,1,1,1,,,not_tested,not_tested,not_tested,unresolved_signature_too_small
2024,employment-school-e5bcd08cbf7de1e3c71d,칼빈대학교,본교,경기,대학,6,6,6,,,not_tested,not_tested,not_tested,unresolved_no_exact_signature
2024,employment-school-09b1aee998308f84c47e,칼빈대학교대학원,본교,경기,일반대학원,5,5,5,,,not_tested,not_tested,not_tested,unresolved_no_exact_signature
2024,employment-school-78b8b1876854207abaf4,칼빈신학대학원,본교,경기,특수대학원,1,1,1,,,not_tested,not_tested,not_tested,unresolved_signature_too_small
2024,employment-school-01579f4721f35f4f7c38,평택대학교,본교,경기,대학,41,35,41,,,not_tested,not_tested,not_tested,unresolved_no_exact_signature
2024,employment-school-5f622d260802e4721406,평택대학교 글로벌비즈니스대학원,본교,경기,특수대학원,2,2,2,,,not_tested,not_tested,not_tested,unresolved_signature_too_small
2024,employment-school-d23a005b6b80f0df4752,평택대학교 사회복지대학원,본교,경기,특수대학원,2,2,2,,,not_tested,not_tested,not_tested,unresolved_signature_too_small
2024,employment-school-d66fbca5165c64097d18,평택대학교 상담대학원,본교,경기,특수대학원,2,2,2,,,not_tested,not_tested,not_tested,unresolved_signature_too_small
2024,employment-school-2fd0d5ad3e5944e611ff,평택대학교 일반대학원,본교,경기,일반대학원,5,5,5,,,not_tested,not_tested,not_tested,unresolved_no_exact_signature
2024,employment-school-7f9f4b73f93eb0c0f6dc,평택대학교 통번역대학원,본교,경기,특수대학원,2,2,2,,,not_tested,not_tested,not_tested,unresolved_signature_too_small
2024,employment-school-159da93d333df5edfd77,평택대학교 피어선신학전문대학원,본교,경기,전문대학원,1,1,1,,,not_tested,not_tested,not_tested,unresolved_signature_too_small
2024,employment-school-3847bedee119061dcc80,포스코기술대학,본교,경북,사내대학(전문),1,1,1,,,not_tested,not_tested,not_tested,unresolved_signature_too_small
2024,employment-school-0485c30b5edd841467ce,포스코기술대학,캠퍼스,전남,사내대학(전문),1,1,1,,,not_tested,not_tested,not_tested,unresolved_signature_too_small
2024,employment-school-3123f7c87ab93e7d7197,포항공과대학교,본교,경북,대학,11,11,11,,,not_tested,not_tested,not_tested,unresolved_no_exact_signature
2024,employment-school-865a714ed4c126e85384,포항공과대학교 대학원,본교,경북,일반대학원,18,18,18,,,not_tested,not_tested,not_tested,unresolved_no_exact_signature
2024,employment-school-605be2d699579c920194,포항공과대학교 철강·에너지소재대학원,본교,경북,전문대학원,1,1,1,,,not_tested,not_tested,not_tested,unresolved_signature_too_small
2024,employment-school-9ee0eeb65645f55cc57f,포항공과대학교 친환경소재대학원,본교,경북,전문대학원,1,1,1,,,not_tested,not_tested,not_tested,unresolved_signature_too_small
2024,employment-school-d6225ce53db791c5ab6d,포항대학교,본교,경북,전문대학,18,18,18,,,not_tested,not_tested,not_tested,unresolved_no_exact_signature
2024,employment-school-3f288ad7398403b5b4ab,한경국립대학교,본교,경기,대학,56,55,56,,,not_tested,not_tested,not_tested,unresolved_no_exact_signature
2024,employment-school-1baecc9e82a07dc7a462,한경국립대학교 공공정책대학원,본교,경기,특수대학원,2,2,2,,,not_tested,not_tested,not_tested,unresolved_signature_too_small
2024,employment-school-6cf816498c0acb4be6ef,한경국립대학교 국제개발협력대학원,본교,경기,특수대학원,2,2,2,,,not_tested,not_tested,not_tested,unresolved_signature_too_small
2024,employment-school-5f0515d2f793974cf1c0,한경국립대학교 미래융합기술대학원,본교,경기,전문대학원,1,1,1,,,not_tested,not_tested,not_tested,unresolved_signature_too_small
2024,employment-school-66b7ac1d9f2a56150d68,한경국립대학교 산업대학원,본교,경기,특수대학원,5,5,5,,,not_tested,not_tested,not_tested,unresolved_no_exact_signature
2024,employment-school-8fa43a41d95ed0e005e3,한경국립대학교 일반대학원,본교,경기,일반대학원,19,19,19,,,not_tested,not_tested,not_tested,unresolved_no_exact_signature
2024,employment-school-2e2dab282ef9b2f6b521,한국개발연구원국제정책대학원대학교,본교,세종,전문대학원,6,6,6,,,not_tested,not_tested,not_tested,unresolved_no_exact_signature
2024,employment-school-98e73e05aa7d17c2e8a5,한국골프대학교,본교,강원,전문대학,5,5,5,,,not_tested,not_tested,not_tested,unresolved_no_exact_signature
2024,employment-school-faa4c10a9998c2e08859,한국공학대학교,본교,경기,대학,30,30,30,,,not_tested,not_tested,not_tested,unresolved_no_exact_signature
2024,employment-school-d268a86ec6d8203e033d,한국공학대학교 산업기술경영대학원,본교,경기,특수대학원,15,15,15,,,not_tested,not_tested,not_tested,unresolved_no_exact_signature
2024,employment-school-cf705a91fd9e5befde1d,한국공학대학교 융합기술에너지대학원,본교,경기,전문대학원,10,10,10,,,not_tested,not_tested,not_tested,unresolved_no_exact_signature
2024,employment-school-49394f8f935f384f3c6c,한국공학대학교 일반대학원,본교,경기,일반대학원,14,14,14,,,not_tested,not_tested,not_tested,unresolved_no_exact_signature
2024,employment-school-24d23eef7f82b751c2d1,한국과학기술원,본교,대전,대학,17,17,17,,,not_tested,not_tested,not_tested,unresolved_no_exact_signature
2024,employment-school-cc949c16bdbcf275fd52,한국과학기술원 일반대학원,본교,대전,일반대학원,48,48,48,,,not_tested,not_tested,not_tested,unresolved_no_exact_signature
2024,employment-school-fe4f9168bfea29a20f5c,한국관광대학교,본교,경기,전문대학,14,14,14,,,not_tested,not_tested,not_tested,unresolved_no_exact_signature
2024,employment-school-2a274c148acdf3effc47,한국교원대학교,본교,충북,대학,24,24,24,5302303493,unique_exact_department_college_signature,true,true,true,candidate_signature_context_confirmed
2024,employment-school-0530a5b8e4f7afa3ee9a,한국교원대학교교육대학원,본교,충북,특수대학원,49,49,49,,,not_tested,not_tested,not_tested,unresolved_no_exact_signature
2024,employment-school-57905efe1de5bdc4702a,한국교원대학교 교육정책전문대학원,본교,충북,전문대학원,4,4,4,,,not_tested,not_tested,not_tested,unresolved_no_exact_signature
2024,employment-school-797a4f707c92c592a64a,한국교원대학교대학원,본교,충북,일반대학원,54,54,54,,,not_tested,not_tested,not_tested,unresolved_no_exact_signature
2024,employment-school-19f5ace2cf6d35e16aeb,한국기술교육대학교,본교,충남,대학,13,13,13,,,not_tested,not_tested,not_tested,unresolved_no_exact_signature
2024,employment-school-a9f99d0afb66e5fa7e7f,한국기술교육대학교 IT융합과학경영산업대학원,본교,충남,특수대학원,14,14,14,,,not_tested,not_tested,not_tested,unresolved_no_exact_signature
2024,employment-school-1ebf37b0937fd7617ee5,한국기술교육대학교 대학원,본교,충남,일반대학원,9,9,9,,,not_tested,not_tested,not_tested,unresolved_no_exact_signature
2024,employment-school-27c4cfd63c0547e70a88,한국기술교육대학교테크노인력개발전문대학원,본교,충남,전문대학원,1,1,1,,,not_tested,not_tested,not_tested,unresolved_signature_too_small
2024,employment-school-b8bec3950a46fbfd834b,한국농수산대학교,본교,전북,전문대학,37,37,37,,,not_tested,not_tested,not_tested,unresolved_no_exact_signature
2024,employment-school-80ffddfb7a2dd765f14b,한국방송통신대학교,본교,서울,방송통신대학,32,32,32,,,not_tested,not_tested,not_tested,unresolved_no_exact_signature
2024,employment-school-080211684ce9878492de,한국방송통신대학교 경영대학원,본교,서울,특수대학원,7,7,7,,,not_tested,not_tested,not_tested,unresolved_no_exact_signature
2024,employment-school-09bdcaf066b91ebcfaa3,한국방송통신대학교 대학원,본교,서울,특수대학원,19,19,19,,,not_tested,not_tested,not_tested,unresolved_no_exact_signature
2024,employment-school-dbe50986be0225380dc1,한국복지대학교,본교,경기,전문대학,24,24,24,,,not_tested,not_tested,not_tested,unresolved_no_exact_signature
2024,employment-school-ebfcfd6e1a8e94556343,한국복지사이버대학,본교,경북,사이버대학(전문),15,15,15,,,not_tested,not_tested,not_tested,unresolved_no_exact_signature
2024,employment-school-ef3f80ad08755a8767cb,한국상담대학원대학교,본교,서울,전문대학원,1,1,1,,,not_tested,not_tested,not_tested,unresolved_signature_too_small
2024,employment-school-a171bde1ed0086423136,한국성서대학교,본교,서울,대학,7,7,7,,,not_tested,not_tested,not_tested,unresolved_no_exact_signature
2024,employment-school-2b83bf02bc89f85e3910,한국성서대학교대학원,본교,서울,일반대학원,2,2,2,,,not_tested,not_tested,not_tested,unresolved_signature_too_small
2024,employment-school-e954c7639546b0564b22,한국성서대학교보육대학원,본교,서울,특수대학원,1,1,1,,,not_tested,not_tested,not_tested,unresolved_signature_too_small
2024,employment-school-cafa14cd99fc66a7f6c3,한국성서대학교사회복지대학원,본교,서울,특수대학원,1,1,1,,,not_tested,not_tested,not_tested,unresolved_signature_too_small
2024,employment-school-34b39db1e7f853e46bfa,한국성서대학교신학대학원,본교,서울,특수대학원,1,1,1,,,not_tested,not_tested,not_tested,unresolved_signature_too_small
2024,employment-school-0946167ce0b086db022e,한국승강기대학교,본교,경남,전문대학,1,1,1,,,not_tested,not_tested,not_tested,unresolved_signature_too_small
2024,employment-school-5760fb0d333629dbe7b8,한국에너지공과대학교 대학원,본교,전남,일반대학원,1,1,1,,,not_tested,not_tested,not_tested,unresolved_signature_too_small
2024,employment-school-4bf4aa50ad54799b0ae1,한국열린사이버대학교,본교,서울,사이버대학(대학),12,12,12,,,not_tested,not_tested,not_tested,unresolved_no_exact_signature
2024,employment-school-013b8fba06f4b4d4334d,한국영상대학교,본교,세종,전문대학,40,40,40,,,not_tested,not_tested,not_tested,unresolved_no_exact_signature
2024,employment-school-5dc5b1fc9799191d7a73,한국예술종합학교,본교,서울,각종학교(대학),27,27,27,,,not_tested,not_tested,not_tested,unresolved_no_exact_signature
2024,employment-school-f62e08263549ae469c25,한국외국어대학교,본교,서울,대학,105,105,105,,,not_tested,not_tested,not_tested,unresolved_no_exact_signature
2024,employment-school-0cb284d0396b3fdc16d9,한국외국어대학교 KFL대학원,본교,서울,특수대학원,4,4,4,,,not_tested,not_tested,not_tested,unresolved_no_exact_signature
2024,employment-school-4feb27a09a6dae289c86,한국외국어대학교 TESOL 대학원,본교,서울,특수대학원,4,4,4,,,not_tested,not_tested,not_tested,unresolved_no_exact_signature
2024,employment-school-a885e811a73f6679807d,한국외국어대학교 경영대학원,본교,서울,특수대학원,5,5,5,,,not_tested,not_tested,not_tested,unresolved_no_exact_signature
2024,employment-school-43327975d6c15efd1b05,한국외국어대학교 교육대학원,본교,서울,특수대학원,14,14,14,,,not_tested,not_tested,not_tested,unresolved_no_exact_signature
2024,employment-school-4ec6f7094a9d2620f6b7,한국외국어대학교 국제지역대학원,본교,서울,전문대학원,12,12,12,,,not_tested,not_tested,not_tested,unresolved_no_exact_signature
2024,employment-school-53cc26d6ff185bda569f,한국외국어대학교 법학전문대학원,본교,서울,전문대학원,1,1,1,,,not_tested,not_tested,not_tested,unresolved_signature_too_small
2024,employment-school-515c995987356b0fbff7,한국외국어대학교 일반대학원,본교,서울,일반대학원,49,49,49,,,not_tested,not_tested,not_tested,unresolved_no_exact_signature
2024,employment-school-e4d2311d824ea8cc973e,한국외국어대학교 정치행정언론대학원,본교,서울,특수대학원,4,4,4,,,not_tested,not_tested,not_tested,unresolved_no_exact_signature
2024,employment-school-95b2480caea956969b15,한국외국어대학교 통번역대학원,본교,서울,전문대학원,9,9,9,,,not_tested,not_tested,not_tested,unresolved_no_exact_signature
2024,employment-school-7b793c0fee3aafe46cfd,한국전력국제원자력대학원대학교,본교,울산,전문대학원,2,2,2,,,not_tested,not_tested,not_tested,unresolved_signature_too_small
2024,employment-school-b85bdb66b9870e14df7c,한국전통문화대학교,본교,충남,대학,7,7,7,,,not_tested,not_tested,not_tested,unresolved_no_exact_signature
2024,employment-school-33e59721794630f23e49,한국전통문화대학교 문화유산전문대학원,본교,충남,전문대학원,3,3,3,,,not_tested,not_tested,not_tested,unresolved_no_exact_signature
2024,employment-school-df66546bc2e6c61d3515,한국전통문화대학교 미래문화유산대학원,본교,세종,특수대학원,2,2,2,,,not_tested,not_tested,not_tested,unresolved_signature_too_small
2024,employment-school-ca224055191869fbe81a,한국전통문화대학교 일반대학원,본교,충남,일반대학원,4,4,4,,,not_tested,not_tested,not_tested,unresolved_no_exact_signature
2024,employment-school-1f37de43fb2abb063408,한국체육대학교,본교,서울,대학,10,10,10,,,not_tested,not_tested,not_tested,unresolved_no_exact_signature
2024,employment-school-ec0d1fbe68bea3d8314e,한국체육대학교 교육대학원,본교,서울,특수대학원,1,1,1,,,not_tested,not_tested,not_tested,unresolved_signature_too_small
2024,employment-school-95e9edc5f08e20a316cf,한국체육대학교 대학원,본교,서울,일반대학원,1,1,1,,,not_tested,not_tested,not_tested,unresolved_signature_too_small
2024,employment-school-4c4eae705a03f6a2944d,한국체육대학교 사회체육대학원,본교,서울,특수대학원,11,11,11,,,not_tested,not_tested,not_tested,unresolved_no_exact_signature
2024,employment-school-c9359bff1b75a435e2c0,한국침례신학대학교,본교,대전,대학,8,8,8,,,not_tested,not_tested,not_tested,unresolved_no_exact_signature
2024,employment-school-056acd557a5b1cc31e35,한국침례신학대학교 교회음악대학원,본교,대전,특수대학원,1,1,1,,,not_tested,not_tested,not_tested,unresolved_signature_too_small
2024,employment-school-69bbe8806ef9f42e758b,한국침례신학대학교 대학원,본교,대전,일반대학원,5,5,5,,,not_tested,not_tested,not_tested,unresolved_no_exact_signature
2024,employment-school-c963ba26ea71f88278fc,한국침례신학대학교 목회신학대학원,본교,대전,전문대학원,1,1,1,,,not_tested,not_tested,not_tested,unresolved_signature_too_small
2024,employment-school-ffdd3e20946be5da50a8,한국침례신학대학교 상담대학원,본교,대전,특수대학원,1,1,1,,,not_tested,not_tested,not_tested,unresolved_signature_too_small
2024,employment-school-5769fa3ae788d02b7ad1,한국침례신학대학교 상담복지대학원,본교,대전,특수대학원,2,2,2,,,not_tested,not_tested,not_tested,unresolved_signature_too_small
2024,employment-school-880237399874eb2d8667,한국침례신학대학교 선교대학원,본교,대전,특수대학원,1,1,1,,,not_tested,not_tested,not_tested,unresolved_signature_too_small
2024,employment-school-30894a78cf0e1161760a,한국침례신학대학교 성서주해대학원,본교,대전,특수대학원,1,1,1,,,not_tested,not_tested,not_tested,unresolved_signature_too_small
2024,employment-school-4adbdc0ac1d856a72b9e,한국침례신학대학교 신학대학원,본교,대전,특수대학원,1,1,1,,,not_tested,not_tested,not_tested,unresolved_signature_too_small
2024,employment-school-09909dafec30896a1978,한국폴리텍 III 대학 강릉캠퍼스,본교,강원,기능대학,2,2,2,,,not_tested,not_tested,not_tested,unresolved_signature_too_small
2024,employment-school-d382039c7cd89ae102f3,한국폴리텍 III 대학 원주캠퍼스,본교,강원,기능대학,3,3,3,,,not_tested,not_tested,not_tested,unresolved_no_exact_signature
2024,employment-school-8fc53782781888ed92d2,한국폴리텍 III 대학 춘천캠퍼스,본교,강원,기능대학,5,5,5,,,not_tested,not_tested,not_tested,unresolved_no_exact_signature
2024,employment-school-764407e656a552c8fd4a,한국폴리텍 II 대학 남인천캠퍼스,본교,인천,기능대학,2,2,2,,,not_tested,not_tested,not_tested,unresolved_signature_too_small
2024,employment-school-5e0a6491324d61de1990,한국폴리텍 II 대학 화성캠퍼스,본교,경기,기능대학,1,1,1,,,not_tested,not_tested,not_tested,unresolved_signature_too_small
2024,employment-school-282b21edd05f06760259,한국폴리텍 IV 대학 대전캠퍼스,본교,대전,기능대학,7,7,7,,,not_tested,not_tested,not_tested,unresolved_no_exact_signature
2024,employment-school-1eaf856682a359bfe6e2,한국폴리텍 IV 대학 아산캠퍼스,본교,충남,기능대학,8,8,8,,,not_tested,not_tested,not_tested,unresolved_no_exact_signature
2024,employment-school-5fbace0ad2932688ff69,한국폴리텍IV 대학 청주캠퍼스,본교,충북,기능대학,6,6,6,,,not_tested,not_tested,not_tested,unresolved_no_exact_signature
2024,employment-school-de642b6a699817c044c1,한국폴리텍 IV 대학 충남캠퍼스,본교,충남,기능대학,4,4,4,,,not_tested,not_tested,not_tested,unresolved_no_exact_signature
2024,employment-school-3b89d72c738f172b8b37,한국폴리텍 I 대학 성남캠퍼스,본교,경기,기능대학,7,7,7,,,not_tested,not_tested,not_tested,unresolved_no_exact_signature
2024,employment-school-173470ee1f7df49790cb,한국폴리텍 I 대학 제주캠퍼스,본교,제주,기능대학,1,1,1,,,not_tested,not_tested,not_tested,unresolved_signature_too_small
2024,employment-school-256828c701d66d7f4795,한국폴리텍 VII 대학 동부산캠퍼스,본교,부산,기능대학,1,1,1,,,not_tested,not_tested,not_tested,unresolved_signature_too_small
2024,employment-school-fcdc29afee74bfb10ff1,한국폴리텍Ⅶ대학 부산캠퍼스,본교,부산,기능대학,8,8,8,,,not_tested,not_tested,not_tested,unresolved_no_exact_signature
2024,employment-school-6df23cbed796684d5ef7,한국폴리텍 VII 대학 울산캠퍼스,본교,울산,기능대학,6,6,6,,,not_tested,not_tested,not_tested,unresolved_no_exact_signature
2024,employment-school-227e553df3419faf7600,한국폴리텍 VII 대학 진주캠퍼스,본교,경남,기능대학,1,1,1,,,not_tested,not_tested,not_tested,unresolved_signature_too_small
2024,employment-school-c75eefdc627a4df910f5,한국폴리텍VII대학 창원캠퍼스,본교,경남,기능대학,15,15,15,,,not_tested,not_tested,not_tested,unresolved_no_exact_signature
2024,employment-school-d621b1b765400a7d80c1,한국폴리텍 Ⅵ 대학 영주캠퍼스,본교,경북,기능대학,1,1,1,,,not_tested,not_tested,not_tested,unresolved_signature_too_small
2024,employment-school-33089ab27b4e8f374909,한국폴리텍V대학 광주캠퍼스,본교,광주,기능대학,10,10,10,,,not_tested,not_tested,not_tested,unresolved_no_exact_signature
2024,employment-school-322dba83e852b4fcbe05,한국폴리텍 V 대학 순천캠퍼스,본교,전남,기능대학,1,1,1,,,not_tested,not_tested,not_tested,unresolved_signature_too_small
2024,employment-school-773511d7e482ebaedef1,한국폴리텍Ⅴ대학 익산캠퍼스,본교,전북,기능대학,3,3,3,,,not_tested,not_tested,not_tested,unresolved_no_exact_signature
2024,employment-school-2b2fb95d72f4828449cd,한국폴리텍V대학 전남캠퍼스,본교,전남,기능대학,5,5,5,,,not_tested,not_tested,not_tested,unresolved_no_exact_signature
2024,employment-school-1db5ffbdffed7f757cc8,한국폴리텍 V 대학 전북캠퍼스,본교,전북,기능대학,6,6,6,,,not_tested,not_tested,not_tested,unresolved_no_exact_signature
2024,employment-school-58dbdb2651838c581aef,한국폴리텍대학 구미캠퍼스,본교,경북,기능대학,6,6,6,,,not_tested,not_tested,not_tested,unresolved_no_exact_signature
2024,employment-school-eb2c2dc50fbeda722f22,한국폴리텍대학 대구캠퍼스,본교,대구,기능대학,8,8,8,,,not_tested,not_tested,not_tested,unresolved_no_exact_signature
2024,employment-school-9080c19dd56133083e9f,한국폴리텍대학바이오캠퍼스,본교,충남,기능대학,6,6,6,,,not_tested,not_tested,not_tested,unresolved_no_exact_signature
2024,employment-school-95dad6ce3a94d75e8b68,한국폴리텍대학 서울강서캠퍼스,본교,서울,기능대학,7,7,7,,,not_tested,not_tested,not_tested,unresolved_no_exact_signature
2024,employment-school-83a225c50daba5d74c0c,한국폴리텍대학 서울정수캠퍼스,본교,서울,기능대학,14,14,14,,,not_tested,not_tested,not_tested,unresolved_no_exact_signature
2024,employment-school-92c4bbd6c6c5426279d3,한국폴리텍대학 영남융합기술캠퍼스,본교,대구,기능대학,4,4,4,,,not_tested,not_tested,not_tested,unresolved_no_exact_signature
2024,employment-school-225bcd4270d847fda709,한국폴리텍대학 인천캠퍼스,본교,인천,기능대학,26,26,26,,,not_tested,not_tested,not_tested,unresolved_no_exact_signature
2024,employment-school-777426c2841dee887ffa,한국폴리텍대학 항공캠퍼스,본교,경남,기능대학,5,5,5,,,not_tested,not_tested,not_tested,unresolved_no_exact_signature
2024,employment-school-cf15a03ba11e48da0e12,한국폴리텍 특성화대학 로봇캠퍼스,본교,경북,기능대학,4,4,4,,,not_tested,not_tested,not_tested,unresolved_no_exact_signature
2024,employment-school-f5c092917c4a7c4df3aa,한국폴리텍특성화대학 반도체융합캠퍼스,본교,경기,기능대학,7,7,7,,,not_tested,not_tested,not_tested,unresolved_no_exact_signature
2024,employment-school-b6c99c4246ccc02d869e,한국학대학원,본교,경기,일반대학원,13,13,13,,,not_tested,not_tested,not_tested,unresolved_no_exact_signature
2024,employment-school-627dbdbb0b11a951d612,한국항공대학교,본교,경기,대학,10,10,10,,,not_tested,not_tested,not_tested,unresolved_no_exact_signature
2024,employment-school-190107516261bb2ba8e9,한국항공대학교대학원,본교,경기,일반대학원,14,14,14,,,not_tested,not_tested,not_tested,unresolved_no_exact_signature
2024,employment-school-aade4d58e7a40b355dbd,한국항공대학교 항공·경영대학원,본교,경기,특수대학원,8,8,8,,,not_tested,not_tested,not_tested,unresolved_no_exact_signature
2024,employment-school-180bb5bd5270e54bb960,한남대학교,본교,대전,대학,92,81,92,,,not_tested,not_tested,not_tested,unresolved_no_exact_signature
2024,employment-school-4091b3c313591e1d3738,한남대학교 경영·국방전략대학원,본교,대전,특수대학원,3,3,3,,,not_tested,not_tested,not_tested,unresolved_no_exact_signature
2024,employment-school-dd80336172937bd3d253,한남대학교교육대학원,본교,대전,특수대학원,11,11,11,,,not_tested,not_tested,not_tested,unresolved_no_exact_signature
2024,employment-school-95b99391fc7aebc9b515,한남대학교대학원,본교,대전,일반대학원,38,38,38,,,not_tested,not_tested,not_tested,unresolved_no_exact_signature
2024,employment-school-1337570345aa586d23aa,한남대학교 사회문화·행정복지대학원,본교,대전,특수대학원,14,14,14,,,not_tested,not_tested,not_tested,unresolved_no_exact_signature
2024,employment-school-06e77a92be1eae8f8002,한남대학교학제신학대학원,본교,대전,특수대학원,2,2,2,,,not_tested,not_tested,not_tested,unresolved_signature_too_small
2024,employment-school-158de6e7bf06106290b5,한동대학교,본교,경북,대학,13,13,13,,,not_tested,not_tested,not_tested,unresolved_no_exact_signature
2024,employment-school-2a75893a612b941a2f7d,한동대학교 교육대학원,본교,경북,특수대학원,2,2,2,,,not_tested,not_tested,not_tested,unresolved_signature_too_small
2024,employment-school-ad70b31e96cc01a5badf,한동대학교 국제개발협력대학원,본교,경북,특수대학원,2,2,2,,,not_tested,not_tested,not_tested,unresolved_signature_too_small
2024,employment-school-090e9da813dfc2bcfeb9,한동대학교 국제법률대학원,본교,경북,전문대학원,1,1,1,,,not_tested,not_tested,not_tested,unresolved_signature_too_small
2024,employment-school-f92caf42b909648edeee,한동대학교상담대학원,본교,경북,특수대학원,1,1,1,,,not_tested,not_tested,not_tested,unresolved_signature_too_small
2024,employment-school-530d7af6955a6b34f4a9,한동대학교 일반대학원,본교,경북,일반대학원,10,10,10,,,not_tested,not_tested,not_tested,unresolved_no_exact_signature
2024,employment-school-98d096d17c9634bb85b6,한동대학교 통역번역대학원,본교,경북,특수대학원,1,1,1,,,not_tested,not_tested,not_tested,unresolved_signature_too_small
2024,employment-school-8766681312582f68fc7f,한라대학교,본교,강원,대학,18,18,18,,,not_tested,not_tested,not_tested,unresolved_no_exact_signature
2024,employment-school-5ae8d2e830eaab3af18b,한라대학교정보산업대학원,본교,강원,특수대학원,5,5,5,,,not_tested,not_tested,not_tested,unresolved_no_exact_signature
2024,employment-school-7e907933ddec4effcada,한림국제대학원대학교,본교,서울,특수대학원,5,5,5,,,not_tested,not_tested,not_tested,unresolved_no_exact_signature
2024,employment-school-04e63e828bbda0bcaf7c,한림대학교,본교,강원,대학,48,48,48,,,not_tested,not_tested,not_tested,unresolved_no_exact_signature
2024,employment-school-bad332668457a370eda5,한림대학교 간호대학원,본교,강원,특수대학원,2,2,2,,,not_tested,not_tested,not_tested,unresolved_signature_too_small
2024,employment-school-999bbb1b7b7a6dd06d3e,한림대학교경영대학원,본교,강원,특수대학원,1,1,1,,,not_tested,not_tested,not_tested,unresolved_signature_too_small
2024,employment-school-a48671d3f77da046fc08,한림대학교 글로벌협력대학원,본교,강원,특수대학원,2,2,2,,,not_tested,not_tested,not_tested,unresolved_signature_too_small
2024,employment-school-c12185833833a1c368b8,한림대학교대학원,본교,강원,일반대학원,30,30,30,,,not_tested,not_tested,not_tested,unresolved_no_exact_signature
2024,employment-school-b03059c096f2c665a429,한림대학교 보건과학대학원,본교,강원,특수대학원,3,3,3,,,not_tested,not_tested,not_tested,unresolved_no_exact_signature
2024,employment-school-54532655f86d744de125,한림대학교 보건대학원,본교,강원,특수대학원,2,2,2,,,not_tested,not_tested,not_tested,unresolved_signature_too_small
2024,employment-school-8db592171b3f1cfd4603,한림대학교사회복지대학원,본교,강원,특수대학원,1,1,1,,,not_tested,not_tested,not_tested,unresolved_signature_too_small
2024,employment-school-64b3535170d0569c5a7d,한림대학교 임상치의학대학원,본교,강원,특수대학원,2,2,2,,,not_tested,not_tested,not_tested,unresolved_signature_too_small
2024,employment-school-5b6e532e0ee54c116565,한림성심대학교,본교,강원,전문대학,30,30,30,,,not_tested,not_tested,not_tested,unresolved_no_exact_signature
2024,employment-school-aea426bbf4649affd653,한반도국제대학원대학교,본교,서울,특수대학원,2,2,2,,,not_tested,not_tested,not_tested,unresolved_signature_too_small
2024,employment-school-d28b0406f9e756b8d54b,한서대학교,본교,충남,대학,69,69,69,,,not_tested,not_tested,not_tested,unresolved_no_exact_signature
2024,employment-school-fe9b90cc38989aabd1f6,한서대학교건강증진대학원,본교,충남,특수대학원,3,3,3,,,not_tested,not_tested,not_tested,unresolved_no_exact_signature
2024,employment-school-0d56939647b984082f0b,한서대학교교육대학원,본교,충남,특수대학원,4,4,4,,,not_tested,not_tested,not_tested,unresolved_no_exact_signature
2024,employment-school-1f9659dc0672d0de5f4b,한서대학교 국제디자인융합전문대학원,본교,충남,전문대학원,1,1,1,,,not_tested,not_tested,not_tested,unresolved_signature_too_small
2024,employment-school-257099854392aaa41721,한서대학교대학원,본교,충남,일반대학원,24,24,24,,,not_tested,not_tested,not_tested,unresolved_no_exact_signature
2024,employment-school-6854d5305743b5bf156a,한서대학교 항공융합대학원,본교,충남,특수대학원,6,6,6,,,not_tested,not_tested,not_tested,unresolved_no_exact_signature
2024,employment-school-8ff99647c747b756a140,한서대학교 항공정보산업대학원,본교,충남,특수대학원,1,1,1,,,not_tested,not_tested,not_tested,unresolved_signature_too_small
2024,employment-school-d066a8a5f6e7f04a7878,한성대학교,본교,서울,대학,45,43,45,,,not_tested,not_tested,not_tested,unresolved_no_exact_signature
2024,employment-school-a7449840f4551108bfb9,한성대학교경영대학원,본교,서울,특수대학원,3,3,3,,,not_tested,not_tested,not_tested,unresolved_no_exact_signature
2024,employment-school-558bcdb0dd9071cbbab5,한성대학교교육대학원,본교,서울,특수대학원,3,3,3,,,not_tested,not_tested,not_tested,unresolved_no_exact_signature
2024,employment-school-a7d064d39bc337d2d6f1,한성대학교 국방과학대학원,본교,서울,특수대학원,4,4,4,,,not_tested,not_tested,not_tested,unresolved_no_exact_signature
2024,employment-school-ce280be138edd720d9da,한성대학교부동산대학원,본교,서울,특수대학원,4,4,4,,,not_tested,not_tested,not_tested,unresolved_no_exact_signature
2024,employment-school-207d2b826094298e8668,한성대학교예술대학원,본교,서울,특수대학원,2,2,2,,,not_tested,not_tested,not_tested,unresolved_signature_too_small
2024,employment-school-bc6191fb1747cd379173,한성대학교일반대학원,본교,서울,일반대학원,20,20,20,,,not_tested,not_tested,not_tested,unresolved_no_exact_signature
2024,employment-school-26ad859df42e3f4617c5,한성대학교 지식서비스&컨설팅대학원,본교,서울,특수대학원,3,3,3,,,not_tested,not_tested,not_tested,unresolved_no_exact_signature
2024,employment-school-439efbdf9f3063fa1d99,한성대학교행정대학원,본교,서울,특수대학원,3,3,3,,,not_tested,not_tested,not_tested,unresolved_no_exact_signature
2024,employment-school-f2c835fd80b8f02871a1,한세대학교,본교,경기,대학,26,26,26,,,not_tested,not_tested,not_tested,unresolved_no_exact_signature
2024,employment-school-fe833f0f7e65f2b8e0eb,한세대학교 공학대학원,본교,경기,특수대학원,1,1,1,,,not_tested,not_tested,not_tested,unresolved_signature_too_small
2024,employment-school-506e6af61367ee31b091,한세대학교 대학원,본교,경기,일반대학원,12,12,12,,,not_tested,not_tested,not_tested,unresolved_no_exact_signature
2024,employment-school-31f4a3559d1a85e8e9be,한세대학교 심리상담대학원,본교,경기,특수대학원,1,1,1,,,not_tested,not_tested,not_tested,unresolved_signature_too_small
2024,employment-school-c910b3e689404d40aab0,한세대학교 영산신학대학원,본교,경기,특수대학원,2,2,2,,,not_tested,not_tested,not_tested,unresolved_signature_too_small
2024,employment-school-c9267b729cd274f69db3,한세대학교 예술대학원,본교,경기,특수대학원,3,3,3,,,not_tested,not_tested,not_tested,unresolved_no_exact_signature
2024,employment-school-ac52d478f2d46e1164e9,한세대학교 휴먼서비스대학원,본교,경기,특수대학원,6,6,6,,,not_tested,not_tested,not_tested,unresolved_no_exact_signature
2024,employment-school-f5cc7f52910b23793115,한신대학교,본교,경기,대학,52,52,52,,,not_tested,not_tested,not_tested,unresolved_no_exact_signature
2024,employment-school-a1fd2082426c60e13753,한신대학교교육대학원,본교,경기,특수대학원,3,3,3,,,not_tested,not_tested,not_tested,unresolved_no_exact_signature
2024,employment-school-201d65c1d1986f957dc4,한신대학교대학원,본교,경기,일반대학원,11,11,11,,,not_tested,not_tested,not_tested,unresolved_no_exact_signature
2024,employment-school-5d597e40740be9ee72ff,한신대학교 사회혁신경영대학원,본교,서울,특수대학원,2,2,2,,,not_tested,not_tested,not_tested,unresolved_signature_too_small
2024,employment-school-a2b5c977a4ff436850c5,한신대학교신학대학원,본교,서울,특수대학원,1,1,1,,,not_tested,not_tested,not_tested,unresolved_signature_too_small
2024,employment-school-15f0efbaf7a8552bc987,한신대학교 정신분석대학원,본교,경기,특수대학원,2,2,2,,,not_tested,not_tested,not_tested,unresolved_signature_too_small
2024,employment-school-35c8efcf6a5bec434659,한양대학교,본교,서울,대학,63,63,63,,,not_tested,not_tested,not_tested,unresolved_no_exact_signature
2024,employment-school-16227d8d48f6c2d28223,한양대학교,분교,경기,대학,57,57,57,,,not_tested,not_tested,not_tested,unresolved_no_exact_signature
2024,employment-school-63aee60ed0dec65a3bb5,한양대학교 경영전문대학원,본교,서울,전문대학원,1,1,1,,,not_tested,not_tested,not_tested,unresolved_signature_too_small
2024,employment-school-7755bf8c47df88f92d27,한양대학교 공공정책대학원,본교,서울,특수대학원,6,6,6,,,not_tested,not_tested,not_tested,unresolved_no_exact_signature
2024,employment-school-d352dfd9f26683a5dc37,한양대학교공학대학원,본교,서울,특수대학원,10,10,10,,,not_tested,not_tested,not_tested,unresolved_no_exact_signature
2024,employment-school-a02cb84949d0f70b8e7d,한양대학교교육대학원,본교,서울,특수대학원,13,13,13,,,not_tested,not_tested,not_tested,unresolved_no_exact_signature
2024,employment-school-223858508510c76d20c6,한양대학교국제관광대학원,본교,서울,특수대학원,2,2,2,,,not_tested,not_tested,not_tested,unresolved_signature_too_small
2024,employment-school-fd49b7369425cb874b2d,한양대학교국제학대학원,본교,서울,전문대학원,6,6,6,,,not_tested,not_tested,not_tested,unresolved_no_exact_signature
2024,employment-school-a37c3aa879bd567bf25f,한양대학교 기술경영전문대학원,본교,서울,전문대학원,1,1,1,,,not_tested,not_tested,not_tested,unresolved_signature_too_small
2024,employment-school-b29a4b10c9e104a7539d,한양대학교대학원,본교,서울,일반대학원,86,86,86,,,not_tested,not_tested,not_tested,unresolved_no_exact_signature
2024,employment-school-f3e74eb601439572edae,한양대학교 대학원,분교,경기,일반대학원,39,39,39,,,not_tested,not_tested,not_tested,unresolved_no_exact_signature
2024,employment-school-49a23198cd4bb3f0cdf5,한양대학교도시대학원,본교,서울,전문대학원,3,3,3,,,not_tested,not_tested,not_tested,unresolved_no_exact_signature
2024,employment-school-d02236656fc25cc73096,한양대학교 법학전문대학원,본교,서울,전문대학원,1,1,1,,,not_tested,not_tested,not_tested,unresolved_signature_too_small
2024,employment-school-b1e6e108458d7379ebeb,한양대학교 보건대학원,본교,서울,특수대학원,4,4,4,,,not_tested,not_tested,not_tested,unresolved_no_exact_signature
2024,employment-school-c1f42acdf6467f1a185c,한양대학교 부동산융합대학원,본교,서울,특수대학원,2,2,2,,,not_tested,not_tested,not_tested,unresolved_signature_too_small
2024,employment-school-b80dd17f4fbdee4c281f,한양대학교 상담심리대학원,본교,서울,특수대학원,4,4,4,,,not_tested,not_tested,not_tested,unresolved_no_exact_signature
2024,employment-school-90026b1cf71d27ca3fef,한양대학교언론정보대학원,본교,서울,특수대학원,4,4,4,,,not_tested,not_tested,not_tested,unresolved_no_exact_signature
2024,employment-school-770619795525966e8a40,한양대학교 융합산업대학원,분교,경기,특수대학원,13,13,13,,,not_tested,not_tested,not_tested,unresolved_no_exact_signature
2024,employment-school-c1c91bc20ec6c941a608,한양대학교 의생명공학전문대학원,본교,서울,전문대학원,4,4,4,,,not_tested,not_tested,not_tested,unresolved_no_exact_signature
2024,employment-school-4a13a3f5aa0bc539d5dc,한양대학교 인공지능융합대학원,본교,서울,특수대학원,1,1,1,,,not_tested,not_tested,not_tested,unresolved_signature_too_small
2024,employment-school-9d17abf3b2d014a390e4,한양대학교 임상간호대학원,본교,서울,특수대학원,2,2,2,,,not_tested,not_tested,not_tested,unresolved_signature_too_small
2024,employment-school-c0c36a6adabf46af01bf,한양대학교 임상간호정보대학원,본교,서울,특수대학원,2,2,2,,,not_tested,not_tested,not_tested,unresolved_signature_too_small
2024,employment-school-ccfd9d08aeca05c2aebc,한양사이버대학교,본교,서울,사이버대학(대학),39,39,39,,,not_tested,not_tested,not_tested,unresolved_no_exact_signature
2024,employment-school-a2d16b90f07c669cdf55,한양사이버대학교 경영대학원,본교,서울,특수대학원,5,5,5,,,not_tested,not_tested,not_tested,unresolved_no_exact_signature
2024,employment-school-2e22595680f121b799f9,한양사이버대학교 교육정보대학원,본교,서울,특수대학원,1,1,1,,,not_tested,not_tested,not_tested,unresolved_signature_too_small
2024,employment-school-76f8f021b99868ebc3e9,한양사이버대학교 디자인대학원,본교,서울,특수대학원,1,1,1,,,not_tested,not_tested,not_tested,unresolved_signature_too_small
2024,employment-school-249306d5fe8f48b100fd,한양사이버대학교 미래융합공학대학원,본교,서울,특수대학원,2,2,2,,,not_tested,not_tested,not_tested,unresolved_signature_too_small
2024,employment-school-2a99441b71a2096f0cff,한양사이버대학교 부동산대학원,본교,서울,특수대학원,1,1,1,,,not_tested,not_tested,not_tested,unresolved_signature_too_small
2024,employment-school-c148dacc09dec0ef6d8f,한양사이버대학교 휴먼서비스대학원,본교,서울,특수대학원,3,3,3,,,not_tested,not_tested,not_tested,unresolved_no_exact_signature
2024,employment-school-fa329ad103ab1b421671,한양여자대학교,본교,서울,전문대학,51,51,51,,,not_tested,not_tested,not_tested,unresolved_no_exact_signature
2024,employment-school-1ffd989b1f33ed722cc2,한영대학교,본교,전남,전문대학,4,4,4,,,not_tested,not_tested,not_tested,unresolved_no_exact_signature
2024,employment-school-c03b9d8f59a4ee632b89,한일장신대학교,본교,전북,대학,10,10,10,,,not_tested,not_tested,not_tested,unresolved_no_exact_signature
2024,employment-school-661f9b85677b0a80e37b,한일장신대학교 사회복지대학원,본교,전북,특수대학원,1,1,1,,,not_tested,not_tested,not_tested,unresolved_signature_too_small
2024,employment-school-da935ab360e74c6b9d58,한일장신대학교신학대학원,본교,전북,특수대학원,1,1,1,,,not_tested,not_tested,not_tested,unresolved_signature_too_small
2024,employment-school-8ab570defa8dda6ee4ff,한일장신대학교 심리치료대학원,본교,전북,특수대학원,1,1,1,,,not_tested,not_tested,not_tested,unresolved_signature_too_small
2024,employment-school-383c61d32a135385d215,한일장신대학교 일반대학원,본교,전북,일반대학원,3,3,3,,,not_tested,not_tested,not_tested,unresolved_no_exact_signature
2024,employment-school-29d1c3c089bb2eab0397,합동신학대학원대학교,본교,경기,전문대학원,3,3,3,,,not_tested,not_tested,not_tested,unresolved_no_exact_signature
2024,employment-school-7f6d0868ac1b0e2fda98,협성대학교,본교,경기,대학,23,22,23,,,not_tested,not_tested,not_tested,unresolved_no_exact_signature
2024,employment-school-5461ea876ce79f1c9794,협성대학교교육대학원,본교,경기,특수대학원,2,2,2,,,not_tested,not_tested,not_tested,unresolved_signature_too_small
2024,employment-school-032e1a2ebe335c837555,협성대학교사회복지대학원,본교,경기,특수대학원,3,3,3,,,not_tested,not_tested,not_tested,unresolved_no_exact_signature
2024,employment-school-a7971be5cb39933d4d87,협성대학교신학대학원,본교,경기,특수대학원,1,1,1,,,not_tested,not_tested,not_tested,unresolved_signature_too_small
2024,employment-school-0641ec173b98278a07f1,협성대학교일반대학원,본교,경기,일반대학원,5,5,5,,,not_tested,not_tested,not_tested,unresolved_no_exact_signature
2024,employment-school-1dca280397617ad2d450,혜전대학교,본교,충남,전문대학,26,26,26,,,not_tested,not_tested,not_tested,unresolved_no_exact_signature
2024,employment-school-032fd3d2644d93187a19,호남대학교,본교,광주,대학,48,48,48,,,not_tested,not_tested,not_tested,unresolved_no_exact_signature
2024,employment-school-9e14eda62efe5e39a1fd,호남대학교 교육대학원,본교,광주,특수대학원,2,2,2,,,not_tested,not_tested,not_tested,unresolved_signature_too_small
2024,employment-school-09ac63b2402ce9d4677b,호남대학교 사회융합대학원,본교,광주,특수대학원,21,21,21,,,not_tested,not_tested,not_tested,unresolved_no_exact_signature
2024,employment-school-53d6bd873fed8251fb3e,호남대학교 일반대학원,본교,광주,일반대학원,21,21,21,,,not_tested,not_tested,not_tested,unresolved_no_exact_signature
2024,employment-school-cb1d70bca5cda9e782e8,호남신학대학교,본교,광주,대학,3,3,3,4745576679,unique_exact_department_college_signature,true,true,true,candidate_signature_context_confirmed
2024,employment-school-4f43c9cdc7414ddb0073,호남신학대학교교회음악대학원,본교,광주,특수대학원,1,1,1,,,not_tested,not_tested,not_tested,unresolved_signature_too_small
2024,employment-school-65133e0c635aceabc8fb,호남신학대학교대학원,본교,광주,일반대학원,1,1,1,,,not_tested,not_tested,not_tested,unresolved_signature_too_small
2024,employment-school-da3f5ad27f2bebed8dcb,호남신학대학교 사회복지대학원,본교,광주,특수대학원,1,1,1,,,not_tested,not_tested,not_tested,unresolved_signature_too_small
2024,employment-school-c91e77a33642b53c23d5,호남신학대학교 상담대학원,본교,광주,특수대학원,1,1,1,,,not_tested,not_tested,not_tested,unresolved_signature_too_small
2024,employment-school-9bc76b7fc4909f147523,호남신학대학교신학대학원,본교,광주,특수대학원,2,2,2,,,not_tested,not_tested,not_tested,unresolved_signature_too_small
2024,employment-school-3d377adc54d2ec768c86,호산대학교,본교,경북,전문대학,18,18,18,,,not_tested,not_tested,not_tested,unresolved_no_exact_signature
2024,employment-school-7078927ac2165309603c,호서대학교,본교,충남,대학,81,81,81,,,not_tested,not_tested,not_tested,unresolved_no_exact_signature
2024,employment-school-e40140f360167f7de35d,호서대학교 경영대학원,본교,충남,특수대학원,1,1,1,,,not_tested,not_tested,not_tested,unresolved_signature_too_small
2024,employment-school-ae00f0dd0c058318225b,호서대학교 교육대학원,본교,충남,특수대학원,3,3,3,,,not_tested,not_tested,not_tested,unresolved_no_exact_signature
2024,employment-school-8704687a20d01e851409,호서대학교 글로벌창업대학원,본교,서울,특수대학원,2,2,2,,,not_tested,not_tested,not_tested,unresolved_signature_too_small
2024,employment-school-c5b08afbf51465c2ae33,호서대학교 기술경영전문대학원,본교,충남,전문대학원,3,3,3,,,not_tested,not_tested,not_tested,unresolved_no_exact_signature
2024,employment-school-fd46da269235311fa21d,호서대학교 대학원,본교,충남,일반대학원,45,45,45,,,not_tested,not_tested,not_tested,unresolved_no_exact_signature
2024,employment-school-8bc13401634c1cbb6380,호서대학교 문화복지상담대학원,본교,충남,특수대학원,8,8,8,,,not_tested,not_tested,not_tested,unresolved_no_exact_signature
2024,employment-school-51233b9745238ce92651,호서대학교 벤처대학원,본교,서울,전문대학원,4,4,4,,,not_tested,not_tested,not_tested,unresolved_no_exact_signature
2024,employment-school-c7f8ba74447b1c0814e6,호서대학교 산학융합대학원,본교,충남,특수대학원,1,1,1,,,not_tested,not_tested,not_tested,unresolved_signature_too_small
2024,employment-school-b4008b92c82c6f9e8009,호서대학교 스포츠과학대학원,본교,충남,특수대학원,3,3,3,,,not_tested,not_tested,not_tested,unresolved_no_exact_signature
2024,employment-school-a611724a09ea6efffa9e,호서대학교 연합신학전문대학원,본교,충남,전문대학원,6,6,6,,,not_tested,not_tested,not_tested,unresolved_no_exact_signature
2024,employment-school-c616f401f51e879c838b,호원대학교,본교,전북,산업대학,34,32,34,,,not_tested,not_tested,not_tested,unresolved_no_exact_signature
2024,employment-school-028e5fdec08bde1ea0ff,홍익대학교,본교,서울,대학,47,45,47,,,not_tested,not_tested,not_tested,unresolved_no_exact_signature
2024,employment-school-5693d2e766668664b03e,홍익대학교 건축도시대학원,본교,서울,특수대학원,5,5,5,,,not_tested,not_tested,not_tested,unresolved_no_exact_signature
2024,employment-school-755b4658a6cd0a7ba926,홍익대학교 경영대학원,본교,서울,특수대학원,3,3,3,,,not_tested,not_tested,not_tested,unresolved_no_exact_signature
2024,employment-school-3f1b8ade34b4bb5de81b,홍익대학교 공연예술대학원,본교,서울,특수대학원,2,2,2,,,not_tested,not_tested,not_tested,unresolved_signature_too_small
2024,employment-school-458319f9b9baf1e98755,홍익대학교 광고홍보대학원,본교,서울,특수대학원,3,3,3,,,not_tested,not_tested,not_tested,unresolved_no_exact_signature
2024,employment-school-9626badb2c750ee7232a,홍익대학교 교육경영관리대학원,본교,서울,특수대학원,1,1,1,,,not_tested,not_tested,not_tested,unresolved_signature_too_small
2024,employment-school-5f0ebe207ca73f360c4c,홍익대학교 교육대학원,본교,서울,특수대학원,3,3,3,,,not_tested,not_tested,not_tested,unresolved_no_exact_signature
2024,employment-school-56344cdcd7a32f0cc3a9,홍익대학교 국제디자인전문대학원,본교,서울,전문대학원,4,4,4,,,not_tested,not_tested,not_tested,unresolved_no_exact_signature
2024,employment-school-b2476a1b3f11d2e93dcd,홍익대학교 대학원,본교,서울,일반대학원,39,39,39,,,not_tested,not_tested,not_tested,unresolved_no_exact_signature
2024,employment-school-38fa297b154cfab1f14e,홍익대학교 디자인콘텐츠대학원,본교,서울,특수대학원,3,3,3,,,not_tested,not_tested,not_tested,unresolved_no_exact_signature
2024,employment-school-74ac1c6de92920ad12fe,홍익대학교 문화예술경영대학원,본교,서울,특수대학원,1,1,1,,,not_tested,not_tested,not_tested,unresolved_signature_too_small
2024,employment-school-8cc59c1d93b60ef1fe79,홍익대학교 문화정보정책대학원,캠퍼스,세종,특수대학원,4,4,4,,,not_tested,not_tested,not_tested,unresolved_no_exact_signature
2024,employment-school-f687fd9e1cb3b958e470,홍익대학교 미술대학원,본교,서울,특수대학원,4,4,4,,,not_tested,not_tested,not_tested,unresolved_no_exact_signature
2024,employment-school-b1d63e29a824a3b9c457,홍익대학교 산업대학원,캠퍼스,세종,특수대학원,1,1,1,,,not_tested,not_tested,not_tested,unresolved_signature_too_small
2024,employment-school-7617d8544bcb8c47c7dc,홍익대학교 산업미술대학원,본교,서울,특수대학원,14,14,14,,,not_tested,not_tested,not_tested,unresolved_no_exact_signature
2024,employment-school-618a1d25f6f33e4e9026,홍익대학교 세종캠퍼스,캠퍼스,세종,대학,30,30,30,,,not_tested,not_tested,not_tested,unresolved_no_exact_signature
2024,employment-school-f2d0d941318071a5ed28,홍익대학교 스마트도시 과학경영대학원,캠퍼스,세종,특수대학원,1,1,1,,,not_tested,not_tested,not_tested,unresolved_signature_too_small
2024,employment-school-5c407f134eacf17127fc,홍익대학교 영상·커뮤니케이션대학원,본교,서울,특수대학원,7,7,7,,,not_tested,not_tested,not_tested,unresolved_no_exact_signature
2024,employment-school-ab89b1dddd4a01898869,홍익대학교 일반대학원,캠퍼스,세종,일반대학원,15,15,15,,,not_tested,not_tested,not_tested,unresolved_no_exact_signature
2024,employment-school-cc214e6781de987ba6eb,홍익대학교 패션대학원,본교,서울,특수대학원,4,4,4,,,not_tested,not_tested,not_tested,unresolved_no_exact_signature
2024,employment-school-0f2bc66b4c05e47405af,화성의과학대학교,본교,경기,대학,8,8,8,,,not_tested,not_tested,not_tested,unresolved_no_exact_signature
2024,employment-school-a2285f5c5454a6dbd194,화신사이버대학교,본교,부산,사이버대학(대학),2,2,2,,,not_tested,not_tested,not_tested,unresolved_signature_too_small
2024,employment-school-f48dbe73440b6cab1b9f,횃불트리니티신학대학원대학교,본교,서울,전문대학원,5,5,5,,,not_tested,not_tested,not_tested,unresolved_no_exact_signature
