source,catalog_code,dataset,year,open_id,row_count,classification,first_0101_year,last_0101_year
고등교육통계,0208,시간제등록과정,2024,1055907428,36,after_last_0101_year,2009,2023
고등교육통계,0208,시간제등록과정,2024,2747833073,36,after_last_0101_year,2009,2023
고등교육통계,0208,시간제등록과정,2025,1055907428,12,after_last_0101_year,2009,2023
고등교육통계,0208,시간제등록과정,2025,2747833073,12,after_last_0101_year,2009,2023
고등교육통계,0209,연령별신입생현황_대학원,2014,1673513412,84,before_first_0101_year,2015,2022
고등교육통계,0209,연령별신입생현황_대학원,2014,2292925059,42,before_first_0101_year,2015,2025
고등교육통계,0209,연령별신입생현황_대학원,2014,3802718520,42,internal_0101_gap,2013,2024
고등교육통계,0209,연령별신입생현황_대학원,2014,5533828556,105,before_first_0101_year,2015,2025
고등교육통계,0209,연령별신입생현황_대학원,2014,6310302317,21,internal_0101_gap,2013,2025
고등교육통계,0209,연령별신입생현황_대학원,2014,6428485274,42,before_first_0101_year,2015,2025
고등교육통계,0209,연령별신입생현황_대학원,2014,6773062765,273,internal_0101_gap,2013,2025
고등교육통계,0209,연령별신입생현황_대학원,2014,8918894886,189,before_first_0101_year,2015,2025
고등교육통계,0212,연령별재적학생현황_대학원,2009,1012758731,34,never_in_0101,,
고등교육통계,0212,연령별재적학생현황_대학원,2009,7474249064,34,never_in_0101,,
고등교육통계,0212,연령별재적학생현황_대학원,2014,1673513412,64,before_first_0101_year,2015,2022
고등교육통계,0212,연령별재적학생현황_대학원,2014,2292925059,32,before_first_0101_year,2015,2025
고등교육통계,0212,연령별재적학생현황_대학원,2014,3802718520,32,internal_0101_gap,2013,2024
고등교육통계,0212,연령별재적학생현황_대학원,2014,4458758950,144,internal_0101_gap,2013,2020
고등교육통계,0212,연령별재적학생현황_대학원,2014,5533828556,80,before_first_0101_year,2015,2025
고등교육통계,0212,연령별재적학생현황_대학원,2014,6310302317,16,internal_0101_gap,2013,2025
고등교육통계,0212,연령별재적학생현황_대학원,2014,6428485274,32,before_first_0101_year,2015,2025
고등교육통계,0212,연령별재적학생현황_대학원,2014,6773062765,192,internal_0101_gap,2013,2025
고등교육통계,0212,연령별재적학생현황_대학원,2014,8918894886,224,before_first_0101_year,2015,2025
고등교육통계,0216,연령별졸업생현황_대학원,2014,2292925059,32,before_first_0101_year,2015,2025
고등교육통계,0216,연령별졸업생현황_대학원,2014,4458758950,192,internal_0101_gap,2013,2020
고등교육통계,0216,연령별졸업생현황_대학원,2014,6773062765,128,internal_0101_gap,2013,2025
고등교육통계,0219,유학형태별_외국인유학생현황,2014,1673513412,5,before_first_0101_year,2015,2022
고등교육통계,0219,유학형태별_외국인유학생현황,2014,2292925059,5,before_first_0101_year,2015,2025
고등교육통계,0219,유학형태별_외국인유학생현황,2014,4458758950,5,internal_0101_gap,2013,2020
고등교육통계,0219,유학형태별_외국인유학생현황,2014,5533828556,5,before_first_0101_year,2015,2025
고등교육통계,0219,유학형태별_외국인유학생현황,2014,6310302317,5,internal_0101_gap,2013,2025
고등교육통계,0219,유학형태별_외국인유학생현황,2014,6773062765,5,internal_0101_gap,2013,2025
고등교육통계,0221,재적학생현황_대학원,2009,1012758731,6,never_in_0101,,
고등교육통계,0221,재적학생현황_대학원,2009,7474249064,6,never_in_0101,,
고등교육통계,0221,재적학생현황_대학원,2014,1673513412,18,before_first_0101_year,2015,2022
고등교육통계,0221,재적학생현황_대학원,2014,2292925059,6,before_first_0101_year,2015,2025
고등교육통계,0221,재적학생현황_대학원,2014,3802718520,6,internal_0101_gap,2013,2024
고등교육통계,0221,재적학생현황_대학원,2014,4458758950,96,internal_0101_gap,2013,2020
고등교육통계,0221,재적학생현황_대학원,2014,5533828556,18,before_first_0101_year,2015,2025
고등교육통계,0221,재적학생현황_대학원,2014,6310302317,6,internal_0101_gap,2013,2025
고등교육통계,0221,재적학생현황_대학원,2014,6428485274,6,before_first_0101_year,2015,2025
고등교육통계,0221,재적학생현황_대학원,2014,6773062765,42,internal_0101_gap,2013,2025
고등교육통계,0221,재적학생현황_대학원,2014,8918894886,54,before_first_0101_year,2015,2025
고등교육통계,0231,지원자및입학현황_대학원,2014,1564265429,6,before_first_0101_year,2015,2025
고등교육통계,0231,지원자및입학현황_대학원,2014,1673513412,18,before_first_0101_year,2015,2022
고등교육통계,0231,지원자및입학현황_대학원,2014,2292925059,6,before_first_0101_year,2015,2025
고등교육통계,0231,지원자및입학현황_대학원,2014,2793816328,18,before_first_0101_year,2015,2025
고등교육통계,0231,지원자및입학현황_대학원,2014,3802718520,6,internal_0101_gap,2013,2024
고등교육통계,0231,지원자및입학현황_대학원,2014,4458758950,96,internal_0101_gap,2013,2020
고등교육통계,0231,지원자및입학현황_대학원,2014,5533828556,18,before_first_0101_year,2015,2025
고등교육통계,0231,지원자및입학현황_대학원,2014,6310302317,6,internal_0101_gap,2013,2025
고등교육통계,0231,지원자및입학현황_대학원,2014,6428485274,6,before_first_0101_year,2015,2025
고등교육통계,0231,지원자및입학현황_대학원,2014,6773062765,42,internal_0101_gap,2013,2025
고등교육통계,0231,지원자및입학현황_대학원,2014,7840555131,96,before_first_0101_year,2015,2025
고등교육통계,0231,지원자및입학현황_대학원,2014,8918894886,54,before_first_0101_year,2015,2025
고등교육통계,0231,지원자및입학현황_대학원,2014,9257303833,6,before_first_0101_year,2015,2017
고등교육통계,0231,지원자및입학현황_대학원,2014,9437484979,6,internal_0101_gap,2013,2016
고등교육통계,0235,학과별외국인유학생현황_대학원,2014,2292925059,2,before_first_0101_year,2015,2025
고등교육통계,0235,학과별외국인유학생현황_대학원,2014,5533828556,2,before_first_0101_year,2015,2025
고등교육통계,0235,학과별외국인유학생현황_대학원,2014,6310302317,2,internal_0101_gap,2013,2025
고등교육통계,0235,학과별외국인유학생현황_대학원,2014,6773062765,14,internal_0101_gap,2013,2025
고등교육통계,0236,학교본분교현황,2009,1138862252,1,never_in_0101,,
고등교육통계,0236,학교본분교현황,2009,2143336653,1,never_in_0101,,
고등교육통계,0236,학교본분교현황,2009,3346239268,1,before_first_0101_year,2013,2025
고등교육통계,0236,학교본분교현황,2009,6044571042,1,never_in_0101,,
고등교육통계,0236,학교본분교현황,2009,6439839065,1,never_in_0101,,
고등교육통계,0236,학교본분교현황,2009,9486375212,1,never_in_0101,,
고등교육통계,0236,학교본분교현황,2011,8862205862,1,before_first_0101_year,2014,2025
고등교육통계,0236,학교본분교현황,2014,1564265429,1,before_first_0101_year,2015,2025
고등교육통계,0236,학교본분교현황,2014,1673513412,1,before_first_0101_year,2015,2022
고등교육통계,0236,학교본분교현황,2014,2292925059,1,before_first_0101_year,2015,2025
고등교육통계,0236,학교본분교현황,2014,2793816328,1,before_first_0101_year,2015,2025
고등교육통계,0236,학교본분교현황,2014,3802718520,1,internal_0101_gap,2013,2024
고등교육통계,0236,학교본분교현황,2014,4458758950,1,internal_0101_gap,2013,2020
고등교육통계,0236,학교본분교현황,2014,5533828556,1,before_first_0101_year,2015,2025
고등교육통계,0236,학교본분교현황,2014,6310302317,1,internal_0101_gap,2013,2025
고등교육통계,0236,학교본분교현황,2014,6428485274,1,before_first_0101_year,2015,2025
고등교육통계,0236,학교본분교현황,2014,6773062765,1,internal_0101_gap,2013,2025
고등교육통계,0236,학교본분교현황,2014,7840555131,1,before_first_0101_year,2015,2025
고등교육통계,0236,학교본분교현황,2014,7856220841,1,internal_0101_gap,2013,2022
고등교육통계,0236,학교본분교현황,2014,8918894886,1,before_first_0101_year,2015,2025
고등교육통계,0236,학교본분교현황,2014,9257303833,1,before_first_0101_year,2015,2017
고등교육통계,0236,학교본분교현황,2014,9437484979,1,internal_0101_gap,2013,2016
고등교육통계,0237,학교재적학생현황,2014,1673513412,3,before_first_0101_year,2015,2022
고등교육통계,0237,학교재적학생현황,2014,2292925059,1,before_first_0101_year,2015,2025
고등교육통계,0237,학교재적학생현황,2014,3802718520,1,internal_0101_gap,2013,2024
고등교육통계,0237,학교재적학생현황,2014,4458758950,16,internal_0101_gap,2013,2020
고등교육통계,0237,학교재적학생현황,2014,5533828556,3,before_first_0101_year,2015,2025
고등교육통계,0237,학교재적학생현황,2014,6310302317,1,internal_0101_gap,2013,2025
고등교육통계,0237,학교재적학생현황,2014,6428485274,1,before_first_0101_year,2015,2025
고등교육통계,0237,학교재적학생현황,2014,6773062765,7,internal_0101_gap,2013,2025
고등교육통계,0237,학교재적학생현황,2014,8918894886,9,before_first_0101_year,2015,2025
고등교육통계,0241,학생동태현황_제적사유별_대학원,2014,1673513412,108,before_first_0101_year,2015,2022
고등교육통계,0241,학생동태현황_제적사유별_대학원,2014,3802718520,108,internal_0101_gap,2013,2024
고등교육통계,0241,학생동태현황_제적사유별_대학원,2014,4458758950,1728,internal_0101_gap,2013,2020
고등교육통계,0241,학생동태현황_제적사유별_대학원,2014,5533828556,108,before_first_0101_year,2015,2025
고등교육통계,0241,학생동태현황_제적사유별_대학원,2014,6310302317,108,internal_0101_gap,2013,2025
고등교육통계,0241,학생동태현황_제적사유별_대학원,2014,6773062765,756,internal_0101_gap,2013,2025
고등교육통계,0241,학생동태현황_제적사유별_대학원,2014,7856220841,216,internal_0101_gap,2013,2022
고등교육통계,0241,학생동태현황_제적사유별_대학원,2014,9437484979,108,internal_0101_gap,2013,2016
고등교육통계,0243,학생변동상황_대학원,2009,1012758731,6,never_in_0101,,
고등교육통계,0243,학생변동상황_대학원,2009,7474249064,6,never_in_0101,,
고등교육통계,0243,학생변동상황_대학원,2014,3802718520,12,internal_0101_gap,2013,2024
고등교육통계,0243,학생변동상황_대학원,2014,4458758950,60,internal_0101_gap,2013,2020
고등교육통계,0243,학생변동상황_대학원,2014,6310302317,12,internal_0101_gap,2013,2025
고등교육통계,0243,학생변동상황_대학원,2014,6773062765,48,internal_0101_gap,2013,2025
고등교육통계,0243,학생변동상황_대학원,2014,7856220841,24,internal_0101_gap,2013,2022
고등교육통계,0245,학생제적현황_제적사유별_대학원,2024,6448657631,8,internal_0101_gap,2009,2025
고등교육통계,0246,학생편제정원현황_대학원,2014,1564265429,16,before_first_0101_year,2015,2025
고등교육통계,0246,학생편제정원현황_대학원,2014,1673513412,16,before_first_0101_year,2015,2022
고등교육통계,0246,학생편제정원현황_대학원,2014,2292925059,16,before_first_0101_year,2015,2025
고등교육통계,0246,학생편제정원현황_대학원,2014,2793816328,16,before_first_0101_year,2015,2025
고등교육통계,0246,학생편제정원현황_대학원,2014,3802718520,16,internal_0101_gap,2013,2024
고등교육통계,0246,학생편제정원현황_대학원,2014,5533828556,48,before_first_0101_year,2015,2025
고등교육통계,0246,학생편제정원현황_대학원,2014,6310302317,16,internal_0101_gap,2013,2025
고등교육통계,0246,학생편제정원현황_대학원,2014,6428485274,16,before_first_0101_year,2015,2025
고등교육통계,0246,학생편제정원현황_대학원,2014,6773062765,48,internal_0101_gap,2013,2025
고등교육통계,0246,학생편제정원현황_대학원,2014,7840555131,48,before_first_0101_year,2015,2025
고등교육통계,0246,학생편제정원현황_대학원,2014,7856220841,32,internal_0101_gap,2013,2022
고등교육통계,0246,학생편제정원현황_대학원,2014,8918894886,48,before_first_0101_year,2015,2025
고등교육통계,0246,학생편제정원현황_대학원,2014,9257303833,16,before_first_0101_year,2015,2017
고등교육통계,0246,학생편제정원현황_대학원,2014,9437484979,16,internal_0101_gap,2013,2016
고등교육통계,0246,학생편제정원현황_대학원,2024,1545379459,80,after_last_0101_year,2009,2023
고등교육통계,0246,학생편제정원현황_대학원,2024,5066195070,80,after_last_0101_year,2012,2023
고등교육통계,0246,학생편제정원현황_대학원,2024,6448657631,80,internal_0101_gap,2009,2025
고등교육통계,0246,학생편제정원현황_대학원,2024,7428562998,80,after_last_0101_year,2009,2023
고등교육통계,0246,학생편제정원현황_대학원,2025,1545379459,12,after_last_0101_year,2009,2023
고등교육통계,0246,학생편제정원현황_대학원,2025,3802718520,12,after_last_0101_year,2013,2024
고등교육통계,0246,학생편제정원현황_대학원,2025,5066195070,12,after_last_0101_year,2012,2023
고등교육통계,0246,학생편제정원현황_대학원,2025,7428562998,12,after_last_0101_year,2009,2023
고등교육통계,0248,학위취득및취득후상황_대학원,2014,2292925059,6,before_first_0101_year,2015,2025
고등교육통계,0248,학위취득및취득후상황_대학원,2014,4458758950,96,internal_0101_gap,2013,2020
고등교육통계,0248,학위취득및취득후상황_대학원,2014,6428485274,6,before_first_0101_year,2015,2025
고등교육통계,0248,학위취득및취득후상황_대학원,2014,6773062765,30,internal_0101_gap,2013,2025
고등교육통계,0310,외국인비전임교원현황_전공계열별,2012,5599654793,120,never_in_0101,,
고등교육통계,0310,외국인비전임교원현황_전공계열별,2012,5705252826,120,after_last_0101_year,2009,2011
고등교육통계,0310,외국인비전임교원현황_전공계열별,2012,7263637185,120,after_last_0101_year,2009,2011
고등교육통계,0310,외국인비전임교원현황_전공계열별,2012,8253922164,120,after_last_0101_year,2009,2011
고등교육통계,0311,외국인비전임교원현황_국가별,2012,3386667668,200,after_last_0101_year,2009,2010
고등교육통계,0311,외국인비전임교원현황_국가별,2012,3501209259,200,after_last_0101_year,2009,2011
고등교육통계,0311,외국인비전임교원현황_국가별,2012,4321685194,200,after_last_0101_year,2009,2010
고등교육통계,0311,외국인비전임교원현황_국가별,2012,5191842615,200,after_last_0101_year,2009,2010
고등교육통계,0311,외국인비전임교원현황_국가별,2012,5599654793,200,never_in_0101,,
고등교육통계,0311,외국인비전임교원현황_국가별,2012,5705252826,200,after_last_0101_year,2009,2011
고등교육통계,0311,외국인비전임교원현황_국가별,2012,6021357595,200,after_last_0101_year,2009,2011
고등교육통계,0311,외국인비전임교원현황_국가별,2012,7263637185,200,after_last_0101_year,2009,2011
고등교육통계,0311,외국인비전임교원현황_국가별,2012,7638497352,200,after_last_0101_year,2009,2011
고등교육통계,0311,외국인비전임교원현황_국가별,2012,7948432505,200,after_last_0101_year,2009,2011
고등교육통계,0311,외국인비전임교원현황_국가별,2012,8253922164,200,after_last_0101_year,2009,2011
고등교육통계,0311,외국인비전임교원현황_국가별,2012,8715671956,200,after_last_0101_year,2009,2011
고등교육통계,0311,외국인비전임교원현황_국가별,2012,9298671543,200,after_last_0101_year,2009,2011
고등교육통계,0312,교원주당수업시수현황_과목및시간,2012,5599654793,10,never_in_0101,,
고등교육통계,0312,교원주당수업시수현황_과목및시간,2012,5705252826,10,after_last_0101_year,2009,2011
고등교육통계,0312,교원주당수업시수현황_과목및시간,2012,7263637185,10,after_last_0101_year,2009,2011
고등교육통계,0312,교원주당수업시수현황_과목및시간,2012,8253922164,10,after_last_0101_year,2009,2011
고등교육통계,0312,교원주당수업시수현황_과목및시간,2014,1673513412,80,before_first_0101_year,2015,2022
고등교육통계,0312,교원주당수업시수현황_과목및시간,2014,2292925059,80,before_first_0101_year,2015,2025
고등교육통계,0312,교원주당수업시수현황_과목및시간,2014,3802718520,80,internal_0101_gap,2013,2024
고등교육통계,0312,교원주당수업시수현황_과목및시간,2014,5533828556,80,before_first_0101_year,2015,2025
고등교육통계,0312,교원주당수업시수현황_과목및시간,2014,6310302317,80,internal_0101_gap,2013,2025
고등교육통계,0312,교원주당수업시수현황_과목및시간,2014,6428485274,80,before_first_0101_year,2015,2025
고등교육통계,0312,교원주당수업시수현황_과목및시간,2014,6773062765,80,internal_0101_gap,2013,2025
고등교육통계,0312,교원주당수업시수현황_과목및시간,2014,7840555131,80,before_first_0101_year,2015,2025
고등교육통계,0312,교원주당수업시수현황_과목및시간,2014,8918894886,80,before_first_0101_year,2015,2025
고등교육통계,0313,교원주당수업시수현황_인원,2012,5599654793,8,never_in_0101,,
고등교육통계,0313,교원주당수업시수현황_인원,2012,5705252826,8,after_last_0101_year,2009,2011
고등교육통계,0313,교원주당수업시수현황_인원,2012,7263637185,8,after_last_0101_year,2009,2011
고등교육통계,0313,교원주당수업시수현황_인원,2012,8253922164,8,after_last_0101_year,2009,2011
고등교육통계,0313,교원주당수업시수현황_인원,2014,1673513412,16,before_first_0101_year,2015,2022
고등교육통계,0313,교원주당수업시수현황_인원,2014,2292925059,16,before_first_0101_year,2015,2025
고등교육통계,0313,교원주당수업시수현황_인원,2014,3802718520,16,internal_0101_gap,2013,2024
고등교육통계,0313,교원주당수업시수현황_인원,2014,5533828556,16,before_first_0101_year,2015,2025
고등교육통계,0313,교원주당수업시수현황_인원,2014,6310302317,16,internal_0101_gap,2013,2025
고등교육통계,0313,교원주당수업시수현황_인원,2014,6428485274,16,before_first_0101_year,2015,2025
고등교육통계,0313,교원주당수업시수현황_인원,2014,6773062765,16,internal_0101_gap,2013,2025
고등교육통계,0313,교원주당수업시수현황_인원,2014,7840555131,16,before_first_0101_year,2015,2025
고등교육통계,0313,교원주당수업시수현황_인원,2014,8918894886,16,before_first_0101_year,2015,2025
고등교육통계,0402,교양강좌개설및수강현황,2014,1673513412,6,before_first_0101_year,2015,2022
고등교육통계,0402,교양강좌개설및수강현황,2014,7840555131,6,before_first_0101_year,2015,2025
대학정보공시,0101,교양과목성적평가분포,2009,1508433640,18,before_first_0101_year,2010,2025
대학정보공시,0101,교양과목성적평가분포,2009,1651128768,18,before_first_0101_year,2010,2010
대학정보공시,0101,교양과목성적평가분포,2009,1674881875,18,before_first_0101_year,2010,2012
대학정보공시,0101,교양과목성적평가분포,2009,2043681859,18,before_first_0101_year,2010,2025
대학정보공시,0101,교양과목성적평가분포,2009,2097534179,26,before_first_0101_year,2010,2025
대학정보공시,0101,교양과목성적평가분포,2009,2151358604,18,before_first_0101_year,2010,2025
대학정보공시,0101,교양과목성적평가분포,2009,2593522906,18,before_first_0101_year,2010,2025
대학정보공시,0101,교양과목성적평가분포,2009,2731287598,18,before_first_0101_year,2010,2025
대학정보공시,0101,교양과목성적평가분포,2009,3313704609,18,before_first_0101_year,2010,2025
대학정보공시,0101,교양과목성적평가분포,2009,3403399288,18,before_first_0101_year,2010,2025
대학정보공시,0101,교양과목성적평가분포,2009,3459668815,18,before_first_0101_year,2010,2025
대학정보공시,0101,교양과목성적평가분포,2009,3945737659,18,before_first_0101_year,2010,2025
대학정보공시,0101,교양과목성적평가분포,2009,4097761511,18,before_first_0101_year,2010,2025
대학정보공시,0101,교양과목성적평가분포,2009,4222775518,18,before_first_0101_year,2010,2025
대학정보공시,0101,교양과목성적평가분포,2009,4363659620,27,before_first_0101_year,2010,2025
대학정보공시,0101,교양과목성적평가분포,2009,4524179637,18,before_first_0101_year,2010,2025
대학정보공시,0101,교양과목성적평가분포,2009,4982337415,18,before_first_0101_year,2010,2025
대학정보공시,0101,교양과목성적평가분포,2009,5352496743,18,before_first_0101_year,2010,2015
대학정보공시,0101,교양과목성적평가분포,2009,5831784427,18,before_first_0101_year,2010,2025
대학정보공시,0101,교양과목성적평가분포,2009,5961281478,18,before_first_0101_year,2010,2025
대학정보공시,0101,교양과목성적평가분포,2009,6084552049,18,before_first_0101_year,2010,2025
대학정보공시,0101,교양과목성적평가분포,2009,7065451979,18,before_first_0101_year,2010,2025
대학정보공시,0101,교양과목성적평가분포,2009,7264348506,18,before_first_0101_year,2010,2025
대학정보공시,0101,교양과목성적평가분포,2009,7876808941,18,before_first_0101_year,2010,2025
대학정보공시,0101,교양과목성적평가분포,2009,8106570184,18,before_first_0101_year,2010,2025
대학정보공시,0101,교양과목성적평가분포,2009,8648494422,18,before_first_0101_year,2010,2025
대학정보공시,0101,교양과목성적평가분포,2009,8686164438,16,before_first_0101_year,2010,2010
대학정보공시,0101,교양과목성적평가분포,2009,8721071779,18,before_first_0101_year,2010,2025
대학정보공시,0101,교양과목성적평가분포,2009,8851398706,18,before_first_0101_year,2010,2025
대학정보공시,0101,교양과목성적평가분포,2009,9020533442,18,before_first_0101_year,2010,2025
대학정보공시,0101,교양과목성적평가분포,2009,9837188839,26,before_first_0101_year,2010,2025
대학정보공시,0101,교양과목성적평가분포,2009,9896320283,18,before_first_0101_year,2010,2025
대학정보공시,0101,교양과목성적평가분포,2017,5352496743,18,after_last_0101_year,2010,2015
대학정보공시,0102,교직과목성적평가분포,2009,1651128768,18,before_first_0101_year,2010,2010
대학정보공시,0102,교직과목성적평가분포,2009,1674881875,9,before_first_0101_year,2010,2012
대학정보공시,0102,교직과목성적평가분포,2009,2593522906,18,before_first_0101_year,2010,2025
대학정보공시,0102,교직과목성적평가분포,2009,2731287598,18,before_first_0101_year,2010,2025
대학정보공시,0102,교직과목성적평가분포,2009,3313704609,18,before_first_0101_year,2010,2025
대학정보공시,0102,교직과목성적평가분포,2009,4097761511,18,before_first_0101_year,2010,2025
대학정보공시,0102,교직과목성적평가분포,2009,4363659620,27,before_first_0101_year,2010,2025
대학정보공시,0102,교직과목성적평가분포,2009,4524179637,18,before_first_0101_year,2010,2025
대학정보공시,0102,교직과목성적평가분포,2009,4982337415,18,before_first_0101_year,2010,2025
대학정보공시,0102,교직과목성적평가분포,2009,5352496743,18,before_first_0101_year,2010,2015
대학정보공시,0102,교직과목성적평가분포,2009,5831784427,18,before_first_0101_year,2010,2025
대학정보공시,0102,교직과목성적평가분포,2009,5961281478,9,before_first_0101_year,2010,2025
대학정보공시,0102,교직과목성적평가분포,2009,7264348506,18,before_first_0101_year,2010,2025
대학정보공시,0102,교직과목성적평가분포,2009,8851398706,18,before_first_0101_year,2010,2025
대학정보공시,0102,교직과목성적평가분포,2009,9020533442,18,before_first_0101_year,2010,2025
대학정보공시,0102,교직과목성적평가분포,2009,9896320283,18,before_first_0101_year,2010,2025
대학정보공시,0103,전공과목성적평가분포,2009,1508433640,9,before_first_0101_year,2010,2025
대학정보공시,0103,전공과목성적평가분포,2009,1651128768,9,before_first_0101_year,2010,2010
대학정보공시,0103,전공과목성적평가분포,2009,1674881875,9,before_first_0101_year,2010,2012
대학정보공시,0103,전공과목성적평가분포,2009,2043681859,9,before_first_0101_year,2010,2025
대학정보공시,0103,전공과목성적평가분포,2009,2097534179,13,before_first_0101_year,2010,2025
대학정보공시,0103,전공과목성적평가분포,2009,2143336653,7,never_in_0101,,
대학정보공시,0103,전공과목성적평가분포,2009,2151358604,9,before_first_0101_year,2010,2025
대학정보공시,0103,전공과목성적평가분포,2009,2593522906,9,before_first_0101_year,2010,2025
대학정보공시,0103,전공과목성적평가분포,2009,2731287598,9,before_first_0101_year,2010,2025
대학정보공시,0103,전공과목성적평가분포,2009,3313704609,9,before_first_0101_year,2010,2025
대학정보공시,0103,전공과목성적평가분포,2009,3346239268,7,before_first_0101_year,2013,2025
대학정보공시,0103,전공과목성적평가분포,2009,3403399288,9,before_first_0101_year,2010,2025
대학정보공시,0103,전공과목성적평가분포,2009,3459668815,9,before_first_0101_year,2010,2025
대학정보공시,0103,전공과목성적평가분포,2009,3945737659,9,before_first_0101_year,2010,2025
대학정보공시,0103,전공과목성적평가분포,2009,4097761511,9,before_first_0101_year,2010,2025
대학정보공시,0103,전공과목성적평가분포,2009,4124740779,7,never_in_0101,,
대학정보공시,0103,전공과목성적평가분포,2009,4222775518,9,before_first_0101_year,2010,2025
대학정보공시,0103,전공과목성적평가분포,2009,4363659620,18,before_first_0101_year,2010,2025
대학정보공시,0103,전공과목성적평가분포,2009,4524179637,9,before_first_0101_year,2010,2025
대학정보공시,0103,전공과목성적평가분포,2009,4982337415,9,before_first_0101_year,2010,2025
대학정보공시,0103,전공과목성적평가분포,2009,5352496743,9,before_first_0101_year,2010,2015
대학정보공시,0103,전공과목성적평가분포,2009,5814962685,7,never_in_0101,,
대학정보공시,0103,전공과목성적평가분포,2009,5831784427,9,before_first_0101_year,2010,2025
대학정보공시,0103,전공과목성적평가분포,2009,5961281478,9,before_first_0101_year,2010,2025
대학정보공시,0103,전공과목성적평가분포,2009,6044571042,14,never_in_0101,,
대학정보공시,0103,전공과목성적평가분포,2009,6084552049,9,before_first_0101_year,2010,2025
대학정보공시,0103,전공과목성적평가분포,2009,6125592529,26,before_first_0101_year,2010,2025
대학정보공시,0103,전공과목성적평가분포,2009,6439839065,7,never_in_0101,,
대학정보공시,0103,전공과목성적평가분포,2009,7065451979,9,before_first_0101_year,2010,2025
대학정보공시,0103,전공과목성적평가분포,2009,7264348506,9,before_first_0101_year,2010,2025
대학정보공시,0103,전공과목성적평가분포,2009,7876808941,9,before_first_0101_year,2010,2025
대학정보공시,0103,전공과목성적평가분포,2009,8106570184,9,before_first_0101_year,2010,2025
대학정보공시,0103,전공과목성적평가분포,2009,8648494422,9,before_first_0101_year,2010,2025
대학정보공시,0103,전공과목성적평가분포,2009,8686164438,8,before_first_0101_year,2010,2010
대학정보공시,0103,전공과목성적평가분포,2009,8721071779,9,before_first_0101_year,2010,2025
대학정보공시,0103,전공과목성적평가분포,2009,8851398706,9,before_first_0101_year,2010,2025
대학정보공시,0103,전공과목성적평가분포,2009,9020533442,9,before_first_0101_year,2010,2025
대학정보공시,0103,전공과목성적평가분포,2009,9063931047,4,never_in_0101,,
대학정보공시,0103,전공과목성적평가분포,2009,9837188839,39,before_first_0101_year,2010,2025
대학정보공시,0103,전공과목성적평가분포,2009,9896320283,9,before_first_0101_year,2010,2025
대학정보공시,0103,전공과목성적평가분포,2010,2810852646,4,after_last_0101_year,2009,2009
대학정보공시,0103,전공과목성적평가분포,2011,3040643930,9,after_last_0101_year,2009,2010
대학정보공시,0103,전공과목성적평가분포,2011,3440395534,7,after_last_0101_year,2009,2010
대학정보공시,0103,전공과목성적평가분포,2011,6188584208,9,after_last_0101_year,2009,2010
대학정보공시,0103,전공과목성적평가분포,2011,9468469321,7,after_last_0101_year,2009,2010
대학정보공시,0103,전공과목성적평가분포,2013,7732420265,2,after_last_0101_year,2010,2012
대학정보공시,0103,전공과목성적평가분포,2014,1491112470,9,after_last_0101_year,2009,2013
대학정보공시,0103,전공과목성적평가분포,2014,2292925059,9,before_first_0101_year,2015,2025
대학정보공시,0103,전공과목성적평가분포,2014,2369549870,9,after_last_0101_year,2009,2013
대학정보공시,0103,전공과목성적평가분포,2014,2636481165,9,after_last_0101_year,2009,2013
대학정보공시,0103,전공과목성적평가분포,2014,3802718520,9,internal_0101_gap,2013,2024
대학정보공시,0103,전공과목성적평가분포,2014,4458758950,18,internal_0101_gap,2013,2020
대학정보공시,0103,전공과목성적평가분포,2014,4990777790,9,after_last_0101_year,2011,2013
대학정보공시,0103,전공과목성적평가분포,2014,5422115623,9,after_last_0101_year,2009,2013
대학정보공시,0103,전공과목성적평가분포,2014,6310302317,9,internal_0101_gap,2013,2025
대학정보공시,0103,전공과목성적평가분포,2014,6367777764,9,after_last_0101_year,2009,2013
대학정보공시,0103,전공과목성적평가분포,2014,6379405140,9,after_last_0101_year,2009,2013
대학정보공시,0103,전공과목성적평가분포,2014,6773062765,18,internal_0101_gap,2013,2025
대학정보공시,0103,전공과목성적평가분포,2014,7058584451,9,after_last_0101_year,2009,2013
대학정보공시,0103,전공과목성적평가분포,2014,7856220841,9,internal_0101_gap,2013,2022
대학정보공시,0103,전공과목성적평가분포,2014,9437484979,9,internal_0101_gap,2013,2016
대학정보공시,0103,전공과목성적평가분포,2015,1016234338,9,internal_0101_gap,2009,2025
대학정보공시,0103,전공과목성적평가분포,2015,1139362752,9,after_last_0101_year,2014,2014
대학정보공시,0103,전공과목성적평가분포,2015,5287582993,9,after_last_0101_year,2009,2014
대학정보공시,0103,전공과목성적평가분포,2015,6367777764,9,after_last_0101_year,2009,2013
대학정보공시,0103,전공과목성적평가분포,2015,6924364030,9,after_last_0101_year,2009,2014
대학정보공시,0103,전공과목성적평가분포,2015,7058584451,9,after_last_0101_year,2009,2013
대학정보공시,0103,전공과목성적평가분포,2015,7514404416,9,after_last_0101_year,2010,2014
대학정보공시,0103,전공과목성적평가분포,2015,9314919829,9,after_last_0101_year,2009,2014
대학정보공시,0103,전공과목성적평가분포,2016,1448684751,9,after_last_0101_year,2013,2014
대학정보공시,0103,전공과목성적평가분포,2016,4036816358,18,internal_0101_gap,2013,2020
대학정보공시,0103,전공과목성적평가분포,2016,4946694076,18,after_last_0101_year,2011,2015
대학정보공시,0103,전공과목성적평가분포,2016,5248862624,18,after_last_0101_year,2009,2015
대학정보공시,0103,전공과목성적평가분포,2016,5918260991,9,after_last_0101_year,2009,2013
대학정보공시,0103,전공과목성적평가분포,2016,6585003435,9,internal_0101_gap,2010,2021
대학정보공시,0103,전공과목성적평가분포,2016,7078410267,9,after_last_0101_year,2011,2014
대학정보공시,0103,전공과목성적평가분포,2016,7514404416,9,after_last_0101_year,2010,2014
대학정보공시,0103,전공과목성적평가분포,2016,8686607539,9,after_last_0101_year,2009,2015
대학정보공시,0103,전공과목성적평가분포,2016,8747820377,9,after_last_0101_year,2011,2015
대학정보공시,0103,전공과목성적평가분포,2016,8870644629,18,after_last_0101_year,2011,2015
대학정보공시,0103,전공과목성적평가분포,2016,9418958961,9,internal_0101_gap,2009,2025
대학정보공시,0103,전공과목성적평가분포,2017,1411789357,9,after_last_0101_year,2012,2014
대학정보공시,0103,전공과목성적평가분포,2017,2233732461,18,after_last_0101_year,2009,2016
대학정보공시,0103,전공과목성적평가분포,2017,2810409545,9,internal_0101_gap,2009,2022
대학정보공시,0103,전공과목성적평가분포,2017,2913967490,18,after_last_0101_year,2012,2015
대학정보공시,0103,전공과목성적평가분포,2017,4058111488,9,after_last_0101_year,2009,2015
대학정보공시,0103,전공과목성적평가분포,2017,4519261002,9,after_last_0101_year,2009,2016
대학정보공시,0103,전공과목성적평가분포,2017,4589612662,9,internal_0101_gap,2009,2022
대학정보공시,0103,전공과목성적평가분포,2017,4989010214,9,after_last_0101_year,2014,2015
대학정보공시,0103,전공과목성적평가분포,2017,5352496743,9,after_last_0101_year,2010,2015
대학정보공시,0103,전공과목성적평가분포,2017,5918260991,9,after_last_0101_year,2009,2013
대학정보공시,0103,전공과목성적평가분포,2017,6158080518,9,internal_0101_gap,2010,2024
대학정보공시,0103,전공과목성적평가분포,2017,7835785090,9,after_last_0101_year,2009,2015
대학정보공시,0103,전공과목성적평가분포,2017,8747820377,9,after_last_0101_year,2011,2015
대학정보공시,0103,전공과목성적평가분포,2017,8870644629,18,after_last_0101_year,2011,2015
대학정보공시,0103,전공과목성적평가분포,2018,1411789357,9,after_last_0101_year,2012,2014
대학정보공시,0103,전공과목성적평가분포,2018,2810409545,9,internal_0101_gap,2009,2022
대학정보공시,0103,전공과목성적평가분포,2018,2832937419,9,after_last_0101_year,2009,2015
대학정보공시,0103,전공과목성적평가분포,2018,4519261002,9,after_last_0101_year,2009,2016
대학정보공시,0103,전공과목성적평가분포,2018,4989010214,9,after_last_0101_year,2014,2015
대학정보공시,0103,전공과목성적평가분포,2018,5918260991,9,after_last_0101_year,2009,2013
대학정보공시,0103,전공과목성적평가분포,2018,7856220841,9,internal_0101_gap,2013,2022
대학정보공시,0103,전공과목성적평가분포,2018,8179908752,9,after_last_0101_year,2013,2017
대학정보공시,0103,전공과목성적평가분포,2019,2233732461,18,after_last_0101_year,2009,2016
대학정보공시,0103,전공과목성적평가분포,2019,2810409545,9,internal_0101_gap,2009,2022
대학정보공시,0103,전공과목성적평가분포,2019,2957261025,9,never_in_0101,,
대학정보공시,0103,전공과목성적평가분포,2019,3766758680,9,after_last_0101_year,2009,2015
대학정보공시,0103,전공과목성적평가분포,2019,4519261002,9,after_last_0101_year,2009,2016
대학정보공시,0103,전공과목성적평가분포,2019,5918260991,9,after_last_0101_year,2009,2013
대학정보공시,0103,전공과목성적평가분포,2019,6628103852,18,after_last_0101_year,2010,2017
대학정보공시,0103,전공과목성적평가분포,2019,9269595324,9,after_last_0101_year,2015,2018
대학정보공시,0103,전공과목성적평가분포,2020,1107419788,9,after_last_0101_year,2009,2018
대학정보공시,0103,전공과목성적평가분포,2020,1291285216,9,after_last_0101_year,2009,2018
대학정보공시,0103,전공과목성적평가분포,2020,1842615962,18,after_last_0101_year,2009,2018
대학정보공시,0103,전공과목성적평가분포,2020,1898769617,18,after_last_0101_year,2017,2019
대학정보공시,0103,전공과목성적평가분포,2020,2094637930,9,after_last_0101_year,2009,2015
대학정보공시,0103,전공과목성적평가분포,2020,2545302689,9,after_last_0101_year,2009,2015
대학정보공시,0103,전공과목성적평가분포,2020,2810409545,9,internal_0101_gap,2009,2022
대학정보공시,0103,전공과목성적평가분포,2020,2832937419,9,after_last_0101_year,2009,2015
대학정보공시,0103,전공과목성적평가분포,2020,2957261025,9,never_in_0101,,
대학정보공시,0103,전공과목성적평가분포,2020,4058111488,9,after_last_0101_year,2009,2015
대학정보공시,0103,전공과목성적평가분포,2020,4112864494,9,after_last_0101_year,2009,2015
대학정보공시,0103,전공과목성적평가분포,2020,4519261002,9,after_last_0101_year,2009,2016
대학정보공시,0103,전공과목성적평가분포,2020,5314473211,9,internal_0101_gap,2009,2024
대학정보공시,0103,전공과목성적평가분포,2020,5794047892,9,after_last_0101_year,2009,2015
대학정보공시,0103,전공과목성적평가분포,2020,5918260991,9,after_last_0101_year,2009,2013
대학정보공시,0103,전공과목성적평가분포,2020,6158080518,9,internal_0101_gap,2010,2024
대학정보공시,0103,전공과목성적평가분포,2020,6724196135,9,after_last_0101_year,2009,2015
대학정보공시,0103,전공과목성적평가분포,2020,7500086247,9,after_last_0101_year,2009,2019
대학정보공시,0103,전공과목성적평가분포,2020,7835785090,9,after_last_0101_year,2009,2015
대학정보공시,0103,전공과목성적평가분포,2020,7856220841,9,internal_0101_gap,2013,2022
대학정보공시,0103,전공과목성적평가분포,2020,8755021035,9,after_last_0101_year,2009,2018
대학정보공시,0103,전공과목성적평가분포,2020,8928852319,18,after_last_0101_year,2009,2018
대학정보공시,0103,전공과목성적평가분포,2020,9152388691,9,after_last_0101_year,2017,2018
대학정보공시,0103,전공과목성적평가분포,2020,9612707257,9,after_last_0101_year,2009,2019
대학정보공시,0103,전공과목성적평가분포,2020,9717883110,18,after_last_0101_year,2012,2018
대학정보공시,0103,전공과목성적평가분포,2021,1291285216,9,after_last_0101_year,2009,2018
대학정보공시,0103,전공과목성적평가분포,2021,1411789357,9,after_last_0101_year,2012,2014
대학정보공시,0103,전공과목성적평가분포,2021,1644015014,9,after_last_0101_year,2016,2020
대학정보공시,0103,전공과목성적평가분포,2021,2012388527,9,after_last_0101_year,2016,2019
대학정보공시,0103,전공과목성적평가분포,2021,2094637930,9,after_last_0101_year,2009,2015
대학정보공시,0103,전공과목성적평가분포,2021,2545302689,9,after_last_0101_year,2009,2015
대학정보공시,0103,전공과목성적평가분포,2021,2832937419,9,after_last_0101_year,2009,2015
대학정보공시,0103,전공과목성적평가분포,2021,2882021844,9,after_last_0101_year,2010,2015
대학정보공시,0103,전공과목성적평가분포,2021,3766758680,9,after_last_0101_year,2009,2015
대학정보공시,0103,전공과목성적평가분포,2021,4058111488,9,after_last_0101_year,2009,2015
대학정보공시,0103,전공과목성적평가분포,2021,4519261002,9,after_last_0101_year,2009,2016
대학정보공시,0103,전공과목성적평가분포,2021,4989010214,9,after_last_0101_year,2014,2015
대학정보공시,0103,전공과목성적평가분포,2021,5087891995,9,after_last_0101_year,2016,2020
대학정보공시,0103,전공과목성적평가분포,2021,5708145320,9,after_last_0101_year,2009,2020
대학정보공시,0103,전공과목성적평가분포,2021,5918260991,9,after_last_0101_year,2009,2013
대학정보공시,0103,전공과목성적평가분포,2021,5981566488,9,after_last_0101_year,2012,2015
대학정보공시,0103,전공과목성적평가분포,2021,6152777791,9,after_last_0101_year,2012,2018
대학정보공시,0103,전공과목성적평가분포,2021,6565308511,9,after_last_0101_year,2018,2020
대학정보공시,0103,전공과목성적평가분포,2021,6724196135,9,after_last_0101_year,2009,2015
대학정보공시,0103,전공과목성적평가분포,2021,7061143279,9,after_last_0101_year,2009,2014
대학정보공시,0103,전공과목성적평가분포,2021,7470429599,9,after_last_0101_year,2009,2020
대학정보공시,0103,전공과목성적평가분포,2021,7514404416,9,after_last_0101_year,2010,2014
대학정보공시,0103,전공과목성적평가분포,2021,7835785090,9,after_last_0101_year,2009,2015
대학정보공시,0103,전공과목성적평가분포,2021,8103773713,9,after_last_0101_year,2012,2020
대학정보공시,0103,전공과목성적평가분포,2021,8215130984,18,after_last_0101_year,2009,2020
대학정보공시,0103,전공과목성적평가분포,2021,8279747545,18,after_last_0101_year,2015,2020
대학정보공시,0103,전공과목성적평가분포,2021,8889203906,9,after_last_0101_year,2009,2015
대학정보공시,0103,전공과목성적평가분포,2021,9294413268,9,after_last_0101_year,2009,2014
대학정보공시,0103,전공과목성적평가분포,2021,9531559169,9,after_last_0101_year,2016,2020
대학정보공시,0103,전공과목성적평가분포,2021,9916691660,9,after_last_0101_year,2010,2015
대학정보공시,0103,전공과목성적평가분포,2022,1000771403,9,after_last_0101_year,2009,2020
대학정보공시,0103,전공과목성적평가분포,2022,2094637930,9,after_last_0101_year,2009,2015
대학정보공시,0103,전공과목성적평가분포,2022,2140987575,9,after_last_0101_year,2009,2021
대학정보공시,0103,전공과목성적평가분포,2022,2545302689,9,after_last_0101_year,2009,2015
대학정보공시,0103,전공과목성적평가분포,2022,2785083591,9,after_last_0101_year,2009,2020
대학정보공시,0103,전공과목성적평가분포,2022,3518916666,9,after_last_0101_year,2009,2021
대학정보공시,0103,전공과목성적평가분포,2022,3766758680,9,after_last_0101_year,2009,2015
대학정보공시,0103,전공과목성적평가분포,2022,4112864494,9,after_last_0101_year,2009,2015
대학정보공시,0103,전공과목성적평가분포,2022,4519261002,9,after_last_0101_year,2009,2016
대학정보공시,0103,전공과목성적평가분포,2022,4945490300,18,after_last_0101_year,2009,2021
대학정보공시,0103,전공과목성적평가분포,2022,5306109547,9,after_last_0101_year,2009,2021
대학정보공시,0103,전공과목성적평가분포,2022,5651364028,18,after_last_0101_year,2018,2021
대학정보공시,0103,전공과목성적평가분포,2022,5708145320,9,after_last_0101_year,2009,2020
대학정보공시,0103,전공과목성적평가분포,2022,5755504012,9,after_last_0101_year,2015,2021
대학정보공시,0103,전공과목성적평가분포,2022,5794047892,9,after_last_0101_year,2009,2015
대학정보공시,0103,전공과목성적평가분포,2022,6474115550,9,after_last_0101_year,2009,2016
대학정보공시,0103,전공과목성적평가분포,2022,7061143279,9,after_last_0101_year,2009,2014
대학정보공시,0103,전공과목성적평가분포,2022,7470429599,9,after_last_0101_year,2009,2020
대학정보공시,0103,전공과목성적평가분포,2022,8215130984,18,after_last_0101_year,2009,2020
대학정보공시,0103,전공과목성적평가분포,2022,8889203906,9,after_last_0101_year,2009,2015
대학정보공시,0103,전공과목성적평가분포,2022,9294413268,9,after_last_0101_year,2009,2014
대학정보공시,0103,전공과목성적평가분포,2023,1000771403,9,after_last_0101_year,2009,2020
대학정보공시,0103,전공과목성적평가분포,2023,1592291831,9,after_last_0101_year,2015,2022
대학정보공시,0103,전공과목성적평가분포,2023,2012388527,9,after_last_0101_year,2016,2019
대학정보공시,0103,전공과목성적평가분포,2023,2094637930,9,after_last_0101_year,2009,2015
대학정보공시,0103,전공과목성적평가분포,2023,2118588984,9,after_last_0101_year,2009,2022
대학정보공시,0103,전공과목성적평가분포,2023,2336580157,18,after_last_0101_year,2018,2022
대학정보공시,0103,전공과목성적평가분포,2023,2785083591,9,after_last_0101_year,2009,2020
대학정보공시,0103,전공과목성적평가분포,2023,2937589168,9,after_last_0101_year,2009,2022
대학정보공시,0103,전공과목성적평가분포,2023,3194591462,9,after_last_0101_year,2009,2022
대학정보공시,0103,전공과목성적평가분포,2023,3484138607,9,after_last_0101_year,2014,2022
대학정보공시,0103,전공과목성적평가분포,2023,3503396868,9,after_last_0101_year,2009,2022
대학정보공시,0103,전공과목성적평가분포,2023,3518916666,9,after_last_0101_year,2009,2021
대학정보공시,0103,전공과목성적평가분포,2023,3547783672,18,after_last_0101_year,2016,2022
대학정보공시,0103,전공과목성적평가분포,2023,3559717893,9,after_last_0101_year,2009,2022
대학정보공시,0103,전공과목성적평가분포,2023,3766758680,9,after_last_0101_year,2009,2015
대학정보공시,0103,전공과목성적평가분포,2023,3965002357,9,after_last_0101_year,2009,2022
대학정보공시,0103,전공과목성적평가분포,2023,4058111488,9,after_last_0101_year,2009,2015
대학정보공시,0103,전공과목성적평가분포,2023,4131224751,9,after_last_0101_year,2012,2022
대학정보공시,0103,전공과목성적평가분포,2023,4231895029,9,after_last_0101_year,2015,2022
대학정보공시,0103,전공과목성적평가분포,2023,4361806213,9,after_last_0101_year,2009,2022
대학정보공시,0103,전공과목성적평가분포,2023,4737961351,9,internal_0101_gap,2009,2025
대학정보공시,0103,전공과목성적평가분포,2023,4945490300,18,after_last_0101_year,2009,2021
대학정보공시,0103,전공과목성적평가분포,2023,4953338444,9,after_last_0101_year,2013,2022
대학정보공시,0103,전공과목성적평가분포,2023,5306109547,9,after_last_0101_year,2009,2021
대학정보공시,0103,전공과목성적평가분포,2023,5424023211,9,after_last_0101_year,2009,2022
대학정보공시,0103,전공과목성적평가분포,2023,5448134660,9,after_last_0101_year,2009,2022
대학정보공시,0103,전공과목성적평가분포,2023,5479805111,18,after_last_0101_year,2009,2022
대학정보공시,0103,전공과목성적평가분포,2023,5648208677,9,after_last_0101_year,2009,2022
대학정보공시,0103,전공과목성적평가분포,2023,5651364028,18,after_last_0101_year,2018,2021
대학정보공시,0103,전공과목성적평가분포,2023,5708145320,9,after_last_0101_year,2009,2020
대학정보공시,0103,전공과목성적평가분포,2023,5762939631,9,after_last_0101_year,2018,2022
대학정보공시,0103,전공과목성적평가분포,2023,5794047892,9,after_last_0101_year,2009,2015
대학정보공시,0103,전공과목성적평가분포,2023,6085499942,9,after_last_0101_year,2009,2022
대학정보공시,0103,전공과목성적평가분포,2023,6474115550,9,after_last_0101_year,2009,2016
대학정보공시,0103,전공과목성적평가분포,2023,6741970598,9,after_last_0101_year,2015,2022
대학정보공시,0103,전공과목성적평가분포,2023,7061143279,9,after_last_0101_year,2009,2014
대학정보공시,0103,전공과목성적평가분포,2023,7399752855,9,after_last_0101_year,2017,2022
대학정보공시,0103,전공과목성적평가분포,2023,7835785090,9,after_last_0101_year,2009,2015
대학정보공시,0103,전공과목성적평가분포,2023,7990650475,9,after_last_0101_year,2017,2021
대학정보공시,0103,전공과목성적평가분포,2023,8215130984,18,after_last_0101_year,2009,2020
대학정보공시,0103,전공과목성적평가분포,2023,8279747545,18,after_last_0101_year,2015,2020
대학정보공시,0103,전공과목성적평가분포,2023,8460132539,9,after_last_0101_year,2009,2022
대학정보공시,0103,전공과목성적평가분포,2023,8889203906,9,after_last_0101_year,2009,2015
대학정보공시,0103,전공과목성적평가분포,2023,9032027244,18,after_last_0101_year,2020,2022
대학정보공시,0103,전공과목성적평가분포,2023,9044925451,9,internal_0101_gap,2009,2025
대학정보공시,0103,전공과목성적평가분포,2023,9294413268,9,after_last_0101_year,2009,2014
대학정보공시,0103,전공과목성적평가분포,2023,9440348505,9,after_last_0101_year,2009,2022
대학정보공시,0104,졸업생졸업성적분포,2010,2810852646,16,after_last_0101_year,2009,2009
대학정보공시,0104,졸업생졸업성적분포,2014,2292925059,9,before_first_0101_year,2015,2025
대학정보공시,0104,졸업생졸업성적분포,2014,4458758950,81,internal_0101_gap,2013,2020
대학정보공시,0104,졸업생졸업성적분포,2014,6773062765,45,internal_0101_gap,2013,2025
대학정보공시,0104,졸업생졸업성적분포,2015,9314919829,18,after_last_0101_year,2009,2014
대학정보공시,0104,졸업생졸업성적분포,2016,9080059170,9,never_in_0101,,
대학정보공시,0104,졸업생졸업성적분포,2017,5352496743,54,after_last_0101_year,2010,2015
대학정보공시,0104,졸업생졸업성적분포,2019,2957261025,9,never_in_0101,,
대학정보공시,0104,졸업생졸업성적분포,2020,2957261025,9,never_in_0101,,
대학정보공시,0201,대학입학전형기본계획,2009,2097534179,4,before_first_0101_year,2010,2025
대학정보공시,0201,대학입학전형기본계획,2009,3459668815,14,before_first_0101_year,2010,2025
대학정보공시,0201,대학입학전형기본계획,2009,6974740743,18,before_first_0101_year,2010,2025
대학정보공시,0201,대학입학전형기본계획,2009,9837188839,4,before_first_0101_year,2010,2025
대학정보공시,0201,대학입학전형기본계획,2011,2053851187,17,before_first_0101_year,2012,2025
대학정보공시,0201,대학입학전형기본계획,2012,8881708741,19,before_first_0101_year,2013,2025
대학정보공시,0202,대학입학전형기본계획_전문대학,2009,1508433640,12,before_first_0101_year,2010,2025
대학정보공시,0202,대학입학전형기본계획_전문대학,2009,2043681859,6,before_first_0101_year,2010,2025
대학정보공시,0202,대학입학전형기본계획_전문대학,2009,2151358604,9,before_first_0101_year,2010,2025
대학정보공시,0202,대학입학전형기본계획_전문대학,2009,2593522906,6,before_first_0101_year,2010,2025
대학정보공시,0202,대학입학전형기본계획_전문대학,2009,2731287598,6,before_first_0101_year,2010,2025
대학정보공시,0202,대학입학전형기본계획_전문대학,2009,3313704609,9,before_first_0101_year,2010,2025
대학정보공시,0202,대학입학전형기본계획_전문대학,2009,3403399288,3,before_first_0101_year,2010,2025
대학정보공시,0202,대학입학전형기본계획_전문대학,2009,3945737659,9,before_first_0101_year,2010,2025
대학정보공시,0202,대학입학전형기본계획_전문대학,2009,4097761511,6,before_first_0101_year,2010,2025
대학정보공시,0202,대학입학전형기본계획_전문대학,2009,4222775518,12,before_first_0101_year,2010,2025
대학정보공시,0202,대학입학전형기본계획_전문대학,2009,4363659620,12,before_first_0101_year,2010,2025
대학정보공시,0202,대학입학전형기본계획_전문대학,2009,4524179637,9,before_first_0101_year,2010,2025
대학정보공시,0202,대학입학전형기본계획_전문대학,2009,4982337415,12,before_first_0101_year,2010,2025
대학정보공시,0202,대학입학전형기본계획_전문대학,2009,5352496743,9,before_first_0101_year,2010,2015
대학정보공시,0202,대학입학전형기본계획_전문대학,2009,5831784427,9,before_first_0101_year,2010,2025
대학정보공시,0202,대학입학전형기본계획_전문대학,2009,5961281478,6,before_first_0101_year,2010,2025
대학정보공시,0202,대학입학전형기본계획_전문대학,2009,6084552049,12,before_first_0101_year,2010,2025
대학정보공시,0202,대학입학전형기본계획_전문대학,2009,7065451979,4,before_first_0101_year,2010,2025
대학정보공시,0202,대학입학전형기본계획_전문대학,2009,7264348506,9,before_first_0101_year,2010,2025
대학정보공시,0202,대학입학전형기본계획_전문대학,2009,7876808941,12,before_first_0101_year,2010,2025
대학정보공시,0202,대학입학전형기본계획_전문대학,2009,8106570184,2,before_first_0101_year,2010,2025
대학정보공시,0202,대학입학전형기본계획_전문대학,2009,8648494422,6,before_first_0101_year,2010,2025
대학정보공시,0202,대학입학전형기본계획_전문대학,2009,8721071779,12,before_first_0101_year,2010,2025
대학정보공시,0202,대학입학전형기본계획_전문대학,2009,8851398706,9,before_first_0101_year,2010,2025
대학정보공시,0202,대학입학전형기본계획_전문대학,2009,9020533442,9,before_first_0101_year,2010,2025
대학정보공시,0202,대학입학전형기본계획_전문대학,2009,9896320283,8,before_first_0101_year,2010,2025
대학정보공시,0203,대학입학전형시행계획,2009,2097534179,2,before_first_0101_year,2010,2025
대학정보공시,0203,대학입학전형시행계획,2009,3459668815,4,before_first_0101_year,2010,2025
대학정보공시,0203,대학입학전형시행계획,2009,6974740743,36,before_first_0101_year,2010,2025
대학정보공시,0203,대학입학전형시행계획,2009,9837188839,5,before_first_0101_year,2010,2025
대학정보공시,0203,대학입학전형시행계획,2011,2053851187,17,before_first_0101_year,2012,2025
대학정보공시,0203,대학입학전형시행계획,2012,6218328833,9,after_last_0101_year,2009,2011
대학정보공시,0203,대학입학전형시행계획,2012,8881708741,10,before_first_0101_year,2013,2025
대학정보공시,0204,대학입학전형시행계획_전문대학,2009,2043681859,6,before_first_0101_year,2010,2025
대학정보공시,0204,대학입학전형시행계획_전문대학,2009,3945737659,9,before_first_0101_year,2010,2025
대학정보공시,0204,대학입학전형시행계획_전문대학,2009,4982337415,11,before_first_0101_year,2010,2025
대학정보공시,0204,대학입학전형시행계획_전문대학,2009,5352496743,21,before_first_0101_year,2010,2015
대학정보공시,0204,대학입학전형시행계획_전문대학,2009,5831784427,16,before_first_0101_year,2010,2025
대학정보공시,0204,대학입학전형시행계획_전문대학,2009,5961281478,9,before_first_0101_year,2010,2025
대학정보공시,0204,대학입학전형시행계획_전문대학,2009,6084552049,6,before_first_0101_year,2010,2025
대학정보공시,0204,대학입학전형시행계획_전문대학,2009,7264348506,15,before_first_0101_year,2010,2025
대학정보공시,0204,대학입학전형시행계획_전문대학,2009,8648494422,11,before_first_0101_year,2010,2025
대학정보공시,0204,대학입학전형시행계획_전문대학,2009,8721071779,10,before_first_0101_year,2010,2025
대학정보공시,0204,대학입학전형시행계획_전문대학,2009,9020533442,14,before_first_0101_year,2010,2025
대학정보공시,0204,대학입학전형시행계획_전문대학,2009,9896320283,8,before_first_0101_year,2010,2025
대학정보공시,0205,모집단위별모집인원현황,2009,2097534179,28,before_first_0101_year,2010,2025
대학정보공시,0205,모집단위별모집인원현황,2009,3459668815,6,before_first_0101_year,2010,2025
대학정보공시,0205,모집단위별모집인원현황,2009,6974740743,126,before_first_0101_year,2010,2025
대학정보공시,0205,모집단위별모집인원현황,2009,9837188839,3,before_first_0101_year,2010,2025
대학정보공시,0205,모집단위별모집인원현황,2011,2053851187,196,before_first_0101_year,2012,2025
대학정보공시,0205,모집단위별모집인원현황,2012,8881708741,75,before_first_0101_year,2013,2025
대학정보공시,0206,모집단위별모집인원현황_전문대학,2009,1508433640,24,before_first_0101_year,2010,2025
대학정보공시,0206,모집단위별모집인원현황_전문대학,2009,2043681859,2,before_first_0101_year,2010,2025
대학정보공시,0206,모집단위별모집인원현황_전문대학,2009,2151358604,15,before_first_0101_year,2010,2025
대학정보공시,0206,모집단위별모집인원현황_전문대학,2009,2593522906,16,before_first_0101_year,2010,2025
대학정보공시,0206,모집단위별모집인원현황_전문대학,2009,2731287598,8,before_first_0101_year,2010,2025
대학정보공시,0206,모집단위별모집인원현황_전문대학,2009,3313704609,20,before_first_0101_year,2010,2025
대학정보공시,0206,모집단위별모집인원현황_전문대학,2009,3403399288,12,before_first_0101_year,2010,2025
대학정보공시,0206,모집단위별모집인원현황_전문대학,2009,3945737659,24,before_first_0101_year,2010,2025
대학정보공시,0206,모집단위별모집인원현황_전문대학,2009,4097761511,14,before_first_0101_year,2010,2025
대학정보공시,0206,모집단위별모집인원현황_전문대학,2009,4363659620,52,before_first_0101_year,2010,2025
대학정보공시,0206,모집단위별모집인원현황_전문대학,2009,4524179637,30,before_first_0101_year,2010,2025
대학정보공시,0206,모집단위별모집인원현황_전문대학,2009,4982337415,28,before_first_0101_year,2010,2025
대학정보공시,0206,모집단위별모집인원현황_전문대학,2009,5352496743,28,before_first_0101_year,2010,2015
대학정보공시,0206,모집단위별모집인원현황_전문대학,2009,5831784427,8,before_first_0101_year,2010,2025
대학정보공시,0206,모집단위별모집인원현황_전문대학,2009,5961281478,18,before_first_0101_year,2010,2025
대학정보공시,0206,모집단위별모집인원현황_전문대학,2009,6084552049,48,before_first_0101_year,2010,2025
대학정보공시,0206,모집단위별모집인원현황_전문대학,2009,7065451979,4,before_first_0101_year,2010,2025
대학정보공시,0206,모집단위별모집인원현황_전문대학,2009,7264348506,45,before_first_0101_year,2010,2025
대학정보공시,0206,모집단위별모집인원현황_전문대학,2009,7876808941,16,before_first_0101_year,2010,2025
대학정보공시,0206,모집단위별모집인원현황_전문대학,2009,8106570184,16,before_first_0101_year,2010,2025
대학정보공시,0206,모집단위별모집인원현황_전문대학,2009,8648494422,16,before_first_0101_year,2010,2025
대학정보공시,0206,모집단위별모집인원현황_전문대학,2009,8721071779,24,before_first_0101_year,2010,2025
대학정보공시,0206,모집단위별모집인원현황_전문대학,2009,8851398706,21,before_first_0101_year,2010,2025
대학정보공시,0206,모집단위별모집인원현황_전문대학,2009,9020533442,18,before_first_0101_year,2010,2025
대학정보공시,0206,모집단위별모집인원현황_전문대학,2009,9896320283,15,before_first_0101_year,2010,2025
대학정보공시,0207,편입생모집내용,2009,3459668815,1,before_first_0101_year,2010,2025
대학정보공시,0207,편입생모집내용,2009,9837188839,1,before_first_0101_year,2010,2025
대학정보공시,0301,입학전형유형별선발결과,2009,2097534179,1,before_first_0101_year,2010,2025
대학정보공시,0301,입학전형유형별선발결과,2009,3459668815,4,before_first_0101_year,2010,2025
대학정보공시,0301,입학전형유형별선발결과,2009,9837188839,5,before_first_0101_year,2010,2025
대학정보공시,0301,입학전형유형별선발결과,2019,4549837648,2,never_in_0101,,
대학정보공시,0302,입학전형유형별선발결과_전문대학,2009,1508433640,6,before_first_0101_year,2010,2025
대학정보공시,0302,입학전형유형별선발결과_전문대학,2009,1674881875,2,before_first_0101_year,2010,2012
대학정보공시,0302,입학전형유형별선발결과_전문대학,2009,2043681859,3,before_first_0101_year,2010,2025
대학정보공시,0302,입학전형유형별선발결과_전문대학,2009,2151358604,6,before_first_0101_year,2010,2025
대학정보공시,0302,입학전형유형별선발결과_전문대학,2009,2593522906,7,before_first_0101_year,2010,2025
대학정보공시,0302,입학전형유형별선발결과_전문대학,2009,2731287598,5,before_first_0101_year,2010,2025
대학정보공시,0302,입학전형유형별선발결과_전문대학,2009,3313704609,6,before_first_0101_year,2010,2025
대학정보공시,0302,입학전형유형별선발결과_전문대학,2009,3403399288,4,before_first_0101_year,2010,2025
대학정보공시,0302,입학전형유형별선발결과_전문대학,2009,3945737659,3,before_first_0101_year,2010,2025
대학정보공시,0302,입학전형유형별선발결과_전문대학,2009,4097761511,4,before_first_0101_year,2010,2025
대학정보공시,0302,입학전형유형별선발결과_전문대학,2009,4363659620,5,before_first_0101_year,2010,2025
대학정보공시,0302,입학전형유형별선발결과_전문대학,2009,4524179637,5,before_first_0101_year,2010,2025
대학정보공시,0302,입학전형유형별선발결과_전문대학,2009,4982337415,5,before_first_0101_year,2010,2025
대학정보공시,0302,입학전형유형별선발결과_전문대학,2009,5352496743,4,before_first_0101_year,2010,2015
대학정보공시,0302,입학전형유형별선발결과_전문대학,2009,5831784427,4,before_first_0101_year,2010,2025
대학정보공시,0302,입학전형유형별선발결과_전문대학,2009,5961281478,3,before_first_0101_year,2010,2025
대학정보공시,0302,입학전형유형별선발결과_전문대학,2009,6084552049,6,before_first_0101_year,2010,2025
대학정보공시,0302,입학전형유형별선발결과_전문대학,2009,7065451979,3,before_first_0101_year,2010,2025
대학정보공시,0302,입학전형유형별선발결과_전문대학,2009,7264348506,6,before_first_0101_year,2010,2025
대학정보공시,0302,입학전형유형별선발결과_전문대학,2009,7876808941,5,before_first_0101_year,2010,2025
대학정보공시,0302,입학전형유형별선발결과_전문대학,2009,8106570184,1,before_first_0101_year,2010,2025
대학정보공시,0302,입학전형유형별선발결과_전문대학,2009,8648494422,6,before_first_0101_year,2010,2025
대학정보공시,0302,입학전형유형별선발결과_전문대학,2009,8721071779,5,before_first_0101_year,2010,2025
대학정보공시,0302,입학전형유형별선발결과_전문대학,2009,8851398706,3,before_first_0101_year,2010,2025
대학정보공시,0302,입학전형유형별선발결과_전문대학,2009,9020533442,5,before_first_0101_year,2010,2025
대학정보공시,0302,입학전형유형별선발결과_전문대학,2009,9896320283,7,before_first_0101_year,2010,2025
대학정보공시,0302,입학전형유형별선발결과_전문대학,2017,5352496743,2,after_last_0101_year,2010,2015
대학정보공시,0303,기회균형선발결과,2009,1674881875,1,before_first_0101_year,2010,2012
대학정보공시,0303,기회균형선발결과,2009,2043681859,1,before_first_0101_year,2010,2025
대학정보공시,0303,기회균형선발결과,2009,2097534179,1,before_first_0101_year,2010,2025
대학정보공시,0303,기회균형선발결과,2009,2151358604,1,before_first_0101_year,2010,2025
대학정보공시,0303,기회균형선발결과,2009,2593522906,1,before_first_0101_year,2010,2025
대학정보공시,0303,기회균형선발결과,2009,3403399288,1,before_first_0101_year,2010,2025
대학정보공시,0303,기회균형선발결과,2009,4097761511,1,before_first_0101_year,2010,2025
대학정보공시,0303,기회균형선발결과,2009,4363659620,1,before_first_0101_year,2010,2025
대학정보공시,0303,기회균형선발결과,2009,4982337415,1,before_first_0101_year,2010,2025
대학정보공시,0303,기회균형선발결과,2009,5352496743,1,before_first_0101_year,2010,2015
대학정보공시,0303,기회균형선발결과,2009,5961281478,1,before_first_0101_year,2010,2025
대학정보공시,0303,기회균형선발결과,2009,6084552049,1,before_first_0101_year,2010,2025
대학정보공시,0303,기회균형선발결과,2009,7264348506,1,before_first_0101_year,2010,2025
대학정보공시,0303,기회균형선발결과,2009,7876808941,1,before_first_0101_year,2010,2025
대학정보공시,0303,기회균형선발결과,2009,8106570184,1,before_first_0101_year,2010,2025
대학정보공시,0303,기회균형선발결과,2009,8648494422,1,before_first_0101_year,2010,2025
대학정보공시,0303,기회균형선발결과,2009,8721071779,1,before_first_0101_year,2010,2025
대학정보공시,0303,기회균형선발결과,2009,8851398706,1,before_first_0101_year,2010,2025
대학정보공시,0303,기회균형선발결과,2009,9837188839,1,before_first_0101_year,2010,2025
대학정보공시,0303,기회균형선발결과,2009,9896320283,1,before_first_0101_year,2010,2025
대학정보공시,0303,기회균형선발결과,2012,8862205862,1,before_first_0101_year,2014,2025
대학정보공시,0303,기회균형선발결과,2017,5352496743,1,after_last_0101_year,2010,2015
대학정보공시,0304,기회균형선발결과상세,2009,2043681859,2,before_first_0101_year,2010,2025
대학정보공시,0304,기회균형선발결과상세,2009,2151358604,1,before_first_0101_year,2010,2025
대학정보공시,0304,기회균형선발결과상세,2009,2593522906,1,before_first_0101_year,2010,2025
대학정보공시,0304,기회균형선발결과상세,2009,3403399288,1,before_first_0101_year,2010,2025
대학정보공시,0304,기회균형선발결과상세,2009,4097761511,1,before_first_0101_year,2010,2025
대학정보공시,0304,기회균형선발결과상세,2009,4363659620,3,before_first_0101_year,2010,2025
대학정보공시,0304,기회균형선발결과상세,2009,5352496743,1,before_first_0101_year,2010,2015
대학정보공시,0304,기회균형선발결과상세,2009,6084552049,3,before_first_0101_year,2010,2025
대학정보공시,0304,기회균형선발결과상세,2009,8106570184,1,before_first_0101_year,2010,2025
대학정보공시,0304,기회균형선발결과상세,2009,8648494422,2,before_first_0101_year,2010,2025
대학정보공시,0304,기회균형선발결과상세,2009,8721071779,2,before_first_0101_year,2010,2025
대학정보공시,0304,기회균형선발결과상세,2009,8851398706,1,before_first_0101_year,2010,2025
대학정보공시,0304,기회균형선발결과상세,2009,9896320283,3,before_first_0101_year,2010,2025
대학정보공시,0304,기회균형선발결과상세,2017,5352496743,3,after_last_0101_year,2010,2015
대학정보공시,0305,신입생충원현황,2009,1508433640,6,before_first_0101_year,2010,2025
대학정보공시,0305,신입생충원현황,2009,1651128768,5,before_first_0101_year,2010,2010
대학정보공시,0305,신입생충원현황,2009,1674881875,5,before_first_0101_year,2010,2012
대학정보공시,0305,신입생충원현황,2009,2043681859,1,before_first_0101_year,2010,2025
대학정보공시,0305,신입생충원현황,2009,2097534179,28,before_first_0101_year,2010,2025
대학정보공시,0305,신입생충원현황,2009,2151358604,5,before_first_0101_year,2010,2025
대학정보공시,0305,신입생충원현황,2009,2593522906,7,before_first_0101_year,2010,2025
대학정보공시,0305,신입생충원현황,2009,2731287598,4,before_first_0101_year,2010,2025
대학정보공시,0305,신입생충원현황,2009,3313704609,6,before_first_0101_year,2010,2025
대학정보공시,0305,신입생충원현황,2009,3403399288,6,before_first_0101_year,2010,2025
대학정보공시,0305,신입생충원현황,2009,3459668815,6,before_first_0101_year,2010,2025
대학정보공시,0305,신입생충원현황,2009,3945737659,8,before_first_0101_year,2010,2025
대학정보공시,0305,신입생충원현황,2009,4097761511,7,before_first_0101_year,2010,2025
대학정보공시,0305,신입생충원현황,2009,4363659620,13,before_first_0101_year,2010,2025
대학정보공시,0305,신입생충원현황,2009,4524179637,8,before_first_0101_year,2010,2025
대학정보공시,0305,신입생충원현황,2009,4982337415,7,before_first_0101_year,2010,2025
대학정보공시,0305,신입생충원현황,2009,5352496743,7,before_first_0101_year,2010,2015
대학정보공시,0305,신입생충원현황,2009,5831784427,2,before_first_0101_year,2010,2025
대학정보공시,0305,신입생충원현황,2009,5961281478,6,before_first_0101_year,2010,2025
대학정보공시,0305,신입생충원현황,2009,6084552049,15,before_first_0101_year,2010,2025
대학정보공시,0305,신입생충원현황,2009,7065451979,7,before_first_0101_year,2010,2025
대학정보공시,0305,신입생충원현황,2009,7264348506,17,before_first_0101_year,2010,2025
대학정보공시,0305,신입생충원현황,2009,7876808941,4,before_first_0101_year,2010,2025
대학정보공시,0305,신입생충원현황,2009,8106570184,7,before_first_0101_year,2010,2025
대학정보공시,0305,신입생충원현황,2009,8648494422,10,before_first_0101_year,2010,2025
대학정보공시,0305,신입생충원현황,2009,8686164438,8,before_first_0101_year,2010,2010
대학정보공시,0305,신입생충원현황,2009,8721071779,6,before_first_0101_year,2010,2025
대학정보공시,0305,신입생충원현황,2009,8851398706,7,before_first_0101_year,2010,2025
대학정보공시,0305,신입생충원현황,2009,9020533442,7,before_first_0101_year,2010,2025
대학정보공시,0305,신입생충원현황,2009,9837188839,21,before_first_0101_year,2010,2025
대학정보공시,0305,신입생충원현황,2009,9896320283,5,before_first_0101_year,2010,2025
대학정보공시,0305,신입생충원현황,2017,5352496743,11,after_last_0101_year,2010,2015
대학정보공시,0306,신입생충원현황_대학원,2009,6125592529,1,before_first_0101_year,2010,2025
대학정보공시,0306,신입생충원현황_대학원,2014,1564265429,1,before_first_0101_year,2015,2025
대학정보공시,0306,신입생충원현황_대학원,2014,1673513412,3,before_first_0101_year,2015,2022
대학정보공시,0306,신입생충원현황_대학원,2014,2292925059,3,before_first_0101_year,2015,2025
대학정보공시,0306,신입생충원현황_대학원,2014,2793816328,1,before_first_0101_year,2015,2025
대학정보공시,0306,신입생충원현황_대학원,2014,3802718520,3,internal_0101_gap,2013,2024
대학정보공시,0306,신입생충원현황_대학원,2014,5533828556,3,before_first_0101_year,2015,2025
대학정보공시,0306,신입생충원현황_대학원,2014,6310302317,3,internal_0101_gap,2013,2025
대학정보공시,0306,신입생충원현황_대학원,2014,6428485274,3,before_first_0101_year,2015,2025
대학정보공시,0306,신입생충원현황_대학원,2014,6773062765,3,internal_0101_gap,2013,2025
대학정보공시,0306,신입생충원현황_대학원,2014,7840555131,1,before_first_0101_year,2015,2025
대학정보공시,0306,신입생충원현황_대학원,2014,8918894886,3,before_first_0101_year,2015,2025
대학정보공시,0306,신입생충원현황_대학원,2014,9257303833,3,before_first_0101_year,2015,2017
대학정보공시,0306,신입생충원현황_대학원,2014,9437484979,1,internal_0101_gap,2013,2016
대학정보공시,0306,신입생충원현황_대학원,2016,9080059170,2,never_in_0101,,
대학정보공시,0306,신입생충원현황_대학원,2019,2957261025,3,never_in_0101,,
대학정보공시,0306,신입생충원현황_대학원,2024,1545379459,3,after_last_0101_year,2009,2023
대학정보공시,0306,신입생충원현황_대학원,2024,6448657631,3,internal_0101_gap,2009,2025
대학정보공시,0306,신입생충원현황_대학원,2024,7428562998,3,after_last_0101_year,2009,2023
대학정보공시,0306,신입생충원현황_대학원,2025,1545379459,3,after_last_0101_year,2009,2023
대학정보공시,0306,신입생충원현황_대학원,2025,3802718520,3,after_last_0101_year,2013,2024
대학정보공시,0306,신입생충원현황_대학원,2025,7428562998,3,after_last_0101_year,2009,2023
대학정보공시,0307,재학생충원현황,2009,1508433640,5,before_first_0101_year,2010,2025
대학정보공시,0307,재학생충원현황,2009,1651128768,1,before_first_0101_year,2010,2010
대학정보공시,0307,재학생충원현황,2009,1674881875,1,before_first_0101_year,2010,2012
대학정보공시,0307,재학생충원현황,2009,2043681859,1,before_first_0101_year,2010,2025
대학정보공시,0307,재학생충원현황,2009,2097534179,1,before_first_0101_year,2010,2025
대학정보공시,0307,재학생충원현황,2009,2151358604,1,before_first_0101_year,2010,2025
대학정보공시,0307,재학생충원현황,2009,2593522906,1,before_first_0101_year,2010,2025
대학정보공시,0307,재학생충원현황,2009,2731287598,1,before_first_0101_year,2010,2025
대학정보공시,0307,재학생충원현황,2009,3313704609,1,before_first_0101_year,2010,2025
대학정보공시,0307,재학생충원현황,2009,3403399288,1,before_first_0101_year,2010,2025
대학정보공시,0307,재학생충원현황,2009,3459668815,4,before_first_0101_year,2010,2025
대학정보공시,0307,재학생충원현황,2009,3945737659,1,before_first_0101_year,2010,2025
대학정보공시,0307,재학생충원현황,2009,4097761511,1,before_first_0101_year,2010,2025
대학정보공시,0307,재학생충원현황,2009,4222775518,1,before_first_0101_year,2010,2025
대학정보공시,0307,재학생충원현황,2009,4363659620,1,before_first_0101_year,2010,2025
대학정보공시,0307,재학생충원현황,2009,4524179637,1,before_first_0101_year,2010,2025
대학정보공시,0307,재학생충원현황,2009,4982337415,2,before_first_0101_year,2010,2025
대학정보공시,0307,재학생충원현황,2009,5352496743,1,before_first_0101_year,2010,2015
대학정보공시,0307,재학생충원현황,2009,5831784427,1,before_first_0101_year,2010,2025
대학정보공시,0307,재학생충원현황,2009,5961281478,1,before_first_0101_year,2010,2025
대학정보공시,0307,재학생충원현황,2009,6084552049,1,before_first_0101_year,2010,2025
대학정보공시,0307,재학생충원현황,2009,7065451979,1,before_first_0101_year,2010,2025
대학정보공시,0307,재학생충원현황,2009,7264348506,1,before_first_0101_year,2010,2025
대학정보공시,0307,재학생충원현황,2009,7876808941,1,before_first_0101_year,2010,2025
대학정보공시,0307,재학생충원현황,2009,8106570184,1,before_first_0101_year,2010,2025
대학정보공시,0307,재학생충원현황,2009,8648494422,1,before_first_0101_year,2010,2025
대학정보공시,0307,재학생충원현황,2009,8686164438,1,before_first_0101_year,2010,2010
대학정보공시,0307,재학생충원현황,2009,8721071779,1,before_first_0101_year,2010,2025
대학정보공시,0307,재학생충원현황,2009,8851398706,1,before_first_0101_year,2010,2025
대학정보공시,0307,재학생충원현황,2009,9020533442,1,before_first_0101_year,2010,2025
대학정보공시,0307,재학생충원현황,2009,9837188839,3,before_first_0101_year,2010,2025
대학정보공시,0307,재학생충원현황,2009,9896320283,1,before_first_0101_year,2010,2025
대학정보공시,0307,재학생충원현황,2011,8862205862,5,before_first_0101_year,2014,2025
대학정보공시,0307,재학생충원현황,2017,5352496743,4,after_last_0101_year,2010,2015
대학정보공시,0307,재학생충원현황,2023,8860170066,5,after_last_0101_year,2011,2022
대학정보공시,0307,재학생충원현황,2024,1055907428,10,after_last_0101_year,2009,2023
대학정보공시,0307,재학생충원현황,2024,2747833073,10,after_last_0101_year,2009,2023
대학정보공시,0307,재학생충원현황,2025,1055907428,10,after_last_0101_year,2009,2023
대학정보공시,0308,재학생충원현황_대학원,2009,6125592529,3,before_first_0101_year,2010,2025
대학정보공시,0308,재학생충원현황_대학원,2010,2576321899,5,internal_0101_gap,2009,2016
대학정보공시,0308,재학생충원현황_대학원,2010,4708137869,5,internal_0101_gap,2009,2016
대학정보공시,0308,재학생충원현황_대학원,2011,4708137869,5,internal_0101_gap,2009,2016
대학정보공시,0308,재학생충원현황_대학원,2011,9263845205,5,after_last_0101_year,2009,2009
대학정보공시,0308,재학생충원현황_대학원,2014,1564265429,5,before_first_0101_year,2015,2025
대학정보공시,0308,재학생충원현황_대학원,2014,1673513412,5,before_first_0101_year,2015,2022
대학정보공시,0308,재학생충원현황_대학원,2014,2292925059,5,before_first_0101_year,2015,2025
대학정보공시,0308,재학생충원현황_대학원,2014,2793816328,5,before_first_0101_year,2015,2025
대학정보공시,0308,재학생충원현황_대학원,2014,3802718520,5,internal_0101_gap,2013,2024
대학정보공시,0308,재학생충원현황_대학원,2014,4458758950,5,internal_0101_gap,2013,2020
대학정보공시,0308,재학생충원현황_대학원,2014,5533828556,5,before_first_0101_year,2015,2025
대학정보공시,0308,재학생충원현황_대학원,2014,6310302317,5,internal_0101_gap,2013,2025
대학정보공시,0308,재학생충원현황_대학원,2014,6428485274,5,before_first_0101_year,2015,2025
대학정보공시,0308,재학생충원현황_대학원,2014,6773062765,5,internal_0101_gap,2013,2025
대학정보공시,0308,재학생충원현황_대학원,2014,7840555131,5,before_first_0101_year,2015,2025
대학정보공시,0308,재학생충원현황_대학원,2014,7856220841,5,internal_0101_gap,2013,2022
대학정보공시,0308,재학생충원현황_대학원,2014,8918894886,5,before_first_0101_year,2015,2025
대학정보공시,0308,재학생충원현황_대학원,2014,9257303833,5,before_first_0101_year,2015,2017
대학정보공시,0308,재학생충원현황_대학원,2014,9437484979,5,internal_0101_gap,2013,2016
대학정보공시,0308,재학생충원현황_대학원,2016,9080059170,1,never_in_0101,,
대학정보공시,0308,재학생충원현황_대학원,2019,2957261025,5,never_in_0101,,
대학정보공시,0308,재학생충원현황_대학원,2024,1545379459,5,after_last_0101_year,2009,2023
대학정보공시,0308,재학생충원현황_대학원,2024,6448657631,5,internal_0101_gap,2009,2025
대학정보공시,0308,재학생충원현황_대학원,2024,7428562998,5,after_last_0101_year,2009,2023
대학정보공시,0308,재학생충원현황_대학원,2025,1545379459,5,after_last_0101_year,2009,2023
대학정보공시,0308,재학생충원현황_대학원,2025,3802718520,5,after_last_0101_year,2013,2024
대학정보공시,0308,재학생충원현황_대학원,2025,7428562998,5,after_last_0101_year,2009,2023
대학정보공시,0309,편입학선발결과,2009,3459668815,6,before_first_0101_year,2010,2025
대학정보공시,0309,편입학선발결과,2009,9837188839,1,before_first_0101_year,2010,2025
대학정보공시,0309,편입학선발결과,2013,8862205862,2,before_first_0101_year,2014,2025
대학정보공시,0310,재적학생현황,2009,1508433640,6,before_first_0101_year,2010,2025
대학정보공시,0310,재적학생현황,2009,1651128768,5,before_first_0101_year,2010,2010
대학정보공시,0310,재적학생현황,2009,1674881875,5,before_first_0101_year,2010,2012
대학정보공시,0310,재적학생현황,2009,2043681859,1,before_first_0101_year,2010,2025
대학정보공시,0310,재적학생현황,2009,2097534179,28,before_first_0101_year,2010,2025
대학정보공시,0310,재적학생현황,2009,2151358604,5,before_first_0101_year,2010,2025
대학정보공시,0310,재적학생현황,2009,2593522906,7,before_first_0101_year,2010,2025
대학정보공시,0310,재적학생현황,2009,2731287598,4,before_first_0101_year,2010,2025
대학정보공시,0310,재적학생현황,2009,3313704609,6,before_first_0101_year,2010,2025
대학정보공시,0310,재적학생현황,2009,3403399288,6,before_first_0101_year,2010,2025
대학정보공시,0310,재적학생현황,2009,3459668815,6,before_first_0101_year,2010,2025
대학정보공시,0310,재적학생현황,2009,3945737659,8,before_first_0101_year,2010,2025
대학정보공시,0310,재적학생현황,2009,4097761511,7,before_first_0101_year,2010,2025
대학정보공시,0310,재적학생현황,2009,4222775518,1,before_first_0101_year,2010,2025
대학정보공시,0310,재적학생현황,2009,4363659620,13,before_first_0101_year,2010,2025
대학정보공시,0310,재적학생현황,2009,4524179637,8,before_first_0101_year,2010,2025
대학정보공시,0310,재적학생현황,2009,4982337415,7,before_first_0101_year,2010,2025
대학정보공시,0310,재적학생현황,2009,5352496743,7,before_first_0101_year,2010,2015
대학정보공시,0310,재적학생현황,2009,5831784427,2,before_first_0101_year,2010,2025
대학정보공시,0310,재적학생현황,2009,5961281478,6,before_first_0101_year,2010,2025
대학정보공시,0310,재적학생현황,2009,6084552049,15,before_first_0101_year,2010,2025
대학정보공시,0310,재적학생현황,2009,7065451979,7,before_first_0101_year,2010,2025
대학정보공시,0310,재적학생현황,2009,7264348506,26,before_first_0101_year,2010,2025
대학정보공시,0310,재적학생현황,2009,7876808941,4,before_first_0101_year,2010,2025
대학정보공시,0310,재적학생현황,2009,8106570184,7,before_first_0101_year,2010,2025
대학정보공시,0310,재적학생현황,2009,8648494422,10,before_first_0101_year,2010,2025
대학정보공시,0310,재적학생현황,2009,8686164438,8,before_first_0101_year,2010,2010
대학정보공시,0310,재적학생현황,2009,8721071779,6,before_first_0101_year,2010,2025
대학정보공시,0310,재적학생현황,2009,8851398706,7,before_first_0101_year,2010,2025
대학정보공시,0310,재적학생현황,2009,9020533442,7,before_first_0101_year,2010,2025
대학정보공시,0310,재적학생현황,2009,9837188839,22,before_first_0101_year,2010,2025
대학정보공시,0310,재적학생현황,2009,9896320283,5,before_first_0101_year,2010,2025
대학정보공시,0310,재적학생현황,2017,5352496743,11,after_last_0101_year,2010,2015
대학정보공시,0311,재적학생현황_대학원,2009,6125592529,28,before_first_0101_year,2010,2025
대학정보공시,0311,재적학생현황_대학원,2014,1673513412,3,before_first_0101_year,2015,2022
대학정보공시,0311,재적학생현황_대학원,2014,2292925059,1,before_first_0101_year,2015,2025
대학정보공시,0311,재적학생현황_대학원,2014,3802718520,1,internal_0101_gap,2013,2024
대학정보공시,0311,재적학생현황_대학원,2014,4458758950,16,internal_0101_gap,2013,2020
대학정보공시,0311,재적학생현황_대학원,2014,5533828556,3,before_first_0101_year,2015,2025
대학정보공시,0311,재적학생현황_대학원,2014,6310302317,1,internal_0101_gap,2013,2025
대학정보공시,0311,재적학생현황_대학원,2014,6428485274,1,before_first_0101_year,2015,2025
대학정보공시,0311,재적학생현황_대학원,2014,6773062765,7,internal_0101_gap,2013,2025
대학정보공시,0311,재적학생현황_대학원,2014,8918894886,9,before_first_0101_year,2015,2025
대학정보공시,0311,재적학생현황_대학원,2016,9080059170,1,never_in_0101,,
대학정보공시,0311,재적학생현황_대학원,2019,2957261025,1,never_in_0101,,
대학정보공시,0312,외국인유학생현황,2009,1674881875,1,before_first_0101_year,2010,2012
대학정보공시,0312,외국인유학생현황,2009,2097534179,19,before_first_0101_year,2010,2025
대학정보공시,0312,외국인유학생현황,2009,3313704609,1,before_first_0101_year,2010,2025
대학정보공시,0312,외국인유학생현황,2009,4524179637,1,before_first_0101_year,2010,2025
대학정보공시,0312,외국인유학생현황,2009,5352496743,2,before_first_0101_year,2010,2015
대학정보공시,0312,외국인유학생현황,2009,5831784427,1,before_first_0101_year,2010,2025
대학정보공시,0312,외국인유학생현황,2009,6084552049,1,before_first_0101_year,2010,2025
대학정보공시,0312,외국인유학생현황,2009,7264348506,3,before_first_0101_year,2010,2025
대학정보공시,0312,외국인유학생현황,2009,8648494422,1,before_first_0101_year,2010,2025
대학정보공시,0312,외국인유학생현황,2009,9020533442,1,before_first_0101_year,2010,2025
대학정보공시,0312,외국인유학생현황,2009,9837188839,35,before_first_0101_year,2010,2025
대학정보공시,0312,외국인유학생현황,2009,9896320283,2,before_first_0101_year,2010,2025
대학정보공시,0312,외국인유학생현황,2017,5352496743,1,after_last_0101_year,2010,2015
대학정보공시,0313,외국인유학생현황_대학원,2009,6125592529,53,before_first_0101_year,2010,2025
대학정보공시,0313,외국인유학생현황_대학원,2014,2292925059,1,before_first_0101_year,2015,2025
대학정보공시,0313,외국인유학생현황_대학원,2014,4458758950,1,internal_0101_gap,2013,2020
대학정보공시,0313,외국인유학생현황_대학원,2014,5533828556,2,before_first_0101_year,2015,2025
대학정보공시,0313,외국인유학생현황_대학원,2014,6310302317,1,internal_0101_gap,2013,2025
대학정보공시,0313,외국인유학생현황_대학원,2014,6773062765,19,internal_0101_gap,2013,2025
대학정보공시,0313,외국인유학생현황_대학원,2016,9080059170,1,never_in_0101,,
대학정보공시,0314,외국인유학생중도탈락현황,2014,5400147795,3,after_last_0101_year,2009,2013
대학정보공시,0314,외국인유학생중도탈락현황,2014,6681864976,3,after_last_0101_year,2009,2013
대학정보공시,0314,외국인유학생중도탈락현황,2017,5352496743,2,after_last_0101_year,2010,2015
대학정보공시,0314,외국인유학생중도탈락현황,2019,9063735783,1,after_last_0101_year,2009,2018
대학정보공시,0314,외국인유학생중도탈락현황,2021,3428787469,1,after_last_0101_year,2009,2020
대학정보공시,0315,외국인유학생중도탈락현황_대학원,2013,3047143995,7,after_last_0101_year,2009,2012
대학정보공시,0315,외국인유학생중도탈락현황_대학원,2013,8086949288,1,after_last_0101_year,2009,2012
대학정보공시,0315,외국인유학생중도탈락현황_대학원,2013,9173629641,2,after_last_0101_year,2009,2012
대학정보공시,0315,외국인유학생중도탈락현황_대학원,2013,9924619734,2,after_last_0101_year,2011,2012
대학정보공시,0315,외국인유학생중도탈락현황_대학원,2014,2105027198,1,after_last_0101_year,2010,2013
대학정보공시,0315,외국인유학생중도탈락현황_대학원,2014,2292925059,1,before_first_0101_year,2015,2025
대학정보공시,0315,외국인유학생중도탈락현황_대학원,2014,3802718520,1,internal_0101_gap,2013,2024
대학정보공시,0315,외국인유학생중도탈락현황_대학원,2014,4458758950,2,internal_0101_gap,2013,2020
대학정보공시,0315,외국인유학생중도탈락현황_대학원,2014,5533828556,2,before_first_0101_year,2015,2025
대학정보공시,0315,외국인유학생중도탈락현황_대학원,2014,6310302317,1,internal_0101_gap,2013,2025
대학정보공시,0315,외국인유학생중도탈락현황_대학원,2014,6773062765,19,internal_0101_gap,2013,2025
대학정보공시,0315,외국인유학생중도탈락현황_대학원,2015,5129176020,2,after_last_0101_year,2009,2014
대학정보공시,0315,외국인유학생중도탈락현황_대학원,2015,9314919829,1,after_last_0101_year,2009,2014
대학정보공시,0315,외국인유학생중도탈락현황_대학원,2016,4112864494,1,after_last_0101_year,2009,2015
대학정보공시,0315,외국인유학생중도탈락현황_대학원,2024,6448657631,1,internal_0101_gap,2009,2025
대학정보공시,0316,중도탈락학생현황,2009,1508433640,6,before_first_0101_year,2010,2025
대학정보공시,0316,중도탈락학생현황,2009,1651128768,5,before_first_0101_year,2010,2010
대학정보공시,0316,중도탈락학생현황,2009,1674881875,5,before_first_0101_year,2010,2012
대학정보공시,0316,중도탈락학생현황,2009,2043681859,1,before_first_0101_year,2010,2025
대학정보공시,0316,중도탈락학생현황,2009,2097534179,28,before_first_0101_year,2010,2025
대학정보공시,0316,중도탈락학생현황,2009,2151358604,5,before_first_0101_year,2010,2025
대학정보공시,0316,중도탈락학생현황,2009,2593522906,7,before_first_0101_year,2010,2025
대학정보공시,0316,중도탈락학생현황,2009,2731287598,4,before_first_0101_year,2010,2025
대학정보공시,0316,중도탈락학생현황,2009,3313704609,6,before_first_0101_year,2010,2025
대학정보공시,0316,중도탈락학생현황,2009,3403399288,3,before_first_0101_year,2010,2025
대학정보공시,0316,중도탈락학생현황,2009,3459668815,6,before_first_0101_year,2010,2025
대학정보공시,0316,중도탈락학생현황,2009,3945737659,8,before_first_0101_year,2010,2025
대학정보공시,0316,중도탈락학생현황,2009,4097761511,7,before_first_0101_year,2010,2025
대학정보공시,0316,중도탈락학생현황,2009,4222775518,1,before_first_0101_year,2010,2025
대학정보공시,0316,중도탈락학생현황,2009,4363659620,13,before_first_0101_year,2010,2025
대학정보공시,0316,중도탈락학생현황,2009,4524179637,8,before_first_0101_year,2010,2025
대학정보공시,0316,중도탈락학생현황,2009,4982337415,7,before_first_0101_year,2010,2025
대학정보공시,0316,중도탈락학생현황,2009,5352496743,7,before_first_0101_year,2010,2015
대학정보공시,0316,중도탈락학생현황,2009,5831784427,2,before_first_0101_year,2010,2025
대학정보공시,0316,중도탈락학생현황,2009,5961281478,6,before_first_0101_year,2010,2025
대학정보공시,0316,중도탈락학생현황,2009,6084552049,18,before_first_0101_year,2010,2025
대학정보공시,0316,중도탈락학생현황,2009,7065451979,7,before_first_0101_year,2010,2025
대학정보공시,0316,중도탈락학생현황,2009,7264348506,26,before_first_0101_year,2010,2025
대학정보공시,0316,중도탈락학생현황,2009,7876808941,4,before_first_0101_year,2010,2025
대학정보공시,0316,중도탈락학생현황,2009,8106570184,7,before_first_0101_year,2010,2025
대학정보공시,0316,중도탈락학생현황,2009,8648494422,10,before_first_0101_year,2010,2025
대학정보공시,0316,중도탈락학생현황,2009,8686164438,8,before_first_0101_year,2010,2010
대학정보공시,0316,중도탈락학생현황,2009,8721071779,6,before_first_0101_year,2010,2025
대학정보공시,0316,중도탈락학생현황,2009,8851398706,7,before_first_0101_year,2010,2025
대학정보공시,0316,중도탈락학생현황,2009,9020533442,7,before_first_0101_year,2010,2025
대학정보공시,0316,중도탈락학생현황,2009,9837188839,20,before_first_0101_year,2010,2025
대학정보공시,0316,중도탈락학생현황,2009,9896320283,5,before_first_0101_year,2010,2025
대학정보공시,0316,중도탈락학생현황,2012,6218328833,25,after_last_0101_year,2009,2011
대학정보공시,0316,중도탈락학생현황,2013,1674881875,2,after_last_0101_year,2010,2012
대학정보공시,0316,중도탈락학생현황,2015,5831784427,1,internal_0101_gap,2010,2025
대학정보공시,0316,중도탈락학생현황,2015,8203220367,1,after_last_0101_year,2009,2014
대학정보공시,0316,중도탈락학생현황,2015,9749850749,38,after_last_0101_year,2009,2014
대학정보공시,0316,중도탈락학생현황,2016,1355671644,119,after_last_0101_year,2009,2015
대학정보공시,0316,중도탈락학생현황,2016,1640844106,62,after_last_0101_year,2009,2015
대학정보공시,0316,중도탈락학생현황,2016,2190562844,30,after_last_0101_year,2009,2015
대학정보공시,0316,중도탈락학생현황,2016,4574799895,12,after_last_0101_year,2009,2015
대학정보공시,0316,중도탈락학생현황,2016,6924725592,93,after_last_0101_year,2009,2015
대학정보공시,0316,중도탈락학생현황,2016,7410582542,60,after_last_0101_year,2009,2015
대학정보공시,0316,중도탈락학생현황,2017,5352496743,9,after_last_0101_year,2010,2015
대학정보공시,0316,중도탈락학생현황,2019,9063735783,58,after_last_0101_year,2009,2018
대학정보공시,0316,중도탈락학생현황,2020,3694659829,2,after_last_0101_year,2009,2019
대학정보공시,0316,중도탈락학생현황,2021,3428787469,42,after_last_0101_year,2009,2020
대학정보공시,0316,중도탈락학생현황,2021,8897112667,93,after_last_0101_year,2009,2020
대학정보공시,0317,중도탈락학생현황_대학원,2009,6044571042,4,never_in_0101,,
대학정보공시,0317,중도탈락학생현황_대학원,2009,6125592529,27,before_first_0101_year,2010,2025
대학정보공시,0317,중도탈락학생현황_대학원,2011,1542901098,1,after_last_0101_year,2009,2010
대학정보공시,0317,중도탈락학생현황_대학원,2011,1692459464,1,after_last_0101_year,2009,2010
대학정보공시,0317,중도탈락학생현황_대학원,2011,2542345285,3,after_last_0101_year,2009,2010
대학정보공시,0317,중도탈락학생현황_대학원,2011,3040643930,2,after_last_0101_year,2009,2010
대학정보공시,0317,중도탈락학생현황_대학원,2011,3097881197,1,after_last_0101_year,2009,2010
대학정보공시,0317,중도탈락학생현황_대학원,2011,3386667668,4,after_last_0101_year,2009,2010
대학정보공시,0317,중도탈락학생현황_대학원,2011,3440395534,2,after_last_0101_year,2009,2010
대학정보공시,0317,중도탈락학생현황_대학원,2011,3518742859,1,after_last_0101_year,2009,2010
대학정보공시,0317,중도탈락학생현황_대학원,2011,3681159734,1,after_last_0101_year,2009,2010
대학정보공시,0317,중도탈락학생현황_대학원,2011,6188584208,1,after_last_0101_year,2009,2010
대학정보공시,0317,중도탈락학생현황_대학원,2011,8291789591,6,after_last_0101_year,2009,2010
대학정보공시,0317,중도탈락학생현황_대학원,2011,9468469321,5,after_last_0101_year,2009,2010
대학정보공시,0317,중도탈락학생현황_대학원,2012,6847737073,5,after_last_0101_year,2009,2011
대학정보공시,0317,중도탈락학생현황_대학원,2013,2210978746,8,internal_0101_gap,2009,2017
대학정보공시,0317,중도탈락학생현황_대학원,2013,3047143995,4,after_last_0101_year,2009,2012
대학정보공시,0317,중도탈락학생현황_대학원,2013,7732420265,1,after_last_0101_year,2010,2012
대학정보공시,0317,중도탈락학생현황_대학원,2014,2105027198,2,after_last_0101_year,2010,2013
대학정보공시,0317,중도탈락학생현황_대학원,2014,3802718520,1,internal_0101_gap,2013,2024
대학정보공시,0317,중도탈락학생현황_대학원,2014,4458758950,16,internal_0101_gap,2013,2020
대학정보공시,0317,중도탈락학생현황_대학원,2014,6310302317,1,internal_0101_gap,2013,2025
대학정보공시,0317,중도탈락학생현황_대학원,2014,6773062765,5,internal_0101_gap,2013,2025
대학정보공시,0317,중도탈락학생현황_대학원,2014,7856220841,2,internal_0101_gap,2013,2022
대학정보공시,0317,중도탈락학생현황_대학원,2015,1139362752,2,after_last_0101_year,2014,2014
대학정보공시,0317,중도탈락학생현황_대학원,2015,1448684751,10,after_last_0101_year,2013,2014
대학정보공시,0317,중도탈락학생현황_대학원,2015,5129176020,3,after_last_0101_year,2009,2014
대학정보공시,0317,중도탈락학생현황_대학원,2015,6924364030,2,after_last_0101_year,2009,2014
대학정보공시,0317,중도탈락학생현황_대학원,2015,7061143279,3,after_last_0101_year,2009,2014
대학정보공시,0317,중도탈락학생현황_대학원,2015,7514404416,1,after_last_0101_year,2010,2014
대학정보공시,0317,중도탈락학생현황_대학원,2015,9011668741,9,after_last_0101_year,2009,2014
대학정보공시,0317,중도탈락학생현황_대학원,2015,9294413268,1,after_last_0101_year,2009,2014
대학정보공시,0317,중도탈락학생현황_대학원,2015,9314919829,2,after_last_0101_year,2009,2014
대학정보공시,0317,중도탈락학생현황_대학원,2015,9418958961,3,internal_0101_gap,2009,2025
대학정보공시,0317,중도탈락학생현황_대학원,2016,1406099319,1,after_last_0101_year,2009,2015
대학정보공시,0317,중도탈락학생현황_대학원,2016,3766758680,1,after_last_0101_year,2009,2015
대학정보공시,0317,중도탈락학생현황_대학원,2016,4036816358,8,internal_0101_gap,2013,2020
대학정보공시,0317,중도탈락학생현황_대학원,2016,4058111488,2,after_last_0101_year,2009,2015
대학정보공시,0317,중도탈락학생현황_대학원,2016,4112864494,8,after_last_0101_year,2009,2015
대학정보공시,0317,중도탈락학생현황_대학원,2016,4938666224,6,after_last_0101_year,2009,2015
대학정보공시,0317,중도탈락학생현황_대학원,2016,4989010214,3,after_last_0101_year,2014,2015
대학정보공시,0317,중도탈락학생현황_대학원,2016,5314473211,4,internal_0101_gap,2009,2024
대학정보공시,0317,중도탈락학생현황_대학원,2016,5619136750,6,internal_0101_gap,2009,2025
대학정보공시,0317,중도탈락학생현황_대학원,2016,5794047892,2,after_last_0101_year,2009,2015
대학정보공시,0317,중도탈락학생현황_대학원,2016,6585003435,1,internal_0101_gap,2010,2021
대학정보공시,0317,중도탈락학생현황_대학원,2016,7776926159,3,after_last_0101_year,2015,2015
대학정보공시,0317,중도탈락학생현황_대학원,2016,7835785090,3,after_last_0101_year,2009,2015
대학정보공시,0317,중도탈락학생현황_대학원,2016,8686607539,3,after_last_0101_year,2009,2015
대학정보공시,0317,중도탈락학생현황_대학원,2016,8747820377,5,after_last_0101_year,2011,2015
대학정보공시,0317,중도탈락학생현황_대학원,2016,8787434995,21,after_last_0101_year,2009,2015
대학정보공시,0317,중도탈락학생현황_대학원,2016,8870644629,4,after_last_0101_year,2011,2015
대학정보공시,0317,중도탈락학생현황_대학원,2017,3416735231,2,after_last_0101_year,2011,2016
대학정보공시,0317,중도탈락학생현황_대학원,2019,2957261025,3,never_in_0101,,
대학정보공시,0317,중도탈락학생현황_대학원,2020,2957261025,3,never_in_0101,,
대학정보공시,0317,중도탈락학생현황_대학원,2024,6448657631,1,internal_0101_gap,2009,2025
대학정보공시,0318,학사학위전공심화과정학생현황,2009,1508433640,1,before_first_0101_year,2010,2025
대학정보공시,0318,학사학위전공심화과정학생현황,2009,1651128768,1,before_first_0101_year,2010,2010
대학정보공시,0318,학사학위전공심화과정학생현황,2009,2043681859,1,before_first_0101_year,2010,2025
대학정보공시,0318,학사학위전공심화과정학생현황,2009,2151358604,1,before_first_0101_year,2010,2025
대학정보공시,0318,학사학위전공심화과정학생현황,2009,2593522906,1,before_first_0101_year,2010,2025
대학정보공시,0318,학사학위전공심화과정학생현황,2009,3313704609,1,before_first_0101_year,2010,2025
대학정보공시,0318,학사학위전공심화과정학생현황,2009,4097761511,1,before_first_0101_year,2010,2025
대학정보공시,0318,학사학위전공심화과정학생현황,2009,4363659620,1,before_first_0101_year,2010,2025
대학정보공시,0318,학사학위전공심화과정학생현황,2009,4982337415,1,before_first_0101_year,2010,2025
대학정보공시,0318,학사학위전공심화과정학생현황,2009,5352496743,1,before_first_0101_year,2010,2015
대학정보공시,0318,학사학위전공심화과정학생현황,2009,5831784427,1,before_first_0101_year,2010,2025
대학정보공시,0318,학사학위전공심화과정학생현황,2009,5961281478,1,before_first_0101_year,2010,2025
대학정보공시,0318,학사학위전공심화과정학생현황,2009,6084552049,1,before_first_0101_year,2010,2025
대학정보공시,0318,학사학위전공심화과정학생현황,2009,7264348506,1,before_first_0101_year,2010,2025
대학정보공시,0318,학사학위전공심화과정학생현황,2009,8106570184,1,before_first_0101_year,2010,2025
대학정보공시,0318,학사학위전공심화과정학생현황,2009,8648494422,1,before_first_0101_year,2010,2025
대학정보공시,0318,학사학위전공심화과정학생현황,2009,8721071779,1,before_first_0101_year,2010,2025
대학정보공시,0318,학사학위전공심화과정학생현황,2009,8851398706,1,before_first_0101_year,2010,2025
대학정보공시,0319,신입생의출신고등학교유형별현황,2017,5352496743,8,after_last_0101_year,2010,2015
대학정보공시,0401,졸업생현황,2009,1508433640,12,before_first_0101_year,2010,2025
대학정보공시,0401,졸업생현황,2009,1651128768,10,before_first_0101_year,2010,2010
대학정보공시,0401,졸업생현황,2009,1674881875,10,before_first_0101_year,2010,2012
대학정보공시,0401,졸업생현황,2009,2097534179,56,before_first_0101_year,2010,2025
대학정보공시,0401,졸업생현황,2009,2151358604,4,before_first_0101_year,2010,2025
대학정보공시,0401,졸업생현황,2009,2593522906,14,before_first_0101_year,2010,2025
대학정보공시,0401,졸업생현황,2009,2731287598,8,before_first_0101_year,2010,2025
대학정보공시,0401,졸업생현황,2009,3313704609,12,before_first_0101_year,2010,2025
대학정보공시,0401,졸업생현황,2009,3403399288,12,before_first_0101_year,2010,2025
대학정보공시,0401,졸업생현황,2009,3459668815,12,before_first_0101_year,2010,2025
대학정보공시,0401,졸업생현황,2009,3945737659,32,before_first_0101_year,2010,2025
대학정보공시,0401,졸업생현황,2009,4097761511,14,before_first_0101_year,2010,2025
대학정보공시,0401,졸업생현황,2009,4222775518,1,before_first_0101_year,2010,2025
대학정보공시,0401,졸업생현황,2009,4363659620,22,before_first_0101_year,2010,2025
대학정보공시,0401,졸업생현황,2009,4524179637,16,before_first_0101_year,2010,2025
대학정보공시,0401,졸업생현황,2009,4982337415,14,before_first_0101_year,2010,2025
대학정보공시,0401,졸업생현황,2009,5352496743,14,before_first_0101_year,2010,2015
대학정보공시,0401,졸업생현황,2009,5831784427,4,before_first_0101_year,2010,2025
대학정보공시,0401,졸업생현황,2009,5961281478,10,before_first_0101_year,2010,2025
대학정보공시,0401,졸업생현황,2009,6084552049,30,before_first_0101_year,2010,2025
대학정보공시,0401,졸업생현황,2009,7065451979,14,before_first_0101_year,2010,2025
대학정보공시,0401,졸업생현황,2009,7264348506,34,before_first_0101_year,2010,2025
대학정보공시,0401,졸업생현황,2009,7876808941,22,before_first_0101_year,2010,2025
대학정보공시,0401,졸업생현황,2009,8106570184,14,before_first_0101_year,2010,2025
대학정보공시,0401,졸업생현황,2009,8648494422,7,before_first_0101_year,2010,2025
대학정보공시,0401,졸업생현황,2009,8686164438,16,before_first_0101_year,2010,2010
대학정보공시,0401,졸업생현황,2009,8721071779,12,before_first_0101_year,2010,2025
대학정보공시,0401,졸업생현황,2009,8851398706,23,before_first_0101_year,2010,2025
대학정보공시,0401,졸업생현황,2009,9020533442,22,before_first_0101_year,2010,2025
대학정보공시,0401,졸업생현황,2009,9837188839,153,before_first_0101_year,2010,2025
대학정보공시,0401,졸업생현황,2009,9896320283,10,before_first_0101_year,2010,2025
대학정보공시,0401,졸업생현황,2017,5352496743,11,after_last_0101_year,2010,2015
대학정보공시,0402,졸업생현황_일반대학원,2009,6125592529,230,before_first_0101_year,2010,2025
대학정보공시,0402,졸업생현황_일반대학원,2019,2957261025,1,never_in_0101,,
대학정보공시,0403,졸업생현황_전문대학원,2014,4458758950,16,internal_0101_gap,2013,2020
대학정보공시,0404,졸업생현황_특수대학원,2014,2292925059,1,before_first_0101_year,2015,2025
대학정보공시,0404,졸업생현황_특수대학원,2014,6428485274,1,before_first_0101_year,2015,2025
대학정보공시,0404,졸업생현황_특수대학원,2014,6773062765,5,internal_0101_gap,2013,2025
대학정보공시,0404,졸업생현황_특수대학원,2016,9080059170,1,never_in_0101,,
대학정보공시,0405,졸업생진학현황_일반대학원,2009,1508433640,6,before_first_0101_year,2010,2025
대학정보공시,0405,졸업생진학현황_일반대학원,2009,1651128768,5,before_first_0101_year,2010,2010
대학정보공시,0405,졸업생진학현황_일반대학원,2009,1674881875,5,before_first_0101_year,2010,2012
대학정보공시,0405,졸업생진학현황_일반대학원,2009,2097534179,28,before_first_0101_year,2010,2025
대학정보공시,0405,졸업생진학현황_일반대학원,2009,2151358604,5,before_first_0101_year,2010,2025
대학정보공시,0405,졸업생진학현황_일반대학원,2009,2593522906,7,before_first_0101_year,2010,2025
대학정보공시,0405,졸업생진학현황_일반대학원,2009,2731287598,4,before_first_0101_year,2010,2025
대학정보공시,0405,졸업생진학현황_일반대학원,2009,3313704609,6,before_first_0101_year,2010,2025
대학정보공시,0405,졸업생진학현황_일반대학원,2009,3403399288,6,before_first_0101_year,2010,2025
대학정보공시,0405,졸업생진학현황_일반대학원,2009,3459668815,6,before_first_0101_year,2010,2025
대학정보공시,0405,졸업생진학현황_일반대학원,2009,3945737659,8,before_first_0101_year,2010,2025
대학정보공시,0405,졸업생진학현황_일반대학원,2009,4097761511,7,before_first_0101_year,2010,2025
대학정보공시,0405,졸업생진학현황_일반대학원,2009,4222775518,1,before_first_0101_year,2010,2025
대학정보공시,0405,졸업생진학현황_일반대학원,2009,4363659620,9,before_first_0101_year,2010,2025
대학정보공시,0405,졸업생진학현황_일반대학원,2009,4524179637,8,before_first_0101_year,2010,2025
대학정보공시,0405,졸업생진학현황_일반대학원,2009,4982337415,7,before_first_0101_year,2010,2025
대학정보공시,0405,졸업생진학현황_일반대학원,2009,5352496743,7,before_first_0101_year,2010,2015
대학정보공시,0405,졸업생진학현황_일반대학원,2009,5831784427,2,before_first_0101_year,2010,2025
대학정보공시,0405,졸업생진학현황_일반대학원,2009,5961281478,6,before_first_0101_year,2010,2025
대학정보공시,0405,졸업생진학현황_일반대학원,2009,6084552049,18,before_first_0101_year,2010,2025
대학정보공시,0405,졸업생진학현황_일반대학원,2009,7065451979,7,before_first_0101_year,2010,2025
대학정보공시,0405,졸업생진학현황_일반대학원,2009,7264348506,17,before_first_0101_year,2010,2025
대학정보공시,0405,졸업생진학현황_일반대학원,2009,7876808941,4,before_first_0101_year,2010,2025
대학정보공시,0405,졸업생진학현황_일반대학원,2009,8106570184,7,before_first_0101_year,2010,2025
대학정보공시,0405,졸업생진학현황_일반대학원,2009,8648494422,10,before_first_0101_year,2010,2025
대학정보공시,0405,졸업생진학현황_일반대학원,2009,8686164438,8,before_first_0101_year,2010,2010
대학정보공시,0405,졸업생진학현황_일반대학원,2009,8721071779,6,before_first_0101_year,2010,2025
대학정보공시,0405,졸업생진학현황_일반대학원,2009,8851398706,7,before_first_0101_year,2010,2025
대학정보공시,0405,졸업생진학현황_일반대학원,2009,9020533442,7,before_first_0101_year,2010,2025
대학정보공시,0405,졸업생진학현황_일반대학원,2009,9837188839,22,before_first_0101_year,2010,2025
대학정보공시,0405,졸업생진학현황_일반대학원,2009,9896320283,5,before_first_0101_year,2010,2025
대학정보공시,0405,졸업생진학현황_일반대학원,2017,5352496743,7,after_last_0101_year,2010,2015
대학정보공시,0405,졸업생진학현황_일반대학원,2019,4327552795,1,after_last_0101_year,2009,2018
대학정보공시,0405,졸업생진학현황_일반대학원,2019,9063735783,17,after_last_0101_year,2009,2018
대학정보공시,0405,졸업생진학현황_일반대학원,2021,3428787469,22,after_last_0101_year,2009,2020
대학정보공시,0406,졸업생진학현황_전문대학원,2009,1508433640,6,before_first_0101_year,2010,2025
대학정보공시,0406,졸업생진학현황_전문대학원,2009,1651128768,5,before_first_0101_year,2010,2010
대학정보공시,0406,졸업생진학현황_전문대학원,2009,1674881875,5,before_first_0101_year,2010,2012
대학정보공시,0406,졸업생진학현황_전문대학원,2009,2097534179,28,before_first_0101_year,2010,2025
대학정보공시,0406,졸업생진학현황_전문대학원,2009,2151358604,5,before_first_0101_year,2010,2025
대학정보공시,0406,졸업생진학현황_전문대학원,2009,2593522906,7,before_first_0101_year,2010,2025
대학정보공시,0406,졸업생진학현황_전문대학원,2009,2731287598,4,before_first_0101_year,2010,2025
대학정보공시,0406,졸업생진학현황_전문대학원,2009,3313704609,6,before_first_0101_year,2010,2025
대학정보공시,0406,졸업생진학현황_전문대학원,2009,3403399288,6,before_first_0101_year,2010,2025
대학정보공시,0406,졸업생진학현황_전문대학원,2009,3459668815,6,before_first_0101_year,2010,2025
대학정보공시,0406,졸업생진학현황_전문대학원,2009,3945737659,8,before_first_0101_year,2010,2025
대학정보공시,0406,졸업생진학현황_전문대학원,2009,4097761511,7,before_first_0101_year,2010,2025
대학정보공시,0406,졸업생진학현황_전문대학원,2009,4222775518,1,before_first_0101_year,2010,2025
대학정보공시,0406,졸업생진학현황_전문대학원,2009,4363659620,10,before_first_0101_year,2010,2025
대학정보공시,0406,졸업생진학현황_전문대학원,2009,4524179637,8,before_first_0101_year,2010,2025
대학정보공시,0406,졸업생진학현황_전문대학원,2009,4982337415,7,before_first_0101_year,2010,2025
대학정보공시,0406,졸업생진학현황_전문대학원,2009,5352496743,7,before_first_0101_year,2010,2015
대학정보공시,0406,졸업생진학현황_전문대학원,2009,5831784427,2,before_first_0101_year,2010,2025
대학정보공시,0406,졸업생진학현황_전문대학원,2009,5961281478,6,before_first_0101_year,2010,2025
대학정보공시,0406,졸업생진학현황_전문대학원,2009,6084552049,18,before_first_0101_year,2010,2025
대학정보공시,0406,졸업생진학현황_전문대학원,2009,7065451979,7,before_first_0101_year,2010,2025
대학정보공시,0406,졸업생진학현황_전문대학원,2009,7264348506,17,before_first_0101_year,2010,2025
대학정보공시,0406,졸업생진학현황_전문대학원,2009,7876808941,4,before_first_0101_year,2010,2025
대학정보공시,0406,졸업생진학현황_전문대학원,2009,8106570184,7,before_first_0101_year,2010,2025
대학정보공시,0406,졸업생진학현황_전문대학원,2009,8648494422,10,before_first_0101_year,2010,2025
대학정보공시,0406,졸업생진학현황_전문대학원,2009,8686164438,8,before_first_0101_year,2010,2010
대학정보공시,0406,졸업생진학현황_전문대학원,2009,8721071779,6,before_first_0101_year,2010,2025
대학정보공시,0406,졸업생진학현황_전문대학원,2009,8851398706,7,before_first_0101_year,2010,2025
대학정보공시,0406,졸업생진학현황_전문대학원,2009,9020533442,7,before_first_0101_year,2010,2025
대학정보공시,0406,졸업생진학현황_전문대학원,2009,9837188839,22,before_first_0101_year,2010,2025
대학정보공시,0406,졸업생진학현황_전문대학원,2009,9896320283,5,before_first_0101_year,2010,2025
대학정보공시,0407,졸업생진학현황_일반대학원_대학원,2009,6125592529,27,before_first_0101_year,2010,2025
대학정보공시,0408,졸업생진학현황_전문대학원_대학원,2014,4458758950,16,internal_0101_gap,2013,2020
대학정보공시,0409,졸업생진학현황_특수대학원,2014,2292925059,1,before_first_0101_year,2015,2025
대학정보공시,0409,졸업생진학현황_특수대학원,2014,6428485274,1,before_first_0101_year,2015,2025
대학정보공시,0409,졸업생진학현황_특수대학원,2014,6773062765,5,internal_0101_gap,2013,2025
대학정보공시,0409,졸업생진학현황_특수대학원,2016,9080059170,1,never_in_0101,,
대학정보공시,0410,졸업생취업현황,2009,1508433640,6,before_first_0101_year,2010,2025
대학정보공시,0410,졸업생취업현황,2009,1651128768,5,before_first_0101_year,2010,2010
대학정보공시,0410,졸업생취업현황,2009,1674881875,5,before_first_0101_year,2010,2012
대학정보공시,0410,졸업생취업현황,2009,2097534179,28,before_first_0101_year,2010,2025
대학정보공시,0410,졸업생취업현황,2009,2151358604,5,before_first_0101_year,2010,2025
대학정보공시,0410,졸업생취업현황,2009,2593522906,7,before_first_0101_year,2010,2025
대학정보공시,0410,졸업생취업현황,2009,2731287598,4,before_first_0101_year,2010,2025
대학정보공시,0410,졸업생취업현황,2009,3313704609,6,before_first_0101_year,2010,2025
대학정보공시,0410,졸업생취업현황,2009,3403399288,6,before_first_0101_year,2010,2025
대학정보공시,0410,졸업생취업현황,2009,3459668815,6,before_first_0101_year,2010,2025
대학정보공시,0410,졸업생취업현황,2009,3945737659,8,before_first_0101_year,2010,2025
대학정보공시,0410,졸업생취업현황,2009,4097761511,7,before_first_0101_year,2010,2025
대학정보공시,0410,졸업생취업현황,2009,4222775518,1,before_first_0101_year,2010,2025
대학정보공시,0410,졸업생취업현황,2009,4363659620,11,before_first_0101_year,2010,2025
대학정보공시,0410,졸업생취업현황,2009,4524179637,8,before_first_0101_year,2010,2025
대학정보공시,0410,졸업생취업현황,2009,4982337415,7,before_first_0101_year,2010,2025
대학정보공시,0410,졸업생취업현황,2009,5352496743,7,before_first_0101_year,2010,2015
대학정보공시,0410,졸업생취업현황,2009,5831784427,2,before_first_0101_year,2010,2025
대학정보공시,0410,졸업생취업현황,2009,5961281478,6,before_first_0101_year,2010,2025
대학정보공시,0410,졸업생취업현황,2009,6084552049,15,before_first_0101_year,2010,2025
대학정보공시,0410,졸업생취업현황,2009,7065451979,7,before_first_0101_year,2010,2025
대학정보공시,0410,졸업생취업현황,2009,7264348506,17,before_first_0101_year,2010,2025
대학정보공시,0410,졸업생취업현황,2009,7876808941,4,before_first_0101_year,2010,2025
대학정보공시,0410,졸업생취업현황,2009,8106570184,7,before_first_0101_year,2010,2025
대학정보공시,0410,졸업생취업현황,2009,8648494422,10,before_first_0101_year,2010,2025
대학정보공시,0410,졸업생취업현황,2009,8686164438,8,before_first_0101_year,2010,2010
대학정보공시,0410,졸업생취업현황,2009,8721071779,6,before_first_0101_year,2010,2025
대학정보공시,0410,졸업생취업현황,2009,8851398706,7,before_first_0101_year,2010,2025
대학정보공시,0410,졸업생취업현황,2009,9020533442,7,before_first_0101_year,2010,2025
대학정보공시,0410,졸업생취업현황,2009,9837188839,22,before_first_0101_year,2010,2025
대학정보공시,0410,졸업생취업현황,2009,9896320283,5,before_first_0101_year,2010,2025
대학정보공시,0410,졸업생취업현황,2012,6218328833,11,after_last_0101_year,2009,2011
대학정보공시,0410,졸업생취업현황,2013,4997156083,12,after_last_0101_year,2009,2012
대학정보공시,0410,졸업생취업현황,2013,9213808596,9,after_last_0101_year,2009,2012
대학정보공시,0410,졸업생취업현황,2013,9974667608,24,after_last_0101_year,2009,2012
대학정보공시,0410,졸업생취업현황,2014,5400147795,3,after_last_0101_year,2009,2013
대학정보공시,0410,졸업생취업현황,2014,6681864976,8,after_last_0101_year,2009,2013
대학정보공시,0410,졸업생취업현황,2016,4574799895,8,after_last_0101_year,2009,2015
대학정보공시,0410,졸업생취업현황,2016,6531755685,1,after_last_0101_year,2009,2015
대학정보공시,0410,졸업생취업현황,2016,7410582542,19,after_last_0101_year,2009,2015
대학정보공시,0410,졸업생취업현황,2017,5352496743,7,after_last_0101_year,2010,2015
대학정보공시,0410,졸업생취업현황,2019,4327552795,1,after_last_0101_year,2009,2018
대학정보공시,0410,졸업생취업현황,2019,9063735783,17,after_last_0101_year,2009,2018
대학정보공시,0411,졸업생취업현황_일반대학원,2013,2517782688,3,after_last_0101_year,2009,2012
대학정보공시,0412,졸업생취업현황_전문대학원,2014,4458758950,16,internal_0101_gap,2013,2020
대학정보공시,0413,졸업생취업현황_특수대학원,2014,2292925059,1,before_first_0101_year,2015,2025
대학정보공시,0413,졸업생취업현황_특수대학원,2014,6428485274,1,before_first_0101_year,2015,2025
대학정보공시,0413,졸업생취업현황_특수대학원,2014,6773062765,5,internal_0101_gap,2013,2025
대학정보공시,0413,졸업생취업현황_특수대학원,2016,9080059170,1,never_in_0101,,
대학정보공시,0413,졸업생취업현황_특수대학원,2023,3484138607,3,after_last_0101_year,2014,2022
대학정보공시,0501,전체교원대비전임교원현황_전문대학,2009,1508433640,7,before_first_0101_year,2010,2025
대학정보공시,0501,전체교원대비전임교원현황_전문대학,2009,1651128768,6,before_first_0101_year,2010,2010
대학정보공시,0501,전체교원대비전임교원현황_전문대학,2009,1674881875,6,before_first_0101_year,2010,2012
대학정보공시,0501,전체교원대비전임교원현황_전문대학,2009,2043681859,2,before_first_0101_year,2010,2025
대학정보공시,0501,전체교원대비전임교원현황_전문대학,2009,2151358604,6,before_first_0101_year,2010,2025
대학정보공시,0501,전체교원대비전임교원현황_전문대학,2009,2593522906,8,before_first_0101_year,2010,2025
대학정보공시,0501,전체교원대비전임교원현황_전문대학,2009,2731287598,5,before_first_0101_year,2010,2025
대학정보공시,0501,전체교원대비전임교원현황_전문대학,2009,3313704609,7,before_first_0101_year,2010,2025
대학정보공시,0501,전체교원대비전임교원현황_전문대학,2009,3403399288,7,before_first_0101_year,2010,2025
대학정보공시,0501,전체교원대비전임교원현황_전문대학,2009,3945737659,9,before_first_0101_year,2010,2025
대학정보공시,0501,전체교원대비전임교원현황_전문대학,2009,4097761511,8,before_first_0101_year,2010,2025
대학정보공시,0501,전체교원대비전임교원현황_전문대학,2009,4222775518,2,before_first_0101_year,2010,2025
대학정보공시,0501,전체교원대비전임교원현황_전문대학,2009,4363659620,12,before_first_0101_year,2010,2025
대학정보공시,0501,전체교원대비전임교원현황_전문대학,2009,4524179637,9,before_first_0101_year,2010,2025
대학정보공시,0501,전체교원대비전임교원현황_전문대학,2009,4982337415,8,before_first_0101_year,2010,2025
대학정보공시,0501,전체교원대비전임교원현황_전문대학,2009,5352496743,8,before_first_0101_year,2010,2015
대학정보공시,0501,전체교원대비전임교원현황_전문대학,2009,5831784427,3,before_first_0101_year,2010,2025
대학정보공시,0501,전체교원대비전임교원현황_전문대학,2009,5961281478,7,before_first_0101_year,2010,2025
대학정보공시,0501,전체교원대비전임교원현황_전문대학,2009,6084552049,13,before_first_0101_year,2010,2025
대학정보공시,0501,전체교원대비전임교원현황_전문대학,2009,7065451979,8,before_first_0101_year,2010,2025
대학정보공시,0501,전체교원대비전임교원현황_전문대학,2009,7264348506,13,before_first_0101_year,2010,2025
대학정보공시,0501,전체교원대비전임교원현황_전문대학,2009,7876808941,5,before_first_0101_year,2010,2025
대학정보공시,0501,전체교원대비전임교원현황_전문대학,2009,8106570184,8,before_first_0101_year,2010,2025
대학정보공시,0501,전체교원대비전임교원현황_전문대학,2009,8648494422,11,before_first_0101_year,2010,2025
대학정보공시,0501,전체교원대비전임교원현황_전문대학,2009,8686164438,9,before_first_0101_year,2010,2010
대학정보공시,0501,전체교원대비전임교원현황_전문대학,2009,8721071779,7,before_first_0101_year,2010,2025
대학정보공시,0501,전체교원대비전임교원현황_전문대학,2009,8851398706,8,before_first_0101_year,2010,2025
대학정보공시,0501,전체교원대비전임교원현황_전문대학,2009,9020533442,8,before_first_0101_year,2010,2025
대학정보공시,0501,전체교원대비전임교원현황_전문대학,2009,9896320283,6,before_first_0101_year,2010,2025
대학정보공시,0501,전체교원대비전임교원현황_전문대학,2015,9749850749,1,after_last_0101_year,2009,2014
대학정보공시,0501,전체교원대비전임교원현황_전문대학,2017,5352496743,11,after_last_0101_year,2010,2015
대학정보공시,0502,전체교원대비전임교원현황,2009,2097534179,29,before_first_0101_year,2010,2025
대학정보공시,0502,전체교원대비전임교원현황,2009,3459668815,7,before_first_0101_year,2010,2025
대학정보공시,0502,전체교원대비전임교원현황,2009,4124740779,1,never_in_0101,,
대학정보공시,0502,전체교원대비전임교원현황,2009,5814962685,1,never_in_0101,,
대학정보공시,0502,전체교원대비전임교원현황,2009,6125592529,8,before_first_0101_year,2010,2025
대학정보공시,0502,전체교원대비전임교원현황,2009,6566148042,4,never_in_0101,,
대학정보공시,0502,전체교원대비전임교원현황,2009,9837188839,21,before_first_0101_year,2010,2025
대학정보공시,0502,전체교원대비전임교원현황,2014,1673513412,1,before_first_0101_year,2015,2022
대학정보공시,0502,전체교원대비전임교원현황,2014,5533828556,1,before_first_0101_year,2015,2025
대학정보공시,0502,전체교원대비전임교원현황,2015,5918260991,1,after_last_0101_year,2009,2013
대학정보공시,0502,전체교원대비전임교원현황,2015,6367777764,1,after_last_0101_year,2009,2013
대학정보공시,0502,전체교원대비전임교원현황,2015,7058584451,1,after_last_0101_year,2009,2013
대학정보공시,0502,전체교원대비전임교원현황,2016,8889203906,7,after_last_0101_year,2009,2015
대학정보공시,0502,전체교원대비전임교원현황,2016,9080059170,1,never_in_0101,,
대학정보공시,0502,전체교원대비전임교원현황,2019,2957261025,1,never_in_0101,,
대학정보공시,0503,전임교원1인당학생현황,2009,2097534179,1,before_first_0101_year,2010,2025
대학정보공시,0503,전임교원1인당학생현황,2009,3459668815,4,before_first_0101_year,2010,2025
대학정보공시,0503,전임교원1인당학생현황,2009,9837188839,3,before_first_0101_year,2010,2025
대학정보공시,0503,전임교원1인당학생현황,2011,8862205862,5,before_first_0101_year,2014,2025
대학정보공시,0503,전임교원1인당학생현황,2012,8862205862,5,before_first_0101_year,2014,2025
대학정보공시,0503,전임교원1인당학생현황,2013,8862205862,5,before_first_0101_year,2014,2025
대학정보공시,0503,전임교원1인당학생현황,2024,1055907428,5,after_last_0101_year,2009,2023
대학정보공시,0503,전임교원1인당학생현황,2024,2747833073,5,after_last_0101_year,2009,2023
대학정보공시,0503,전임교원1인당학생현황,2025,1055907428,5,after_last_0101_year,2009,2023
대학정보공시,0504,전임교원1인당학생현황_전문대학,2009,1508433640,1,before_first_0101_year,2010,2025
대학정보공시,0504,전임교원1인당학생현황_전문대학,2009,1651128768,1,before_first_0101_year,2010,2010
대학정보공시,0504,전임교원1인당학생현황_전문대학,2009,1674881875,1,before_first_0101_year,2010,2012
대학정보공시,0504,전임교원1인당학생현황_전문대학,2009,2043681859,1,before_first_0101_year,2010,2025
대학정보공시,0504,전임교원1인당학생현황_전문대학,2009,2151358604,1,before_first_0101_year,2010,2025
대학정보공시,0504,전임교원1인당학생현황_전문대학,2009,2593522906,1,before_first_0101_year,2010,2025
대학정보공시,0504,전임교원1인당학생현황_전문대학,2009,2731287598,1,before_first_0101_year,2010,2025
대학정보공시,0504,전임교원1인당학생현황_전문대학,2009,3313704609,1,before_first_0101_year,2010,2025
대학정보공시,0504,전임교원1인당학생현황_전문대학,2009,3403399288,1,before_first_0101_year,2010,2025
대학정보공시,0504,전임교원1인당학생현황_전문대학,2009,3945737659,3,before_first_0101_year,2010,2025
대학정보공시,0504,전임교원1인당학생현황_전문대학,2009,4097761511,1,before_first_0101_year,2010,2025
대학정보공시,0504,전임교원1인당학생현황_전문대학,2009,4222775518,1,before_first_0101_year,2010,2025
대학정보공시,0504,전임교원1인당학생현황_전문대학,2009,4363659620,1,before_first_0101_year,2010,2025
대학정보공시,0504,전임교원1인당학생현황_전문대학,2009,4524179637,1,before_first_0101_year,2010,2025
대학정보공시,0504,전임교원1인당학생현황_전문대학,2009,4982337415,1,before_first_0101_year,2010,2025
대학정보공시,0504,전임교원1인당학생현황_전문대학,2009,5352496743,2,before_first_0101_year,2010,2015
대학정보공시,0504,전임교원1인당학생현황_전문대학,2009,5831784427,1,before_first_0101_year,2010,2025
대학정보공시,0504,전임교원1인당학생현황_전문대학,2009,5961281478,1,before_first_0101_year,2010,2025
대학정보공시,0504,전임교원1인당학생현황_전문대학,2009,6084552049,1,before_first_0101_year,2010,2025
대학정보공시,0504,전임교원1인당학생현황_전문대학,2009,7065451979,1,before_first_0101_year,2010,2025
대학정보공시,0504,전임교원1인당학생현황_전문대학,2009,7264348506,1,before_first_0101_year,2010,2025
대학정보공시,0504,전임교원1인당학생현황_전문대학,2009,7876808941,2,before_first_0101_year,2010,2025
대학정보공시,0504,전임교원1인당학생현황_전문대학,2009,8106570184,1,before_first_0101_year,2010,2025
대학정보공시,0504,전임교원1인당학생현황_전문대학,2009,8648494422,1,before_first_0101_year,2010,2025
대학정보공시,0504,전임교원1인당학생현황_전문대학,2009,8686164438,1,before_first_0101_year,2010,2010
대학정보공시,0504,전임교원1인당학생현황_전문대학,2009,8721071779,1,before_first_0101_year,2010,2025
대학정보공시,0504,전임교원1인당학생현황_전문대학,2009,8851398706,1,before_first_0101_year,2010,2025
대학정보공시,0504,전임교원1인당학생현황_전문대학,2009,9020533442,1,before_first_0101_year,2010,2025
대학정보공시,0504,전임교원1인당학생현황_전문대학,2009,9896320283,1,before_first_0101_year,2010,2025
대학정보공시,0504,전임교원1인당학생현황_전문대학,2017,5352496743,1,after_last_0101_year,2010,2015
대학정보공시,0505,국가별외국인전임교원현황,2009,2097534179,2,before_first_0101_year,2010,2025
대학정보공시,0505,국가별외국인전임교원현황,2009,2593522906,1,before_first_0101_year,2010,2025
대학정보공시,0505,국가별외국인전임교원현황,2009,9837188839,6,before_first_0101_year,2010,2025
대학정보공시,0505,국가별외국인전임교원현황,2011,8862205862,1,before_first_0101_year,2014,2025
대학정보공시,0505,국가별외국인전임교원현황,2012,8862205862,2,before_first_0101_year,2014,2025
대학정보공시,0505,국가별외국인전임교원현황,2013,8862205862,2,before_first_0101_year,2014,2025
대학정보공시,0506,전공계열별외국인전임교원현황,2009,1651128768,5,before_first_0101_year,2010,2010
대학정보공시,0506,전공계열별외국인전임교원현황,2009,2097534179,1,before_first_0101_year,2010,2025
대학정보공시,0506,전공계열별외국인전임교원현황,2009,2593522906,5,before_first_0101_year,2010,2025
대학정보공시,0506,전공계열별외국인전임교원현황,2009,9837188839,3,before_first_0101_year,2010,2025
대학정보공시,0506,전공계열별외국인전임교원현황,2011,8862205862,5,before_first_0101_year,2014,2025
대학정보공시,0506,전공계열별외국인전임교원현황,2012,8862205862,5,before_first_0101_year,2014,2025
대학정보공시,0506,전공계열별외국인전임교원현황,2013,8862205862,5,before_first_0101_year,2014,2025
대학정보공시,0506,전공계열별외국인전임교원현황,2024,1055907428,6,after_last_0101_year,2009,2023
대학정보공시,0506,전공계열별외국인전임교원현황,2024,2747833073,6,after_last_0101_year,2009,2023
대학정보공시,0506,전공계열별외국인전임교원현황,2025,1055907428,6,after_last_0101_year,2009,2023
대학정보공시,0601,국내외학술지게재논문실적,2009,1508433640,7,before_first_0101_year,2010,2025
대학정보공시,0601,국내외학술지게재논문실적,2009,1651128768,6,before_first_0101_year,2010,2010
대학정보공시,0601,국내외학술지게재논문실적,2009,1674881875,6,before_first_0101_year,2010,2012
대학정보공시,0601,국내외학술지게재논문실적,2009,2043681859,2,before_first_0101_year,2010,2025
대학정보공시,0601,국내외학술지게재논문실적,2009,2151358604,6,before_first_0101_year,2010,2025
대학정보공시,0601,국내외학술지게재논문실적,2009,2593522906,8,before_first_0101_year,2010,2025
대학정보공시,0601,국내외학술지게재논문실적,2009,2731287598,5,before_first_0101_year,2010,2025
대학정보공시,0601,국내외학술지게재논문실적,2009,3313704609,7,before_first_0101_year,2010,2025
대학정보공시,0601,국내외학술지게재논문실적,2009,3403399288,7,before_first_0101_year,2010,2025
대학정보공시,0601,국내외학술지게재논문실적,2009,3459668815,7,before_first_0101_year,2010,2025
대학정보공시,0601,국내외학술지게재논문실적,2009,3945737659,9,before_first_0101_year,2010,2025
대학정보공시,0601,국내외학술지게재논문실적,2009,4097761511,8,before_first_0101_year,2010,2025
대학정보공시,0601,국내외학술지게재논문실적,2009,4222775518,2,before_first_0101_year,2010,2025
대학정보공시,0601,국내외학술지게재논문실적,2009,4363659620,12,before_first_0101_year,2010,2025
대학정보공시,0601,국내외학술지게재논문실적,2009,4524179637,9,before_first_0101_year,2010,2025
대학정보공시,0601,국내외학술지게재논문실적,2009,4982337415,8,before_first_0101_year,2010,2025
대학정보공시,0601,국내외학술지게재논문실적,2009,5352496743,8,before_first_0101_year,2010,2015
대학정보공시,0601,국내외학술지게재논문실적,2009,5831784427,3,before_first_0101_year,2010,2025
대학정보공시,0601,국내외학술지게재논문실적,2009,5961281478,7,before_first_0101_year,2010,2025
대학정보공시,0601,국내외학술지게재논문실적,2009,6084552049,13,before_first_0101_year,2010,2025
대학정보공시,0601,국내외학술지게재논문실적,2009,6125592529,8,before_first_0101_year,2010,2025
대학정보공시,0601,국내외학술지게재논문실적,2009,7264348506,16,before_first_0101_year,2010,2025
대학정보공시,0601,국내외학술지게재논문실적,2009,7876808941,5,before_first_0101_year,2010,2025
대학정보공시,0601,국내외학술지게재논문실적,2009,8106570184,8,before_first_0101_year,2010,2025
대학정보공시,0601,국내외학술지게재논문실적,2009,8648494422,11,before_first_0101_year,2010,2025
대학정보공시,0601,국내외학술지게재논문실적,2009,8686164438,9,before_first_0101_year,2010,2010
대학정보공시,0601,국내외학술지게재논문실적,2009,8721071779,7,before_first_0101_year,2010,2025
대학정보공시,0601,국내외학술지게재논문실적,2009,8851398706,8,before_first_0101_year,2010,2025
대학정보공시,0601,국내외학술지게재논문실적,2009,9020533442,8,before_first_0101_year,2010,2025
대학정보공시,0601,국내외학술지게재논문실적,2009,9837188839,18,before_first_0101_year,2010,2025
대학정보공시,0601,국내외학술지게재논문실적,2009,9896320283,6,before_first_0101_year,2010,2025
대학정보공시,0601,국내외학술지게재논문실적,2017,5352496743,7,after_last_0101_year,2010,2015
대학정보공시,0602,저역서실적,2009,1508433640,7,before_first_0101_year,2010,2025
대학정보공시,0602,저역서실적,2009,1651128768,6,before_first_0101_year,2010,2010
대학정보공시,0602,저역서실적,2009,1674881875,6,before_first_0101_year,2010,2012
대학정보공시,0602,저역서실적,2009,2043681859,2,before_first_0101_year,2010,2025
대학정보공시,0602,저역서실적,2009,2151358604,6,before_first_0101_year,2010,2025
대학정보공시,0602,저역서실적,2009,2593522906,8,before_first_0101_year,2010,2025
대학정보공시,0602,저역서실적,2009,2731287598,5,before_first_0101_year,2010,2025
대학정보공시,0602,저역서실적,2009,3403399288,7,before_first_0101_year,2010,2025
대학정보공시,0602,저역서실적,2009,3459668815,7,before_first_0101_year,2010,2025
대학정보공시,0602,저역서실적,2009,3945737659,9,before_first_0101_year,2010,2025
대학정보공시,0602,저역서실적,2009,4097761511,8,before_first_0101_year,2010,2025
대학정보공시,0602,저역서실적,2009,4222775518,2,before_first_0101_year,2010,2025
대학정보공시,0602,저역서실적,2009,4363659620,12,before_first_0101_year,2010,2025
대학정보공시,0602,저역서실적,2009,4524179637,9,before_first_0101_year,2010,2025
대학정보공시,0602,저역서실적,2009,4982337415,8,before_first_0101_year,2010,2025
대학정보공시,0602,저역서실적,2009,5352496743,8,before_first_0101_year,2010,2015
대학정보공시,0602,저역서실적,2009,5831784427,3,before_first_0101_year,2010,2025
대학정보공시,0602,저역서실적,2009,5961281478,7,before_first_0101_year,2010,2025
대학정보공시,0602,저역서실적,2009,6084552049,13,before_first_0101_year,2010,2025
대학정보공시,0602,저역서실적,2009,6125592529,8,before_first_0101_year,2010,2025
대학정보공시,0602,저역서실적,2009,7264348506,16,before_first_0101_year,2010,2025
대학정보공시,0602,저역서실적,2009,7876808941,5,before_first_0101_year,2010,2025
대학정보공시,0602,저역서실적,2009,8106570184,8,before_first_0101_year,2010,2025
대학정보공시,0602,저역서실적,2009,8648494422,11,before_first_0101_year,2010,2025
대학정보공시,0602,저역서실적,2009,8686164438,9,before_first_0101_year,2010,2010
대학정보공시,0602,저역서실적,2009,8721071779,7,before_first_0101_year,2010,2025
대학정보공시,0602,저역서실적,2009,8851398706,8,before_first_0101_year,2010,2025
대학정보공시,0602,저역서실적,2009,9837188839,18,before_first_0101_year,2010,2025
대학정보공시,0602,저역서실적,2009,9896320283,6,before_first_0101_year,2010,2025
대학정보공시,0701,교비회계대차대조표,2009,1508433640,6,before_first_0101_year,2010,2025
대학정보공시,0701,교비회계대차대조표,2009,1651128768,6,before_first_0101_year,2010,2010
대학정보공시,0701,교비회계대차대조표,2009,1674881875,6,before_first_0101_year,2010,2012
대학정보공시,0701,교비회계대차대조표,2009,2043681859,6,before_first_0101_year,2010,2025
대학정보공시,0701,교비회계대차대조표,2009,2151358604,6,before_first_0101_year,2010,2025
대학정보공시,0701,교비회계대차대조표,2009,2593522906,6,before_first_0101_year,2010,2025
대학정보공시,0701,교비회계대차대조표,2009,2731287598,6,before_first_0101_year,2010,2025
대학정보공시,0701,교비회계대차대조표,2009,3313704609,6,before_first_0101_year,2010,2025
대학정보공시,0701,교비회계대차대조표,2009,3403399288,6,before_first_0101_year,2010,2025
대학정보공시,0701,교비회계대차대조표,2009,3945737659,6,before_first_0101_year,2010,2025
대학정보공시,0701,교비회계대차대조표,2009,4097761511,6,before_first_0101_year,2010,2025
대학정보공시,0701,교비회계대차대조표,2009,4222775518,6,before_first_0101_year,2010,2025
대학정보공시,0701,교비회계대차대조표,2009,4363659620,6,before_first_0101_year,2010,2025
대학정보공시,0701,교비회계대차대조표,2009,4524179637,6,before_first_0101_year,2010,2025
대학정보공시,0701,교비회계대차대조표,2009,4982337415,6,before_first_0101_year,2010,2025
대학정보공시,0701,교비회계대차대조표,2009,5352496743,6,before_first_0101_year,2010,2015
대학정보공시,0701,교비회계대차대조표,2009,5831784427,6,before_first_0101_year,2010,2025
대학정보공시,0701,교비회계대차대조표,2009,5961281478,6,before_first_0101_year,2010,2025
대학정보공시,0701,교비회계대차대조표,2009,6084552049,6,before_first_0101_year,2010,2025
대학정보공시,0701,교비회계대차대조표,2009,7065451979,6,before_first_0101_year,2010,2025
대학정보공시,0701,교비회계대차대조표,2009,7264348506,6,before_first_0101_year,2010,2025
대학정보공시,0701,교비회계대차대조표,2009,7876808941,6,before_first_0101_year,2010,2025
대학정보공시,0701,교비회계대차대조표,2009,8648494422,6,before_first_0101_year,2010,2025
대학정보공시,0701,교비회계대차대조표,2009,8686164438,6,before_first_0101_year,2010,2010
대학정보공시,0701,교비회계대차대조표,2009,8721071779,6,before_first_0101_year,2010,2025
대학정보공시,0701,교비회계대차대조표,2009,8851398706,6,before_first_0101_year,2010,2025
대학정보공시,0701,교비회계대차대조표,2009,9020533442,6,before_first_0101_year,2010,2025
대학정보공시,0701,교비회계대차대조표,2009,9896320283,6,before_first_0101_year,2010,2025
대학정보공시,0701,교비회계대차대조표,2016,1406099319,9,after_last_0101_year,2009,2015
대학정보공시,0701,교비회계대차대조표,2017,5352496743,7,after_last_0101_year,2010,2015
대학정보공시,0702,교비회계운영계산서,2009,1508433640,16,before_first_0101_year,2010,2025
대학정보공시,0702,교비회계운영계산서,2009,1651128768,16,before_first_0101_year,2010,2010
대학정보공시,0702,교비회계운영계산서,2009,1674881875,16,before_first_0101_year,2010,2012
대학정보공시,0702,교비회계운영계산서,2009,2043681859,16,before_first_0101_year,2010,2025
대학정보공시,0702,교비회계운영계산서,2009,2151358604,16,before_first_0101_year,2010,2025
대학정보공시,0702,교비회계운영계산서,2009,2593522906,16,before_first_0101_year,2010,2025
대학정보공시,0702,교비회계운영계산서,2009,2731287598,16,before_first_0101_year,2010,2025
대학정보공시,0702,교비회계운영계산서,2009,3313704609,16,before_first_0101_year,2010,2025
대학정보공시,0702,교비회계운영계산서,2009,3403399288,16,before_first_0101_year,2010,2025
대학정보공시,0702,교비회계운영계산서,2009,3945737659,16,before_first_0101_year,2010,2025
대학정보공시,0702,교비회계운영계산서,2009,4097761511,16,before_first_0101_year,2010,2025
대학정보공시,0702,교비회계운영계산서,2009,4222775518,16,before_first_0101_year,2010,2025
대학정보공시,0702,교비회계운영계산서,2009,4363659620,16,before_first_0101_year,2010,2025
대학정보공시,0702,교비회계운영계산서,2009,4524179637,16,before_first_0101_year,2010,2025
대학정보공시,0702,교비회계운영계산서,2009,4982337415,16,before_first_0101_year,2010,2025
대학정보공시,0702,교비회계운영계산서,2009,5352496743,16,before_first_0101_year,2010,2015
대학정보공시,0702,교비회계운영계산서,2009,5831784427,16,before_first_0101_year,2010,2025
대학정보공시,0702,교비회계운영계산서,2009,5961281478,16,before_first_0101_year,2010,2025
대학정보공시,0702,교비회계운영계산서,2009,6084552049,16,before_first_0101_year,2010,2025
대학정보공시,0702,교비회계운영계산서,2009,7065451979,16,before_first_0101_year,2010,2025
대학정보공시,0702,교비회계운영계산서,2009,7264348506,16,before_first_0101_year,2010,2025
대학정보공시,0702,교비회계운영계산서,2009,7876808941,16,before_first_0101_year,2010,2025
대학정보공시,0702,교비회계운영계산서,2009,8648494422,16,before_first_0101_year,2010,2025
대학정보공시,0702,교비회계운영계산서,2009,8686164438,16,before_first_0101_year,2010,2010
대학정보공시,0702,교비회계운영계산서,2009,8721071779,16,before_first_0101_year,2010,2025
대학정보공시,0702,교비회계운영계산서,2009,8851398706,16,before_first_0101_year,2010,2025
대학정보공시,0702,교비회계운영계산서,2009,9020533442,16,before_first_0101_year,2010,2025
대학정보공시,0702,교비회계운영계산서,2009,9896320283,16,before_first_0101_year,2010,2025
대학정보공시,0702,교비회계운영계산서,2016,1406099319,17,after_last_0101_year,2009,2015
대학정보공시,0702,교비회계운영계산서,2017,5352496743,9,after_last_0101_year,2010,2015
대학정보공시,0703,교비회계자금계산서,2009,1508433640,15,before_first_0101_year,2010,2025
대학정보공시,0703,교비회계자금계산서,2009,1651128768,15,before_first_0101_year,2010,2010
대학정보공시,0703,교비회계자금계산서,2009,1674881875,15,before_first_0101_year,2010,2012
대학정보공시,0703,교비회계자금계산서,2009,2043681859,15,before_first_0101_year,2010,2025
대학정보공시,0703,교비회계자금계산서,2009,2151358604,15,before_first_0101_year,2010,2025
대학정보공시,0703,교비회계자금계산서,2009,2593522906,15,before_first_0101_year,2010,2025
대학정보공시,0703,교비회계자금계산서,2009,2731287598,15,before_first_0101_year,2010,2025
대학정보공시,0703,교비회계자금계산서,2009,3313704609,15,before_first_0101_year,2010,2025
대학정보공시,0703,교비회계자금계산서,2009,3403399288,15,before_first_0101_year,2010,2025
대학정보공시,0703,교비회계자금계산서,2009,3945737659,15,before_first_0101_year,2010,2025
대학정보공시,0703,교비회계자금계산서,2009,4097761511,15,before_first_0101_year,2010,2025
대학정보공시,0703,교비회계자금계산서,2009,4222775518,15,before_first_0101_year,2010,2025
대학정보공시,0703,교비회계자금계산서,2009,4363659620,15,before_first_0101_year,2010,2025
대학정보공시,0703,교비회계자금계산서,2009,4524179637,15,before_first_0101_year,2010,2025
대학정보공시,0703,교비회계자금계산서,2009,4982337415,15,before_first_0101_year,2010,2025
대학정보공시,0703,교비회계자금계산서,2009,5352496743,15,before_first_0101_year,2010,2015
대학정보공시,0703,교비회계자금계산서,2009,5831784427,15,before_first_0101_year,2010,2025
대학정보공시,0703,교비회계자금계산서,2009,5961281478,15,before_first_0101_year,2010,2025
대학정보공시,0703,교비회계자금계산서,2009,6084552049,15,before_first_0101_year,2010,2025
대학정보공시,0703,교비회계자금계산서,2009,7065451979,15,before_first_0101_year,2010,2025
대학정보공시,0703,교비회계자금계산서,2009,7264348506,15,before_first_0101_year,2010,2025
대학정보공시,0703,교비회계자금계산서,2009,7876808941,15,before_first_0101_year,2010,2025
대학정보공시,0703,교비회계자금계산서,2009,8648494422,15,before_first_0101_year,2010,2025
대학정보공시,0703,교비회계자금계산서,2009,8686164438,15,before_first_0101_year,2010,2010
대학정보공시,0703,교비회계자금계산서,2009,8721071779,15,before_first_0101_year,2010,2025
대학정보공시,0703,교비회계자금계산서,2009,8851398706,15,before_first_0101_year,2010,2025
대학정보공시,0703,교비회계자금계산서,2009,9020533442,15,before_first_0101_year,2010,2025
대학정보공시,0703,교비회계자금계산서,2009,9896320283,15,before_first_0101_year,2010,2025
대학정보공시,0703,교비회계자금계산서,2012,6218328833,17,after_last_0101_year,2009,2011
대학정보공시,0703,교비회계자금계산서,2016,1406099319,19,after_last_0101_year,2009,2015
대학정보공시,0703,교비회계자금계산서,2017,5352496743,8,after_last_0101_year,2010,2015
대학정보공시,0704,교비회계자금예산서,2009,1508433640,17,before_first_0101_year,2010,2025
대학정보공시,0704,교비회계자금예산서,2009,1651128768,17,before_first_0101_year,2010,2010
대학정보공시,0704,교비회계자금예산서,2009,1674881875,17,before_first_0101_year,2010,2012
대학정보공시,0704,교비회계자금예산서,2009,2043681859,17,before_first_0101_year,2010,2025
대학정보공시,0704,교비회계자금예산서,2009,2151358604,17,before_first_0101_year,2010,2025
대학정보공시,0704,교비회계자금예산서,2009,2593522906,17,before_first_0101_year,2010,2025
대학정보공시,0704,교비회계자금예산서,2009,2731287598,17,before_first_0101_year,2010,2025
대학정보공시,0704,교비회계자금예산서,2009,3313704609,17,before_first_0101_year,2010,2025
대학정보공시,0704,교비회계자금예산서,2009,3403399288,17,before_first_0101_year,2010,2025
대학정보공시,0704,교비회계자금예산서,2009,3945737659,17,before_first_0101_year,2010,2025
대학정보공시,0704,교비회계자금예산서,2009,4097761511,17,before_first_0101_year,2010,2025
대학정보공시,0704,교비회계자금예산서,2009,4222775518,17,before_first_0101_year,2010,2025
대학정보공시,0704,교비회계자금예산서,2009,4363659620,17,before_first_0101_year,2010,2025
대학정보공시,0704,교비회계자금예산서,2009,4524179637,17,before_first_0101_year,2010,2025
대학정보공시,0704,교비회계자금예산서,2009,4982337415,17,before_first_0101_year,2010,2025
대학정보공시,0704,교비회계자금예산서,2009,5352496743,17,before_first_0101_year,2010,2015
대학정보공시,0704,교비회계자금예산서,2009,5831784427,17,before_first_0101_year,2010,2025
대학정보공시,0704,교비회계자금예산서,2009,5961281478,17,before_first_0101_year,2010,2025
대학정보공시,0704,교비회계자금예산서,2009,6084552049,17,before_first_0101_year,2010,2025
대학정보공시,0704,교비회계자금예산서,2009,7065451979,17,before_first_0101_year,2010,2025
대학정보공시,0704,교비회계자금예산서,2009,7264348506,17,before_first_0101_year,2010,2025
대학정보공시,0704,교비회계자금예산서,2009,7876808941,17,before_first_0101_year,2010,2025
대학정보공시,0704,교비회계자금예산서,2009,8648494422,17,before_first_0101_year,2010,2025
대학정보공시,0704,교비회계자금예산서,2009,8686164438,17,before_first_0101_year,2010,2010
대학정보공시,0704,교비회계자금예산서,2009,8721071779,17,before_first_0101_year,2010,2025
대학정보공시,0704,교비회계자금예산서,2009,8851398706,17,before_first_0101_year,2010,2025
대학정보공시,0704,교비회계자금예산서,2009,9020533442,17,before_first_0101_year,2010,2025
대학정보공시,0704,교비회계자금예산서,2009,9896320283,17,before_first_0101_year,2010,2025
대학정보공시,0704,교비회계자금예산서,2017,5352496743,5,after_last_0101_year,2010,2015
대학정보공시,0706,국공립대대학회계결산_기성회계세출현황,2009,2097534179,2,before_first_0101_year,2010,2025
대학정보공시,0706,국공립대대학회계결산_기성회계세출현황,2009,3459668815,2,before_first_0101_year,2010,2025
대학정보공시,0706,국공립대대학회계결산_기성회계세출현황,2009,8106570184,2,before_first_0101_year,2010,2025
대학정보공시,0706,국공립대대학회계결산_기성회계세출현황,2009,9837188839,2,before_first_0101_year,2010,2025
대학정보공시,0707,국공립대대학회계예산_기성회계세입현황,2009,2097534179,2,before_first_0101_year,2010,2025
대학정보공시,0707,국공립대대학회계예산_기성회계세입현황,2009,3459668815,2,before_first_0101_year,2010,2025
대학정보공시,0707,국공립대대학회계예산_기성회계세입현황,2009,8106570184,2,before_first_0101_year,2010,2025
대학정보공시,0707,국공립대대학회계예산_기성회계세입현황,2009,9837188839,2,before_first_0101_year,2010,2025
대학정보공시,0708,국공립대발전기금회계결산_발전기금회계세출 현황,2009,2097534179,2,before_first_0101_year,2010,2025
대학정보공시,0708,국공립대발전기금회계결산_발전기금회계세출 현황,2009,3459668815,2,before_first_0101_year,2010,2025
대학정보공시,0708,국공립대발전기금회계결산_발전기금회계세출 현황,2009,8106570184,1,before_first_0101_year,2010,2025
대학정보공시,0708,국공립대발전기금회계결산_발전기금회계세출 현황,2009,9837188839,2,before_first_0101_year,2010,2025
대학정보공시,0708,국공립대발전기금회계결산_발전기금회계세출 현황,2012,8862205862,2,before_first_0101_year,2014,2025
대학정보공시,0708,국공립대발전기금회계결산_발전기금회계세출 현황,2013,8862205862,2,before_first_0101_year,2014,2025
대학정보공시,0709,국공립대발전기금회계예산_발전기금회계세입 현황,2009,2097534179,2,before_first_0101_year,2010,2025
대학정보공시,0709,국공립대발전기금회계예산_발전기금회계세입 현황,2009,3459668815,2,before_first_0101_year,2010,2025
대학정보공시,0709,국공립대발전기금회계예산_발전기금회계세입 현황,2009,8106570184,2,before_first_0101_year,2010,2025
대학정보공시,0709,국공립대발전기금회계예산_발전기금회계세입 현황,2009,9837188839,2,before_first_0101_year,2010,2025
대학정보공시,0709,국공립대발전기금회계예산_발전기금회계세입 현황,2012,8862205862,2,before_first_0101_year,2014,2025
대학정보공시,0709,국공립대발전기금회계예산_발전기금회계세입 현황,2013,8862205862,2,before_first_0101_year,2014,2025
대학정보공시,0710,국공립대일반회계세입현황,2009,2097534179,29,before_first_0101_year,2010,2025
대학정보공시,0710,국공립대일반회계세입현황,2009,3459668815,10,before_first_0101_year,2010,2025
대학정보공시,0710,국공립대일반회계세입현황,2009,8106570184,9,before_first_0101_year,2010,2025
대학정보공시,0711,국공립대일반회계세출현황,2009,2097534179,21,before_first_0101_year,2010,2025
대학정보공시,0711,국공립대일반회계세출현황,2009,3459668815,21,before_first_0101_year,2010,2025
대학정보공시,0711,국공립대일반회계세출현황,2009,8106570184,11,before_first_0101_year,2010,2025
대학정보공시,0711,국공립대일반회계세출현황,2009,9837188839,1,before_first_0101_year,2010,2025
대학정보공시,0712,기부금현황,2009,1508433640,3,before_first_0101_year,2010,2025
대학정보공시,0712,기부금현황,2009,1651128768,1,before_first_0101_year,2010,2010
대학정보공시,0712,기부금현황,2009,1674881875,1,before_first_0101_year,2010,2012
대학정보공시,0712,기부금현황,2009,2043681859,1,before_first_0101_year,2010,2025
대학정보공시,0712,기부금현황,2009,2151358604,3,before_first_0101_year,2010,2025
대학정보공시,0712,기부금현황,2009,2593522906,1,before_first_0101_year,2010,2025
대학정보공시,0712,기부금현황,2009,2731287598,1,before_first_0101_year,2010,2025
대학정보공시,0712,기부금현황,2009,3313704609,1,before_first_0101_year,2010,2025
대학정보공시,0712,기부금현황,2009,3403399288,3,before_first_0101_year,2010,2025
대학정보공시,0712,기부금현황,2009,3945737659,3,before_first_0101_year,2010,2025
대학정보공시,0712,기부금현황,2009,4097761511,3,before_first_0101_year,2010,2025
대학정보공시,0712,기부금현황,2009,4222775518,1,before_first_0101_year,2010,2025
대학정보공시,0712,기부금현황,2009,4363659620,3,before_first_0101_year,2010,2025
대학정보공시,0712,기부금현황,2009,4524179637,3,before_first_0101_year,2010,2025
대학정보공시,0712,기부금현황,2009,4982337415,1,before_first_0101_year,2010,2025
대학정보공시,0712,기부금현황,2009,5352496743,3,before_first_0101_year,2010,2015
대학정보공시,0712,기부금현황,2009,5831784427,1,before_first_0101_year,2010,2025
대학정보공시,0712,기부금현황,2009,5961281478,3,before_first_0101_year,2010,2025
대학정보공시,0712,기부금현황,2009,6084552049,3,before_first_0101_year,2010,2025
대학정보공시,0712,기부금현황,2009,7264348506,3,before_first_0101_year,2010,2025
대학정보공시,0712,기부금현황,2009,8648494422,1,before_first_0101_year,2010,2025
대학정보공시,0712,기부금현황,2009,8686164438,2,before_first_0101_year,2010,2010
대학정보공시,0712,기부금현황,2009,8721071779,1,before_first_0101_year,2010,2025
대학정보공시,0712,기부금현황,2009,8851398706,1,before_first_0101_year,2010,2025
대학정보공시,0712,기부금현황,2009,9020533442,1,before_first_0101_year,2010,2025
대학정보공시,0712,기부금현황,2009,9896320283,1,before_first_0101_year,2010,2025
대학정보공시,0712,기부금현황,2013,9974667608,3,after_last_0101_year,2009,2012
대학정보공시,0712,기부금현황,2016,1406099319,3,after_last_0101_year,2009,2015
대학정보공시,0712,기부금현황,2017,5352496743,1,after_last_0101_year,2010,2015
대학정보공시,0713,등록금납부제도현황,2011,8862205862,5,before_first_0101_year,2014,2025
대학정보공시,0713,등록금납부제도현황,2013,8862205862,11,before_first_0101_year,2014,2025
대학정보공시,0713,등록금납부제도현황,2017,5352496743,15,after_last_0101_year,2010,2015
대학정보공시,0714,등록금현황,2009,1508433640,36,before_first_0101_year,2010,2025
대학정보공시,0714,등록금현황,2009,1651128768,30,before_first_0101_year,2010,2010
대학정보공시,0714,등록금현황,2009,1674881875,30,before_first_0101_year,2010,2012
대학정보공시,0714,등록금현황,2009,2043681859,6,before_first_0101_year,2010,2025
대학정보공시,0714,등록금현황,2009,2097534179,168,before_first_0101_year,2010,2025
대학정보공시,0714,등록금현황,2009,2151358604,30,before_first_0101_year,2010,2025
대학정보공시,0714,등록금현황,2009,2593522906,42,before_first_0101_year,2010,2025
대학정보공시,0714,등록금현황,2009,2731287598,24,before_first_0101_year,2010,2025
대학정보공시,0714,등록금현황,2009,3313704609,42,before_first_0101_year,2010,2025
대학정보공시,0714,등록금현황,2009,3403399288,36,before_first_0101_year,2010,2025
대학정보공시,0714,등록금현황,2009,3459668815,42,before_first_0101_year,2010,2025
대학정보공시,0714,등록금현황,2009,3945737659,48,before_first_0101_year,2010,2025
대학정보공시,0714,등록금현황,2009,4097761511,48,before_first_0101_year,2010,2025
대학정보공시,0714,등록금현황,2009,4222775518,6,before_first_0101_year,2010,2025
대학정보공시,0714,등록금현황,2009,4363659620,96,before_first_0101_year,2010,2025
대학정보공시,0714,등록금현황,2009,4524179637,72,before_first_0101_year,2010,2025
대학정보공시,0714,등록금현황,2009,4982337415,54,before_first_0101_year,2010,2025
대학정보공시,0714,등록금현황,2009,5352496743,42,before_first_0101_year,2010,2015
대학정보공시,0714,등록금현황,2009,5831784427,12,before_first_0101_year,2010,2025
대학정보공시,0714,등록금현황,2009,5961281478,42,before_first_0101_year,2010,2025
대학정보공시,0714,등록금현황,2009,6084552049,144,before_first_0101_year,2010,2025
대학정보공시,0714,등록금현황,2009,7065451979,54,before_first_0101_year,2010,2025
대학정보공시,0714,등록금현황,2009,7264348506,216,before_first_0101_year,2010,2025
대학정보공시,0714,등록금현황,2009,7876808941,24,before_first_0101_year,2010,2025
대학정보공시,0714,등록금현황,2009,8106570184,126,before_first_0101_year,2010,2025
대학정보공시,0714,등록금현황,2009,8648494422,66,before_first_0101_year,2010,2025
대학정보공시,0714,등록금현황,2009,8686164438,48,before_first_0101_year,2010,2010
대학정보공시,0714,등록금현황,2009,8721071779,36,before_first_0101_year,2010,2025
대학정보공시,0714,등록금현황,2009,8851398706,48,before_first_0101_year,2010,2025
대학정보공시,0714,등록금현황,2009,9020533442,42,before_first_0101_year,2010,2025
대학정보공시,0714,등록금현황,2009,9896320283,30,before_first_0101_year,2010,2025
대학정보공시,0714,등록금현황,2017,5352496743,66,after_last_0101_year,2010,2015
대학정보공시,0715,등록금현황_대학원,2009,4124740779,18,never_in_0101,,
대학정보공시,0715,등록금현황_대학원,2009,5814962685,18,never_in_0101,,
대학정보공시,0715,등록금현황_대학원,2009,6044571042,108,never_in_0101,,
대학정보공시,0715,등록금현황_대학원,2011,2542345285,54,after_last_0101_year,2009,2010
대학정보공시,0715,등록금현황_대학원,2011,3097881197,18,after_last_0101_year,2009,2010
대학정보공시,0715,등록금현황_대학원,2011,3681159734,18,after_last_0101_year,2009,2010
대학정보공시,0715,등록금현황_대학원,2013,1090689241,72,after_last_0101_year,2009,2012
대학정보공시,0715,등록금현황_대학원,2013,1093057632,144,after_last_0101_year,2009,2012
대학정보공시,0715,등록금현황_대학원,2013,1349926352,36,after_last_0101_year,2009,2012
대학정보공시,0715,등록금현황_대학원,2013,2174879431,36,after_last_0101_year,2009,2012
대학정보공시,0715,등록금현황_대학원,2013,2210978746,180,internal_0101_gap,2009,2017
대학정보공시,0715,등록금현황_대학원,2013,2519318521,36,after_last_0101_year,2009,2012
대학정보공시,0715,등록금현황_대학원,2013,3879129827,36,after_last_0101_year,2009,2012
대학정보공시,0715,등록금현황_대학원,2013,4189349293,72,after_last_0101_year,2009,2012
대학정보공시,0715,등록금현황_대학원,2013,4264510691,36,after_last_0101_year,2012,2012
대학정보공시,0715,등록금현황_대학원,2013,4397736549,54,after_last_0101_year,2009,2012
대학정보공시,0715,등록금현황_대학원,2013,5977818906,54,after_last_0101_year,2009,2012
대학정보공시,0715,등록금현황_대학원,2013,6529348134,540,after_last_0101_year,2009,2012
대학정보공시,0715,등록금현황_대학원,2013,6592305481,54,after_last_0101_year,2009,2012
대학정보공시,0715,등록금현황_대학원,2013,6955380558,108,after_last_0101_year,2009,2012
대학정보공시,0715,등록금현황_대학원,2013,7481328487,108,after_last_0101_year,2009,2012
대학정보공시,0715,등록금현황_대학원,2013,7732420265,18,after_last_0101_year,2010,2012
대학정보공시,0715,등록금현황_대학원,2013,7761588215,18,after_last_0101_year,2012,2012
대학정보공시,0715,등록금현황_대학원,2013,7990301251,630,after_last_0101_year,2009,2012
대학정보공시,0715,등록금현황_대학원,2013,8086949288,36,after_last_0101_year,2009,2012
대학정보공시,0715,등록금현황_대학원,2013,8689329981,108,after_last_0101_year,2009,2012
대학정보공시,0715,등록금현황_대학원,2013,9057022750,54,after_last_0101_year,2012,2012
대학정보공시,0715,등록금현황_대학원,2013,9173629641,18,after_last_0101_year,2009,2012
대학정보공시,0715,등록금현황_대학원,2013,9845878124,144,after_last_0101_year,2009,2012
대학정보공시,0715,등록금현황_대학원,2013,9924619734,18,after_last_0101_year,2011,2012
대학정보공시,0715,등록금현황_대학원,2014,1564265429,18,before_first_0101_year,2015,2025
대학정보공시,0715,등록금현황_대학원,2014,1673513412,54,before_first_0101_year,2015,2022
대학정보공시,0715,등록금현황_대학원,2014,2292925059,5,before_first_0101_year,2015,2025
대학정보공시,0715,등록금현황_대학원,2014,2793816328,40,before_first_0101_year,2015,2025
대학정보공시,0715,등록금현황_대학원,2014,3802718520,18,internal_0101_gap,2013,2024
대학정보공시,0715,등록금현황_대학원,2014,5082250773,18,never_in_0101,,
대학정보공시,0715,등록금현황_대학원,2014,5533828556,10,before_first_0101_year,2015,2025
대학정보공시,0715,등록금현황_대학원,2014,5918260991,18,after_last_0101_year,2009,2013
대학정보공시,0715,등록금현황_대학원,2014,6257185995,414,after_last_0101_year,2009,2013
대학정보공시,0715,등록금현황_대학원,2014,6310302317,18,internal_0101_gap,2013,2025
대학정보공시,0715,등록금현황_대학원,2014,6428485274,18,before_first_0101_year,2015,2025
대학정보공시,0715,등록금현황_대학원,2014,6773062765,126,internal_0101_gap,2013,2025
대학정보공시,0715,등록금현황_대학원,2014,8918894886,162,before_first_0101_year,2015,2025
대학정보공시,0715,등록금현황_대학원,2014,9257303833,18,before_first_0101_year,2015,2017
대학정보공시,0715,등록금현황_대학원,2014,9437484979,18,internal_0101_gap,2013,2016
대학정보공시,0715,등록금현황_대학원,2015,1448684751,180,after_last_0101_year,2013,2014
대학정보공시,0715,등록금현황_대학원,2015,5918260991,18,after_last_0101_year,2009,2013
대학정보공시,0715,등록금현황_대학원,2015,7061143279,54,after_last_0101_year,2009,2014
대학정보공시,0715,등록금현황_대학원,2015,7078410267,54,after_last_0101_year,2011,2014
대학정보공시,0715,등록금현황_대학원,2015,7514404416,18,after_last_0101_year,2010,2014
대학정보공시,0715,등록금현황_대학원,2015,9294413268,18,after_last_0101_year,2009,2014
대학정보공시,0715,등록금현황_대학원,2015,9314919829,36,after_last_0101_year,2009,2014
대학정보공시,0715,등록금현황_대학원,2015,9418958961,54,internal_0101_gap,2009,2025
대학정보공시,0715,등록금현황_대학원,2016,2094637930,108,after_last_0101_year,2009,2015
대학정보공시,0715,등록금현황_대학원,2016,2545302689,36,after_last_0101_year,2009,2015
대학정보공시,0715,등록금현황_대학원,2016,2832937419,18,after_last_0101_year,2009,2015
대학정보공시,0715,등록금현황_대학원,2016,2913967490,54,after_last_0101_year,2012,2015
대학정보공시,0715,등록금현황_대학원,2016,2984829306,36,never_in_0101,,
대학정보공시,0715,등록금현황_대학원,2016,3073845922,18,after_last_0101_year,2009,2015
대학정보공시,0715,등록금현황_대학원,2016,3246740043,36,never_in_0101,,
대학정보공시,0715,등록금현황_대학원,2016,3766758680,18,after_last_0101_year,2009,2015
대학정보공시,0715,등록금현황_대학원,2016,4058111488,36,after_last_0101_year,2009,2015
대학정보공시,0715,등록금현황_대학원,2016,4112864494,306,after_last_0101_year,2009,2015
대학정보공시,0715,등록금현황_대학원,2016,4468261480,18,after_last_0101_year,2013,2015
대학정보공시,0715,등록금현황_대학원,2016,4989010214,54,after_last_0101_year,2014,2015
대학정보공시,0715,등록금현황_대학원,2016,5314473211,72,internal_0101_gap,2009,2024
대학정보공시,0715,등록금현황_대학원,2016,5794047892,108,after_last_0101_year,2009,2015
대학정보공시,0715,등록금현황_대학원,2016,5918260991,18,after_last_0101_year,2009,2013
대학정보공시,0715,등록금현황_대학원,2016,6058101713,18,after_last_0101_year,2013,2015
대학정보공시,0715,등록금현황_대학원,2016,6527066648,54,internal_0101_gap,2009,2025
대학정보공시,0715,등록금현황_대학원,2016,6585003435,18,internal_0101_gap,2010,2021
대학정보공시,0715,등록금현황_대학원,2016,6724196135,36,after_last_0101_year,2009,2015
대학정보공시,0715,등록금현황_대학원,2016,7061143279,54,after_last_0101_year,2009,2014
대학정보공시,0715,등록금현황_대학원,2016,7470429599,18,internal_0101_gap,2009,2020
대학정보공시,0715,등록금현황_대학원,2016,7514404416,18,after_last_0101_year,2010,2014
대학정보공시,0715,등록금현황_대학원,2016,7835785090,54,after_last_0101_year,2009,2015
대학정보공시,0715,등록금현황_대학원,2016,8686607539,54,after_last_0101_year,2009,2015
대학정보공시,0715,등록금현황_대학원,2016,8747820377,90,after_last_0101_year,2011,2015
대학정보공시,0715,등록금현황_대학원,2016,8787434995,378,after_last_0101_year,2009,2015
대학정보공시,0715,등록금현황_대학원,2016,8870644629,72,after_last_0101_year,2011,2015
대학정보공시,0715,등록금현황_대학원,2016,8889203906,108,after_last_0101_year,2009,2015
대학정보공시,0715,등록금현황_대학원,2016,9080059170,18,never_in_0101,,
대학정보공시,0715,등록금현황_대학원,2016,9294413268,18,after_last_0101_year,2009,2014
대학정보공시,0715,등록금현황_대학원,2016,9314919829,36,after_last_0101_year,2009,2014
대학정보공시,0715,등록금현황_대학원,2017,1411789357,18,after_last_0101_year,2012,2014
대학정보공시,0715,등록금현황_대학원,2017,2094637930,108,after_last_0101_year,2009,2015
대학정보공시,0715,등록금현황_대학원,2017,2545302689,36,after_last_0101_year,2009,2015
대학정보공시,0715,등록금현황_대학원,2017,2810409545,72,internal_0101_gap,2009,2022
대학정보공시,0715,등록금현황_대학원,2017,2832937419,18,after_last_0101_year,2009,2015
대학정보공시,0715,등록금현황_대학원,2017,2913967490,54,after_last_0101_year,2012,2015
대학정보공시,0715,등록금현황_대학원,2017,3766758680,18,after_last_0101_year,2009,2015
대학정보공시,0715,등록금현황_대학원,2017,4058111488,36,after_last_0101_year,2009,2015
대학정보공시,0715,등록금현황_대학원,2017,4112864494,306,after_last_0101_year,2009,2015
대학정보공시,0715,등록금현황_대학원,2017,4519261002,72,after_last_0101_year,2009,2016
대학정보공시,0715,등록금현황_대학원,2017,4589612662,54,internal_0101_gap,2009,2022
대학정보공시,0715,등록금현황_대학원,2017,4989010214,54,after_last_0101_year,2014,2015
대학정보공시,0715,등록금현황_대학원,2017,5314473211,72,internal_0101_gap,2009,2024
대학정보공시,0715,등록금현황_대학원,2017,5794047892,108,after_last_0101_year,2009,2015
대학정보공시,0715,등록금현황_대학원,2017,5918260991,18,after_last_0101_year,2009,2013
대학정보공시,0715,등록금현황_대학원,2017,6158080518,72,internal_0101_gap,2010,2024
대학정보공시,0715,등록금현황_대학원,2017,6474115550,144,after_last_0101_year,2009,2016
대학정보공시,0715,등록금현황_대학원,2017,6527066648,54,internal_0101_gap,2009,2025
대학정보공시,0715,등록금현황_대학원,2017,6724196135,36,after_last_0101_year,2009,2015
대학정보공시,0715,등록금현황_대학원,2017,7061143279,54,after_last_0101_year,2009,2014
대학정보공시,0715,등록금현황_대학원,2017,7514404416,18,after_last_0101_year,2010,2014
대학정보공시,0715,등록금현황_대학원,2017,7835785090,54,after_last_0101_year,2009,2015
대학정보공시,0715,등록금현황_대학원,2017,7856220841,36,internal_0101_gap,2013,2022
대학정보공시,0715,등록금현황_대학원,2017,8686607539,54,after_last_0101_year,2009,2015
대학정보공시,0715,등록금현황_대학원,2017,8747820377,90,after_last_0101_year,2011,2015
대학정보공시,0715,등록금현황_대학원,2017,8787434995,378,after_last_0101_year,2009,2015
대학정보공시,0715,등록금현황_대학원,2017,8870644629,72,after_last_0101_year,2011,2015
대학정보공시,0715,등록금현황_대학원,2017,8889203906,108,after_last_0101_year,2009,2015
대학정보공시,0715,등록금현황_대학원,2017,9294413268,18,after_last_0101_year,2009,2014
대학정보공시,0715,등록금현황_대학원,2018,1411789357,18,after_last_0101_year,2012,2014
대학정보공시,0715,등록금현황_대학원,2018,2094637930,108,after_last_0101_year,2009,2015
대학정보공시,0715,등록금현황_대학원,2018,2175487220,18,never_in_0101,,
대학정보공시,0715,등록금현황_대학원,2018,2545302689,36,after_last_0101_year,2009,2015
대학정보공시,0715,등록금현황_대학원,2018,2810409545,72,internal_0101_gap,2009,2022
대학정보공시,0715,등록금현황_대학원,2018,2832937419,18,after_last_0101_year,2009,2015
대학정보공시,0715,등록금현황_대학원,2018,2913967490,54,after_last_0101_year,2012,2015
대학정보공시,0715,등록금현황_대학원,2018,3766758680,18,after_last_0101_year,2009,2015
대학정보공시,0715,등록금현황_대학원,2018,4058111488,36,after_last_0101_year,2009,2015
대학정보공시,0715,등록금현황_대학원,2018,4112864494,306,after_last_0101_year,2009,2015
대학정보공시,0715,등록금현황_대학원,2018,4989010214,54,after_last_0101_year,2014,2015
대학정보공시,0715,등록금현황_대학원,2018,5314473211,72,internal_0101_gap,2009,2024
대학정보공시,0715,등록금현황_대학원,2018,5327986180,18,never_in_0101,,
대학정보공시,0715,등록금현황_대학원,2018,5419669449,18,never_in_0101,,
대학정보공시,0715,등록금현황_대학원,2018,5794047892,108,after_last_0101_year,2009,2015
대학정보공시,0715,등록금현황_대학원,2018,5869889497,18,after_last_0101_year,2009,2017
대학정보공시,0715,등록금현황_대학원,2018,5890547335,90,after_last_0101_year,2010,2017
대학정보공시,0715,등록금현황_대학원,2018,5918260991,18,after_last_0101_year,2009,2013
대학정보공시,0715,등록금현황_대학원,2018,6158080518,54,internal_0101_gap,2010,2024
대학정보공시,0715,등록금현황_대학원,2018,6257185995,18,after_last_0101_year,2009,2013
대학정보공시,0715,등록금현황_대학원,2018,6474115550,144,after_last_0101_year,2009,2016
대학정보공시,0715,등록금현황_대학원,2018,6527066648,54,internal_0101_gap,2009,2025
대학정보공시,0715,등록금현황_대학원,2018,6628103852,486,after_last_0101_year,2010,2017
대학정보공시,0715,등록금현황_대학원,2018,6724196135,36,after_last_0101_year,2009,2015
대학정보공시,0715,등록금현황_대학원,2018,7061143279,54,after_last_0101_year,2009,2014
대학정보공시,0715,등록금현황_대학원,2018,7514404416,18,after_last_0101_year,2010,2014
대학정보공시,0715,등록금현황_대학원,2018,7740285575,18,never_in_0101,,
대학정보공시,0715,등록금현황_대학원,2018,7835785090,54,after_last_0101_year,2009,2015
대학정보공시,0715,등록금현황_대학원,2018,7852943181,36,never_in_0101,,
대학정보공시,0715,등록금현황_대학원,2018,7856220841,36,internal_0101_gap,2013,2022
대학정보공시,0715,등록금현황_대학원,2018,8179908752,18,after_last_0101_year,2013,2017
대학정보공시,0715,등록금현황_대학원,2018,8686607539,54,after_last_0101_year,2009,2015
대학정보공시,0715,등록금현황_대학원,2018,8787434995,378,after_last_0101_year,2009,2015
대학정보공시,0715,등록금현황_대학원,2018,8889203906,108,after_last_0101_year,2009,2015
대학정보공시,0715,등록금현황_대학원,2018,9294413268,18,after_last_0101_year,2009,2014
대학정보공시,0715,등록금현황_대학원,2019,1291285216,72,after_last_0101_year,2009,2018
대학정보공시,0715,등록금현황_대학원,2019,1411789357,18,after_last_0101_year,2012,2014
대학정보공시,0715,등록금현황_대학원,2019,2094637930,108,after_last_0101_year,2009,2015
대학정보공시,0715,등록금현황_대학원,2019,2545302689,36,after_last_0101_year,2009,2015
대학정보공시,0715,등록금현황_대학원,2019,2810409545,72,internal_0101_gap,2009,2022
대학정보공시,0715,등록금현황_대학원,2019,2832937419,18,after_last_0101_year,2009,2015
대학정보공시,0715,등록금현황_대학원,2019,2957261025,18,never_in_0101,,
대학정보공시,0715,등록금현황_대학원,2019,3766758680,18,after_last_0101_year,2009,2015
대학정보공시,0715,등록금현황_대학원,2019,4058111488,36,after_last_0101_year,2009,2015
대학정보공시,0715,등록금현황_대학원,2019,4112864494,306,after_last_0101_year,2009,2015
대학정보공시,0715,등록금현황_대학원,2019,4989010214,54,after_last_0101_year,2014,2015
대학정보공시,0715,등록금현황_대학원,2019,5314473211,72,internal_0101_gap,2009,2024
대학정보공시,0715,등록금현황_대학원,2019,5794047892,108,after_last_0101_year,2009,2015
대학정보공시,0715,등록금현황_대학원,2019,5869889497,18,after_last_0101_year,2009,2017
대학정보공시,0715,등록금현황_대학원,2019,5890547335,90,after_last_0101_year,2010,2017
대학정보공시,0715,등록금현황_대학원,2019,5918260991,18,after_last_0101_year,2009,2013
대학정보공시,0715,등록금현황_대학원,2019,6152777791,36,after_last_0101_year,2012,2018
대학정보공시,0715,등록금현황_대학원,2019,6158080518,54,internal_0101_gap,2010,2024
대학정보공시,0715,등록금현황_대학원,2019,6257185995,18,after_last_0101_year,2009,2013
대학정보공시,0715,등록금현황_대학원,2019,6474115550,144,after_last_0101_year,2009,2016
대학정보공시,0715,등록금현황_대학원,2019,6628103852,486,after_last_0101_year,2010,2017
대학정보공시,0715,등록금현황_대학원,2019,6724196135,36,after_last_0101_year,2009,2015
대학정보공시,0715,등록금현황_대학원,2019,7061143279,54,after_last_0101_year,2009,2014
대학정보공시,0715,등록금현황_대학원,2019,7514404416,18,after_last_0101_year,2010,2014
대학정보공시,0715,등록금현황_대학원,2019,7835785090,54,after_last_0101_year,2009,2015
대학정보공시,0715,등록금현황_대학원,2019,7856220841,36,internal_0101_gap,2013,2022
대학정보공시,0715,등록금현황_대학원,2019,8179908752,18,after_last_0101_year,2013,2017
대학정보공시,0715,등록금현황_대학원,2019,8686607539,54,after_last_0101_year,2009,2015
대학정보공시,0715,등록금현황_대학원,2019,8787434995,378,after_last_0101_year,2009,2015
대학정보공시,0715,등록금현황_대학원,2019,8889203906,108,after_last_0101_year,2009,2015
대학정보공시,0715,등록금현황_대학원,2019,9294413268,18,after_last_0101_year,2009,2014
대학정보공시,0715,등록금현황_대학원,2019,9717883110,108,after_last_0101_year,2012,2018
대학정보공시,0715,등록금현황_대학원,2020,1291285216,72,after_last_0101_year,2009,2018
대학정보공시,0715,등록금현황_대학원,2020,1411789357,18,after_last_0101_year,2012,2014
대학정보공시,0715,등록금현황_대학원,2020,2094637930,108,after_last_0101_year,2009,2015
대학정보공시,0715,등록금현황_대학원,2020,2462566196,36,after_last_0101_year,2018,2019
대학정보공시,0715,등록금현황_대학원,2020,2545302689,36,after_last_0101_year,2009,2015
대학정보공시,0715,등록금현황_대학원,2020,2810409545,72,internal_0101_gap,2009,2022
대학정보공시,0715,등록금현황_대학원,2020,2832937419,18,after_last_0101_year,2009,2015
대학정보공시,0715,등록금현황_대학원,2020,3766758680,18,after_last_0101_year,2009,2015
대학정보공시,0715,등록금현황_대학원,2020,4058111488,36,after_last_0101_year,2009,2015
대학정보공시,0715,등록금현황_대학원,2020,4112864494,306,after_last_0101_year,2009,2015
대학정보공시,0715,등록금현황_대학원,2020,4989010214,54,after_last_0101_year,2014,2015
대학정보공시,0715,등록금현황_대학원,2020,5314473211,72,internal_0101_gap,2009,2024
대학정보공시,0715,등록금현황_대학원,2020,5794047892,108,after_last_0101_year,2009,2015
대학정보공시,0715,등록금현황_대학원,2020,5918260991,18,after_last_0101_year,2009,2013
대학정보공시,0715,등록금현황_대학원,2020,6152777791,36,after_last_0101_year,2012,2018
대학정보공시,0715,등록금현황_대학원,2020,6158080518,54,internal_0101_gap,2010,2024
대학정보공시,0715,등록금현황_대학원,2020,6257185995,18,after_last_0101_year,2009,2013
대학정보공시,0715,등록금현황_대학원,2020,6474115550,144,after_last_0101_year,2009,2016
대학정보공시,0715,등록금현황_대학원,2020,6724196135,36,after_last_0101_year,2009,2015
대학정보공시,0715,등록금현황_대학원,2020,7061143279,54,after_last_0101_year,2009,2014
대학정보공시,0715,등록금현황_대학원,2020,7514404416,18,after_last_0101_year,2010,2014
대학정보공시,0715,등록금현황_대학원,2020,7835785090,54,after_last_0101_year,2009,2015
대학정보공시,0715,등록금현황_대학원,2020,7856220841,36,internal_0101_gap,2013,2022
대학정보공시,0715,등록금현황_대학원,2020,8420943319,18,after_last_0101_year,2009,2019
대학정보공시,0715,등록금현황_대학원,2020,8686607539,54,after_last_0101_year,2009,2015
대학정보공시,0715,등록금현황_대학원,2020,8787434995,378,after_last_0101_year,2009,2015
대학정보공시,0715,등록금현황_대학원,2020,8889203906,108,after_last_0101_year,2009,2015
대학정보공시,0715,등록금현황_대학원,2020,9294413268,18,after_last_0101_year,2009,2014
대학정보공시,0715,등록금현황_대학원,2021,1000771403,18,after_last_0101_year,2009,2020
대학정보공시,0715,등록금현황_대학원,2021,1411789357,18,after_last_0101_year,2012,2014
대학정보공시,0715,등록금현황_대학원,2021,2094637930,108,after_last_0101_year,2009,2015
대학정보공시,0715,등록금현황_대학원,2021,2273683965,54,after_last_0101_year,2016,2020
대학정보공시,0715,등록금현황_대학원,2021,2545302689,36,after_last_0101_year,2009,2015
대학정보공시,0715,등록금현황_대학원,2021,2785083591,54,after_last_0101_year,2009,2020
대학정보공시,0715,등록금현황_대학원,2021,2832937419,18,after_last_0101_year,2009,2015
대학정보공시,0715,등록금현황_대학원,2021,2966739416,18,after_last_0101_year,2016,2020
대학정보공시,0715,등록금현황_대학원,2021,3766758680,18,after_last_0101_year,2009,2015
대학정보공시,0715,등록금현황_대학원,2021,4058111488,36,after_last_0101_year,2009,2015
대학정보공시,0715,등록금현황_대학원,2021,4112864494,306,after_last_0101_year,2009,2015
대학정보공시,0715,등록금현황_대학원,2021,4118830263,144,after_last_0101_year,2016,2020
대학정보공시,0715,등록금현황_대학원,2021,4137540817,18,after_last_0101_year,2017,2020
대학정보공시,0715,등록금현황_대학원,2021,4715738177,18,after_last_0101_year,2012,2020
대학정보공시,0715,등록금현황_대학원,2021,4989010214,54,after_last_0101_year,2014,2015
대학정보공시,0715,등록금현황_대학원,2021,5087891995,54,after_last_0101_year,2016,2020
대학정보공시,0715,등록금현황_대학원,2021,5708145320,18,after_last_0101_year,2009,2020
대학정보공시,0715,등록금현황_대학원,2021,5794047892,108,after_last_0101_year,2009,2015
대학정보공시,0715,등록금현황_대학원,2021,5918260991,18,after_last_0101_year,2009,2013
대학정보공시,0715,등록금현황_대학원,2021,6474115550,144,after_last_0101_year,2009,2016
대학정보공시,0715,등록금현황_대학원,2021,7061143279,54,after_last_0101_year,2009,2014
대학정보공시,0715,등록금현황_대학원,2021,7470429599,18,after_last_0101_year,2009,2020
대학정보공시,0715,등록금현황_대학원,2021,7514404416,18,after_last_0101_year,2010,2014
대학정보공시,0715,등록금현황_대학원,2021,7835785090,54,after_last_0101_year,2009,2015
대학정보공시,0715,등록금현황_대학원,2021,7980756878,18,after_last_0101_year,2015,2020
대학정보공시,0715,등록금현황_대학원,2021,8215130984,36,after_last_0101_year,2009,2020
대학정보공시,0715,등록금현황_대학원,2021,8279747545,72,after_last_0101_year,2015,2020
대학정보공시,0715,등록금현황_대학원,2021,8302310287,18,after_last_0101_year,2016,2020
대학정보공시,0715,등록금현황_대학원,2021,8420943319,18,after_last_0101_year,2009,2019
대학정보공시,0715,등록금현황_대학원,2021,8889203906,108,after_last_0101_year,2009,2015
대학정보공시,0715,등록금현황_대학원,2021,9294413268,18,after_last_0101_year,2009,2014
대학정보공시,0715,등록금현황_대학원,2021,9418958961,72,internal_0101_gap,2009,2025
대학정보공시,0715,등록금현황_대학원,2022,1000771403,18,after_last_0101_year,2009,2020
대학정보공시,0715,등록금현황_대학원,2022,1411789357,18,after_last_0101_year,2012,2014
대학정보공시,0715,등록금현황_대학원,2022,2094637930,108,after_last_0101_year,2009,2015
대학정보공시,0715,등록금현황_대학원,2022,2140987575,378,after_last_0101_year,2009,2021
대학정보공시,0715,등록금현황_대학원,2022,2545302689,36,after_last_0101_year,2009,2015
대학정보공시,0715,등록금현황_대학원,2022,2785083591,54,after_last_0101_year,2009,2020
대학정보공시,0715,등록금현황_대학원,2022,3518916666,252,after_last_0101_year,2009,2021
대학정보공시,0715,등록금현황_대학원,2022,3766758680,18,after_last_0101_year,2009,2015
대학정보공시,0715,등록금현황_대학원,2022,4058111488,36,after_last_0101_year,2009,2015
대학정보공시,0715,등록금현황_대학원,2022,4112864494,306,after_last_0101_year,2009,2015
대학정보공시,0715,등록금현황_대학원,2022,4945490300,126,after_last_0101_year,2009,2021
대학정보공시,0715,등록금현황_대학원,2022,4989010214,54,after_last_0101_year,2014,2015
대학정보공시,0715,등록금현황_대학원,2022,5306109547,18,after_last_0101_year,2009,2021
대학정보공시,0715,등록금현황_대학원,2022,5651364028,198,after_last_0101_year,2018,2021
대학정보공시,0715,등록금현황_대학원,2022,5708145320,18,after_last_0101_year,2009,2020
대학정보공시,0715,등록금현황_대학원,2022,5755504012,36,after_last_0101_year,2015,2021
대학정보공시,0715,등록금현황_대학원,2022,5794047892,108,after_last_0101_year,2009,2015
대학정보공시,0715,등록금현황_대학원,2022,6107855081,270,after_last_0101_year,2009,2021
대학정보공시,0715,등록금현황_대학원,2022,6474115550,144,after_last_0101_year,2009,2016
대학정보공시,0715,등록금현황_대학원,2022,7061143279,54,after_last_0101_year,2009,2014
대학정보공시,0715,등록금현황_대학원,2022,7470429599,18,after_last_0101_year,2009,2020
대학정보공시,0715,등록금현황_대학원,2022,7710487842,36,after_last_0101_year,2014,2021
대학정보공시,0715,등록금현황_대학원,2022,7835785090,54,after_last_0101_year,2009,2015
대학정보공시,0715,등록금현황_대학원,2022,7990650475,54,after_last_0101_year,2017,2021
대학정보공시,0715,등록금현황_대학원,2022,8215130984,36,after_last_0101_year,2009,2020
대학정보공시,0715,등록금현황_대학원,2022,8279747545,72,after_last_0101_year,2015,2020
대학정보공시,0715,등록금현황_대학원,2022,8420943319,18,after_last_0101_year,2009,2019
대학정보공시,0715,등록금현황_대학원,2022,8889203906,108,after_last_0101_year,2009,2015
대학정보공시,0715,등록금현황_대학원,2022,9294413268,18,after_last_0101_year,2009,2014
대학정보공시,0715,등록금현황_대학원,2023,1000771403,18,after_last_0101_year,2009,2020
대학정보공시,0715,등록금현황_대학원,2023,1136415004,54,after_last_0101_year,2015,2022
대학정보공시,0715,등록금현황_대학원,2023,1592291831,90,after_last_0101_year,2015,2022
대학정보공시,0715,등록금현황_대학원,2023,1613332688,108,after_last_0101_year,2011,2022
대학정보공시,0715,등록금현황_대학원,2023,1673513412,54,after_last_0101_year,2015,2022
대학정보공시,0715,등록금현황_대학원,2023,2094637930,108,after_last_0101_year,2009,2015
대학정보공시,0715,등록금현황_대학원,2023,2118588984,18,after_last_0101_year,2009,2022
대학정보공시,0715,등록금현황_대학원,2023,2336580157,54,after_last_0101_year,2018,2022
대학정보공시,0715,등록금현황_대학원,2023,2785083591,54,after_last_0101_year,2009,2020
대학정보공시,0715,등록금현황_대학원,2023,2937589168,54,after_last_0101_year,2009,2022
대학정보공시,0715,등록금현황_대학원,2023,3194591462,72,after_last_0101_year,2009,2022
대학정보공시,0715,등록금현황_대학원,2023,3324421107,72,after_last_0101_year,2018,2022
대학정보공시,0715,등록금현황_대학원,2023,3469531297,72,after_last_0101_year,2009,2022
대학정보공시,0715,등록금현황_대학원,2023,3484138607,144,after_last_0101_year,2014,2022
대학정보공시,0715,등록금현황_대학원,2023,3503396868,36,after_last_0101_year,2009,2022
대학정보공시,0715,등록금현황_대학원,2023,3518916666,252,after_last_0101_year,2009,2021
대학정보공시,0715,등록금현황_대학원,2023,3547783672,54,after_last_0101_year,2016,2022
대학정보공시,0715,등록금현황_대학원,2023,3559717893,18,after_last_0101_year,2009,2022
대학정보공시,0715,등록금현황_대학원,2023,3766758680,18,after_last_0101_year,2009,2015
대학정보공시,0715,등록금현황_대학원,2023,3965002357,18,after_last_0101_year,2009,2022
대학정보공시,0715,등록금현황_대학원,2023,4058111488,36,after_last_0101_year,2009,2015
대학정보공시,0715,등록금현황_대학원,2023,4112864494,306,after_last_0101_year,2009,2015
대학정보공시,0715,등록금현황_대학원,2023,4131224751,18,after_last_0101_year,2012,2022
대학정보공시,0715,등록금현황_대학원,2023,4231895029,72,after_last_0101_year,2015,2022
대학정보공시,0715,등록금현황_대학원,2023,4737961351,90,internal_0101_gap,2009,2025
대학정보공시,0715,등록금현황_대학원,2023,4819438815,36,after_last_0101_year,2013,2022
대학정보공시,0715,등록금현황_대학원,2023,4945490300,126,after_last_0101_year,2009,2021
대학정보공시,0715,등록금현황_대학원,2023,4953338444,36,after_last_0101_year,2013,2022
대학정보공시,0715,등록금현황_대학원,2023,5306109547,18,after_last_0101_year,2009,2021
대학정보공시,0715,등록금현황_대학원,2023,5424023211,486,after_last_0101_year,2009,2022
대학정보공시,0715,등록금현황_대학원,2023,5448134660,54,after_last_0101_year,2009,2022
대학정보공시,0715,등록금현황_대학원,2023,5648208677,36,after_last_0101_year,2009,2022
대학정보공시,0715,등록금현황_대학원,2023,5651364028,198,after_last_0101_year,2018,2021
대학정보공시,0715,등록금현황_대학원,2023,5708145320,18,after_last_0101_year,2009,2020
대학정보공시,0715,등록금현황_대학원,2023,5755504012,36,after_last_0101_year,2015,2021
대학정보공시,0715,등록금현황_대학원,2023,5762939631,18,after_last_0101_year,2018,2022
대학정보공시,0715,등록금현황_대학원,2023,5794047892,108,after_last_0101_year,2009,2015
대학정보공시,0715,등록금현황_대학원,2023,6085499942,90,after_last_0101_year,2009,2022
대학정보공시,0715,등록금현황_대학원,2023,6107855081,270,after_last_0101_year,2009,2021
대학정보공시,0715,등록금현황_대학원,2023,6474115550,144,after_last_0101_year,2009,2016
대학정보공시,0715,등록금현황_대학원,2023,6500274062,18,after_last_0101_year,2009,2022
대학정보공시,0715,등록금현황_대학원,2023,6741970598,108,after_last_0101_year,2015,2022
대학정보공시,0715,등록금현황_대학원,2023,6919015705,72,after_last_0101_year,2009,2022
대학정보공시,0715,등록금현황_대학원,2023,7061143279,54,after_last_0101_year,2009,2014
대학정보공시,0715,등록금현황_대학원,2023,7399752855,18,after_last_0101_year,2017,2022
대학정보공시,0715,등록금현황_대학원,2023,7710487842,36,after_last_0101_year,2014,2021
대학정보공시,0715,등록금현황_대학원,2023,7835785090,54,after_last_0101_year,2009,2015
대학정보공시,0715,등록금현황_대학원,2023,7990650475,54,after_last_0101_year,2017,2021
대학정보공시,0715,등록금현황_대학원,2023,8215130984,36,after_last_0101_year,2009,2020
대학정보공시,0715,등록금현황_대학원,2023,8279747545,72,after_last_0101_year,2015,2020
대학정보공시,0715,등록금현황_대학원,2023,8420943319,18,after_last_0101_year,2009,2019
대학정보공시,0715,등록금현황_대학원,2023,8460132539,90,after_last_0101_year,2009,2022
대학정보공시,0715,등록금현황_대학원,2023,8889203906,108,after_last_0101_year,2009,2015
대학정보공시,0715,등록금현황_대학원,2023,9032027244,72,after_last_0101_year,2020,2022
대학정보공시,0715,등록금현황_대학원,2023,9044925451,144,internal_0101_gap,2009,2025
대학정보공시,0715,등록금현황_대학원,2023,9294413268,18,after_last_0101_year,2009,2014
대학정보공시,0715,등록금현황_대학원,2023,9440348505,18,after_last_0101_year,2009,2022
대학정보공시,0715,등록금현황_대학원,2023,9558506786,126,after_last_0101_year,2009,2022
대학정보공시,0715,등록금현황_대학원,2023,9625651061,216,after_last_0101_year,2009,2022
대학정보공시,0715,등록금현황_대학원,2024,1000771403,18,after_last_0101_year,2009,2020
대학정보공시,0715,등록금현황_대학원,2024,1043172836,18,internal_0101_gap,2019,2025
대학정보공시,0715,등록금현황_대학원,2024,1136415004,54,after_last_0101_year,2015,2022
대학정보공시,0715,등록금현황_대학원,2024,1304687142,126,after_last_0101_year,2009,2023
대학정보공시,0715,등록금현황_대학원,2024,1592291831,90,after_last_0101_year,2015,2022
대학정보공시,0715,등록금현황_대학원,2024,1673513412,54,after_last_0101_year,2015,2022
대학정보공시,0715,등록금현황_대학원,2024,2094637930,108,after_last_0101_year,2009,2015
대학정보공시,0715,등록금현황_대학원,2024,2118588984,18,after_last_0101_year,2009,2022
대학정보공시,0715,등록금현황_대학원,2024,2785083591,54,after_last_0101_year,2009,2020
대학정보공시,0715,등록금현황_대학원,2024,2937589168,54,after_last_0101_year,2009,2022
대학정보공시,0715,등록금현황_대학원,2024,2953394353,162,after_last_0101_year,2017,2023
대학정보공시,0715,등록금현황_대학원,2024,3194591462,72,after_last_0101_year,2009,2022
대학정보공시,0715,등록금현황_대학원,2024,3201447725,108,after_last_0101_year,2009,2023
대학정보공시,0715,등록금현황_대학원,2024,3324421107,72,after_last_0101_year,2018,2022
대학정보공시,0715,등록금현황_대학원,2024,3469531297,72,after_last_0101_year,2009,2022
대학정보공시,0715,등록금현황_대학원,2024,3484138607,144,after_last_0101_year,2014,2022
대학정보공시,0715,등록금현황_대학원,2024,3503396868,36,after_last_0101_year,2009,2022
대학정보공시,0715,등록금현황_대학원,2024,3518916666,252,after_last_0101_year,2009,2021
대학정보공시,0715,등록금현황_대학원,2024,3582489848,342,after_last_0101_year,2011,2023
대학정보공시,0715,등록금현황_대학원,2024,3766758680,18,after_last_0101_year,2009,2015
대학정보공시,0715,등록금현황_대학원,2024,3923832595,126,internal_0101_gap,2009,2025
대학정보공시,0715,등록금현황_대학원,2024,4058111488,36,after_last_0101_year,2009,2015
대학정보공시,0715,등록금현황_대학원,2024,4112864494,306,after_last_0101_year,2009,2015
대학정보공시,0715,등록금현황_대학원,2024,4131224751,18,after_last_0101_year,2012,2022
대학정보공시,0715,등록금현황_대학원,2024,4231895029,72,after_last_0101_year,2015,2022
대학정보공시,0715,등록금현황_대학원,2024,4462021589,144,before_first_0101_year,2025,2025
대학정보공시,0715,등록금현황_대학원,2024,4507625579,54,after_last_0101_year,2009,2023
대학정보공시,0715,등록금현황_대학원,2024,4945490300,126,after_last_0101_year,2009,2021
대학정보공시,0715,등록금현황_대학원,2024,5306109547,18,after_last_0101_year,2009,2021
대학정보공시,0715,등록금현황_대학원,2024,5424023211,486,after_last_0101_year,2009,2022
대학정보공시,0715,등록금현황_대학원,2024,5448134660,54,after_last_0101_year,2009,2022
대학정보공시,0715,등록금현황_대학원,2024,5648208677,36,after_last_0101_year,2009,2022
대학정보공시,0715,등록금현황_대학원,2024,5651364028,198,after_last_0101_year,2018,2021
대학정보공시,0715,등록금현황_대학원,2024,5708145320,18,after_last_0101_year,2009,2020
대학정보공시,0715,등록금현황_대학원,2024,5755504012,36,after_last_0101_year,2015,2021
대학정보공시,0715,등록금현황_대학원,2024,5794047892,108,after_last_0101_year,2009,2015
대학정보공시,0715,등록금현황_대학원,2024,6085499942,90,after_last_0101_year,2009,2022
대학정보공시,0715,등록금현황_대학원,2024,6448657631,18,internal_0101_gap,2009,2025
대학정보공시,0715,등록금현황_대학원,2024,6474115550,144,after_last_0101_year,2009,2016
대학정보공시,0715,등록금현황_대학원,2024,6741970598,108,after_last_0101_year,2015,2022
대학정보공시,0715,등록금현황_대학원,2024,6919015705,72,after_last_0101_year,2009,2022
대학정보공시,0715,등록금현황_대학원,2024,7061143279,54,after_last_0101_year,2009,2014
대학정보공시,0715,등록금현황_대학원,2024,7558950543,18,before_first_0101_year,2025,2025
대학정보공시,0715,등록금현황_대학원,2024,7835785090,54,after_last_0101_year,2009,2015
대학정보공시,0715,등록금현황_대학원,2024,7990650475,54,after_last_0101_year,2017,2021
대학정보공시,0715,등록금현황_대학원,2024,8215130984,36,after_last_0101_year,2009,2020
대학정보공시,0715,등록금현황_대학원,2024,8460132539,90,after_last_0101_year,2009,2022
대학정보공시,0715,등록금현황_대학원,2024,8889203906,108,after_last_0101_year,2009,2015
대학정보공시,0715,등록금현황_대학원,2024,9044925451,144,internal_0101_gap,2009,2025
대학정보공시,0715,등록금현황_대학원,2024,9271797418,18,before_first_0101_year,2025,2025
대학정보공시,0715,등록금현황_대학원,2024,9294413268,18,after_last_0101_year,2009,2014
대학정보공시,0715,등록금현황_대학원,2024,9440348505,18,after_last_0101_year,2009,2022
대학정보공시,0715,등록금현황_대학원,2024,9558506786,126,after_last_0101_year,2009,2022
대학정보공시,0715,등록금현황_대학원,2024,9625651061,216,after_last_0101_year,2009,2022
대학정보공시,0715,등록금현황_대학원,2025,1000771403,18,after_last_0101_year,2009,2020
대학정보공시,0715,등록금현황_대학원,2025,1074906587,216,after_last_0101_year,2012,2024
대학정보공시,0715,등록금현황_대학원,2025,1136415004,54,after_last_0101_year,2015,2022
대학정보공시,0715,등록금현황_대학원,2025,1304687142,126,after_last_0101_year,2009,2023
대학정보공시,0715,등록금현황_대학원,2025,1592291831,90,after_last_0101_year,2015,2022
대학정보공시,0715,등록금현황_대학원,2025,1673513412,54,after_last_0101_year,2015,2022
대학정보공시,0715,등록금현황_대학원,2025,2012388527,126,after_last_0101_year,2016,2019
대학정보공시,0715,등록금현황_대학원,2025,2094637930,108,after_last_0101_year,2009,2015
대학정보공시,0715,등록금현황_대학원,2025,2118588984,18,after_last_0101_year,2009,2022
대학정보공시,0715,등록금현황_대학원,2025,2785083591,54,after_last_0101_year,2009,2020
대학정보공시,0715,등록금현황_대학원,2025,2795804381,54,after_last_0101_year,2009,2022
대학정보공시,0715,등록금현황_대학원,2025,2937589168,54,after_last_0101_year,2009,2022
대학정보공시,0715,등록금현황_대학원,2025,2953394353,162,after_last_0101_year,2017,2023
대학정보공시,0715,등록금현황_대학원,2025,3194591462,72,after_last_0101_year,2009,2022
대학정보공시,0715,등록금현황_대학원,2025,3201447725,108,after_last_0101_year,2009,2023
대학정보공시,0715,등록금현황_대학원,2025,3324421107,72,after_last_0101_year,2018,2022
대학정보공시,0715,등록금현황_대학원,2025,3469531297,72,after_last_0101_year,2009,2022
대학정보공시,0715,등록금현황_대학원,2025,3481977283,18,after_last_0101_year,2009,2024
대학정보공시,0715,등록금현황_대학원,2025,3484138607,144,after_last_0101_year,2014,2022
대학정보공시,0715,등록금현황_대학원,2025,3503396868,36,after_last_0101_year,2009,2022
대학정보공시,0715,등록금현황_대학원,2025,3518916666,252,after_last_0101_year,2009,2021
대학정보공시,0715,등록금현황_대학원,2025,4131224751,18,after_last_0101_year,2012,2022
대학정보공시,0715,등록금현황_대학원,2025,4231895029,72,after_last_0101_year,2015,2022
대학정보공시,0715,등록금현황_대학원,2025,4499155163,18,after_last_0101_year,2009,2024
대학정보공시,0715,등록금현황_대학원,2025,4741168200,18,after_last_0101_year,2012,2024
대학정보공시,0715,등록금현황_대학원,2025,4945490300,126,after_last_0101_year,2009,2021
대학정보공시,0715,등록금현황_대학원,2025,5379281818,108,after_last_0101_year,2012,2024
대학정보공시,0715,등록금현황_대학원,2025,5448134660,54,after_last_0101_year,2009,2022
대학정보공시,0715,등록금현황_대학원,2025,5648208677,36,after_last_0101_year,2009,2022
대학정보공시,0715,등록금현황_대학원,2025,5651364028,198,after_last_0101_year,2018,2021
대학정보공시,0715,등록금현황_대학원,2025,5708145320,18,after_last_0101_year,2009,2020
대학정보공시,0715,등록금현황_대학원,2025,5755504012,36,after_last_0101_year,2015,2021
대학정보공시,0715,등록금현황_대학원,2025,6052732467,36,never_in_0101,,
대학정보공시,0715,등록금현황_대학원,2025,6085499942,90,after_last_0101_year,2009,2022
대학정보공시,0715,등록금현황_대학원,2025,6474115550,144,after_last_0101_year,2009,2016
대학정보공시,0715,등록금현황_대학원,2025,6741970598,108,after_last_0101_year,2015,2022
대학정보공시,0715,등록금현황_대학원,2025,6919015705,72,after_last_0101_year,2009,2022
대학정보공시,0715,등록금현황_대학원,2025,6991456270,18,after_last_0101_year,2009,2024
대학정보공시,0715,등록금현황_대학원,2025,7061143279,54,after_last_0101_year,2009,2014
대학정보공시,0715,등록금현황_대학원,2025,7990650475,54,after_last_0101_year,2017,2021
대학정보공시,0715,등록금현황_대학원,2025,8215130984,36,after_last_0101_year,2009,2020
대학정보공시,0715,등록금현황_대학원,2025,8424329876,18,after_last_0101_year,2016,2024
대학정보공시,0715,등록금현황_대학원,2025,8460132539,90,after_last_0101_year,2009,2022
대학정보공시,0715,등록금현황_대학원,2025,8713241875,234,after_last_0101_year,2010,2024
대학정보공시,0715,등록금현황_대학원,2025,8889203906,108,after_last_0101_year,2009,2015
대학정보공시,0715,등록금현황_대학원,2025,9294413268,18,after_last_0101_year,2009,2014
대학정보공시,0715,등록금현황_대학원,2025,9440348505,18,after_last_0101_year,2009,2022
대학정보공시,0715,등록금현황_대학원,2025,9558506786,126,after_last_0101_year,2009,2022
대학정보공시,0715,등록금현황_대학원,2025,9625651061,216,after_last_0101_year,2009,2022
대학정보공시,0716,법인회계대차대조표,2009,1508433640,6,before_first_0101_year,2010,2025
대학정보공시,0716,법인회계대차대조표,2009,1651128768,6,before_first_0101_year,2010,2010
대학정보공시,0716,법인회계대차대조표,2009,1674881875,6,before_first_0101_year,2010,2012
대학정보공시,0716,법인회계대차대조표,2009,2043681859,6,before_first_0101_year,2010,2025
대학정보공시,0716,법인회계대차대조표,2009,2151358604,6,before_first_0101_year,2010,2025
대학정보공시,0716,법인회계대차대조표,2009,2593522906,6,before_first_0101_year,2010,2025
대학정보공시,0716,법인회계대차대조표,2009,2731287598,6,before_first_0101_year,2010,2025
대학정보공시,0716,법인회계대차대조표,2009,3313704609,6,before_first_0101_year,2010,2025
대학정보공시,0716,법인회계대차대조표,2009,3403399288,6,before_first_0101_year,2010,2025
대학정보공시,0716,법인회계대차대조표,2009,3945737659,6,before_first_0101_year,2010,2025
대학정보공시,0716,법인회계대차대조표,2009,4097761511,6,before_first_0101_year,2010,2025
대학정보공시,0716,법인회계대차대조표,2009,4222775518,6,before_first_0101_year,2010,2025
대학정보공시,0716,법인회계대차대조표,2009,4363659620,6,before_first_0101_year,2010,2025
대학정보공시,0716,법인회계대차대조표,2009,4524179637,6,before_first_0101_year,2010,2025
대학정보공시,0716,법인회계대차대조표,2009,4982337415,6,before_first_0101_year,2010,2025
대학정보공시,0716,법인회계대차대조표,2009,5352496743,6,before_first_0101_year,2010,2015
대학정보공시,0716,법인회계대차대조표,2009,5831784427,6,before_first_0101_year,2010,2025
대학정보공시,0716,법인회계대차대조표,2009,5961281478,6,before_first_0101_year,2010,2025
대학정보공시,0716,법인회계대차대조표,2009,6084552049,6,before_first_0101_year,2010,2025
대학정보공시,0716,법인회계대차대조표,2009,7065451979,6,before_first_0101_year,2010,2025
대학정보공시,0716,법인회계대차대조표,2009,7264348506,6,before_first_0101_year,2010,2025
대학정보공시,0716,법인회계대차대조표,2009,7876808941,6,before_first_0101_year,2010,2025
대학정보공시,0716,법인회계대차대조표,2009,8648494422,6,before_first_0101_year,2010,2025
대학정보공시,0716,법인회계대차대조표,2009,8686164438,6,before_first_0101_year,2010,2010
대학정보공시,0716,법인회계대차대조표,2009,8721071779,6,before_first_0101_year,2010,2025
대학정보공시,0716,법인회계대차대조표,2009,8851398706,6,before_first_0101_year,2010,2025
대학정보공시,0716,법인회계대차대조표,2009,9020533442,6,before_first_0101_year,2010,2025
대학정보공시,0716,법인회계대차대조표,2009,9896320283,6,before_first_0101_year,2010,2025
대학정보공시,0716,법인회계대차대조표,2016,1406099319,6,after_last_0101_year,2009,2015
대학정보공시,0716,법인회계대차대조표,2017,5352496743,6,after_last_0101_year,2010,2015
대학정보공시,0717,법인회계운영계산서,2009,1508433640,14,before_first_0101_year,2010,2025
대학정보공시,0717,법인회계운영계산서,2009,1651128768,14,before_first_0101_year,2010,2010
대학정보공시,0717,법인회계운영계산서,2009,1674881875,14,before_first_0101_year,2010,2012
대학정보공시,0717,법인회계운영계산서,2009,2043681859,14,before_first_0101_year,2010,2025
대학정보공시,0717,법인회계운영계산서,2009,2151358604,14,before_first_0101_year,2010,2025
대학정보공시,0717,법인회계운영계산서,2009,2593522906,14,before_first_0101_year,2010,2025
대학정보공시,0717,법인회계운영계산서,2009,2731287598,14,before_first_0101_year,2010,2025
대학정보공시,0717,법인회계운영계산서,2009,3313704609,14,before_first_0101_year,2010,2025
대학정보공시,0717,법인회계운영계산서,2009,3403399288,14,before_first_0101_year,2010,2025
대학정보공시,0717,법인회계운영계산서,2009,3945737659,14,before_first_0101_year,2010,2025
대학정보공시,0717,법인회계운영계산서,2009,4097761511,14,before_first_0101_year,2010,2025
대학정보공시,0717,법인회계운영계산서,2009,4222775518,14,before_first_0101_year,2010,2025
대학정보공시,0717,법인회계운영계산서,2009,4363659620,14,before_first_0101_year,2010,2025
대학정보공시,0717,법인회계운영계산서,2009,4524179637,14,before_first_0101_year,2010,2025
대학정보공시,0717,법인회계운영계산서,2009,4982337415,14,before_first_0101_year,2010,2025
대학정보공시,0717,법인회계운영계산서,2009,5352496743,14,before_first_0101_year,2010,2015
대학정보공시,0717,법인회계운영계산서,2009,5831784427,14,before_first_0101_year,2010,2025
대학정보공시,0717,법인회계운영계산서,2009,5961281478,14,before_first_0101_year,2010,2025
대학정보공시,0717,법인회계운영계산서,2009,6084552049,14,before_first_0101_year,2010,2025
대학정보공시,0717,법인회계운영계산서,2009,7065451979,14,before_first_0101_year,2010,2025
대학정보공시,0717,법인회계운영계산서,2009,7264348506,14,before_first_0101_year,2010,2025
대학정보공시,0717,법인회계운영계산서,2009,7876808941,14,before_first_0101_year,2010,2025
대학정보공시,0717,법인회계운영계산서,2009,8648494422,14,before_first_0101_year,2010,2025
대학정보공시,0717,법인회계운영계산서,2009,8686164438,14,before_first_0101_year,2010,2010
대학정보공시,0717,법인회계운영계산서,2009,8721071779,14,before_first_0101_year,2010,2025
대학정보공시,0717,법인회계운영계산서,2009,8851398706,14,before_first_0101_year,2010,2025
대학정보공시,0717,법인회계운영계산서,2009,9020533442,14,before_first_0101_year,2010,2025
대학정보공시,0717,법인회계운영계산서,2009,9896320283,14,before_first_0101_year,2010,2025
대학정보공시,0717,법인회계운영계산서,2016,1406099319,14,after_last_0101_year,2009,2015
대학정보공시,0717,법인회계운영계산서,2017,5352496743,11,after_last_0101_year,2010,2015
대학정보공시,0718,법인회계자금계산서,2009,1508433640,13,before_first_0101_year,2010,2025
대학정보공시,0718,법인회계자금계산서,2009,1651128768,13,before_first_0101_year,2010,2010
대학정보공시,0718,법인회계자금계산서,2009,1674881875,13,before_first_0101_year,2010,2012
대학정보공시,0718,법인회계자금계산서,2009,2043681859,13,before_first_0101_year,2010,2025
대학정보공시,0718,법인회계자금계산서,2009,2151358604,13,before_first_0101_year,2010,2025
대학정보공시,0718,법인회계자금계산서,2009,2593522906,13,before_first_0101_year,2010,2025
대학정보공시,0718,법인회계자금계산서,2009,2731287598,13,before_first_0101_year,2010,2025
대학정보공시,0718,법인회계자금계산서,2009,3313704609,13,before_first_0101_year,2010,2025
대학정보공시,0718,법인회계자금계산서,2009,3403399288,13,before_first_0101_year,2010,2025
대학정보공시,0718,법인회계자금계산서,2009,3945737659,13,before_first_0101_year,2010,2025
대학정보공시,0718,법인회계자금계산서,2009,4097761511,13,before_first_0101_year,2010,2025
대학정보공시,0718,법인회계자금계산서,2009,4222775518,13,before_first_0101_year,2010,2025
대학정보공시,0718,법인회계자금계산서,2009,4363659620,13,before_first_0101_year,2010,2025
대학정보공시,0718,법인회계자금계산서,2009,4524179637,13,before_first_0101_year,2010,2025
대학정보공시,0718,법인회계자금계산서,2009,4982337415,13,before_first_0101_year,2010,2025
대학정보공시,0718,법인회계자금계산서,2009,5352496743,13,before_first_0101_year,2010,2015
대학정보공시,0718,법인회계자금계산서,2009,5831784427,13,before_first_0101_year,2010,2025
대학정보공시,0718,법인회계자금계산서,2009,5961281478,13,before_first_0101_year,2010,2025
대학정보공시,0718,법인회계자금계산서,2009,6084552049,13,before_first_0101_year,2010,2025
대학정보공시,0718,법인회계자금계산서,2009,7065451979,13,before_first_0101_year,2010,2025
대학정보공시,0718,법인회계자금계산서,2009,7264348506,13,before_first_0101_year,2010,2025
대학정보공시,0718,법인회계자금계산서,2009,7876808941,13,before_first_0101_year,2010,2025
대학정보공시,0718,법인회계자금계산서,2009,8648494422,13,before_first_0101_year,2010,2025
대학정보공시,0718,법인회계자금계산서,2009,8686164438,13,before_first_0101_year,2010,2010
대학정보공시,0718,법인회계자금계산서,2009,8721071779,13,before_first_0101_year,2010,2025
대학정보공시,0718,법인회계자금계산서,2009,8851398706,13,before_first_0101_year,2010,2025
대학정보공시,0718,법인회계자금계산서,2009,9020533442,13,before_first_0101_year,2010,2025
대학정보공시,0718,법인회계자금계산서,2009,9896320283,13,before_first_0101_year,2010,2025
대학정보공시,0718,법인회계자금계산서,2016,1406099319,13,after_last_0101_year,2009,2015
대학정보공시,0718,법인회계자금계산서,2017,5352496743,11,after_last_0101_year,2010,2015
대학정보공시,0719,법인회계자금예산서,2009,1508433640,14,before_first_0101_year,2010,2025
대학정보공시,0719,법인회계자금예산서,2009,1651128768,14,before_first_0101_year,2010,2010
대학정보공시,0719,법인회계자금예산서,2009,1674881875,14,before_first_0101_year,2010,2012
대학정보공시,0719,법인회계자금예산서,2009,2043681859,14,before_first_0101_year,2010,2025
대학정보공시,0719,법인회계자금예산서,2009,2151358604,14,before_first_0101_year,2010,2025
대학정보공시,0719,법인회계자금예산서,2009,2593522906,14,before_first_0101_year,2010,2025
대학정보공시,0719,법인회계자금예산서,2009,2731287598,14,before_first_0101_year,2010,2025
대학정보공시,0719,법인회계자금예산서,2009,3313704609,14,before_first_0101_year,2010,2025
대학정보공시,0719,법인회계자금예산서,2009,3403399288,14,before_first_0101_year,2010,2025
대학정보공시,0719,법인회계자금예산서,2009,3945737659,14,before_first_0101_year,2010,2025
대학정보공시,0719,법인회계자금예산서,2009,4097761511,14,before_first_0101_year,2010,2025
대학정보공시,0719,법인회계자금예산서,2009,4222775518,14,before_first_0101_year,2010,2025
대학정보공시,0719,법인회계자금예산서,2009,4363659620,14,before_first_0101_year,2010,2025
대학정보공시,0719,법인회계자금예산서,2009,4524179637,14,before_first_0101_year,2010,2025
대학정보공시,0719,법인회계자금예산서,2009,4982337415,14,before_first_0101_year,2010,2025
대학정보공시,0719,법인회계자금예산서,2009,5352496743,14,before_first_0101_year,2010,2015
대학정보공시,0719,법인회계자금예산서,2009,5831784427,14,before_first_0101_year,2010,2025
대학정보공시,0719,법인회계자금예산서,2009,5961281478,14,before_first_0101_year,2010,2025
대학정보공시,0719,법인회계자금예산서,2009,6084552049,14,before_first_0101_year,2010,2025
대학정보공시,0719,법인회계자금예산서,2009,7065451979,14,before_first_0101_year,2010,2025
대학정보공시,0719,법인회계자금예산서,2009,7264348506,14,before_first_0101_year,2010,2025
대학정보공시,0719,법인회계자금예산서,2009,7876808941,14,before_first_0101_year,2010,2025
대학정보공시,0719,법인회계자금예산서,2009,8648494422,14,before_first_0101_year,2010,2025
대학정보공시,0719,법인회계자금예산서,2009,8686164438,14,before_first_0101_year,2010,2010
대학정보공시,0719,법인회계자금예산서,2009,8721071779,14,before_first_0101_year,2010,2025
대학정보공시,0719,법인회계자금예산서,2009,8851398706,14,before_first_0101_year,2010,2025
대학정보공시,0719,법인회계자금예산서,2009,9020533442,14,before_first_0101_year,2010,2025
대학정보공시,0719,법인회계자금예산서,2009,9896320283,14,before_first_0101_year,2010,2025
대학정보공시,0719,법인회계자금예산서,2017,5352496743,5,after_last_0101_year,2010,2015
대학정보공시,0721,산학협력단회계대차대조표,2009,1508433640,5,before_first_0101_year,2010,2025
대학정보공시,0721,산학협력단회계대차대조표,2009,2097534179,5,before_first_0101_year,2010,2025
대학정보공시,0721,산학협력단회계대차대조표,2009,2151358604,5,before_first_0101_year,2010,2025
대학정보공시,0721,산학협력단회계대차대조표,2009,3403399288,5,before_first_0101_year,2010,2025
대학정보공시,0721,산학협력단회계대차대조표,2009,3945737659,5,before_first_0101_year,2010,2025
대학정보공시,0721,산학협력단회계대차대조표,2009,4097761511,5,before_first_0101_year,2010,2025
대학정보공시,0721,산학협력단회계대차대조표,2009,4363659620,5,before_first_0101_year,2010,2025
대학정보공시,0721,산학협력단회계대차대조표,2009,4524179637,5,before_first_0101_year,2010,2025
대학정보공시,0721,산학협력단회계대차대조표,2009,5352496743,5,before_first_0101_year,2010,2015
대학정보공시,0721,산학협력단회계대차대조표,2009,5961281478,5,before_first_0101_year,2010,2025
대학정보공시,0721,산학협력단회계대차대조표,2009,6084552049,5,before_first_0101_year,2010,2025
대학정보공시,0721,산학협력단회계대차대조표,2009,7264348506,5,before_first_0101_year,2010,2025
대학정보공시,0721,산학협력단회계대차대조표,2009,8106570184,5,before_first_0101_year,2010,2025
대학정보공시,0721,산학협력단회계대차대조표,2016,1406099319,7,after_last_0101_year,2009,2015
대학정보공시,0722,산학협력단회계운영계산서,2009,1508433640,9,before_first_0101_year,2010,2025
대학정보공시,0722,산학협력단회계운영계산서,2009,2097534179,9,before_first_0101_year,2010,2025
대학정보공시,0722,산학협력단회계운영계산서,2009,2151358604,9,before_first_0101_year,2010,2025
대학정보공시,0722,산학협력단회계운영계산서,2009,3403399288,9,before_first_0101_year,2010,2025
대학정보공시,0722,산학협력단회계운영계산서,2009,3945737659,9,before_first_0101_year,2010,2025
대학정보공시,0722,산학협력단회계운영계산서,2009,4097761511,9,before_first_0101_year,2010,2025
대학정보공시,0722,산학협력단회계운영계산서,2009,4363659620,9,before_first_0101_year,2010,2025
대학정보공시,0722,산학협력단회계운영계산서,2009,4524179637,9,before_first_0101_year,2010,2025
대학정보공시,0722,산학협력단회계운영계산서,2009,5352496743,9,before_first_0101_year,2010,2015
대학정보공시,0722,산학협력단회계운영계산서,2009,5961281478,9,before_first_0101_year,2010,2025
대학정보공시,0722,산학협력단회계운영계산서,2009,6084552049,9,before_first_0101_year,2010,2025
대학정보공시,0722,산학협력단회계운영계산서,2009,7264348506,9,before_first_0101_year,2010,2025
대학정보공시,0722,산학협력단회계운영계산서,2009,8106570184,9,before_first_0101_year,2010,2025
대학정보공시,0722,산학협력단회계운영계산서,2016,1406099319,12,after_last_0101_year,2009,2015
대학정보공시,0723,산학협력단회계자금수지계산서,2009,1508433640,12,before_first_0101_year,2010,2025
대학정보공시,0723,산학협력단회계자금수지계산서,2009,2097534179,13,before_first_0101_year,2010,2025
대학정보공시,0723,산학협력단회계자금수지계산서,2009,2151358604,12,before_first_0101_year,2010,2025
대학정보공시,0723,산학협력단회계자금수지계산서,2009,3403399288,12,before_first_0101_year,2010,2025
대학정보공시,0723,산학협력단회계자금수지계산서,2009,3945737659,12,before_first_0101_year,2010,2025
대학정보공시,0723,산학협력단회계자금수지계산서,2009,4097761511,12,before_first_0101_year,2010,2025
대학정보공시,0723,산학협력단회계자금수지계산서,2009,4363659620,12,before_first_0101_year,2010,2025
대학정보공시,0723,산학협력단회계자금수지계산서,2009,4524179637,12,before_first_0101_year,2010,2025
대학정보공시,0723,산학협력단회계자금수지계산서,2009,5352496743,12,before_first_0101_year,2010,2015
대학정보공시,0723,산학협력단회계자금수지계산서,2009,5961281478,12,before_first_0101_year,2010,2025
대학정보공시,0723,산학협력단회계자금수지계산서,2009,6084552049,12,before_first_0101_year,2010,2025
대학정보공시,0723,산학협력단회계자금수지계산서,2009,7264348506,12,before_first_0101_year,2010,2025
대학정보공시,0723,산학협력단회계자금수지계산서,2009,8106570184,12,before_first_0101_year,2010,2025
대학정보공시,0723,산학협력단회계자금수지계산서,2016,1406099319,26,after_last_0101_year,2009,2015
대학정보공시,0724,산학협력단회계현금예산서,2009,1508433640,13,before_first_0101_year,2010,2025
대학정보공시,0724,산학협력단회계현금예산서,2009,2043681859,1,before_first_0101_year,2010,2025
대학정보공시,0724,산학협력단회계현금예산서,2009,2097534179,14,before_first_0101_year,2010,2025
대학정보공시,0724,산학협력단회계현금예산서,2009,2151358604,13,before_first_0101_year,2010,2025
대학정보공시,0724,산학협력단회계현금예산서,2009,2593522906,1,before_first_0101_year,2010,2025
대학정보공시,0724,산학협력단회계현금예산서,2009,2731287598,1,before_first_0101_year,2010,2025
대학정보공시,0724,산학협력단회계현금예산서,2009,3403399288,13,before_first_0101_year,2010,2025
대학정보공시,0724,산학협력단회계현금예산서,2009,3459668815,14,before_first_0101_year,2010,2025
대학정보공시,0724,산학협력단회계현금예산서,2009,3945737659,13,before_first_0101_year,2010,2025
대학정보공시,0724,산학협력단회계현금예산서,2009,4097761511,13,before_first_0101_year,2010,2025
대학정보공시,0724,산학협력단회계현금예산서,2009,4222775518,1,before_first_0101_year,2010,2025
대학정보공시,0724,산학협력단회계현금예산서,2009,4363659620,13,before_first_0101_year,2010,2025
대학정보공시,0724,산학협력단회계현금예산서,2009,4524179637,13,before_first_0101_year,2010,2025
대학정보공시,0724,산학협력단회계현금예산서,2009,5352496743,13,before_first_0101_year,2010,2015
대학정보공시,0724,산학협력단회계현금예산서,2009,5961281478,13,before_first_0101_year,2010,2025
대학정보공시,0724,산학협력단회계현금예산서,2009,6084552049,13,before_first_0101_year,2010,2025
대학정보공시,0724,산학협력단회계현금예산서,2009,7264348506,13,before_first_0101_year,2010,2025
대학정보공시,0724,산학협력단회계현금예산서,2009,8106570184,13,before_first_0101_year,2010,2025
대학정보공시,0724,산학협력단회계현금예산서,2009,8648494422,1,before_first_0101_year,2010,2025
대학정보공시,0724,산학협력단회계현금예산서,2009,8721071779,1,before_first_0101_year,2010,2025
대학정보공시,0724,산학협력단회계현금예산서,2009,9837188839,1,before_first_0101_year,2010,2025
대학정보공시,0724,산학협력단회계현금예산서,2017,5352496743,27,after_last_0101_year,2010,2015
대학정보공시,0725,예결산합산재무제표현황,2009,1508433640,2,before_first_0101_year,2010,2025
대학정보공시,0725,예결산합산재무제표현황,2009,1651128768,2,before_first_0101_year,2010,2010
대학정보공시,0725,예결산합산재무제표현황,2009,1674881875,2,before_first_0101_year,2010,2012
대학정보공시,0725,예결산합산재무제표현황,2009,2043681859,2,before_first_0101_year,2010,2025
대학정보공시,0725,예결산합산재무제표현황,2009,2151358604,2,before_first_0101_year,2010,2025
대학정보공시,0725,예결산합산재무제표현황,2009,2593522906,2,before_first_0101_year,2010,2025
대학정보공시,0725,예결산합산재무제표현황,2009,2731287598,2,before_first_0101_year,2010,2025
대학정보공시,0725,예결산합산재무제표현황,2009,3313704609,2,before_first_0101_year,2010,2025
대학정보공시,0725,예결산합산재무제표현황,2009,3403399288,2,before_first_0101_year,2010,2025
대학정보공시,0725,예결산합산재무제표현황,2009,3945737659,2,before_first_0101_year,2010,2025
대학정보공시,0725,예결산합산재무제표현황,2009,4097761511,2,before_first_0101_year,2010,2025
대학정보공시,0725,예결산합산재무제표현황,2009,4222775518,2,before_first_0101_year,2010,2025
대학정보공시,0725,예결산합산재무제표현황,2009,4363659620,2,before_first_0101_year,2010,2025
대학정보공시,0725,예결산합산재무제표현황,2009,4524179637,2,before_first_0101_year,2010,2025
대학정보공시,0725,예결산합산재무제표현황,2009,4982337415,2,before_first_0101_year,2010,2025
대학정보공시,0725,예결산합산재무제표현황,2009,5352496743,2,before_first_0101_year,2010,2015
대학정보공시,0725,예결산합산재무제표현황,2009,5831784427,2,before_first_0101_year,2010,2025
대학정보공시,0725,예결산합산재무제표현황,2009,5961281478,2,before_first_0101_year,2010,2025
대학정보공시,0725,예결산합산재무제표현황,2009,6084552049,2,before_first_0101_year,2010,2025
대학정보공시,0725,예결산합산재무제표현황,2009,7065451979,2,before_first_0101_year,2010,2025
대학정보공시,0725,예결산합산재무제표현황,2009,7264348506,2,before_first_0101_year,2010,2025
대학정보공시,0725,예결산합산재무제표현황,2009,7876808941,2,before_first_0101_year,2010,2025
대학정보공시,0725,예결산합산재무제표현황,2009,8106570184,2,before_first_0101_year,2010,2025
대학정보공시,0725,예결산합산재무제표현황,2009,8648494422,2,before_first_0101_year,2010,2025
대학정보공시,0725,예결산합산재무제표현황,2009,8686164438,2,before_first_0101_year,2010,2010
대학정보공시,0725,예결산합산재무제표현황,2009,8721071779,2,before_first_0101_year,2010,2025
대학정보공시,0725,예결산합산재무제표현황,2009,8851398706,2,before_first_0101_year,2010,2025
대학정보공시,0725,예결산합산재무제표현황,2009,9020533442,2,before_first_0101_year,2010,2025
대학정보공시,0725,예결산합산재무제표현황,2009,9896320283,2,before_first_0101_year,2010,2025
대학정보공시,0725,예결산합산재무제표현황,2016,1406099319,3,after_last_0101_year,2009,2015
대학정보공시,0725,예결산합산재무제표현황,2017,5352496743,2,after_last_0101_year,2010,2015
대학정보공시,0726,입학전형료수입현황,2011,3440395534,1,after_last_0101_year,2009,2010
대학정보공시,0726,입학전형료수입현황,2013,1090689241,1,after_last_0101_year,2009,2012
대학정보공시,0726,입학전형료수입현황,2013,7481328487,1,after_last_0101_year,2009,2012
대학정보공시,0726,입학전형료수입현황,2014,3802718520,1,internal_0101_gap,2013,2024
대학정보공시,0726,입학전형료수입현황,2014,5533828556,1,before_first_0101_year,2015,2025
대학정보공시,0726,입학전형료수입현황,2014,6310302317,1,internal_0101_gap,2013,2025
대학정보공시,0726,입학전형료수입현황,2014,6773062765,1,internal_0101_gap,2013,2025
대학정보공시,0726,입학전형료수입현황,2014,8918894886,1,before_first_0101_year,2015,2025
대학정보공시,0726,입학전형료수입현황,2015,5422115623,1,after_last_0101_year,2009,2013
대학정보공시,0726,입학전형료수입현황,2016,1411789357,1,after_last_0101_year,2012,2014
대학정보공시,0726,입학전형료수입현황,2016,3779732525,1,after_last_0101_year,2009,2013
대학정보공시,0726,입학전형료수입현황,2016,7061143279,1,after_last_0101_year,2009,2014
대학정보공시,0726,입학전형료수입현황,2017,5352496743,2,after_last_0101_year,2010,2015
대학정보공시,0726,입학전형료수입현황,2018,5890547335,1,after_last_0101_year,2010,2017
대학정보공시,0726,입학전형료수입현황,2019,2957261025,1,never_in_0101,,
대학정보공시,0727,입학전형료지출현황,2011,3440395534,6,after_last_0101_year,2009,2010
대학정보공시,0727,입학전형료지출현황,2011,8862205862,6,before_first_0101_year,2014,2025
대학정보공시,0727,입학전형료지출현황,2012,7948432505,6,after_last_0101_year,2009,2011
대학정보공시,0727,입학전형료지출현황,2013,1090689241,3,after_last_0101_year,2009,2012
대학정보공시,0727,입학전형료지출현황,2014,3779732525,2,after_last_0101_year,2009,2013
대학정보공시,0727,입학전형료지출현황,2014,5533828556,2,before_first_0101_year,2015,2025
대학정보공시,0727,입학전형료지출현황,2014,6773062765,3,internal_0101_gap,2013,2025
대학정보공시,0727,입학전형료지출현황,2014,8918894886,1,before_first_0101_year,2015,2025
대학정보공시,0727,입학전형료지출현황,2015,7732420265,4,after_last_0101_year,2010,2012
대학정보공시,0727,입학전형료지출현황,2016,1411789357,2,after_last_0101_year,2012,2014
대학정보공시,0727,입학전형료지출현황,2016,7061143279,4,after_last_0101_year,2009,2014
대학정보공시,0727,입학전형료지출현황,2017,5352496743,5,after_last_0101_year,2010,2015
대학정보공시,0727,입학전형료지출현황,2017,8870644629,2,after_last_0101_year,2011,2015
대학정보공시,0727,입학전형료지출현황,2019,2957261025,5,never_in_0101,,
대학정보공시,0727,입학전형료지출현황,2019,3766758680,3,after_last_0101_year,2009,2015
대학정보공시,0727,입학전형료지출현황,2019,4519261002,1,after_last_0101_year,2009,2016
대학정보공시,0727,입학전형료지출현황,2019,5869889497,8,after_last_0101_year,2009,2017
대학정보공시,0727,입학전형료지출현황,2019,6158080518,3,internal_0101_gap,2010,2024
대학정보공시,0727,입학전형료지출현황,2019,8686607539,5,after_last_0101_year,2009,2015
대학정보공시,0728,적립금현황,2009,2593522906,10,before_first_0101_year,2010,2025
대학정보공시,0728,적립금현황,2016,1406099319,20,after_last_0101_year,2009,2015
대학정보공시,0728,적립금현황,2017,5352496743,20,after_last_0101_year,2010,2015
대학정보공시,0801,학생1인당교육비산정근거_국공립대학,2012,8862205862,1,before_first_0101_year,2014,2025
대학정보공시,0801,학생1인당교육비산정근거_국공립대학,2013,8862205862,1,before_first_0101_year,2014,2025
대학정보공시,0801,학생1인당교육비산정근거_국공립대학,2020,3324999928,1,after_last_0101_year,2009,2017
대학정보공시,0801,학생1인당교육비산정근거_국공립대학,2022,6924725592,1,after_last_0101_year,2009,2015
대학정보공시,0801,학생1인당교육비산정근거_국공립대학,2023,6924725592,1,after_last_0101_year,2009,2015
대학정보공시,0802,학생1인당교육비산정근거_사립대학,2016,1406099319,1,after_last_0101_year,2009,2015
대학정보공시,0802,학생1인당교육비산정근거_사립대학,2017,5352496743,1,after_last_0101_year,2010,2015
대학정보공시,0901,학교특성화현황,2009,4097761511,1,before_first_0101_year,2010,2025
대학정보공시,0901,학교특성화현황,2009,4363659620,2,before_first_0101_year,2010,2025
대학정보공시,0901,학교특성화현황,2009,5352496743,1,before_first_0101_year,2010,2015
대학정보공시,0901,학교특성화현황,2009,5961281478,1,before_first_0101_year,2010,2025
대학정보공시,0901,학교특성화현황,2009,9837188839,1,before_first_0101_year,2010,2025
대학정보공시,1001,강좌당학생현황,2009,1508433640,1,before_first_0101_year,2010,2025
대학정보공시,1001,강좌당학생현황,2009,1651128768,2,before_first_0101_year,2010,2010
대학정보공시,1001,강좌당학생현황,2009,1674881875,2,before_first_0101_year,2010,2012
대학정보공시,1001,강좌당학생현황,2009,2043681859,2,before_first_0101_year,2010,2025
대학정보공시,1001,강좌당학생현황,2009,2097534179,3,before_first_0101_year,2010,2025
대학정보공시,1001,강좌당학생현황,2009,2151358604,2,before_first_0101_year,2010,2025
대학정보공시,1001,강좌당학생현황,2009,2593522906,2,before_first_0101_year,2010,2025
대학정보공시,1001,강좌당학생현황,2009,2731287598,2,before_first_0101_year,2010,2025
대학정보공시,1001,강좌당학생현황,2009,3313704609,2,before_first_0101_year,2010,2025
대학정보공시,1001,강좌당학생현황,2009,3403399288,2,before_first_0101_year,2010,2025
대학정보공시,1001,강좌당학생현황,2009,3459668815,3,before_first_0101_year,2010,2025
대학정보공시,1001,강좌당학생현황,2009,3945737659,2,before_first_0101_year,2010,2025
대학정보공시,1001,강좌당학생현황,2009,4097761511,2,before_first_0101_year,2010,2025
대학정보공시,1001,강좌당학생현황,2009,4222775518,2,before_first_0101_year,2010,2025
대학정보공시,1001,강좌당학생현황,2009,4363659620,2,before_first_0101_year,2010,2025
대학정보공시,1001,강좌당학생현황,2009,4524179637,2,before_first_0101_year,2010,2025
대학정보공시,1001,강좌당학생현황,2009,4982337415,1,before_first_0101_year,2010,2025
대학정보공시,1001,강좌당학생현황,2009,5352496743,2,before_first_0101_year,2010,2015
대학정보공시,1001,강좌당학생현황,2009,5831784427,2,before_first_0101_year,2010,2025
대학정보공시,1001,강좌당학생현황,2009,5961281478,3,before_first_0101_year,2010,2025
대학정보공시,1001,강좌당학생현황,2009,6084552049,2,before_first_0101_year,2010,2025
대학정보공시,1001,강좌당학생현황,2009,7065451979,2,before_first_0101_year,2010,2025
대학정보공시,1001,강좌당학생현황,2009,7264348506,2,before_first_0101_year,2010,2025
대학정보공시,1001,강좌당학생현황,2009,7876808941,2,before_first_0101_year,2010,2025
대학정보공시,1001,강좌당학생현황,2009,8106570184,2,before_first_0101_year,2010,2025
대학정보공시,1001,강좌당학생현황,2009,8648494422,2,before_first_0101_year,2010,2025
대학정보공시,1001,강좌당학생현황,2009,8686164438,2,before_first_0101_year,2010,2010
대학정보공시,1001,강좌당학생현황,2009,8721071779,2,before_first_0101_year,2010,2025
대학정보공시,1001,강좌당학생현황,2009,8851398706,2,before_first_0101_year,2010,2025
대학정보공시,1001,강좌당학생현황,2009,9020533442,2,before_first_0101_year,2010,2025
대학정보공시,1001,강좌당학생현황,2009,9837188839,3,before_first_0101_year,2010,2025
대학정보공시,1001,강좌당학생현황,2009,9896320283,2,before_first_0101_year,2010,2025
대학정보공시,1001,강좌당학생현황,2011,8862205862,3,before_first_0101_year,2014,2025
대학정보공시,1001,강좌당학생현황,2012,8862205862,4,before_first_0101_year,2014,2025
대학정보공시,1001,강좌당학생현황,2017,5352496743,2,after_last_0101_year,2010,2015
대학정보공시,1002,공동활용연구장비운영현황,2011,8862205862,5,before_first_0101_year,2014,2025
대학정보공시,1002,공동활용연구장비운영현황,2012,8862205862,14,before_first_0101_year,2014,2025
대학정보공시,1002,공동활용연구장비운영현황,2013,8862205862,58,before_first_0101_year,2014,2025
대학정보공시,1003,교원강의담당비율,2009,1508433640,12,before_first_0101_year,2010,2025
대학정보공시,1003,교원강의담당비율,2009,1651128768,10,before_first_0101_year,2010,2010
대학정보공시,1003,교원강의담당비율,2009,1674881875,4,before_first_0101_year,2010,2012
대학정보공시,1003,교원강의담당비율,2009,2043681859,2,before_first_0101_year,2010,2025
대학정보공시,1003,교원강의담당비율,2009,2097534179,28,before_first_0101_year,2010,2025
대학정보공시,1003,교원강의담당비율,2009,2151358604,10,before_first_0101_year,2010,2025
대학정보공시,1003,교원강의담당비율,2009,2593522906,14,before_first_0101_year,2010,2025
대학정보공시,1003,교원강의담당비율,2009,2731287598,8,before_first_0101_year,2010,2025
대학정보공시,1003,교원강의담당비율,2009,3313704609,12,before_first_0101_year,2010,2025
대학정보공시,1003,교원강의담당비율,2009,3403399288,12,before_first_0101_year,2010,2025
대학정보공시,1003,교원강의담당비율,2009,3459668815,16,before_first_0101_year,2010,2025
대학정보공시,1003,교원강의담당비율,2009,3945737659,16,before_first_0101_year,2010,2025
대학정보공시,1003,교원강의담당비율,2009,4097761511,14,before_first_0101_year,2010,2025
대학정보공시,1003,교원강의담당비율,2009,4222775518,2,before_first_0101_year,2010,2025
대학정보공시,1003,교원강의담당비율,2009,4363659620,27,before_first_0101_year,2010,2025
대학정보공시,1003,교원강의담당비율,2009,4524179637,16,before_first_0101_year,2010,2025
대학정보공시,1003,교원강의담당비율,2009,4982337415,14,before_first_0101_year,2010,2025
대학정보공시,1003,교원강의담당비율,2009,5352496743,14,before_first_0101_year,2010,2015
대학정보공시,1003,교원강의담당비율,2009,5831784427,4,before_first_0101_year,2010,2025
대학정보공시,1003,교원강의담당비율,2009,5961281478,14,before_first_0101_year,2010,2025
대학정보공시,1003,교원강의담당비율,2009,6084552049,36,before_first_0101_year,2010,2025
대학정보공시,1003,교원강의담당비율,2009,6125592529,46,before_first_0101_year,2010,2025
대학정보공시,1003,교원강의담당비율,2009,7065451979,14,before_first_0101_year,2010,2025
대학정보공시,1003,교원강의담당비율,2009,7264348506,34,before_first_0101_year,2010,2025
대학정보공시,1003,교원강의담당비율,2009,7876808941,8,before_first_0101_year,2010,2025
대학정보공시,1003,교원강의담당비율,2009,8106570184,16,before_first_0101_year,2010,2025
대학정보공시,1003,교원강의담당비율,2009,8648494422,16,before_first_0101_year,2010,2025
대학정보공시,1003,교원강의담당비율,2009,8686164438,10,before_first_0101_year,2010,2010
대학정보공시,1003,교원강의담당비율,2009,8721071779,12,before_first_0101_year,2010,2025
대학정보공시,1003,교원강의담당비율,2009,8851398706,14,before_first_0101_year,2010,2025
대학정보공시,1003,교원강의담당비율,2009,9020533442,12,before_first_0101_year,2010,2025
대학정보공시,1003,교원강의담당비율,2009,9837188839,38,before_first_0101_year,2010,2025
대학정보공시,1003,교원강의담당비율,2009,9896320283,10,before_first_0101_year,2010,2025
대학정보공시,1003,교원강의담당비율,2012,3280695736,7,before_first_0101_year,2013,2025
대학정보공시,1003,교원강의담당비율,2012,8179908752,1,before_first_0101_year,2013,2017
대학정보공시,1003,교원강의담당비율,2014,1564265429,1,before_first_0101_year,2015,2025
대학정보공시,1003,교원강의담당비율,2014,1673513412,6,before_first_0101_year,2015,2022
대학정보공시,1003,교원강의담당비율,2014,2292925059,2,before_first_0101_year,2015,2025
대학정보공시,1003,교원강의담당비율,2014,3124182939,1,never_in_0101,,
대학정보공시,1003,교원강의담당비율,2014,3802718520,2,internal_0101_gap,2013,2024
대학정보공시,1003,교원강의담당비율,2014,3857089579,1,never_in_0101,,
대학정보공시,1003,교원강의담당비율,2014,4021354496,3,never_in_0101,,
대학정보공시,1003,교원강의담당비율,2014,4819423794,3,never_in_0101,,
대학정보공시,1003,교원강의담당비율,2014,5082250773,1,never_in_0101,,
대학정보공시,1003,교원강의담당비율,2014,5533828556,6,before_first_0101_year,2015,2025
대학정보공시,1003,교원강의담당비율,2014,5674981415,9,never_in_0101,,
대학정보공시,1003,교원강의담당비율,2014,6310302317,2,internal_0101_gap,2013,2025
대학정보공시,1003,교원강의담당비율,2014,6428485274,2,before_first_0101_year,2015,2025
대학정보공시,1003,교원강의담당비율,2014,6773062765,14,internal_0101_gap,2013,2025
대학정보공시,1003,교원강의담당비율,2014,7064099073,3,never_in_0101,,
대학정보공시,1003,교원강의담당비율,2014,7840555131,8,before_first_0101_year,2015,2025
대학정보공시,1003,교원강의담당비율,2014,8499419927,1,never_in_0101,,
대학정보공시,1003,교원강의담당비율,2014,8918894886,14,before_first_0101_year,2015,2025
대학정보공시,1003,교원강의담당비율,2014,9099582433,9,never_in_0101,,
대학정보공시,1003,교원강의담당비율,2015,3087438821,1,never_in_0101,,
대학정보공시,1003,교원강의담당비율,2015,6529698431,3,never_in_0101,,
대학정보공시,1003,교원강의담당비율,2016,2984829306,2,never_in_0101,,
대학정보공시,1003,교원강의담당비율,2016,3246740043,3,never_in_0101,,
대학정보공시,1003,교원강의담당비율,2016,5371700823,1,never_in_0101,,
대학정보공시,1003,교원강의담당비율,2016,9080059170,2,never_in_0101,,
대학정보공시,1003,교원강의담당비율,2017,1471130549,3,never_in_0101,,
대학정보공시,1003,교원강의담당비율,2017,2901148140,4,never_in_0101,,
대학정보공시,1003,교원강의담당비율,2017,5352496743,14,after_last_0101_year,2010,2015
대학정보공시,1003,교원강의담당비율,2017,6206473469,2,never_in_0101,,
대학정보공시,1003,교원강의담당비율,2017,9321316361,7,never_in_0101,,
대학정보공시,1003,교원강의담당비율,2018,2175487220,1,never_in_0101,,
대학정보공시,1003,교원강의담당비율,2018,5327986180,1,never_in_0101,,
대학정보공시,1003,교원강의담당비율,2018,5419669449,1,never_in_0101,,
대학정보공시,1003,교원강의담당비율,2018,7852943181,2,never_in_0101,,
대학정보공시,1003,교원강의담당비율,2018,9627084970,2,never_in_0101,,
대학정보공시,1003,교원강의담당비율,2019,2641495823,10,before_first_0101_year,2020,2025
대학정보공시,1003,교원강의담당비율,2019,2957261025,2,never_in_0101,,
대학정보공시,1003,교원강의담당비율,2019,3949954092,5,before_first_0101_year,2020,2025
대학정보공시,1003,교원강의담당비율,2019,7232999384,4,before_first_0101_year,2020,2025
대학정보공시,1003,교원강의담당비율,2019,9254032611,1,before_first_0101_year,2020,2025
대학정보공시,1003,교원강의담당비율,2020,2137018442,4,before_first_0101_year,2021,2025
대학정보공시,1003,교원강의담당비율,2020,2970658659,1,before_first_0101_year,2021,2025
대학정보공시,1003,교원강의담당비율,2020,6143135786,3,before_first_0101_year,2021,2025
대학정보공시,1003,교원강의담당비율,2022,6031281232,1,before_first_0101_year,2023,2025
대학정보공시,1003,교원강의담당비율,2022,7873827934,3,before_first_0101_year,2023,2025
대학정보공시,1005,기술이전수입료및계약실적,2009,4097761511,1,before_first_0101_year,2010,2025
대학정보공시,1005,기술이전수입료및계약실적,2009,4363659620,1,before_first_0101_year,2010,2025
대학정보공시,1005,기술이전수입료및계약실적,2009,8106570184,1,before_first_0101_year,2010,2025
대학정보공시,1005,기술이전수입료및계약실적,2009,9837188839,1,before_first_0101_year,2010,2025
대학정보공시,1005,기술이전수입료및계약실적,2011,8862205862,1,before_first_0101_year,2014,2025
대학정보공시,1005,기술이전수입료및계약실적,2012,8862205862,1,before_first_0101_year,2014,2025
대학정보공시,1005,기술이전수입료및계약실적,2013,8862205862,1,before_first_0101_year,2014,2025
대학정보공시,1009,사회봉사과목수강현황,2017,5352496743,1,after_last_0101_year,2010,2015
대학정보공시,1010,산업체경력전임교원현황,2009,1508433640,7,before_first_0101_year,2010,2025
대학정보공시,1010,산업체경력전임교원현황,2009,1651128768,6,before_first_0101_year,2010,2010
대학정보공시,1010,산업체경력전임교원현황,2009,2043681859,2,before_first_0101_year,2010,2025
대학정보공시,1010,산업체경력전임교원현황,2009,2097534179,29,before_first_0101_year,2010,2025
대학정보공시,1010,산업체경력전임교원현황,2009,2151358604,6,before_first_0101_year,2010,2025
대학정보공시,1010,산업체경력전임교원현황,2009,2593522906,8,before_first_0101_year,2010,2025
대학정보공시,1010,산업체경력전임교원현황,2009,2731287598,5,before_first_0101_year,2010,2025
대학정보공시,1010,산업체경력전임교원현황,2009,3313704609,7,before_first_0101_year,2010,2025
대학정보공시,1010,산업체경력전임교원현황,2009,3403399288,4,before_first_0101_year,2010,2025
대학정보공시,1010,산업체경력전임교원현황,2009,3459668815,7,before_first_0101_year,2010,2025
대학정보공시,1010,산업체경력전임교원현황,2009,3945737659,9,before_first_0101_year,2010,2025
대학정보공시,1010,산업체경력전임교원현황,2009,4097761511,8,before_first_0101_year,2010,2025
대학정보공시,1010,산업체경력전임교원현황,2009,4124740779,1,never_in_0101,,
대학정보공시,1010,산업체경력전임교원현황,2009,4363659620,12,before_first_0101_year,2010,2025
대학정보공시,1010,산업체경력전임교원현황,2009,4524179637,9,before_first_0101_year,2010,2025
대학정보공시,1010,산업체경력전임교원현황,2009,4982337415,8,before_first_0101_year,2010,2025
대학정보공시,1010,산업체경력전임교원현황,2009,5352496743,8,before_first_0101_year,2010,2015
대학정보공시,1010,산업체경력전임교원현황,2009,5814962685,1,never_in_0101,,
대학정보공시,1010,산업체경력전임교원현황,2009,5831784427,3,before_first_0101_year,2010,2025
대학정보공시,1010,산업체경력전임교원현황,2009,5961281478,7,before_first_0101_year,2010,2025
대학정보공시,1010,산업체경력전임교원현황,2009,6084552049,13,before_first_0101_year,2010,2025
대학정보공시,1010,산업체경력전임교원현황,2009,6125592529,7,before_first_0101_year,2010,2025
대학정보공시,1010,산업체경력전임교원현황,2009,6566148042,4,never_in_0101,,
대학정보공시,1010,산업체경력전임교원현황,2009,7065451979,8,before_first_0101_year,2010,2025
대학정보공시,1010,산업체경력전임교원현황,2009,7264348506,13,before_first_0101_year,2010,2025
대학정보공시,1010,산업체경력전임교원현황,2009,7876808941,5,before_first_0101_year,2010,2025
대학정보공시,1010,산업체경력전임교원현황,2009,8106570184,8,before_first_0101_year,2010,2025
대학정보공시,1010,산업체경력전임교원현황,2009,8648494422,11,before_first_0101_year,2010,2025
대학정보공시,1010,산업체경력전임교원현황,2009,8686164438,9,before_first_0101_year,2010,2010
대학정보공시,1010,산업체경력전임교원현황,2009,8721071779,7,before_first_0101_year,2010,2025
대학정보공시,1010,산업체경력전임교원현황,2009,8851398706,8,before_first_0101_year,2010,2025
대학정보공시,1010,산업체경력전임교원현황,2009,9837188839,20,before_first_0101_year,2010,2025
대학정보공시,1010,산업체경력전임교원현황,2009,9896320283,6,before_first_0101_year,2010,2025
대학정보공시,1010,산업체경력전임교원현황,2012,8862205862,1,before_first_0101_year,2014,2025
대학정보공시,1010,산업체경력전임교원현황,2013,8862205862,1,before_first_0101_year,2014,2025
대학정보공시,1010,산업체경력전임교원현황,2016,4112864494,1,after_last_0101_year,2009,2015
대학정보공시,1010,산업체경력전임교원현황,2017,4112864494,3,after_last_0101_year,2009,2015
대학정보공시,1010,산업체경력전임교원현황,2017,5352496743,2,after_last_0101_year,2010,2015
대학정보공시,1010,산업체경력전임교원현황,2019,6152777791,1,after_last_0101_year,2012,2018
대학정보공시,1010,산업체경력전임교원현황,2024,6448657631,1,internal_0101_gap,2009,2025
대학정보공시,1011,산학협력단고용주체별인력현황,2012,8862205862,2,before_first_0101_year,2014,2025
대학정보공시,1011,산학협력단고용주체별인력현황,2013,8862205862,5,before_first_0101_year,2014,2025
대학정보공시,1012,산학협력단담당업무별인력현황,2012,8862205862,1,before_first_0101_year,2014,2025
대학정보공시,1012,산학협력단담당업무별인력현황,2013,8862205862,5,before_first_0101_year,2014,2025
대학정보공시,1013,산학협력단전문인력현황,2012,8862205862,1,before_first_0101_year,2014,2025
대학정보공시,1013,산학협력단전문인력현황,2013,8862205862,4,before_first_0101_year,2014,2025
대학정보공시,1014,연구비수혜실적,2009,1508433640,1,before_first_0101_year,2010,2025
대학정보공시,1014,연구비수혜실적,2009,1651128768,1,before_first_0101_year,2010,2010
대학정보공시,1014,연구비수혜실적,2009,2043681859,1,before_first_0101_year,2010,2025
대학정보공시,1014,연구비수혜실적,2009,2097534179,1,before_first_0101_year,2010,2025
대학정보공시,1014,연구비수혜실적,2009,2151358604,1,before_first_0101_year,2010,2025
대학정보공시,1014,연구비수혜실적,2009,2593522906,1,before_first_0101_year,2010,2025
대학정보공시,1014,연구비수혜실적,2009,2731287598,1,before_first_0101_year,2010,2025
대학정보공시,1014,연구비수혜실적,2009,3313704609,1,before_first_0101_year,2010,2025
대학정보공시,1014,연구비수혜실적,2009,3403399288,1,before_first_0101_year,2010,2025
대학정보공시,1014,연구비수혜실적,2009,3945737659,1,before_first_0101_year,2010,2025
대학정보공시,1014,연구비수혜실적,2009,4097761511,1,before_first_0101_year,2010,2025
대학정보공시,1014,연구비수혜실적,2009,4524179637,1,before_first_0101_year,2010,2025
대학정보공시,1014,연구비수혜실적,2009,4982337415,1,before_first_0101_year,2010,2025
대학정보공시,1014,연구비수혜실적,2009,5352496743,1,before_first_0101_year,2010,2015
대학정보공시,1014,연구비수혜실적,2009,5831784427,1,before_first_0101_year,2010,2025
대학정보공시,1014,연구비수혜실적,2009,6084552049,1,before_first_0101_year,2010,2025
대학정보공시,1014,연구비수혜실적,2009,6125592529,1,before_first_0101_year,2010,2025
대학정보공시,1014,연구비수혜실적,2009,7065451979,1,before_first_0101_year,2010,2025
대학정보공시,1014,연구비수혜실적,2009,7264348506,1,before_first_0101_year,2010,2025
대학정보공시,1014,연구비수혜실적,2009,8106570184,1,before_first_0101_year,2010,2025
대학정보공시,1014,연구비수혜실적,2009,8648494422,1,before_first_0101_year,2010,2025
대학정보공시,1014,연구비수혜실적,2009,8686164438,1,before_first_0101_year,2010,2010
대학정보공시,1014,연구비수혜실적,2009,8721071779,1,before_first_0101_year,2010,2025
대학정보공시,1014,연구비수혜실적,2009,8851398706,1,before_first_0101_year,2010,2025
대학정보공시,1014,연구비수혜실적,2009,9020533442,1,before_first_0101_year,2010,2025
대학정보공시,1014,연구비수혜실적,2009,9837188839,1,before_first_0101_year,2010,2025
대학정보공시,1014,연구비수혜실적,2017,5352496743,1,after_last_0101_year,2010,2015
대학정보공시,1014,연구비수혜실적,2024,7602205455,1,after_last_0101_year,2009,2022
대학정보공시,1015,외국대학과교류현황,2009,2097534179,10,before_first_0101_year,2010,2025
대학정보공시,1015,외국대학과교류현황,2009,3459668815,2,before_first_0101_year,2010,2025
대학정보공시,1015,외국대학과교류현황,2009,6125592529,13,before_first_0101_year,2010,2025
대학정보공시,1015,외국대학과교류현황,2009,8106570184,1,before_first_0101_year,2010,2025
대학정보공시,1015,외국대학과교류현황,2009,9837188839,41,before_first_0101_year,2010,2025
대학정보공시,1016,장학금수혜현황,2009,1508433640,21,before_first_0101_year,2010,2025
대학정보공시,1016,장학금수혜현황,2009,1651128768,15,before_first_0101_year,2010,2010
대학정보공시,1016,장학금수혜현황,2009,1674881875,15,before_first_0101_year,2010,2012
대학정보공시,1016,장학금수혜현황,2009,2043681859,3,before_first_0101_year,2010,2025
대학정보공시,1016,장학금수혜현황,2009,2097534179,84,before_first_0101_year,2010,2025
대학정보공시,1016,장학금수혜현황,2009,2151358604,15,before_first_0101_year,2010,2025
대학정보공시,1016,장학금수혜현황,2009,2593522906,21,before_first_0101_year,2010,2025
대학정보공시,1016,장학금수혜현황,2009,2731287598,15,before_first_0101_year,2010,2025
대학정보공시,1016,장학금수혜현황,2009,3313704609,18,before_first_0101_year,2010,2025
대학정보공시,1016,장학금수혜현황,2009,3403399288,27,before_first_0101_year,2010,2025
대학정보공시,1016,장학금수혜현황,2009,3459668815,18,before_first_0101_year,2010,2025
대학정보공시,1016,장학금수혜현황,2009,3945737659,24,before_first_0101_year,2010,2025
대학정보공시,1016,장학금수혜현황,2009,4097761511,21,before_first_0101_year,2010,2025
대학정보공시,1016,장학금수혜현황,2009,4222775518,3,before_first_0101_year,2010,2025
대학정보공시,1016,장학금수혜현황,2009,4363659620,36,before_first_0101_year,2010,2025
대학정보공시,1016,장학금수혜현황,2009,4524179637,24,before_first_0101_year,2010,2025
대학정보공시,1016,장학금수혜현황,2009,4982337415,21,before_first_0101_year,2010,2025
대학정보공시,1016,장학금수혜현황,2009,5352496743,24,before_first_0101_year,2010,2015
대학정보공시,1016,장학금수혜현황,2009,5831784427,6,before_first_0101_year,2010,2025
대학정보공시,1016,장학금수혜현황,2009,5961281478,21,before_first_0101_year,2010,2025
대학정보공시,1016,장학금수혜현황,2009,6084552049,60,before_first_0101_year,2010,2025
대학정보공시,1016,장학금수혜현황,2009,7065451979,21,before_first_0101_year,2010,2025
대학정보공시,1016,장학금수혜현황,2009,7264348506,123,before_first_0101_year,2010,2025
대학정보공시,1016,장학금수혜현황,2009,7876808941,12,before_first_0101_year,2010,2025
대학정보공시,1016,장학금수혜현황,2009,8106570184,21,before_first_0101_year,2010,2025
대학정보공시,1016,장학금수혜현황,2009,8648494422,36,before_first_0101_year,2010,2025
대학정보공시,1016,장학금수혜현황,2009,8686164438,24,before_first_0101_year,2010,2010
대학정보공시,1016,장학금수혜현황,2009,8721071779,18,before_first_0101_year,2010,2025
대학정보공시,1016,장학금수혜현황,2009,8851398706,21,before_first_0101_year,2010,2025
대학정보공시,1016,장학금수혜현황,2009,9020533442,21,before_first_0101_year,2010,2025
대학정보공시,1016,장학금수혜현황,2009,9837188839,87,before_first_0101_year,2010,2025
대학정보공시,1016,장학금수혜현황,2009,9896320283,24,before_first_0101_year,2010,2025
대학정보공시,1016,장학금수혜현황,2014,5400147795,6,after_last_0101_year,2009,2013
대학정보공시,1016,장학금수혜현황,2014,6681864976,20,after_last_0101_year,2009,2013
대학정보공시,1016,장학금수혜현황,2015,5831784427,1,internal_0101_gap,2010,2025
대학정보공시,1016,장학금수혜현황,2015,8203220367,1,after_last_0101_year,2009,2014
대학정보공시,1016,장학금수혜현황,2015,9749850749,8,after_last_0101_year,2009,2014
대학정보공시,1016,장학금수혜현황,2017,5352496743,18,after_last_0101_year,2010,2015
대학정보공시,1016,장학금수혜현황,2020,3694659829,2,after_last_0101_year,2009,2019
대학정보공시,1016,장학금수혜현황,2020,9708125770,314,after_last_0101_year,2009,2019
대학정보공시,1017,장학금수혜현황_대학원,2009,6044571042,36,never_in_0101,,
대학정보공시,1017,장학금수혜현황_대학원,2009,6125592529,666,before_first_0101_year,2010,2025
대학정보공시,1017,장학금수혜현황_대학원,2010,2576321899,18,internal_0101_gap,2009,2016
대학정보공시,1017,장학금수혜현황_대학원,2010,2810852646,81,after_last_0101_year,2009,2009
대학정보공시,1017,장학금수혜현황_대학원,2014,2105027198,4,after_last_0101_year,2010,2013
대학정보공시,1017,장학금수혜현황_대학원,2014,3802718520,2,internal_0101_gap,2013,2024
대학정보공시,1017,장학금수혜현황_대학원,2014,4458758950,27,internal_0101_gap,2013,2020
대학정보공시,1017,장학금수혜현황_대학원,2014,6310302317,2,internal_0101_gap,2013,2025
대학정보공시,1017,장학금수혜현황_대학원,2014,6773062765,11,internal_0101_gap,2013,2025
대학정보공시,1017,장학금수혜현황_대학원,2014,7856220841,4,internal_0101_gap,2013,2022
대학정보공시,1017,장학금수혜현황_대학원,2015,1448684751,60,after_last_0101_year,2013,2014
대학정보공시,1017,장학금수혜현황_대학원,2015,2916942059,6,after_last_0101_year,2009,2014
대학정보공시,1017,장학금수혜현황_대학원,2015,5129176020,3,after_last_0101_year,2009,2014
대학정보공시,1017,장학금수혜현황_대학원,2015,5918260991,6,after_last_0101_year,2009,2013
대학정보공시,1017,장학금수혜현황_대학원,2015,5979773700,6,after_last_0101_year,2009,2014
대학정보공시,1017,장학금수혜현황_대학원,2015,6257185995,138,after_last_0101_year,2009,2013
대학정보공시,1017,장학금수혜현황_대학원,2015,6367777764,18,after_last_0101_year,2009,2013
대학정보공시,1017,장학금수혜현황_대학원,2015,6924364030,4,after_last_0101_year,2009,2014
대학정보공시,1017,장학금수혜현황_대학원,2015,7058584451,6,after_last_0101_year,2009,2013
대학정보공시,1017,장학금수혜현황_대학원,2015,7061143279,18,after_last_0101_year,2009,2014
대학정보공시,1017,장학금수혜현황_대학원,2015,7078410267,18,after_last_0101_year,2011,2014
대학정보공시,1017,장학금수혜현황_대학원,2015,7514404416,6,after_last_0101_year,2010,2014
대학정보공시,1017,장학금수혜현황_대학원,2015,9011668741,16,after_last_0101_year,2009,2014
대학정보공시,1017,장학금수혜현황_대학원,2015,9294413268,6,after_last_0101_year,2009,2014
대학정보공시,1017,장학금수혜현황_대학원,2015,9314919829,4,after_last_0101_year,2009,2014
대학정보공시,1017,장학금수혜현황_대학원,2015,9418958961,18,internal_0101_gap,2009,2025
대학정보공시,1017,장학금수혜현황_대학원,2015,9703463017,24,after_last_0101_year,2009,2014
대학정보공시,1017,장학금수혜현황_대학원,2016,1406099319,1,after_last_0101_year,2009,2015
대학정보공시,1017,장학금수혜현황_대학원,2016,1411789357,5,after_last_0101_year,2012,2014
대학정보공시,1017,장학금수혜현황_대학원,2016,1448684751,60,after_last_0101_year,2013,2014
대학정보공시,1017,장학금수혜현황_대학원,2016,2094637930,36,after_last_0101_year,2009,2015
대학정보공시,1017,장학금수혜현황_대학원,2016,2545302689,12,after_last_0101_year,2009,2015
대학정보공시,1017,장학금수혜현황_대학원,2016,2832937419,6,after_last_0101_year,2009,2015
대학정보공시,1017,장학금수혜현황_대학원,2016,2882021844,18,after_last_0101_year,2010,2015
대학정보공시,1017,장학금수혜현황_대학원,2016,3033717393,12,after_last_0101_year,2009,2015
대학정보공시,1017,장학금수혜현황_대학원,2016,3073845922,6,after_last_0101_year,2009,2015
대학정보공시,1017,장학금수혜현황_대학원,2016,3766758680,6,after_last_0101_year,2009,2015
대학정보공시,1017,장학금수혜현황_대학원,2016,4036816358,48,internal_0101_gap,2013,2020
대학정보공시,1017,장학금수혜현황_대학원,2016,4058111488,12,after_last_0101_year,2009,2015
대학정보공시,1017,장학금수혜현황_대학원,2016,4112864494,102,after_last_0101_year,2009,2015
대학정보공시,1017,장학금수혜현황_대학원,2016,4468261480,6,after_last_0101_year,2013,2015
대학정보공시,1017,장학금수혜현황_대학원,2016,4938666224,36,after_last_0101_year,2009,2015
대학정보공시,1017,장학금수혜현황_대학원,2016,4946694076,96,after_last_0101_year,2011,2015
대학정보공시,1017,장학금수혜현황_대학원,2016,4989010214,17,after_last_0101_year,2014,2015
대학정보공시,1017,장학금수혜현황_대학원,2016,5248862624,48,after_last_0101_year,2009,2015
대학정보공시,1017,장학금수혜현황_대학원,2016,5314473211,24,internal_0101_gap,2009,2024
대학정보공시,1017,장학금수혜현황_대학원,2016,5619136750,36,internal_0101_gap,2009,2025
대학정보공시,1017,장학금수혜현황_대학원,2016,5794047892,36,after_last_0101_year,2009,2015
대학정보공시,1017,장학금수혜현황_대학원,2016,5918260991,6,after_last_0101_year,2009,2013
대학정보공시,1017,장학금수혜현황_대학원,2016,5981566488,6,after_last_0101_year,2012,2015
대학정보공시,1017,장학금수혜현황_대학원,2016,6058101713,6,after_last_0101_year,2013,2015
대학정보공시,1017,장학금수혜현황_대학원,2016,6527066648,18,internal_0101_gap,2009,2025
대학정보공시,1017,장학금수혜현황_대학원,2016,6585003435,12,internal_0101_gap,2010,2021
대학정보공시,1017,장학금수혜현황_대학원,2016,6724196135,12,after_last_0101_year,2009,2015
대학정보공시,1017,장학금수혜현황_대학원,2016,7061143279,18,after_last_0101_year,2009,2014
대학정보공시,1017,장학금수혜현황_대학원,2016,7078410267,18,after_last_0101_year,2011,2014
대학정보공시,1017,장학금수혜현황_대학원,2016,7470429599,6,internal_0101_gap,2009,2020
대학정보공시,1017,장학금수혜현황_대학원,2016,7514404416,6,after_last_0101_year,2010,2014
대학정보공시,1017,장학금수혜현황_대학원,2016,7776926159,18,after_last_0101_year,2015,2015
대학정보공시,1017,장학금수혜현황_대학원,2016,7835785090,18,after_last_0101_year,2009,2015
대학정보공시,1017,장학금수혜현황_대학원,2016,8686607539,18,after_last_0101_year,2009,2015
대학정보공시,1017,장학금수혜현황_대학원,2016,8747820377,30,after_last_0101_year,2011,2015
대학정보공시,1017,장학금수혜현황_대학원,2016,8787434995,126,after_last_0101_year,2009,2015
대학정보공시,1017,장학금수혜현황_대학원,2016,8870644629,24,after_last_0101_year,2011,2015
대학정보공시,1017,장학금수혜현황_대학원,2016,8889203906,36,after_last_0101_year,2009,2015
대학정보공시,1017,장학금수혜현황_대학원,2016,9294413268,6,after_last_0101_year,2009,2014
대학정보공시,1017,장학금수혜현황_대학원,2016,9314919829,12,after_last_0101_year,2009,2014
대학정보공시,1017,장학금수혜현황_대학원,2016,9418958961,18,internal_0101_gap,2009,2025
대학정보공시,1017,장학금수혜현황_대학원,2016,9916691660,6,after_last_0101_year,2010,2015
대학정보공시,1017,장학금수혜현황_대학원,2017,1411789357,6,after_last_0101_year,2012,2014
대학정보공시,1017,장학금수혜현황_대학원,2017,2094637930,36,after_last_0101_year,2009,2015
대학정보공시,1017,장학금수혜현황_대학원,2017,2233732461,72,after_last_0101_year,2009,2016
대학정보공시,1017,장학금수혜현황_대학원,2017,2304858207,6,after_last_0101_year,2009,2016
대학정보공시,1017,장학금수혜현황_대학원,2017,2545302689,12,after_last_0101_year,2009,2015
대학정보공시,1017,장학금수혜현황_대학원,2017,2632862329,6,after_last_0101_year,2009,2016
대학정보공시,1017,장학금수혜현황_대학원,2017,2810409545,12,internal_0101_gap,2009,2022
대학정보공시,1017,장학금수혜현황_대학원,2017,2832937419,6,after_last_0101_year,2009,2015
대학정보공시,1017,장학금수혜현황_대학원,2017,2882021844,18,after_last_0101_year,2010,2015
대학정보공시,1017,장학금수혜현황_대학원,2017,2913967490,18,after_last_0101_year,2012,2015
대학정보공시,1017,장학금수혜현황_대학원,2017,3073845922,6,after_last_0101_year,2009,2015
대학정보공시,1017,장학금수혜현황_대학원,2017,3416735231,24,after_last_0101_year,2011,2016
대학정보공시,1017,장학금수혜현황_대학원,2017,3766758680,6,after_last_0101_year,2009,2015
대학정보공시,1017,장학금수혜현황_대학원,2017,4036816358,42,internal_0101_gap,2013,2020
대학정보공시,1017,장학금수혜현황_대학원,2017,4058111488,12,after_last_0101_year,2009,2015
대학정보공시,1017,장학금수혜현황_대학원,2017,4112864494,102,after_last_0101_year,2009,2015
대학정보공시,1017,장학금수혜현황_대학원,2017,4468261480,6,after_last_0101_year,2013,2015
대학정보공시,1017,장학금수혜현황_대학원,2017,4519261002,24,after_last_0101_year,2009,2016
대학정보공시,1017,장학금수혜현황_대학원,2017,4589612662,18,internal_0101_gap,2009,2022
대학정보공시,1017,장학금수혜현황_대학원,2017,4946694076,84,after_last_0101_year,2011,2015
대학정보공시,1017,장학금수혜현황_대학원,2017,4989010214,18,after_last_0101_year,2014,2015
대학정보공시,1017,장학금수혜현황_대학원,2017,5248862624,48,after_last_0101_year,2009,2015
대학정보공시,1017,장학금수혜현황_대학원,2017,5314473211,24,internal_0101_gap,2009,2024
대학정보공시,1017,장학금수혜현황_대학원,2017,5794047892,36,after_last_0101_year,2009,2015
대학정보공시,1017,장학금수혜현황_대학원,2017,5918260991,6,after_last_0101_year,2009,2013
대학정보공시,1017,장학금수혜현황_대학원,2017,5981566488,6,after_last_0101_year,2012,2015
대학정보공시,1017,장학금수혜현황_대학원,2017,6058101713,6,after_last_0101_year,2013,2015
대학정보공시,1017,장학금수혜현황_대학원,2017,6158080518,24,internal_0101_gap,2010,2024
대학정보공시,1017,장학금수혜현황_대학원,2017,6474115550,48,after_last_0101_year,2009,2016
대학정보공시,1017,장학금수혜현황_대학원,2017,6527066648,18,internal_0101_gap,2009,2025
대학정보공시,1017,장학금수혜현황_대학원,2017,6724196135,12,after_last_0101_year,2009,2015
대학정보공시,1017,장학금수혜현황_대학원,2017,7061143279,18,after_last_0101_year,2009,2014
대학정보공시,1017,장학금수혜현황_대학원,2017,7514404416,6,after_last_0101_year,2010,2014
대학정보공시,1017,장학금수혜현황_대학원,2017,7835785090,18,after_last_0101_year,2009,2015
대학정보공시,1017,장학금수혜현황_대학원,2017,8652750551,18,after_last_0101_year,2009,2016
대학정보공시,1017,장학금수혜현황_대학원,2017,8686607539,18,after_last_0101_year,2009,2015
대학정보공시,1017,장학금수혜현황_대학원,2017,8747820377,30,after_last_0101_year,2011,2015
대학정보공시,1017,장학금수혜현황_대학원,2017,8748960852,18,after_last_0101_year,2009,2016
대학정보공시,1017,장학금수혜현황_대학원,2017,8787434995,126,after_last_0101_year,2009,2015
대학정보공시,1017,장학금수혜현황_대학원,2017,8870644629,24,after_last_0101_year,2011,2015
대학정보공시,1017,장학금수혜현황_대학원,2017,8889203906,36,after_last_0101_year,2009,2015
대학정보공시,1017,장학금수혜현황_대학원,2017,9080059170,6,never_in_0101,,
대학정보공시,1017,장학금수혜현황_대학원,2017,9294413268,6,after_last_0101_year,2009,2014
대학정보공시,1017,장학금수혜현황_대학원,2017,9314919829,12,after_last_0101_year,2009,2014
대학정보공시,1017,장학금수혜현황_대학원,2017,9597832798,138,after_last_0101_year,2009,2016
대학정보공시,1017,장학금수혜현황_대학원,2017,9916691660,6,after_last_0101_year,2010,2015
대학정보공시,1017,장학금수혜현황_대학원,2018,1411789357,6,after_last_0101_year,2012,2014
대학정보공시,1017,장학금수혜현황_대학원,2018,2094637930,36,after_last_0101_year,2009,2015
대학정보공시,1017,장학금수혜현황_대학원,2018,2233732461,72,after_last_0101_year,2009,2016
대학정보공시,1017,장학금수혜현황_대학원,2018,2545302689,12,after_last_0101_year,2009,2015
대학정보공시,1017,장학금수혜현황_대학원,2018,2810409545,24,internal_0101_gap,2009,2022
대학정보공시,1017,장학금수혜현황_대학원,2018,2832937419,6,after_last_0101_year,2009,2015
대학정보공시,1017,장학금수혜현황_대학원,2018,2913967490,18,after_last_0101_year,2012,2015
대학정보공시,1017,장학금수혜현황_대학원,2018,3766758680,6,after_last_0101_year,2009,2015
대학정보공시,1017,장학금수혜현황_대학원,2018,4058111488,12,after_last_0101_year,2009,2015
대학정보공시,1017,장학금수혜현황_대학원,2018,4112864494,102,after_last_0101_year,2009,2015
대학정보공시,1017,장학금수혜현황_대학원,2018,4519261002,24,after_last_0101_year,2009,2016
대학정보공시,1017,장학금수혜현황_대학원,2018,4989010214,18,after_last_0101_year,2014,2015
대학정보공시,1017,장학금수혜현황_대학원,2018,5314473211,24,internal_0101_gap,2009,2024
대학정보공시,1017,장학금수혜현황_대학원,2018,5794047892,36,after_last_0101_year,2009,2015
대학정보공시,1017,장학금수혜현황_대학원,2018,5869889497,6,after_last_0101_year,2009,2017
대학정보공시,1017,장학금수혜현황_대학원,2018,5890547335,30,after_last_0101_year,2010,2017
대학정보공시,1017,장학금수혜현황_대학원,2018,5918260991,6,after_last_0101_year,2009,2013
대학정보공시,1017,장학금수혜현황_대학원,2018,6158080518,24,internal_0101_gap,2010,2024
대학정보공시,1017,장학금수혜현황_대학원,2018,6474115550,48,after_last_0101_year,2009,2016
대학정보공시,1017,장학금수혜현황_대학원,2018,6527066648,18,internal_0101_gap,2009,2025
대학정보공시,1017,장학금수혜현황_대학원,2018,6628103852,162,after_last_0101_year,2010,2017
대학정보공시,1017,장학금수혜현황_대학원,2018,6724196135,12,after_last_0101_year,2009,2015
대학정보공시,1017,장학금수혜현황_대학원,2018,6969893991,12,after_last_0101_year,2011,2017
대학정보공시,1017,장학금수혜현황_대학원,2018,7061143279,18,after_last_0101_year,2009,2014
대학정보공시,1017,장학금수혜현황_대학원,2018,7514404416,6,after_last_0101_year,2010,2014
대학정보공시,1017,장학금수혜현황_대학원,2018,7835785090,18,after_last_0101_year,2009,2015
대학정보공시,1017,장학금수혜현황_대학원,2018,7856220841,12,internal_0101_gap,2013,2022
대학정보공시,1017,장학금수혜현황_대학원,2018,8179908752,6,after_last_0101_year,2013,2017
대학정보공시,1017,장학금수혜현황_대학원,2018,8408725857,6,after_last_0101_year,2009,2017
대학정보공시,1017,장학금수혜현황_대학원,2018,8686607539,18,after_last_0101_year,2009,2015
대학정보공시,1017,장학금수혜현황_대학원,2018,8787434995,126,after_last_0101_year,2009,2015
대학정보공시,1017,장학금수혜현황_대학원,2018,8889203906,36,after_last_0101_year,2009,2015
대학정보공시,1017,장학금수혜현황_대학원,2018,9294413268,6,after_last_0101_year,2009,2014
대학정보공시,1017,장학금수혜현황_대학원,2019,1107419788,36,after_last_0101_year,2009,2018
대학정보공시,1017,장학금수혜현황_대학원,2019,1291285216,24,after_last_0101_year,2009,2018
대학정보공시,1017,장학금수혜현황_대학원,2019,1411789357,6,after_last_0101_year,2012,2014
대학정보공시,1017,장학금수혜현황_대학원,2019,1569027960,42,after_last_0101_year,2009,2018
대학정보공시,1017,장학금수혜현황_대학원,2019,1842615962,30,after_last_0101_year,2009,2018
대학정보공시,1017,장학금수혜현황_대학원,2019,2094637930,36,after_last_0101_year,2009,2015
대학정보공시,1017,장학금수혜현황_대학원,2019,2545302689,12,after_last_0101_year,2009,2015
대학정보공시,1017,장학금수혜현황_대학원,2019,2795804381,18,internal_0101_gap,2009,2022
대학정보공시,1017,장학금수혜현황_대학원,2019,2810409545,24,internal_0101_gap,2009,2022
대학정보공시,1017,장학금수혜현황_대학원,2019,2832937419,6,after_last_0101_year,2009,2015
대학정보공시,1017,장학금수혜현황_대학원,2019,2913967490,18,after_last_0101_year,2012,2015
대학정보공시,1017,장학금수혜현황_대학원,2019,2957261025,6,never_in_0101,,
대학정보공시,1017,장학금수혜현황_대학원,2019,3392053544,24,after_last_0101_year,2012,2018
대학정보공시,1017,장학금수혜현황_대학원,2019,3766758680,6,after_last_0101_year,2009,2015
대학정보공시,1017,장학금수혜현황_대학원,2019,3853345751,18,after_last_0101_year,2009,2018
대학정보공시,1017,장학금수혜현황_대학원,2019,4058111488,12,after_last_0101_year,2009,2015
대학정보공시,1017,장학금수혜현황_대학원,2019,4080095410,6,after_last_0101_year,2009,2018
대학정보공시,1017,장학금수혜현황_대학원,2019,4112864494,102,after_last_0101_year,2009,2015
대학정보공시,1017,장학금수혜현황_대학원,2019,4265451610,36,after_last_0101_year,2016,2018
대학정보공시,1017,장학금수혜현황_대학원,2019,4519261002,24,after_last_0101_year,2009,2016
대학정보공시,1017,장학금수혜현황_대학원,2019,4614893555,432,after_last_0101_year,2009,2018
대학정보공시,1017,장학금수혜현황_대학원,2019,4955806612,6,after_last_0101_year,2009,2018
대학정보공시,1017,장학금수혜현황_대학원,2019,4989010214,18,after_last_0101_year,2014,2015
대학정보공시,1017,장학금수혜현황_대학원,2019,5314473211,24,internal_0101_gap,2009,2024
대학정보공시,1017,장학금수혜현황_대학원,2019,5794047892,36,after_last_0101_year,2009,2015
대학정보공시,1017,장학금수혜현황_대학원,2019,5869889497,6,after_last_0101_year,2009,2017
대학정보공시,1017,장학금수혜현황_대학원,2019,5890547335,30,after_last_0101_year,2010,2017
대학정보공시,1017,장학금수혜현황_대학원,2019,5918260991,6,after_last_0101_year,2009,2013
대학정보공시,1017,장학금수혜현황_대학원,2019,6152777791,12,after_last_0101_year,2012,2018
대학정보공시,1017,장학금수혜현황_대학원,2019,6158080518,18,internal_0101_gap,2010,2024
대학정보공시,1017,장학금수혜현황_대학원,2019,6257185995,6,after_last_0101_year,2009,2013
대학정보공시,1017,장학금수혜현황_대학원,2019,6359701633,18,after_last_0101_year,2009,2018
대학정보공시,1017,장학금수혜현황_대학원,2019,6474115550,48,after_last_0101_year,2009,2016
대학정보공시,1017,장학금수혜현황_대학원,2019,6494614601,30,after_last_0101_year,2009,2018
대학정보공시,1017,장학금수혜현황_대학원,2019,6628103852,162,after_last_0101_year,2010,2017
대학정보공시,1017,장학금수혜현황_대학원,2019,6724196135,12,after_last_0101_year,2009,2015
대학정보공시,1017,장학금수혜현황_대학원,2019,7061143279,18,after_last_0101_year,2009,2014
대학정보공시,1017,장학금수혜현황_대학원,2019,7514404416,6,after_last_0101_year,2010,2014
대학정보공시,1017,장학금수혜현황_대학원,2019,7835785090,18,after_last_0101_year,2009,2015
대학정보공시,1017,장학금수혜현황_대학원,2019,7856220841,12,internal_0101_gap,2013,2022
대학정보공시,1017,장학금수혜현황_대학원,2019,8019562542,6,after_last_0101_year,2010,2018
대학정보공시,1017,장학금수혜현황_대학원,2019,8179908752,6,after_last_0101_year,2013,2017
대학정보공시,1017,장학금수혜현황_대학원,2019,8686607539,18,after_last_0101_year,2009,2015
대학정보공시,1017,장학금수혜현황_대학원,2019,8755021035,30,after_last_0101_year,2009,2018
대학정보공시,1017,장학금수혜현황_대학원,2019,8787434995,126,after_last_0101_year,2009,2015
대학정보공시,1017,장학금수혜현황_대학원,2019,8889203906,36,after_last_0101_year,2009,2015
대학정보공시,1017,장학금수혜현황_대학원,2019,8889654517,18,after_last_0101_year,2016,2018
대학정보공시,1017,장학금수혜현황_대학원,2019,8928852319,42,after_last_0101_year,2009,2018
대학정보공시,1017,장학금수혜현황_대학원,2019,9152388691,30,after_last_0101_year,2017,2018
대학정보공시,1017,장학금수혜현황_대학원,2019,9294413268,6,after_last_0101_year,2009,2014
대학정보공시,1017,장학금수혜현황_대학원,2019,9717883110,36,after_last_0101_year,2012,2018
대학정보공시,1017,장학금수혜현황_대학원,2020,1107419788,36,after_last_0101_year,2009,2018
대학정보공시,1017,장학금수혜현황_대학원,2020,1291285216,24,after_last_0101_year,2009,2018
대학정보공시,1017,장학금수혜현황_대학원,2020,1411789357,6,after_last_0101_year,2012,2014
대학정보공시,1017,장학금수혜현황_대학원,2020,1569027960,42,after_last_0101_year,2009,2018
대학정보공시,1017,장학금수혜현황_대학원,2020,1842615962,30,after_last_0101_year,2009,2018
대학정보공시,1017,장학금수혜현황_대학원,2020,1898769617,24,after_last_0101_year,2017,2019
대학정보공시,1017,장학금수혜현황_대학원,2020,2012388527,42,after_last_0101_year,2016,2019
대학정보공시,1017,장학금수혜현황_대학원,2020,2094637930,36,after_last_0101_year,2009,2015
대학정보공시,1017,장학금수혜현황_대학원,2020,2462566196,12,after_last_0101_year,2018,2019
대학정보공시,1017,장학금수혜현황_대학원,2020,2545302689,12,after_last_0101_year,2009,2015
대학정보공시,1017,장학금수혜현황_대학원,2020,2810409545,24,internal_0101_gap,2009,2022
대학정보공시,1017,장학금수혜현황_대학원,2020,2832937419,6,after_last_0101_year,2009,2015
대학정보공시,1017,장학금수혜현황_대학원,2020,2957261025,6,never_in_0101,,
대학정보공시,1017,장학금수혜현황_대학원,2020,3766758680,6,after_last_0101_year,2009,2015
대학정보공시,1017,장학금수혜현황_대학원,2020,4058111488,12,after_last_0101_year,2009,2015
대학정보공시,1017,장학금수혜현황_대학원,2020,4112864494,102,after_last_0101_year,2009,2015
대학정보공시,1017,장학금수혜현황_대학원,2020,4265451610,36,after_last_0101_year,2016,2018
대학정보공시,1017,장학금수혜현황_대학원,2020,4519261002,24,after_last_0101_year,2009,2016
대학정보공시,1017,장학금수혜현황_대학원,2020,4614893555,432,after_last_0101_year,2009,2018
대학정보공시,1017,장학금수혜현황_대학원,2020,4989010214,18,after_last_0101_year,2014,2015
대학정보공시,1017,장학금수혜현황_대학원,2020,5314473211,24,internal_0101_gap,2009,2024
대학정보공시,1017,장학금수혜현황_대학원,2020,5794047892,36,after_last_0101_year,2009,2015
대학정보공시,1017,장학금수혜현황_대학원,2020,5869889497,6,after_last_0101_year,2009,2017
대학정보공시,1017,장학금수혜현황_대학원,2020,5890547335,30,after_last_0101_year,2010,2017
대학정보공시,1017,장학금수혜현황_대학원,2020,5918260991,6,after_last_0101_year,2009,2013
대학정보공시,1017,장학금수혜현황_대학원,2020,5964232444,12,after_last_0101_year,2013,2019
대학정보공시,1017,장학금수혜현황_대학원,2020,6152777791,12,after_last_0101_year,2012,2018
대학정보공시,1017,장학금수혜현황_대학원,2020,6158080518,18,internal_0101_gap,2010,2024
대학정보공시,1017,장학금수혜현황_대학원,2020,6257185995,6,after_last_0101_year,2009,2013
대학정보공시,1017,장학금수혜현황_대학원,2020,6359701633,18,after_last_0101_year,2009,2018
대학정보공시,1017,장학금수혜현황_대학원,2020,6474115550,48,after_last_0101_year,2009,2016
대학정보공시,1017,장학금수혜현황_대학원,2020,6724196135,12,after_last_0101_year,2009,2015
대학정보공시,1017,장학금수혜현황_대학원,2020,7061143279,18,after_last_0101_year,2009,2014
대학정보공시,1017,장학금수혜현황_대학원,2020,7500086247,24,after_last_0101_year,2009,2019
대학정보공시,1017,장학금수혜현황_대학원,2020,7514404416,6,after_last_0101_year,2010,2014
대학정보공시,1017,장학금수혜현황_대학원,2020,7835785090,18,after_last_0101_year,2009,2015
대학정보공시,1017,장학금수혜현황_대학원,2020,7856220841,12,internal_0101_gap,2013,2022
대학정보공시,1017,장학금수혜현황_대학원,2020,8420943319,6,after_last_0101_year,2009,2019
대학정보공시,1017,장학금수혜현황_대학원,2020,8686607539,18,after_last_0101_year,2009,2015
대학정보공시,1017,장학금수혜현황_대학원,2020,8755021035,30,after_last_0101_year,2009,2018
대학정보공시,1017,장학금수혜현황_대학원,2020,8787434995,126,after_last_0101_year,2009,2015
대학정보공시,1017,장학금수혜현황_대학원,2020,8889203906,36,after_last_0101_year,2009,2015
대학정보공시,1017,장학금수혜현황_대학원,2020,8928852319,42,after_last_0101_year,2009,2018
대학정보공시,1017,장학금수혜현황_대학원,2020,9152388691,30,after_last_0101_year,2017,2018
대학정보공시,1017,장학금수혜현황_대학원,2020,9294413268,6,after_last_0101_year,2009,2014
대학정보공시,1017,장학금수혜현황_대학원,2020,9612707257,18,after_last_0101_year,2009,2019
대학정보공시,1017,장학금수혜현황_대학원,2020,9717883110,36,after_last_0101_year,2012,2018
대학정보공시,1017,장학금수혜현황_대학원,2021,1000771403,6,after_last_0101_year,2009,2020
대학정보공시,1017,장학금수혜현황_대학원,2021,1291285216,24,after_last_0101_year,2009,2018
대학정보공시,1017,장학금수혜현황_대학원,2021,1411789357,6,after_last_0101_year,2012,2014
대학정보공시,1017,장학금수혜현황_대학원,2021,1644015014,6,after_last_0101_year,2016,2020
대학정보공시,1017,장학금수혜현황_대학원,2021,1898769617,24,after_last_0101_year,2017,2019
대학정보공시,1017,장학금수혜현황_대학원,2021,2012388527,42,after_last_0101_year,2016,2019
대학정보공시,1017,장학금수혜현황_대학원,2021,2094637930,36,after_last_0101_year,2009,2015
대학정보공시,1017,장학금수혜현황_대학원,2021,2273683965,18,after_last_0101_year,2016,2020
대학정보공시,1017,장학금수혜현황_대학원,2021,2545302689,12,after_last_0101_year,2009,2015
대학정보공시,1017,장학금수혜현황_대학원,2021,2785083591,18,after_last_0101_year,2009,2020
대학정보공시,1017,장학금수혜현황_대학원,2021,2832937419,6,after_last_0101_year,2009,2015
대학정보공시,1017,장학금수혜현황_대학원,2021,2966739416,6,after_last_0101_year,2016,2020
대학정보공시,1017,장학금수혜현황_대학원,2021,3766758680,6,after_last_0101_year,2009,2015
대학정보공시,1017,장학금수혜현황_대학원,2021,4058111488,12,after_last_0101_year,2009,2015
대학정보공시,1017,장학금수혜현황_대학원,2021,4112864494,102,after_last_0101_year,2009,2015
대학정보공시,1017,장학금수혜현황_대학원,2021,4118830263,48,after_last_0101_year,2016,2020
대학정보공시,1017,장학금수혜현황_대학원,2021,4137540817,6,after_last_0101_year,2017,2020
대학정보공시,1017,장학금수혜현황_대학원,2021,4502842128,6,after_last_0101_year,2013,2020
대학정보공시,1017,장학금수혜현황_대학원,2021,4519261002,24,after_last_0101_year,2009,2016
대학정보공시,1017,장학금수혜현황_대학원,2021,4715738177,6,after_last_0101_year,2012,2020
대학정보공시,1017,장학금수혜현황_대학원,2021,4989010214,18,after_last_0101_year,2014,2015
대학정보공시,1017,장학금수혜현황_대학원,2021,5087891995,42,after_last_0101_year,2016,2020
대학정보공시,1017,장학금수혜현황_대학원,2021,5708145320,6,after_last_0101_year,2009,2020
대학정보공시,1017,장학금수혜현황_대학원,2021,5794047892,36,after_last_0101_year,2009,2015
대학정보공시,1017,장학금수혜현황_대학원,2021,5869889497,6,after_last_0101_year,2009,2017
대학정보공시,1017,장학금수혜현황_대학원,2021,5890547335,30,after_last_0101_year,2010,2017
대학정보공시,1017,장학금수혜현황_대학원,2021,5918260991,6,after_last_0101_year,2009,2013
대학정보공시,1017,장학금수혜현황_대학원,2021,5964232444,12,after_last_0101_year,2013,2019
대학정보공시,1017,장학금수혜현황_대학원,2021,6152777791,12,after_last_0101_year,2012,2018
대학정보공시,1017,장학금수혜현황_대학원,2021,6257185995,6,after_last_0101_year,2009,2013
대학정보공시,1017,장학금수혜현황_대학원,2021,6474115550,48,after_last_0101_year,2009,2016
대학정보공시,1017,장학금수혜현황_대학원,2021,6565308511,6,after_last_0101_year,2018,2020
대학정보공시,1017,장학금수혜현황_대학원,2021,6724196135,12,after_last_0101_year,2009,2015
대학정보공시,1017,장학금수혜현황_대학원,2021,7061143279,18,after_last_0101_year,2009,2014
대학정보공시,1017,장학금수혜현황_대학원,2021,7470429599,6,after_last_0101_year,2009,2020
대학정보공시,1017,장학금수혜현황_대학원,2021,7500086247,24,after_last_0101_year,2009,2019
대학정보공시,1017,장학금수혜현황_대학원,2021,7508390367,6,after_last_0101_year,2009,2020
대학정보공시,1017,장학금수혜현황_대학원,2021,7514404416,6,after_last_0101_year,2010,2014
대학정보공시,1017,장학금수혜현황_대학원,2021,7835785090,18,after_last_0101_year,2009,2015
대학정보공시,1017,장학금수혜현황_대학원,2021,7980756878,6,after_last_0101_year,2015,2020
대학정보공시,1017,장학금수혜현황_대학원,2021,8103773713,24,after_last_0101_year,2012,2020
대학정보공시,1017,장학금수혜현황_대학원,2021,8215130984,12,after_last_0101_year,2009,2020
대학정보공시,1017,장학금수혜현황_대학원,2021,8279747545,24,after_last_0101_year,2015,2020
대학정보공시,1017,장학금수혜현황_대학원,2021,8302310287,6,after_last_0101_year,2016,2020
대학정보공시,1017,장학금수혜현황_대학원,2021,8420943319,6,after_last_0101_year,2009,2019
대학정보공시,1017,장학금수혜현황_대학원,2021,8752779781,36,after_last_0101_year,2010,2020
대학정보공시,1017,장학금수혜현황_대학원,2021,8889203906,36,after_last_0101_year,2009,2015
대학정보공시,1017,장학금수혜현황_대학원,2021,9294413268,6,after_last_0101_year,2009,2014
대학정보공시,1017,장학금수혜현황_대학원,2021,9418958961,24,internal_0101_gap,2009,2025
대학정보공시,1017,장학금수혜현황_대학원,2021,9531559169,12,after_last_0101_year,2016,2020
대학정보공시,1017,장학금수혜현황_대학원,2021,9612707257,18,after_last_0101_year,2009,2019
대학정보공시,1017,장학금수혜현황_대학원,2022,1000771403,6,after_last_0101_year,2009,2020
대학정보공시,1017,장학금수혜현황_대학원,2022,1411789357,6,after_last_0101_year,2012,2014
대학정보공시,1017,장학금수혜현황_대학원,2022,2012388527,42,after_last_0101_year,2016,2019
대학정보공시,1017,장학금수혜현황_대학원,2022,2094637930,36,after_last_0101_year,2009,2015
대학정보공시,1017,장학금수혜현황_대학원,2022,2140987575,126,after_last_0101_year,2009,2021
대학정보공시,1017,장학금수혜현황_대학원,2022,2545302689,12,after_last_0101_year,2009,2015
대학정보공시,1017,장학금수혜현황_대학원,2022,2785083591,18,after_last_0101_year,2009,2020
대학정보공시,1017,장학금수혜현황_대학원,2022,3518916666,84,after_last_0101_year,2009,2021
대학정보공시,1017,장학금수혜현황_대학원,2022,3766758680,6,after_last_0101_year,2009,2015
대학정보공시,1017,장학금수혜현황_대학원,2022,4058111488,12,after_last_0101_year,2009,2015
대학정보공시,1017,장학금수혜현황_대학원,2022,4112864494,102,after_last_0101_year,2009,2015
대학정보공시,1017,장학금수혜현황_대학원,2022,4519261002,24,after_last_0101_year,2009,2016
대학정보공시,1017,장학금수혜현황_대학원,2022,4945490300,42,after_last_0101_year,2009,2021
대학정보공시,1017,장학금수혜현황_대학원,2022,4989010214,18,after_last_0101_year,2014,2015
대학정보공시,1017,장학금수혜현황_대학원,2022,5306109547,6,after_last_0101_year,2009,2021
대학정보공시,1017,장학금수혜현황_대학원,2022,5651364028,66,after_last_0101_year,2018,2021
대학정보공시,1017,장학금수혜현황_대학원,2022,5708145320,6,after_last_0101_year,2009,2020
대학정보공시,1017,장학금수혜현황_대학원,2022,5755504012,12,after_last_0101_year,2015,2021
대학정보공시,1017,장학금수혜현황_대학원,2022,5794047892,36,after_last_0101_year,2009,2015
대학정보공시,1017,장학금수혜현황_대학원,2022,6107855081,90,after_last_0101_year,2009,2021
대학정보공시,1017,장학금수혜현황_대학원,2022,6474115550,48,after_last_0101_year,2009,2016
대학정보공시,1017,장학금수혜현황_대학원,2022,7061143279,18,after_last_0101_year,2009,2014
대학정보공시,1017,장학금수혜현황_대학원,2022,7470429599,6,after_last_0101_year,2009,2020
대학정보공시,1017,장학금수혜현황_대학원,2022,7710487842,12,after_last_0101_year,2014,2021
대학정보공시,1017,장학금수혜현황_대학원,2022,7835785090,18,after_last_0101_year,2009,2015
대학정보공시,1017,장학금수혜현황_대학원,2022,7990650475,18,after_last_0101_year,2017,2021
대학정보공시,1017,장학금수혜현황_대학원,2022,8215130984,12,after_last_0101_year,2009,2020
대학정보공시,1017,장학금수혜현황_대학원,2022,8279747545,24,after_last_0101_year,2015,2020
대학정보공시,1017,장학금수혜현황_대학원,2022,8420943319,6,after_last_0101_year,2009,2019
대학정보공시,1017,장학금수혜현황_대학원,2022,8889203906,36,after_last_0101_year,2009,2015
대학정보공시,1017,장학금수혜현황_대학원,2022,9294413268,6,after_last_0101_year,2009,2014
대학정보공시,1017,장학금수혜현황_대학원,2023,1000771403,6,after_last_0101_year,2009,2020
대학정보공시,1017,장학금수혜현황_대학원,2023,1136415004,18,after_last_0101_year,2015,2022
대학정보공시,1017,장학금수혜현황_대학원,2023,1592291831,30,after_last_0101_year,2015,2022
대학정보공시,1017,장학금수혜현황_대학원,2023,1613332688,36,after_last_0101_year,2011,2022
대학정보공시,1017,장학금수혜현황_대학원,2023,1673513412,18,after_last_0101_year,2015,2022
대학정보공시,1017,장학금수혜현황_대학원,2023,2012388527,42,after_last_0101_year,2016,2019
대학정보공시,1017,장학금수혜현황_대학원,2023,2094637930,36,after_last_0101_year,2009,2015
대학정보공시,1017,장학금수혜현황_대학원,2023,2118588984,6,after_last_0101_year,2009,2022
대학정보공시,1017,장학금수혜현황_대학원,2023,2336580157,18,after_last_0101_year,2018,2022
대학정보공시,1017,장학금수혜현황_대학원,2023,2785083591,18,after_last_0101_year,2009,2020
대학정보공시,1017,장학금수혜현황_대학원,2023,2937589168,18,after_last_0101_year,2009,2022
대학정보공시,1017,장학금수혜현황_대학원,2023,3194591462,18,after_last_0101_year,2009,2022
대학정보공시,1017,장학금수혜현황_대학원,2023,3324421107,24,after_last_0101_year,2018,2022
대학정보공시,1017,장학금수혜현황_대학원,2023,3469531297,24,after_last_0101_year,2009,2022
대학정보공시,1017,장학금수혜현황_대학원,2023,3484138607,48,after_last_0101_year,2014,2022
대학정보공시,1017,장학금수혜현황_대학원,2023,3503396868,12,after_last_0101_year,2009,2022
대학정보공시,1017,장학금수혜현황_대학원,2023,3518916666,84,after_last_0101_year,2009,2021
대학정보공시,1017,장학금수혜현황_대학원,2023,3547783672,18,after_last_0101_year,2016,2022
대학정보공시,1017,장학금수혜현황_대학원,2023,3559717893,6,after_last_0101_year,2009,2022
대학정보공시,1017,장학금수혜현황_대학원,2023,3766758680,6,after_last_0101_year,2009,2015
대학정보공시,1017,장학금수혜현황_대학원,2023,3965002357,6,after_last_0101_year,2009,2022
대학정보공시,1017,장학금수혜현황_대학원,2023,4058111488,12,after_last_0101_year,2009,2015
대학정보공시,1017,장학금수혜현황_대학원,2023,4112864494,102,after_last_0101_year,2009,2015
대학정보공시,1017,장학금수혜현황_대학원,2023,4131224751,6,after_last_0101_year,2012,2022
대학정보공시,1017,장학금수혜현황_대학원,2023,4231895029,24,after_last_0101_year,2015,2022
대학정보공시,1017,장학금수혜현황_대학원,2023,4519261002,24,after_last_0101_year,2009,2016
대학정보공시,1017,장학금수혜현황_대학원,2023,4589612662,18,after_last_0101_year,2009,2022
대학정보공시,1017,장학금수혜현황_대학원,2023,4737961351,30,internal_0101_gap,2009,2025
대학정보공시,1017,장학금수혜현황_대학원,2023,4819438815,12,after_last_0101_year,2013,2022
대학정보공시,1017,장학금수혜현황_대학원,2023,4945490300,42,after_last_0101_year,2009,2021
대학정보공시,1017,장학금수혜현황_대학원,2023,4953338444,12,after_last_0101_year,2013,2022
대학정보공시,1017,장학금수혜현황_대학원,2023,5306109547,6,after_last_0101_year,2009,2021
대학정보공시,1017,장학금수혜현황_대학원,2023,5424023211,162,after_last_0101_year,2009,2022
대학정보공시,1017,장학금수혜현황_대학원,2023,5448134660,18,after_last_0101_year,2009,2022
대학정보공시,1017,장학금수혜현황_대학원,2023,5648208677,12,after_last_0101_year,2009,2022
대학정보공시,1017,장학금수혜현황_대학원,2023,5651364028,66,after_last_0101_year,2018,2021
대학정보공시,1017,장학금수혜현황_대학원,2023,5708145320,6,after_last_0101_year,2009,2020
대학정보공시,1017,장학금수혜현황_대학원,2023,5755504012,12,after_last_0101_year,2015,2021
대학정보공시,1017,장학금수혜현황_대학원,2023,5762939631,6,after_last_0101_year,2018,2022
대학정보공시,1017,장학금수혜현황_대학원,2023,5794047892,36,after_last_0101_year,2009,2015
대학정보공시,1017,장학금수혜현황_대학원,2023,6085499942,30,after_last_0101_year,2009,2022
대학정보공시,1017,장학금수혜현황_대학원,2023,6107855081,90,after_last_0101_year,2009,2021
대학정보공시,1017,장학금수혜현황_대학원,2023,6474115550,48,after_last_0101_year,2009,2016
대학정보공시,1017,장학금수혜현황_대학원,2023,6500274062,6,after_last_0101_year,2009,2022
대학정보공시,1017,장학금수혜현황_대학원,2023,6741970598,36,after_last_0101_year,2015,2022
대학정보공시,1017,장학금수혜현황_대학원,2023,6919015705,24,after_last_0101_year,2009,2022
대학정보공시,1017,장학금수혜현황_대학원,2023,7061143279,18,after_last_0101_year,2009,2014
대학정보공시,1017,장학금수혜현황_대학원,2023,7158386230,30,after_last_0101_year,2009,2022
대학정보공시,1017,장학금수혜현황_대학원,2023,7399752855,6,after_last_0101_year,2017,2022
대학정보공시,1017,장학금수혜현황_대학원,2023,7464971303,48,after_last_0101_year,2009,2022
대학정보공시,1017,장학금수혜현황_대학원,2023,7710487842,12,after_last_0101_year,2014,2021
대학정보공시,1017,장학금수혜현황_대학원,2023,7835785090,18,after_last_0101_year,2009,2015
대학정보공시,1017,장학금수혜현황_대학원,2023,7990650475,18,after_last_0101_year,2017,2021
대학정보공시,1017,장학금수혜현황_대학원,2023,8215130984,12,after_last_0101_year,2009,2020
대학정보공시,1017,장학금수혜현황_대학원,2023,8279747545,24,after_last_0101_year,2015,2020
대학정보공시,1017,장학금수혜현황_대학원,2023,8420943319,6,after_last_0101_year,2009,2019
대학정보공시,1017,장학금수혜현황_대학원,2023,8460132539,30,after_last_0101_year,2009,2022
대학정보공시,1017,장학금수혜현황_대학원,2023,8889203906,36,after_last_0101_year,2009,2015
대학정보공시,1017,장학금수혜현황_대학원,2023,9032027244,24,after_last_0101_year,2020,2022
대학정보공시,1017,장학금수혜현황_대학원,2023,9044925451,48,internal_0101_gap,2009,2025
대학정보공시,1017,장학금수혜현황_대학원,2023,9294413268,6,after_last_0101_year,2009,2014
대학정보공시,1017,장학금수혜현황_대학원,2023,9440348505,6,after_last_0101_year,2009,2022
대학정보공시,1017,장학금수혜현황_대학원,2023,9558506786,42,after_last_0101_year,2009,2022
대학정보공시,1017,장학금수혜현황_대학원,2023,9625651061,72,after_last_0101_year,2009,2022
대학정보공시,1017,장학금수혜현황_대학원,2024,1000771403,6,after_last_0101_year,2009,2020
대학정보공시,1017,장학금수혜현황_대학원,2024,1043172836,6,internal_0101_gap,2019,2025
대학정보공시,1017,장학금수혜현황_대학원,2024,1136415004,18,after_last_0101_year,2015,2022
대학정보공시,1017,장학금수혜현황_대학원,2024,1304687142,42,after_last_0101_year,2009,2023
대학정보공시,1017,장학금수혜현황_대학원,2024,1592291831,30,after_last_0101_year,2015,2022
대학정보공시,1017,장학금수혜현황_대학원,2024,1673513412,18,after_last_0101_year,2015,2022
대학정보공시,1017,장학금수혜현황_대학원,2024,2012388527,42,after_last_0101_year,2016,2019
대학정보공시,1017,장학금수혜현황_대학원,2024,2094637930,36,after_last_0101_year,2009,2015
대학정보공시,1017,장학금수혜현황_대학원,2024,2118588984,6,after_last_0101_year,2009,2022
대학정보공시,1017,장학금수혜현황_대학원,2024,2785083591,18,after_last_0101_year,2009,2020
대학정보공시,1017,장학금수혜현황_대학원,2024,2937589168,18,after_last_0101_year,2009,2022
대학정보공시,1017,장학금수혜현황_대학원,2024,2953394353,54,after_last_0101_year,2017,2023
대학정보공시,1017,장학금수혜현황_대학원,2024,3194591462,24,after_last_0101_year,2009,2022
대학정보공시,1017,장학금수혜현황_대학원,2024,3201447725,36,after_last_0101_year,2009,2023
대학정보공시,1017,장학금수혜현황_대학원,2024,3324421107,24,after_last_0101_year,2018,2022
대학정보공시,1017,장학금수혜현황_대학원,2024,3469531297,24,after_last_0101_year,2009,2022
대학정보공시,1017,장학금수혜현황_대학원,2024,3484138607,48,after_last_0101_year,2014,2022
대학정보공시,1017,장학금수혜현황_대학원,2024,3503396868,12,after_last_0101_year,2009,2022
대학정보공시,1017,장학금수혜현황_대학원,2024,3518916666,84,after_last_0101_year,2009,2021
대학정보공시,1017,장학금수혜현황_대학원,2024,3582489848,114,after_last_0101_year,2011,2023
대학정보공시,1017,장학금수혜현황_대학원,2024,3766758680,6,after_last_0101_year,2009,2015
대학정보공시,1017,장학금수혜현황_대학원,2024,3923832595,42,internal_0101_gap,2009,2025
대학정보공시,1017,장학금수혜현황_대학원,2024,4058111488,12,after_last_0101_year,2009,2015
대학정보공시,1017,장학금수혜현황_대학원,2024,4112864494,102,after_last_0101_year,2009,2015
대학정보공시,1017,장학금수혜현황_대학원,2024,4131224751,6,after_last_0101_year,2012,2022
대학정보공시,1017,장학금수혜현황_대학원,2024,4231895029,24,after_last_0101_year,2015,2022
대학정보공시,1017,장학금수혜현황_대학원,2024,4507625579,18,after_last_0101_year,2009,2023
대학정보공시,1017,장학금수혜현황_대학원,2024,4945490300,42,after_last_0101_year,2009,2021
대학정보공시,1017,장학금수혜현황_대학원,2024,5306109547,6,after_last_0101_year,2009,2021
대학정보공시,1017,장학금수혜현황_대학원,2024,5424023211,162,after_last_0101_year,2009,2022
대학정보공시,1017,장학금수혜현황_대학원,2024,5448134660,18,after_last_0101_year,2009,2022
대학정보공시,1017,장학금수혜현황_대학원,2024,5647400259,6,after_last_0101_year,2009,2023
대학정보공시,1017,장학금수혜현황_대학원,2024,5648208677,12,after_last_0101_year,2009,2022
대학정보공시,1017,장학금수혜현황_대학원,2024,5651364028,66,after_last_0101_year,2018,2021
대학정보공시,1017,장학금수혜현황_대학원,2024,5708145320,6,after_last_0101_year,2009,2020
대학정보공시,1017,장학금수혜현황_대학원,2024,5755504012,12,after_last_0101_year,2015,2021
대학정보공시,1017,장학금수혜현황_대학원,2024,5794047892,36,after_last_0101_year,2009,2015
대학정보공시,1017,장학금수혜현황_대학원,2024,6085499942,30,after_last_0101_year,2009,2022
대학정보공시,1017,장학금수혜현황_대학원,2024,6448657631,6,internal_0101_gap,2009,2025
대학정보공시,1017,장학금수혜현황_대학원,2024,6741970598,36,after_last_0101_year,2015,2022
대학정보공시,1017,장학금수혜현황_대학원,2024,6919015705,24,after_last_0101_year,2009,2022
대학정보공시,1017,장학금수혜현황_대학원,2024,7061143279,18,after_last_0101_year,2009,2014
대학정보공시,1017,장학금수혜현황_대학원,2024,7835785090,18,after_last_0101_year,2009,2015
대학정보공시,1017,장학금수혜현황_대학원,2024,7990650475,18,after_last_0101_year,2017,2021
대학정보공시,1017,장학금수혜현황_대학원,2024,8215130984,12,after_last_0101_year,2009,2020
대학정보공시,1017,장학금수혜현황_대학원,2024,8460132539,30,after_last_0101_year,2009,2022
대학정보공시,1017,장학금수혜현황_대학원,2024,8889203906,36,after_last_0101_year,2009,2015
대학정보공시,1017,장학금수혜현황_대학원,2024,9044925451,48,internal_0101_gap,2009,2025
대학정보공시,1017,장학금수혜현황_대학원,2024,9294413268,6,after_last_0101_year,2009,2014
대학정보공시,1017,장학금수혜현황_대학원,2024,9440348505,6,after_last_0101_year,2009,2022
대학정보공시,1017,장학금수혜현황_대학원,2024,9558506786,42,after_last_0101_year,2009,2022
대학정보공시,1017,장학금수혜현황_대학원,2024,9625651061,72,after_last_0101_year,2009,2022
대학정보공시,1017,장학금수혜현황_대학원,2025,1000771403,6,after_last_0101_year,2009,2020
대학정보공시,1017,장학금수혜현황_대학원,2025,1074906587,72,after_last_0101_year,2012,2024
대학정보공시,1017,장학금수혜현황_대학원,2025,1136415004,18,after_last_0101_year,2015,2022
대학정보공시,1017,장학금수혜현황_대학원,2025,1304687142,42,after_last_0101_year,2009,2023
대학정보공시,1017,장학금수혜현황_대학원,2025,1592291831,30,after_last_0101_year,2015,2022
대학정보공시,1017,장학금수혜현황_대학원,2025,1673513412,18,after_last_0101_year,2015,2022
대학정보공시,1017,장학금수혜현황_대학원,2025,2012388527,42,after_last_0101_year,2016,2019
대학정보공시,1017,장학금수혜현황_대학원,2025,2094637930,36,after_last_0101_year,2009,2015
대학정보공시,1017,장학금수혜현황_대학원,2025,2118588984,6,after_last_0101_year,2009,2022
대학정보공시,1017,장학금수혜현황_대학원,2025,2785083591,18,after_last_0101_year,2009,2020
대학정보공시,1017,장학금수혜현황_대학원,2025,2795804381,18,after_last_0101_year,2009,2022
대학정보공시,1017,장학금수혜현황_대학원,2025,2937589168,18,after_last_0101_year,2009,2022
대학정보공시,1017,장학금수혜현황_대학원,2025,2953394353,54,after_last_0101_year,2017,2023
대학정보공시,1017,장학금수혜현황_대학원,2025,3194591462,24,after_last_0101_year,2009,2022
대학정보공시,1017,장학금수혜현황_대학원,2025,3201447725,36,after_last_0101_year,2009,2023
대학정보공시,1017,장학금수혜현황_대학원,2025,3324421107,24,after_last_0101_year,2018,2022
대학정보공시,1017,장학금수혜현황_대학원,2025,3469531297,24,after_last_0101_year,2009,2022
대학정보공시,1017,장학금수혜현황_대학원,2025,3481977283,6,after_last_0101_year,2009,2024
대학정보공시,1017,장학금수혜현황_대학원,2025,3484138607,48,after_last_0101_year,2014,2022
대학정보공시,1017,장학금수혜현황_대학원,2025,3503396868,12,after_last_0101_year,2009,2022
대학정보공시,1017,장학금수혜현황_대학원,2025,3518916666,84,after_last_0101_year,2009,2021
대학정보공시,1017,장학금수혜현황_대학원,2025,4131224751,6,after_last_0101_year,2012,2022
대학정보공시,1017,장학금수혜현황_대학원,2025,4231895029,24,after_last_0101_year,2015,2022
대학정보공시,1017,장학금수혜현황_대학원,2025,4499155163,6,after_last_0101_year,2009,2024
대학정보공시,1017,장학금수혜현황_대학원,2025,4741168200,6,after_last_0101_year,2012,2024
대학정보공시,1017,장학금수혜현황_대학원,2025,4945490300,42,after_last_0101_year,2009,2021
대학정보공시,1017,장학금수혜현황_대학원,2025,5162013769,6,after_last_0101_year,2009,2024
대학정보공시,1017,장학금수혜현황_대학원,2025,5314473211,24,after_last_0101_year,2009,2024
대학정보공시,1017,장학금수혜현황_대학원,2025,5379281818,36,after_last_0101_year,2012,2024
대학정보공시,1017,장학금수혜현황_대학원,2025,5448134660,18,after_last_0101_year,2009,2022
대학정보공시,1017,장학금수혜현황_대학원,2025,5647400259,6,after_last_0101_year,2009,2023
대학정보공시,1017,장학금수혜현황_대학원,2025,5648208677,12,after_last_0101_year,2009,2022
대학정보공시,1017,장학금수혜현황_대학원,2025,5651364028,66,after_last_0101_year,2018,2021
대학정보공시,1017,장학금수혜현황_대학원,2025,5708145320,6,after_last_0101_year,2009,2020
대학정보공시,1017,장학금수혜현황_대학원,2025,5755504012,12,after_last_0101_year,2015,2021
대학정보공시,1017,장학금수혜현황_대학원,2025,6085499942,30,after_last_0101_year,2009,2022
대학정보공시,1017,장학금수혜현황_대학원,2025,6158080518,18,after_last_0101_year,2010,2024
대학정보공시,1017,장학금수혜현황_대학원,2025,6474115550,48,after_last_0101_year,2009,2016
대학정보공시,1017,장학금수혜현황_대학원,2025,6741970598,36,after_last_0101_year,2015,2022
대학정보공시,1017,장학금수혜현황_대학원,2025,6919015705,24,after_last_0101_year,2009,2022
대학정보공시,1017,장학금수혜현황_대학원,2025,6991456270,6,after_last_0101_year,2009,2024
대학정보공시,1017,장학금수혜현황_대학원,2025,7061143279,18,after_last_0101_year,2009,2014
대학정보공시,1017,장학금수혜현황_대학원,2025,7990650475,18,after_last_0101_year,2017,2021
대학정보공시,1017,장학금수혜현황_대학원,2025,8215130984,12,after_last_0101_year,2009,2020
대학정보공시,1017,장학금수혜현황_대학원,2025,8424329876,6,after_last_0101_year,2016,2024
대학정보공시,1017,장학금수혜현황_대학원,2025,8460132539,30,after_last_0101_year,2009,2022
대학정보공시,1017,장학금수혜현황_대학원,2025,8713241875,78,after_last_0101_year,2010,2024
대학정보공시,1017,장학금수혜현황_대학원,2025,8889203906,36,after_last_0101_year,2009,2015
대학정보공시,1017,장학금수혜현황_대학원,2025,9294413268,6,after_last_0101_year,2009,2014
대학정보공시,1017,장학금수혜현황_대학원,2025,9440348505,6,after_last_0101_year,2009,2022
대학정보공시,1017,장학금수혜현황_대학원,2025,9558506786,42,after_last_0101_year,2009,2022
대학정보공시,1017,장학금수혜현황_대학원,2025,9625651061,72,after_last_0101_year,2009,2022
대학정보공시,1018,장학금수혜기준규정,2017,5352496743,1,after_last_0101_year,2010,2015
대학정보공시,1021,특허출원및등록실적,2009,2097534179,1,before_first_0101_year,2010,2025
대학정보공시,1021,특허출원및등록실적,2009,4097761511,1,before_first_0101_year,2010,2025
대학정보공시,1021,특허출원및등록실적,2009,5961281478,1,before_first_0101_year,2010,2025
대학정보공시,1021,특허출원및등록실적,2009,8106570184,1,before_first_0101_year,2010,2025
대학정보공시,1021,특허출원및등록실적,2009,9837188839,1,before_first_0101_year,2010,2025
대학정보공시,1021,특허출원및등록실적,2011,8862205862,1,before_first_0101_year,2014,2025
대학정보공시,1021,특허출원및등록실적,2012,8862205862,1,before_first_0101_year,2014,2025
대학정보공시,1021,특허출원및등록실적,2013,8862205862,1,before_first_0101_year,2014,2025
대학정보공시,1024,학자금대출현황,2013,8862205862,2,before_first_0101_year,2014,2025
대학정보공시,1024,학자금대출현황,2014,5400147795,2,after_last_0101_year,2009,2013
대학정보공시,1024,학자금대출현황,2015,9749850749,1,after_last_0101_year,2009,2014
대학정보공시,1024,학자금대출현황,2017,5352496743,2,after_last_0101_year,2010,2015
대학정보공시,1026,현장실습운영현황,2017,5352496743,7,after_last_0101_year,2010,2015
대학정보공시,1101,장서보유현황,2009,1508433640,1,before_first_0101_year,2010,2025
대학정보공시,1101,장서보유현황,2009,1651128768,1,before_first_0101_year,2010,2010
대학정보공시,1101,장서보유현황,2009,1674881875,1,before_first_0101_year,2010,2012
대학정보공시,1101,장서보유현황,2009,2043681859,1,before_first_0101_year,2010,2025
대학정보공시,1101,장서보유현황,2009,2097534179,1,before_first_0101_year,2010,2025
대학정보공시,1101,장서보유현황,2009,2151358604,1,before_first_0101_year,2010,2025
대학정보공시,1101,장서보유현황,2009,2593522906,1,before_first_0101_year,2010,2025
대학정보공시,1101,장서보유현황,2009,2731287598,1,before_first_0101_year,2010,2025
대학정보공시,1101,장서보유현황,2009,3313704609,1,before_first_0101_year,2010,2025
대학정보공시,1101,장서보유현황,2009,3403399288,1,before_first_0101_year,2010,2025
대학정보공시,1101,장서보유현황,2009,3459668815,1,before_first_0101_year,2010,2025
대학정보공시,1101,장서보유현황,2009,3945737659,1,before_first_0101_year,2010,2025
대학정보공시,1101,장서보유현황,2009,4097761511,1,before_first_0101_year,2010,2025
대학정보공시,1101,장서보유현황,2009,4222775518,1,before_first_0101_year,2010,2025
대학정보공시,1101,장서보유현황,2009,4363659620,1,before_first_0101_year,2010,2025
대학정보공시,1101,장서보유현황,2009,4524179637,1,before_first_0101_year,2010,2025
대학정보공시,1101,장서보유현황,2009,4982337415,1,before_first_0101_year,2010,2025
대학정보공시,1101,장서보유현황,2009,5352496743,1,before_first_0101_year,2010,2015
대학정보공시,1101,장서보유현황,2009,5831784427,1,before_first_0101_year,2010,2025
대학정보공시,1101,장서보유현황,2009,5961281478,1,before_first_0101_year,2010,2025
대학정보공시,1101,장서보유현황,2009,6084552049,1,before_first_0101_year,2010,2025
대학정보공시,1101,장서보유현황,2009,7065451979,1,before_first_0101_year,2010,2025
대학정보공시,1101,장서보유현황,2009,7264348506,1,before_first_0101_year,2010,2025
대학정보공시,1101,장서보유현황,2009,7876808941,1,before_first_0101_year,2010,2025
대학정보공시,1101,장서보유현황,2009,8106570184,1,before_first_0101_year,2010,2025
대학정보공시,1101,장서보유현황,2009,8648494422,1,before_first_0101_year,2010,2025
대학정보공시,1101,장서보유현황,2009,8686164438,1,before_first_0101_year,2010,2010
대학정보공시,1101,장서보유현황,2009,8721071779,1,before_first_0101_year,2010,2025
대학정보공시,1101,장서보유현황,2009,8851398706,1,before_first_0101_year,2010,2025
대학정보공시,1101,장서보유현황,2009,9020533442,1,before_first_0101_year,2010,2025
대학정보공시,1101,장서보유현황,2009,9837188839,1,before_first_0101_year,2010,2025
대학정보공시,1101,장서보유현황,2009,9896320283,1,before_first_0101_year,2010,2025
대학정보공시,1101,장서보유현황,2011,8862205862,1,before_first_0101_year,2014,2025
대학정보공시,1101,장서보유현황,2012,8862205862,1,before_first_0101_year,2014,2025
대학정보공시,1101,장서보유현황,2013,8862205862,1,before_first_0101_year,2014,2025
대학정보공시,1101,장서보유현황,2017,5352496743,1,after_last_0101_year,2010,2015
대학정보공시,1102,도서관예산현황,2009,1508433640,1,before_first_0101_year,2010,2025
대학정보공시,1102,도서관예산현황,2009,1651128768,1,before_first_0101_year,2010,2010
대학정보공시,1102,도서관예산현황,2009,1674881875,1,before_first_0101_year,2010,2012
대학정보공시,1102,도서관예산현황,2009,2043681859,1,before_first_0101_year,2010,2025
대학정보공시,1102,도서관예산현황,2009,2097534179,1,before_first_0101_year,2010,2025
대학정보공시,1102,도서관예산현황,2009,2151358604,1,before_first_0101_year,2010,2025
대학정보공시,1102,도서관예산현황,2009,2593522906,1,before_first_0101_year,2010,2025
대학정보공시,1102,도서관예산현황,2009,2731287598,1,before_first_0101_year,2010,2025
대학정보공시,1102,도서관예산현황,2009,3313704609,1,before_first_0101_year,2010,2025
대학정보공시,1102,도서관예산현황,2009,3403399288,1,before_first_0101_year,2010,2025
대학정보공시,1102,도서관예산현황,2009,3459668815,1,before_first_0101_year,2010,2025
대학정보공시,1102,도서관예산현황,2009,3945737659,1,before_first_0101_year,2010,2025
대학정보공시,1102,도서관예산현황,2009,4097761511,1,before_first_0101_year,2010,2025
대학정보공시,1102,도서관예산현황,2009,4222775518,1,before_first_0101_year,2010,2025
대학정보공시,1102,도서관예산현황,2009,4363659620,1,before_first_0101_year,2010,2025
대학정보공시,1102,도서관예산현황,2009,4524179637,1,before_first_0101_year,2010,2025
대학정보공시,1102,도서관예산현황,2009,4982337415,1,before_first_0101_year,2010,2025
대학정보공시,1102,도서관예산현황,2009,5352496743,1,before_first_0101_year,2010,2015
대학정보공시,1102,도서관예산현황,2009,5831784427,1,before_first_0101_year,2010,2025
대학정보공시,1102,도서관예산현황,2009,5961281478,1,before_first_0101_year,2010,2025
대학정보공시,1102,도서관예산현황,2009,6084552049,1,before_first_0101_year,2010,2025
대학정보공시,1102,도서관예산현황,2009,7065451979,1,before_first_0101_year,2010,2025
대학정보공시,1102,도서관예산현황,2009,7264348506,1,before_first_0101_year,2010,2025
대학정보공시,1102,도서관예산현황,2009,7876808941,1,before_first_0101_year,2010,2025
대학정보공시,1102,도서관예산현황,2009,8106570184,1,before_first_0101_year,2010,2025
대학정보공시,1102,도서관예산현황,2009,8648494422,1,before_first_0101_year,2010,2025
대학정보공시,1102,도서관예산현황,2009,8686164438,1,before_first_0101_year,2010,2010
대학정보공시,1102,도서관예산현황,2009,8721071779,1,before_first_0101_year,2010,2025
대학정보공시,1102,도서관예산현황,2009,8851398706,1,before_first_0101_year,2010,2025
대학정보공시,1102,도서관예산현황,2009,9020533442,1,before_first_0101_year,2010,2025
대학정보공시,1102,도서관예산현황,2009,9837188839,1,before_first_0101_year,2010,2025
대학정보공시,1102,도서관예산현황,2009,9896320283,1,before_first_0101_year,2010,2025
대학정보공시,1102,도서관예산현황,2011,8862205862,1,before_first_0101_year,2014,2025
대학정보공시,1102,도서관예산현황,2012,8862205862,1,before_first_0101_year,2014,2025
대학정보공시,1102,도서관예산현황,2013,8862205862,1,before_first_0101_year,2014,2025
대학정보공시,1103,연구시설현황,2009,2097534179,2,before_first_0101_year,2010,2025
대학정보공시,1103,연구시설현황,2009,2151358604,1,before_first_0101_year,2010,2025
대학정보공시,1103,연구시설현황,2009,3459668815,1,before_first_0101_year,2010,2025
대학정보공시,1103,연구시설현황,2009,8106570184,1,before_first_0101_year,2010,2025
대학정보공시,1103,연구시설현황,2009,8851398706,2,before_first_0101_year,2010,2025
대학정보공시,1103,연구시설현황,2009,9837188839,27,before_first_0101_year,2010,2025
대학정보공시,1201,강사강의료현황,2013,8862205862,1,before_first_0101_year,2014,2025
대학정보공시,1201,강사강의료현황,2013,9974667608,1,after_last_0101_year,2009,2012
대학정보공시,1201,강사강의료현황,2016,7990301251,1,after_last_0101_year,2009,2012
대학정보공시,1201,강사강의료현황,2016,9080059170,1,never_in_0101,,
대학정보공시,1201,강사강의료현황,2017,5352496743,1,after_last_0101_year,2010,2015
대학정보공시,1201,강사강의료현황,2017,8748960852,1,after_last_0101_year,2009,2016
대학정보공시,1201,강사강의료현황,2019,2957261025,1,never_in_0101,,
대학정보공시,1201,강사강의료현황,2021,3766758680,1,after_last_0101_year,2009,2015
대학정보공시,1201,강사강의료현황,2023,2336580157,1,after_last_0101_year,2018,2022
대학정보공시,1201,강사강의료현황,2023,3547783672,1,after_last_0101_year,2016,2022
대학정보공시,1201,강사강의료현황,2023,3559717893,1,after_last_0101_year,2009,2022
대학정보공시,1201,강사강의료현황,2023,3965002357,1,after_last_0101_year,2009,2022
대학정보공시,1201,강사강의료현황,2023,4074980437,1,after_last_0101_year,2012,2021
대학정보공시,1201,강사강의료현황,2023,4953338444,1,after_last_0101_year,2013,2022
대학정보공시,1201,강사강의료현황,2023,4966342866,1,after_last_0101_year,2017,2021
대학정보공시,1201,강사강의료현황,2023,5157884240,1,after_last_0101_year,2015,2019
대학정보공시,1201,강사강의료현황,2023,5301821768,1,after_last_0101_year,2009,2021
대학정보공시,1201,강사강의료현황,2023,5762939631,1,after_last_0101_year,2018,2022
대학정보공시,1201,강사강의료현황,2023,6685445189,1,after_last_0101_year,2012,2019
대학정보공시,1201,강사강의료현황,2023,7399752855,1,after_last_0101_year,2017,2022
대학정보공시,1201,강사강의료현황,2023,9032027244,1,after_last_0101_year,2020,2022
대학정보공시,1202,교사시설확보현황,2009,1508433640,1,before_first_0101_year,2010,2025
대학정보공시,1202,교사시설확보현황,2009,1651128768,1,before_first_0101_year,2010,2010
대학정보공시,1202,교사시설확보현황,2009,1674881875,1,before_first_0101_year,2010,2012
대학정보공시,1202,교사시설확보현황,2009,2043681859,1,before_first_0101_year,2010,2025
대학정보공시,1202,교사시설확보현황,2009,2097534179,1,before_first_0101_year,2010,2025
대학정보공시,1202,교사시설확보현황,2009,2151358604,1,before_first_0101_year,2010,2025
대학정보공시,1202,교사시설확보현황,2009,2593522906,1,before_first_0101_year,2010,2025
대학정보공시,1202,교사시설확보현황,2009,2731287598,1,before_first_0101_year,2010,2025
대학정보공시,1202,교사시설확보현황,2009,3313704609,1,before_first_0101_year,2010,2025
대학정보공시,1202,교사시설확보현황,2009,3403399288,1,before_first_0101_year,2010,2025
대학정보공시,1202,교사시설확보현황,2009,3459668815,1,before_first_0101_year,2010,2025
대학정보공시,1202,교사시설확보현황,2009,3945737659,1,before_first_0101_year,2010,2025
대학정보공시,1202,교사시설확보현황,2009,4097761511,1,before_first_0101_year,2010,2025
대학정보공시,1202,교사시설확보현황,2009,4222775518,1,before_first_0101_year,2010,2025
대학정보공시,1202,교사시설확보현황,2009,4363659620,1,before_first_0101_year,2010,2025
대학정보공시,1202,교사시설확보현황,2009,4524179637,1,before_first_0101_year,2010,2025
대학정보공시,1202,교사시설확보현황,2009,4982337415,1,before_first_0101_year,2010,2025
대학정보공시,1202,교사시설확보현황,2009,5352496743,1,before_first_0101_year,2010,2015
대학정보공시,1202,교사시설확보현황,2009,5831784427,1,before_first_0101_year,2010,2025
대학정보공시,1202,교사시설확보현황,2009,6084552049,1,before_first_0101_year,2010,2025
대학정보공시,1202,교사시설확보현황,2009,7065451979,1,before_first_0101_year,2010,2025
대학정보공시,1202,교사시설확보현황,2009,7264348506,1,before_first_0101_year,2010,2025
대학정보공시,1202,교사시설확보현황,2009,7876808941,1,before_first_0101_year,2010,2025
대학정보공시,1202,교사시설확보현황,2009,8106570184,1,before_first_0101_year,2010,2025
대학정보공시,1202,교사시설확보현황,2009,8648494422,1,before_first_0101_year,2010,2025
대학정보공시,1202,교사시설확보현황,2009,8686164438,1,before_first_0101_year,2010,2010
대학정보공시,1202,교사시설확보현황,2009,8721071779,1,before_first_0101_year,2010,2025
대학정보공시,1202,교사시설확보현황,2009,8851398706,1,before_first_0101_year,2010,2025
대학정보공시,1202,교사시설확보현황,2009,9020533442,1,before_first_0101_year,2010,2025
대학정보공시,1202,교사시설확보현황,2009,9837188839,1,before_first_0101_year,2010,2025
대학정보공시,1202,교사시설확보현황,2009,9896320283,1,before_first_0101_year,2010,2025
대학정보공시,1202,교사시설확보현황,2011,8862205862,1,before_first_0101_year,2014,2025
대학정보공시,1202,교사시설확보현황,2012,8862205862,1,before_first_0101_year,2014,2025
대학정보공시,1202,교사시설확보현황,2013,8862205862,1,before_first_0101_year,2014,2025
대학정보공시,1202,교사시설확보현황,2017,5352496743,1,after_last_0101_year,2010,2015
대학정보공시,1203,교지확보현황,2009,1651128768,1,before_first_0101_year,2010,2010
대학정보공시,1203,교지확보현황,2009,1674881875,1,before_first_0101_year,2010,2012
대학정보공시,1203,교지확보현황,2009,2043681859,1,before_first_0101_year,2010,2025
대학정보공시,1203,교지확보현황,2009,2097534179,1,before_first_0101_year,2010,2025
대학정보공시,1203,교지확보현황,2009,2151358604,1,before_first_0101_year,2010,2025
대학정보공시,1203,교지확보현황,2009,2593522906,1,before_first_0101_year,2010,2025
대학정보공시,1203,교지확보현황,2009,2731287598,1,before_first_0101_year,2010,2025
대학정보공시,1203,교지확보현황,2009,3313704609,1,before_first_0101_year,2010,2025
대학정보공시,1203,교지확보현황,2009,3403399288,1,before_first_0101_year,2010,2025
대학정보공시,1203,교지확보현황,2009,3459668815,1,before_first_0101_year,2010,2025
대학정보공시,1203,교지확보현황,2009,3945737659,1,before_first_0101_year,2010,2025
대학정보공시,1203,교지확보현황,2009,4097761511,1,before_first_0101_year,2010,2025
대학정보공시,1203,교지확보현황,2009,4222775518,1,before_first_0101_year,2010,2025
대학정보공시,1203,교지확보현황,2009,4363659620,1,before_first_0101_year,2010,2025
대학정보공시,1203,교지확보현황,2009,4524179637,1,before_first_0101_year,2010,2025
대학정보공시,1203,교지확보현황,2009,4982337415,1,before_first_0101_year,2010,2025
대학정보공시,1203,교지확보현황,2009,5352496743,1,before_first_0101_year,2010,2015
대학정보공시,1203,교지확보현황,2009,5831784427,1,before_first_0101_year,2010,2025
대학정보공시,1203,교지확보현황,2009,5961281478,1,before_first_0101_year,2010,2025
대학정보공시,1203,교지확보현황,2009,6084552049,1,before_first_0101_year,2010,2025
대학정보공시,1203,교지확보현황,2009,7065451979,1,before_first_0101_year,2010,2025
대학정보공시,1203,교지확보현황,2009,7264348506,1,before_first_0101_year,2010,2025
대학정보공시,1203,교지확보현황,2009,7876808941,1,before_first_0101_year,2010,2025
대학정보공시,1203,교지확보현황,2009,8106570184,1,before_first_0101_year,2010,2025
대학정보공시,1203,교지확보현황,2009,8648494422,1,before_first_0101_year,2010,2025
대학정보공시,1203,교지확보현황,2009,8686164438,1,before_first_0101_year,2010,2010
대학정보공시,1203,교지확보현황,2009,8721071779,1,before_first_0101_year,2010,2025
대학정보공시,1203,교지확보현황,2009,8851398706,1,before_first_0101_year,2010,2025
대학정보공시,1203,교지확보현황,2009,9020533442,1,before_first_0101_year,2010,2025
대학정보공시,1203,교지확보현황,2009,9837188839,1,before_first_0101_year,2010,2025
대학정보공시,1203,교지확보현황,2009,9896320283,1,before_first_0101_year,2010,2025
대학정보공시,1203,교지확보현황,2011,8862205862,1,before_first_0101_year,2014,2025
대학정보공시,1203,교지확보현황,2012,8862205862,1,before_first_0101_year,2014,2025
대학정보공시,1203,교지확보현황,2013,8862205862,1,before_first_0101_year,2014,2025
대학정보공시,1203,교지확보현황,2017,5352496743,1,after_last_0101_year,2010,2015
대학정보공시,1206,국공유재산확보현황,2011,8862205862,2,before_first_0101_year,2014,2025
대학정보공시,1207,기숙사수용현황,2009,1508433640,1,before_first_0101_year,2010,2025
대학정보공시,1207,기숙사수용현황,2009,1651128768,1,before_first_0101_year,2010,2010
대학정보공시,1207,기숙사수용현황,2009,1674881875,1,before_first_0101_year,2010,2012
대학정보공시,1207,기숙사수용현황,2009,2043681859,1,before_first_0101_year,2010,2025
대학정보공시,1207,기숙사수용현황,2009,2097534179,1,before_first_0101_year,2010,2025
대학정보공시,1207,기숙사수용현황,2009,2151358604,1,before_first_0101_year,2010,2025
대학정보공시,1207,기숙사수용현황,2009,2593522906,1,before_first_0101_year,2010,2025
대학정보공시,1207,기숙사수용현황,2009,2731287598,1,before_first_0101_year,2010,2025
대학정보공시,1207,기숙사수용현황,2009,3313704609,1,before_first_0101_year,2010,2025
대학정보공시,1207,기숙사수용현황,2009,3403399288,1,before_first_0101_year,2010,2025
대학정보공시,1207,기숙사수용현황,2009,3459668815,1,before_first_0101_year,2010,2025
대학정보공시,1207,기숙사수용현황,2009,3945737659,1,before_first_0101_year,2010,2025
대학정보공시,1207,기숙사수용현황,2009,4097761511,1,before_first_0101_year,2010,2025
대학정보공시,1207,기숙사수용현황,2009,4222775518,1,before_first_0101_year,2010,2025
대학정보공시,1207,기숙사수용현황,2009,4363659620,1,before_first_0101_year,2010,2025
대학정보공시,1207,기숙사수용현황,2009,4524179637,1,before_first_0101_year,2010,2025
대학정보공시,1207,기숙사수용현황,2009,4982337415,1,before_first_0101_year,2010,2025
대학정보공시,1207,기숙사수용현황,2009,5352496743,1,before_first_0101_year,2010,2015
대학정보공시,1207,기숙사수용현황,2009,5831784427,1,before_first_0101_year,2010,2025
대학정보공시,1207,기숙사수용현황,2009,5961281478,1,before_first_0101_year,2010,2025
대학정보공시,1207,기숙사수용현황,2009,6084552049,1,before_first_0101_year,2010,2025
대학정보공시,1207,기숙사수용현황,2009,7065451979,1,before_first_0101_year,2010,2025
대학정보공시,1207,기숙사수용현황,2009,7264348506,1,before_first_0101_year,2010,2025
대학정보공시,1207,기숙사수용현황,2009,7876808941,1,before_first_0101_year,2010,2025
대학정보공시,1207,기숙사수용현황,2009,8106570184,1,before_first_0101_year,2010,2025
대학정보공시,1207,기숙사수용현황,2009,8648494422,1,before_first_0101_year,2010,2025
대학정보공시,1207,기숙사수용현황,2009,8686164438,1,before_first_0101_year,2010,2010
대학정보공시,1207,기숙사수용현황,2009,8721071779,1,before_first_0101_year,2010,2025
대학정보공시,1207,기숙사수용현황,2009,8851398706,1,before_first_0101_year,2010,2025
대학정보공시,1207,기숙사수용현황,2009,9020533442,1,before_first_0101_year,2010,2025
대학정보공시,1207,기숙사수용현황,2009,9837188839,1,before_first_0101_year,2010,2025
대학정보공시,1207,기숙사수용현황,2011,8862205862,1,before_first_0101_year,2014,2025
대학정보공시,1207,기숙사수용현황,2012,8862205862,1,before_first_0101_year,2014,2025
대학정보공시,1207,기숙사수용현황,2013,8862205862,1,before_first_0101_year,2014,2025
대학정보공시,1207,기숙사수용현황,2017,5352496743,1,after_last_0101_year,2010,2015
대학정보공시,1209,법인임원현황,2009,1508433640,15,before_first_0101_year,2010,2025
대학정보공시,1209,법인임원현황,2009,1651128768,15,before_first_0101_year,2010,2010
대학정보공시,1209,법인임원현황,2009,1674881875,14,before_first_0101_year,2010,2012
대학정보공시,1209,법인임원현황,2009,2043681859,15,before_first_0101_year,2010,2025
대학정보공시,1209,법인임원현황,2009,2151358604,15,before_first_0101_year,2010,2025
대학정보공시,1209,법인임원현황,2009,2593522906,15,before_first_0101_year,2010,2025
대학정보공시,1209,법인임원현황,2009,2731287598,15,before_first_0101_year,2010,2025
대학정보공시,1209,법인임원현황,2009,3313704609,14,before_first_0101_year,2010,2025
대학정보공시,1209,법인임원현황,2009,3403399288,14,before_first_0101_year,2010,2025
대학정보공시,1209,법인임원현황,2009,3945737659,15,before_first_0101_year,2010,2025
대학정보공시,1209,법인임원현황,2009,4097761511,14,before_first_0101_year,2010,2025
대학정보공시,1209,법인임원현황,2009,4222775518,14,before_first_0101_year,2010,2025
대학정보공시,1209,법인임원현황,2009,4363659620,15,before_first_0101_year,2010,2025
대학정보공시,1209,법인임원현황,2009,4524179637,15,before_first_0101_year,2010,2025
대학정보공시,1209,법인임원현황,2009,4982337415,15,before_first_0101_year,2010,2025
대학정보공시,1209,법인임원현황,2009,5352496743,14,before_first_0101_year,2010,2015
대학정보공시,1209,법인임원현황,2009,5961281478,15,before_first_0101_year,2010,2025
대학정보공시,1209,법인임원현황,2009,6084552049,15,before_first_0101_year,2010,2025
대학정보공시,1209,법인임원현황,2009,7065451979,15,before_first_0101_year,2010,2025
대학정보공시,1209,법인임원현황,2009,7264348506,14,before_first_0101_year,2010,2025
대학정보공시,1209,법인임원현황,2009,7876808941,17,before_first_0101_year,2010,2025
대학정보공시,1209,법인임원현황,2009,8648494422,16,before_first_0101_year,2010,2025
대학정보공시,1209,법인임원현황,2009,8686164438,14,before_first_0101_year,2010,2010
대학정보공시,1209,법인임원현황,2009,8721071779,15,before_first_0101_year,2010,2025
대학정보공시,1209,법인임원현황,2009,8851398706,15,before_first_0101_year,2010,2025
대학정보공시,1209,법인임원현황,2009,9020533442,14,before_first_0101_year,2010,2025
대학정보공시,1209,법인임원현황,2009,9896320283,14,before_first_0101_year,2010,2025
대학정보공시,1209,법인임원현황,2015,9749850749,10,after_last_0101_year,2009,2014
대학정보공시,1209,법인임원현황,2016,1406099319,11,after_last_0101_year,2009,2015
대학정보공시,1209,법인임원현황,2016,9749850749,10,after_last_0101_year,2009,2014
대학정보공시,1209,법인임원현황,2017,1406099319,11,after_last_0101_year,2009,2015
대학정보공시,1209,법인임원현황,2017,5352496743,15,after_last_0101_year,2010,2015
대학정보공시,1209,법인임원현황,2017,9749850749,10,after_last_0101_year,2009,2014
대학정보공시,1209,법인임원현황,2018,3999929010,9,after_last_0101_year,2009,2017
대학정보공시,1209,법인임원현황,2019,2948101282,7,after_last_0101_year,2009,2018
대학정보공시,1209,법인임원현황,2019,3999929010,9,after_last_0101_year,2009,2017
대학정보공시,1209,법인임원현황,2019,5831784427,16,internal_0101_gap,2010,2025
대학정보공시,1209,법인임원현황,2019,7994154512,7,after_last_0101_year,2009,2018
대학정보공시,1209,법인임원현황,2020,2948101282,7,after_last_0101_year,2009,2018
대학정보공시,1209,법인임원현황,2020,3999929010,9,after_last_0101_year,2009,2017
대학정보공시,1209,법인임원현황,2020,7994154512,7,after_last_0101_year,2009,2018
대학정보공시,1209,법인임원현황,2021,2948101282,7,after_last_0101_year,2009,2018
대학정보공시,1209,법인임원현황,2021,3428787469,8,after_last_0101_year,2009,2020
대학정보공시,1209,법인임원현황,2021,3999929010,9,after_last_0101_year,2009,2017
대학정보공시,1209,법인임원현황,2022,2948101282,7,after_last_0101_year,2009,2018
대학정보공시,1209,법인임원현황,2022,3428787469,8,after_last_0101_year,2009,2020
대학정보공시,1209,법인임원현황,2022,3999929010,9,after_last_0101_year,2009,2017
대학정보공시,1209,법인임원현황,2022,4423430502,17,after_last_0101_year,2009,2021
대학정보공시,1209,법인임원현황,2023,2948101282,7,after_last_0101_year,2009,2018
대학정보공시,1209,법인임원현황,2023,3428787469,8,after_last_0101_year,2009,2020
대학정보공시,1209,법인임원현황,2023,3999929010,9,after_last_0101_year,2009,2017
대학정보공시,1209,법인임원현황,2023,4423430502,17,after_last_0101_year,2009,2021
대학정보공시,1209,법인임원현황,2023,7190728306,10,after_last_0101_year,2009,2022
대학정보공시,1209,법인임원현황,2023,8860170066,8,after_last_0101_year,2011,2022
대학정보공시,1209,법인임원현황,2024,2948101282,7,after_last_0101_year,2009,2018
대학정보공시,1209,법인임원현황,2024,3428787469,8,after_last_0101_year,2009,2020
대학정보공시,1209,법인임원현황,2024,3999929010,9,after_last_0101_year,2009,2017
대학정보공시,1209,법인임원현황,2024,4423430502,17,after_last_0101_year,2009,2021
대학정보공시,1209,법인임원현황,2024,7190728306,10,after_last_0101_year,2009,2022
대학정보공시,1209,법인임원현황,2024,8860170066,8,after_last_0101_year,2011,2022
대학정보공시,1209,법인임원현황,2025,2948101282,7,after_last_0101_year,2009,2018
대학정보공시,1209,법인임원현황,2025,3428787469,8,after_last_0101_year,2009,2020
대학정보공시,1209,법인임원현황,2025,3999929010,9,after_last_0101_year,2009,2017
대학정보공시,1209,법인임원현황,2025,4423430502,17,after_last_0101_year,2009,2021
대학정보공시,1209,법인임원현황,2025,7112644374,10,after_last_0101_year,2009,2024
대학정보공시,1209,법인임원현황,2025,7190728306,10,after_last_0101_year,2009,2022
대학정보공시,1209,법인임원현황,2025,8860170066,8,after_last_0101_year,2011,2022
대학정보공시,1210,법정부담금현황,2016,1406099319,1,after_last_0101_year,2009,2015
대학정보공시,1211,수익용기본재산확보현황,2009,2043681859,1,before_first_0101_year,2010,2025
대학정보공시,1211,수익용기본재산확보현황,2009,4097761511,1,before_first_0101_year,2010,2025
대학정보공시,1211,수익용기본재산확보현황,2009,4363659620,1,before_first_0101_year,2010,2025
대학정보공시,1211,수익용기본재산확보현황,2009,4982337415,1,before_first_0101_year,2010,2025
대학정보공시,1211,수익용기본재산확보현황,2009,5352496743,1,before_first_0101_year,2010,2015
대학정보공시,1211,수익용기본재산확보현황,2009,6084552049,1,before_first_0101_year,2010,2025
대학정보공시,1211,수익용기본재산확보현황,2009,7065451979,1,before_first_0101_year,2010,2025
대학정보공시,1211,수익용기본재산확보현황,2009,7876808941,1,before_first_0101_year,2010,2025
대학정보공시,1211,수익용기본재산확보현황,2009,8106570184,1,before_first_0101_year,2010,2025
대학정보공시,1211,수익용기본재산확보현황,2017,5352496743,1,after_last_0101_year,2010,2015
대학정보공시,1212,시설안전관리현황,2017,5352496743,1,after_last_0101_year,2010,2015
대학정보공시,1212,시설안전관리현황,2019,2230504155,1,after_last_0101_year,2009,2018
대학정보공시,1212,시설안전관리현황,2019,2948101282,1,after_last_0101_year,2009,2018
대학정보공시,1212,시설안전관리현황,2019,5616359591,1,after_last_0101_year,2009,2018
대학정보공시,1212,시설안전관리현황,2019,7994154512,1,after_last_0101_year,2009,2018
대학정보공시,1212,시설안전관리현황,2019,9964178025,1,after_last_0101_year,2009,2018
대학정보공시,1212,시설안전관리현황,2020,2230504155,1,after_last_0101_year,2009,2018
대학정보공시,1212,시설안전관리현황,2020,2948101282,1,after_last_0101_year,2009,2018
대학정보공시,1212,시설안전관리현황,2020,5616359591,1,after_last_0101_year,2009,2018
대학정보공시,1212,시설안전관리현황,2020,7994154512,1,after_last_0101_year,2009,2018
대학정보공시,1212,시설안전관리현황,2020,9964178025,1,after_last_0101_year,2009,2018
대학정보공시,1213,실험실습실안전관리현황,2017,5352496743,1,after_last_0101_year,2010,2015
대학정보공시,1213,실험실습실안전관리현황,2019,2230504155,1,after_last_0101_year,2009,2018
대학정보공시,1213,실험실습실안전관리현황,2019,2948101282,1,after_last_0101_year,2009,2018
대학정보공시,1213,실험실습실안전관리현황,2019,5616359591,1,after_last_0101_year,2009,2018
대학정보공시,1213,실험실습실안전관리현황,2019,9964178025,1,after_last_0101_year,2009,2018
대학정보공시,1213,실험실습실안전관리현황,2020,2230504155,1,after_last_0101_year,2009,2018
대학정보공시,1213,실험실습실안전관리현황,2020,2948101282,1,after_last_0101_year,2009,2018
대학정보공시,1213,실험실습실안전관리현황,2020,5616359591,1,after_last_0101_year,2009,2018
대학정보공시,1213,실험실습실안전관리현황,2020,9964178025,1,after_last_0101_year,2009,2018
대학정보공시,1214,장애학생지원체제구축및운영현황,2012,8862205862,1,before_first_0101_year,2014,2025
대학정보공시,1214,장애학생지원체제구축및운영현황,2013,8862205862,1,before_first_0101_year,2014,2025
대학정보공시,1214,장애학생지원체제구축및운영현황,2013,9974667608,1,after_last_0101_year,2009,2012
대학정보공시,1214,장애학생지원체제구축및운영현황,2017,5352496743,1,after_last_0101_year,2010,2015
대학정보공시,1214,장애학생지원체제구축및운영현황,2020,9063735783,1,after_last_0101_year,2009,2018
대학정보공시,1214,장애학생지원체제구축및운영현황,2023,1734231114,1,after_last_0101_year,2009,2022
대학정보공시,1215,재정지원사업수혜실적,2009,1508433640,14,before_first_0101_year,2010,2025
대학정보공시,1215,재정지원사업수혜실적,2009,2097534179,3,before_first_0101_year,2010,2025
대학정보공시,1215,재정지원사업수혜실적,2009,2151358604,3,before_first_0101_year,2010,2025
대학정보공시,1215,재정지원사업수혜실적,2009,3313704609,5,before_first_0101_year,2010,2025
대학정보공시,1215,재정지원사업수혜실적,2009,3945737659,5,before_first_0101_year,2010,2025
대학정보공시,1215,재정지원사업수혜실적,2009,4363659620,15,before_first_0101_year,2010,2025
대학정보공시,1215,재정지원사업수혜실적,2009,4524179637,19,before_first_0101_year,2010,2025
대학정보공시,1215,재정지원사업수혜실적,2009,5961281478,2,before_first_0101_year,2010,2025
대학정보공시,1215,재정지원사업수혜실적,2009,6084552049,2,before_first_0101_year,2010,2025
대학정보공시,1215,재정지원사업수혜실적,2009,7876808941,1,before_first_0101_year,2010,2025
대학정보공시,1215,재정지원사업수혜실적,2009,8721071779,1,before_first_0101_year,2010,2025
대학정보공시,1215,재정지원사업수혜실적,2009,8851398706,3,before_first_0101_year,2010,2025
대학정보공시,1215,재정지원사업수혜실적,2009,9837188839,1,before_first_0101_year,2010,2025
대학정보공시,1215,재정지원사업수혜실적,2017,5352496743,3,after_last_0101_year,2010,2015
대학정보공시,1216,직원현황,2009,1508433640,1,before_first_0101_year,2010,2025
대학정보공시,1216,직원현황,2009,1651128768,1,before_first_0101_year,2010,2010
대학정보공시,1216,직원현황,2009,1674881875,1,before_first_0101_year,2010,2012
대학정보공시,1216,직원현황,2009,2043681859,1,before_first_0101_year,2010,2025
대학정보공시,1216,직원현황,2009,2097534179,1,before_first_0101_year,2010,2025
대학정보공시,1216,직원현황,2009,2151358604,1,before_first_0101_year,2010,2025
대학정보공시,1216,직원현황,2009,2593522906,1,before_first_0101_year,2010,2025
대학정보공시,1216,직원현황,2009,2731287598,1,before_first_0101_year,2010,2025
대학정보공시,1216,직원현황,2009,3313704609,1,before_first_0101_year,2010,2025
대학정보공시,1216,직원현황,2009,3403399288,1,before_first_0101_year,2010,2025
대학정보공시,1216,직원현황,2009,3459668815,1,before_first_0101_year,2010,2025
대학정보공시,1216,직원현황,2009,3945737659,1,before_first_0101_year,2010,2025
대학정보공시,1216,직원현황,2009,4097761511,1,before_first_0101_year,2010,2025
대학정보공시,1216,직원현황,2009,4222775518,1,before_first_0101_year,2010,2025
대학정보공시,1216,직원현황,2009,4363659620,1,before_first_0101_year,2010,2025
대학정보공시,1216,직원현황,2009,4524179637,1,before_first_0101_year,2010,2025
대학정보공시,1216,직원현황,2009,4982337415,1,before_first_0101_year,2010,2025
대학정보공시,1216,직원현황,2009,5352496743,1,before_first_0101_year,2010,2015
대학정보공시,1216,직원현황,2009,5831784427,1,before_first_0101_year,2010,2025
대학정보공시,1216,직원현황,2009,5961281478,1,before_first_0101_year,2010,2025
대학정보공시,1216,직원현황,2009,6084552049,1,before_first_0101_year,2010,2025
대학정보공시,1216,직원현황,2009,7065451979,1,before_first_0101_year,2010,2025
대학정보공시,1216,직원현황,2009,7264348506,1,before_first_0101_year,2010,2025
대학정보공시,1216,직원현황,2009,7876808941,1,before_first_0101_year,2010,2025
대학정보공시,1216,직원현황,2009,8106570184,1,before_first_0101_year,2010,2025
대학정보공시,1216,직원현황,2009,8648494422,1,before_first_0101_year,2010,2025
대학정보공시,1216,직원현황,2009,8686164438,1,before_first_0101_year,2010,2010
대학정보공시,1216,직원현황,2009,8721071779,1,before_first_0101_year,2010,2025
대학정보공시,1216,직원현황,2009,8851398706,1,before_first_0101_year,2010,2025
대학정보공시,1216,직원현황,2009,9020533442,1,before_first_0101_year,2010,2025
대학정보공시,1216,직원현황,2009,9837188839,1,before_first_0101_year,2010,2025
대학정보공시,1216,직원현황,2009,9896320283,1,before_first_0101_year,2010,2025
대학정보공시,1216,직원현황,2011,8862205862,1,before_first_0101_year,2014,2025
대학정보공시,1216,직원현황,2012,8862205862,1,before_first_0101_year,2014,2025
대학정보공시,1216,직원현황,2013,8862205862,1,before_first_0101_year,2014,2025
대학정보공시,1216,직원현황,2017,5352496743,1,after_last_0101_year,2010,2015
대학정보공시,1216,직원현황,2021,2230504155,1,after_last_0101_year,2009,2018
대학정보공시,1216,직원현황,2021,2948101282,1,after_last_0101_year,2009,2018
대학정보공시,1216,직원현황,2021,3428787469,1,after_last_0101_year,2009,2020
대학정보공시,1216,직원현황,2021,3694659829,1,after_last_0101_year,2009,2019
대학정보공시,1216,직원현황,2021,4327552795,1,after_last_0101_year,2009,2018
대학정보공시,1216,직원현황,2021,5968401670,1,after_last_0101_year,2009,2019
대학정보공시,1216,직원현황,2021,6449749290,1,after_last_0101_year,2009,2020
대학정보공시,1216,직원현황,2021,8451613843,1,after_last_0101_year,2009,2020
대학정보공시,1216,직원현황,2021,8897112667,1,after_last_0101_year,2009,2020
대학정보공시,1216,직원현황,2021,8944861888,1,after_last_0101_year,2009,2019
대학정보공시,1216,직원현황,2021,9063735783,1,after_last_0101_year,2009,2018
대학정보공시,1216,직원현황,2021,9366516411,1,after_last_0101_year,2009,2020
대학정보공시,1216,직원현황,2021,9964178025,1,after_last_0101_year,2009,2018
대학정보공시,1301,위반내용및조치결과,2009,3459668815,1,before_first_0101_year,2010,2025
대학정보공시,1301,위반내용및조치결과,2009,4982337415,1,before_first_0101_year,2010,2025
대학정보공시,1301,위반내용및조치결과,2023,8860170066,3,after_last_0101_year,2011,2022
대학정보공시,1301,위반내용및조치결과,2024,8860170066,3,after_last_0101_year,2011,2022
대학정보공시,1301,위반내용및조치결과,2025,8860170066,3,after_last_0101_year,2011,2022
취업통계,0001,학생인적취업정보,2012,3695307314,20,after_last_0101_year,2009,2011
취업통계,0001,학생인적취업정보,2012,6218328833,156,after_last_0101_year,2009,2011
취업통계,0001,학생인적취업정보,2012,8631307899,1265,after_last_0101_year,2009,2011
취업통계,0001,학생인적취업정보,2016,4574799895,46,after_last_0101_year,2009,2015
취업통계,0001,학생인적취업정보,2016,6531755685,1,after_last_0101_year,2009,2015
취업통계,0001,학생인적취업정보,2016,7410582542,50,after_last_0101_year,2009,2015
취업통계,0001,학생인적취업정보,2019,4327552795,1,after_last_0101_year,2009,2018
취업통계,0001,학생인적취업정보,2019,9063735783,67,after_last_0101_year,2009,2018
취업통계,0001,학생인적취업정보,2021,3428787469,632,after_last_0101_year,2009,2020
취업통계,0001,학생인적취업정보,2022,3428787469,632,after_last_0101_year,2009,2020
취업통계,0001,학생인적취업정보,2022,4423430502,274,after_last_0101_year,2009,2021
