source,catalog_code,dataset,year,row_count,missing_open_id_rows,orphan_rows
고등교육통계,0101,고등교육학교개황,2009,1684,0,0
고등교육통계,0101,고등교육학교개황,2010,1728,0,0
고등교육통계,0101,고등교육학교개황,2011,1745,0,0
고등교육통계,0101,고등교육학교개황,2012,1824,0,0
고등교육통계,0101,고등교육학교개황,2013,1846,0,0
고등교육통계,0101,고등교육학교개황,2014,1878,0,0
고등교육통계,0101,고등교육학교개황,2015,1923,0,0
고등교육통계,0101,고등교육학교개황,2016,1897,0,0
고등교육통계,0101,고등교육학교개황,2017,1907,0,0
고등교육통계,0101,고등교육학교개황,2018,1924,0,0
고등교육통계,0101,고등교육학교개황,2019,1900,0,0
고등교육통계,0101,고등교육학교개황,2020,1900,0,0
고등교육통계,0101,고등교육학교개황,2021,1911,0,0
고등교육통계,0101,고등교육학교개황,2022,1921,0,0
고등교육통계,0101,고등교육학교개황,2023,1934,0,0
고등교육통계,0101,고등교육학교개황,2024,1955,0,0
고등교육통계,0101,고등교육학교개황,2025,2006,0,0
고등교육통계,0102,대학교개황,2009,270,0,0
고등교육통계,0102,대학교개황,2010,299,0,0
고등교육통계,0102,대학교개황,2011,297,0,0
고등교육통계,0102,대학교개황,2012,306,0,0
고등교육통계,0102,대학교개황,2013,304,0,0
고등교육통계,0102,대학교개황,2014,309,0,0
고등교육통계,0102,대학교개황,2015,311,0,0
고등교육통계,0102,대학교개황,2016,306,0,0
고등교육통계,0102,대학교개황,2017,307,0,0
고등교육통계,0102,대학교개황,2018,307,0,0
고등교육통계,0102,대학교개황,2019,302,0,0
고등교육통계,0102,대학교개황,2020,304,0,0
고등교육통계,0102,대학교개황,2021,306,0,0
고등교육통계,0102,대학교개황,2022,309,0,0
고등교육통계,0102,대학교개황,2023,313,0,0
고등교육통계,0102,대학교개황,2024,311,0,0
고등교육통계,0102,대학교개황,2025,312,0,0
고등교육통계,0103,대학교학생개황,2009,16395,0,0
고등교육통계,0103,대학교학생개황,2010,16294,0,0
고등교육통계,0103,대학교학생개황,2011,16503,0,0
고등교육통계,0103,대학교학생개황,2012,17455,0,0
고등교육통계,0103,대학교학생개황,2013,17243,0,0
고등교육통계,0103,대학교학생개황,2014,16797,0,0
고등교육통계,0103,대학교학생개황,2015,17408,0,0
고등교육통계,0103,대학교학생개황,2016,18142,0,0
고등교육통계,0103,대학교학생개황,2017,20105,0,0
고등교육통계,0103,대학교학생개황,2018,20399,0,0
고등교육통계,0103,대학교학생개황,2019,20162,0,0
고등교육통계,0103,대학교학생개황,2020,20963,0,0
고등교육통계,0103,대학교학생개황,2021,21796,0,0
고등교육통계,0103,대학교학생개황,2022,22307,0,0
고등교육통계,0103,대학교학생개황,2023,23418,0,0
고등교육통계,0103,대학교학생개황,2024,25206,0,0
고등교육통계,0103,대학교학생개황,2025,22783,0,0
고등교육통계,0104,대학원개황,2009,1241,0,0
고등교육통계,0104,대학원개황,2010,1249,0,0
고등교육통계,0104,대학원개황,2011,1275,0,0
고등교육통계,0104,대학원개황,2012,1340,0,0
고등교육통계,0104,대학원개황,2013,1371,0,0
고등교육통계,0104,대학원개황,2014,1389,0,0
고등교육통계,0104,대학원개황,2015,1435,0,0
고등교육통계,0104,대학원개황,2016,1425,0,0
고등교육통계,0104,대학원개황,2017,1433,0,0
고등교육통계,0104,대학원개황,2018,1457,0,0
고등교육통계,0104,대학원개황,2019,1440,0,0
고등교육통계,0104,대학원개황,2020,1447,0,0
고등교육통계,0104,대학원개황,2021,1461,0,0
고등교육통계,0104,대학원개황,2022,1469,0,0
고등교육통계,0104,대학원개황,2023,1413,0,0
고등교육통계,0104,대학원개황,2024,1431,0,0
고등교육통계,0104,대학원개황,2025,1485,0,0
고등교육통계,0105,대학원학생개황,2009,2972,0,0
고등교육통계,0105,대학원학생개황,2010,2893,0,0
고등교육통계,0105,대학원학생개황,2011,3091,0,0
고등교육통계,0105,대학원학생개황,2012,3271,0,0
고등교육통계,0105,대학원학생개황,2013,3343,0,0
고등교육통계,0105,대학원학생개황,2014,8755,0,0
고등교육통계,0105,대학원학생개황,2015,7466,0,0
고등교육통계,0105,대학원학생개황,2016,2944,0,0
고등교육통계,0105,대학원학생개황,2017,3054,0,0
고등교육통계,0105,대학원학생개황,2018,3111,0,0
고등교육통계,0105,대학원학생개황,2019,3125,0,0
고등교육통계,0105,대학원학생개황,2020,3149,0,0
고등교육통계,0105,대학원학생개황,2021,3186,0,0
고등교육통계,0105,대학원학생개황,2022,3216,0,0
고등교육통계,0105,대학원학생개황,2023,4521,0,0
고등교육통계,0105,대학원학생개황,2024,3215,0,0
고등교육통계,0105,대학원학생개황,2025,3435,0,0
고등교육통계,0106,전문대학개황,2009,159,0,0
고등교육통계,0106,전문대학개황,2010,161,0,0
고등교육통계,0106,전문대학개황,2011,159,0,0
고등교육통계,0106,전문대학개황,2012,156,0,0
고등교육통계,0106,전문대학개황,2013,156,0,0
고등교육통계,0106,전문대학개황,2014,156,0,0
고등교육통계,0106,전문대학개황,2015,152,0,0
고등교육통계,0106,전문대학개황,2016,147,0,0
고등교육통계,0106,전문대학개황,2017,146,0,0
고등교육통계,0106,전문대학개황,2018,141,0,0
고등교육통계,0106,전문대학개황,2019,139,0,0
고등교육통계,0106,전문대학개황,2020,132,0,0
고등교육통계,0106,전문대학개황,2021,126,0,0
고등교육통계,0106,전문대학개황,2022,125,0,0
고등교육통계,0106,전문대학개황,2023,139,0,0
고등교육통계,0106,전문대학개황,2024,138,0,0
고등교육통계,0106,전문대학개황,2025,137,0,0
고등교육통계,0107,전문대학학생개황,2009,8545,0,0
고등교육통계,0107,전문대학학생개황,2010,8455,0,0
고등교육통계,0107,전문대학학생개황,2011,8370,0,0
고등교육통계,0107,전문대학학생개황,2012,8387,0,0
고등교육통계,0107,전문대학학생개황,2013,8223,0,0
고등교육통계,0107,전문대학학생개황,2014,7211,0,0
고등교육통계,0107,전문대학학생개황,2015,7672,0,0
고등교육통계,0107,전문대학학생개황,2016,7800,0,0
고등교육통계,0107,전문대학학생개황,2017,7883,0,0
고등교육통계,0107,전문대학학생개황,2018,8067,0,0
고등교육통계,0107,전문대학학생개황,2019,8196,0,0
고등교육통계,0107,전문대학학생개황,2020,8091,0,0
고등교육통계,0107,전문대학학생개황,2021,7993,0,0
고등교육통계,0107,전문대학학생개황,2022,8572,0,0
고등교육통계,0107,전문대학학생개황,2023,9419,0,0
고등교육통계,0107,전문대학학생개황,2024,10127,0,0
고등교육통계,0107,전문대학학생개황,2025,10038,0,0
고등교육통계,0201,계열별입학정원현황_대학원,2009,3330,0,0
고등교육통계,0201,계열별입학정원현황_대학원,2010,3396,0,0
고등교육통계,0201,계열별입학정원현황_대학원,2011,3837,0,0
고등교육통계,0201,계열별입학정원현황_대학원,2012,4056,0,0
고등교육통계,0201,계열별입학정원현황_대학원,2013,4128,0,0
고등교육통계,0201,계열별입학정원현황_대학원,2014,3780,0,0
고등교육통계,0201,계열별입학정원현황_대학원,2015,3885,0,0
고등교육통계,0201,계열별입학정원현황_대학원,2016,3864,0,0
고등교육통계,0201,계열별입학정원현황_대학원,2017,4233,0,0
고등교육통계,0201,계열별입학정원현황_대학원,2018,4266,0,0
고등교육통계,0201,계열별입학정원현황_대학원,2019,4248,0,0
고등교육통계,0201,계열별입학정원현황_대학원,2020,4236,0,0
고등교육통계,0201,계열별입학정원현황_대학원,2021,4287,0,0
고등교육통계,0201,계열별입학정원현황_대학원,2022,4293,0,0
고등교육통계,0201,계열별입학정원현황_대학원,2023,390,0,0
고등교육통계,0201,계열별입학정원현황_대학원,2024,396,0,0
고등교육통계,0201,계열별입학정원현황_대학원,2025,139,0,0
고등교육통계,0202,교육대학대학원학급편성기준,2009,72,0,0
고등교육통계,0202,교육대학대학원학급편성기준,2010,57,0,0
고등교육통계,0202,교육대학대학원학급편성기준,2011,72,0,0
고등교육통계,0202,교육대학대학원학급편성기준,2012,699,0,0
고등교육통계,0202,교육대학대학원학급편성기준,2013,27,0,0
고등교육통계,0203,국가별외국인유학생현황,2009,4936,0,0
고등교육통계,0203,국가별외국인유학생현황,2010,5718,0,0
고등교육통계,0203,국가별외국인유학생현황,2011,6188,0,0
고등교육통계,0203,국가별외국인유학생현황,2012,6866,0,0
고등교육통계,0203,국가별외국인유학생현황,2013,7242,0,0
고등교육통계,0203,국가별외국인유학생현황,2014,88630,0,0
고등교육통계,0203,국가별외국인유학생현황,2015,76288,0,0
고등교육통계,0203,국가별외국인유학생현황,2016,29183,0,0
고등교육통계,0203,국가별외국인유학생현황,2017,30802,0,0
고등교육통계,0203,국가별외국인유학생현황,2018,32118,0,0
고등교육통계,0203,국가별외국인유학생현황,2019,33756,0,0
고등교육통계,0203,국가별외국인유학생현황,2020,33924,0,0
고등교육통계,0203,국가별외국인유학생현황,2021,34988,0,0
고등교육통계,0203,국가별외국인유학생현황,2022,36793,0,0
고등교육통계,0204,국가별외국인유학생현황_대학원,2009,4632,0,0
고등교육통계,0204,국가별외국인유학생현황_대학원,2010,5580,0,0
고등교육통계,0204,국가별외국인유학생현황_대학원,2011,6246,0,0
고등교육통계,0204,국가별외국인유학생현황_대학원,2012,7018,0,0
고등교육통계,0204,국가별외국인유학생현황_대학원,2013,7570,0,0
고등교육통계,0205,모집및입학정원현황,2014,44091,0,0
고등교육통계,0205,모집및입학정원현황,2015,44398,0,0
고등교육통계,0205,모집및입학정원현황,2016,47280,0,0
고등교육통계,0205,모집및입학정원현황,2017,51662,0,0
고등교육통계,0205,모집및입학정원현황,2018,52766,0,0
고등교육통계,0205,모집및입학정원현황,2019,53066,0,0
고등교육통계,0205,모집및입학정원현황,2020,54538,0,0
고등교육통계,0205,모집및입학정원현황,2021,56182,0,0
고등교육통계,0205,모집및입학정원현황,2022,58542,0,0
고등교육통계,0205,모집및입학정원현황,2023,62476,0,0
고등교육통계,0205,모집및입학정원현황,2024,67328,0,0
고등교육통계,0205,모집및입학정원현황,2025,30843,0,0
고등교육통계,0206,박사및명예박사학위수여상황,2009,39072,0,0
고등교육통계,0206,박사및명예박사학위수여상황,2010,16434,0,0
고등교육통계,0206,박사및명예박사학위수여상황,2011,83358,0,0
고등교육통계,0206,박사및명예박사학위수여상황,2012,87582,0,0
고등교육통계,0206,박사및명예박사학위수여상황,2013,89232,0,0
고등교육통계,0206,박사및명예박사학위수여상황,2014,27329,0,0
고등교육통계,0206,박사및명예박사학위수여상황,2015,58575,0,0
고등교육통계,0206,박사및명예박사학위수여상황,2016,35101,0,0
고등교육통계,0206,박사및명예박사학위수여상황,2017,35609,0,0
고등교육통계,0206,박사및명예박사학위수여상황,2018,35101,0,0
고등교육통계,0206,박사및명예박사학위수여상황,2019,34221,0,0
고등교육통계,0206,박사및명예박사학위수여상황,2020,33852,0,0
고등교육통계,0206,박사및명예박사학위수여상황,2021,33216,0,0
고등교육통계,0206,박사및명예박사학위수여상황,2022,33054,0,0
고등교육통계,0206,박사및명예박사학위수여상황,2023,1216,0,0
고등교육통계,0206,박사및명예박사학위수여상황,2024,1246,0,0
고등교육통계,0206,박사및명예박사학위수여상황,2025,1225,0,0
고등교육통계,0207,산업체위탁생제적현황,2009,180198,0,0
고등교육통계,0207,산업체위탁생제적현황,2010,186651,0,0
고등교육통계,0207,산업체위탁생제적현황,2011,186516,0,0
고등교육통계,0207,산업체위탁생제적현황,2012,192483,0,0
고등교육통계,0207,산업체위탁생제적현황,2013,192591,0,0
고등교육통계,0208,시간제등록과정,2009,2214,0,0
고등교육통계,0208,시간제등록과정,2010,2322,0,0
고등교육통계,0208,시간제등록과정,2011,2322,0,0
고등교육통계,0208,시간제등록과정,2012,2322,0,0
고등교육통계,0208,시간제등록과정,2013,2430,0,0
고등교육통계,0208,시간제등록과정,2014,8556,0,0
고등교육통계,0208,시간제등록과정,2015,6636,0,0
고등교육통계,0208,시간제등록과정,2016,978,0,0
고등교육통계,0208,시간제등록과정,2017,1032,0,0
고등교육통계,0208,시간제등록과정,2018,960,0,0
고등교육통계,0208,시간제등록과정,2019,996,0,0
고등교육통계,0208,시간제등록과정,2020,1074,0,0
고등교육통계,0208,시간제등록과정,2021,1074,0,0
고등교육통계,0208,시간제등록과정,2022,1086,0,0
고등교육통계,0208,시간제등록과정,2023,15696,0,0
고등교육통계,0208,시간제등록과정,2024,14652,0,72
고등교육통계,0208,시간제등록과정,2025,4872,0,24
고등교육통계,0209,연령별신입생현황_대학원,2009,1605240,0,0
고등교육통계,0209,연령별신입생현황_대학원,2010,1627794,0,0
고등교육통계,0209,연령별신입생현황_대학원,2011,1685250,0,0
고등교육통계,0209,연령별신입생현황_대학원,2012,1787940,0,0
고등교육통계,0209,연령별신입생현황_대학원,2013,1850814,0,0
고등교육통계,0209,연령별신입생현황_대학원,2014,447552,0,798
고등교육통계,0209,연령별신입생현황_대학원,2015,1367772,0,0
고등교육통계,0209,연령별신입생현황_대학원,2016,456183,0,0
고등교육통계,0209,연령별신입생현황_대학원,2017,452382,0,0
고등교육통계,0209,연령별신입생현황_대학원,2018,479472,0,0
고등교육통계,0209,연령별신입생현황_대학원,2019,451689,0,0
고등교육통계,0209,연령별신입생현황_대학원,2020,460929,0,0
고등교육통계,0209,연령별신입생현황_대학원,2021,470946,0,0
고등교육통계,0209,연령별신입생현황_대학원,2022,478233,0,0
고등교육통계,0209,연령별신입생현황_대학원,2023,42044,0,0
고등교육통계,0209,연령별신입생현황_대학원,2024,32230,0,0
고등교육통계,0209,연령별신입생현황_대학원,2025,32728,0,0
고등교육통계,0210,연령별입학현황,2009,852880,0,0
고등교육통계,0210,연령별입학현황,2010,851840,0,0
고등교육통계,0210,연령별입학현황,2011,873280,0,0
고등교육통계,0210,연령별입학현황,2012,904200,0,0
고등교육통계,0210,연령별입학현황,2013,896920,0,0
고등교육통계,0210,연령별입학현황,2014,423360,0,0
고등교육통계,0210,연령별입학현황,2015,755460,0,0
고등교육통계,0210,연령별입학현황,2016,419520,0,0
고등교육통계,0210,연령별입학현황,2017,412100,0,0
고등교육통계,0210,연령별입학현황,2018,408560,0,0
고등교육통계,0210,연령별입학현황,2019,410600,0,0
고등교육통계,0210,연령별입학현황,2020,414380,0,0
고등교육통계,0210,연령별입학현황,2021,420840,0,0
고등교육통계,0210,연령별입학현황,2022,421740,0,0
고등교육통계,0210,연령별입학현황,2023,14172,0,0
고등교육통계,0210,연령별입학현황,2024,13320,0,0
고등교육통계,0210,연령별입학현황,2025,13358,0,0
고등교육통계,0211,연령별재적학생현황,2009,852360,0,0
고등교육통계,0211,연령별재적학생현황,2010,865080,0,0
고등교육통계,0211,연령별재적학생현황,2011,874720,0,0
고등교육통계,0211,연령별재적학생현황,2012,918840,0,0
고등교육통계,0211,연령별재적학생현황,2013,914560,0,0
고등교육통계,0211,연령별재적학생현황,2014,592600,0,0
고등교육통계,0211,연령별재적학생현황,2015,817000,0,0
고등교육통계,0211,연령별재적학생현황,2016,599340,0,0
고등교육통계,0211,연령별재적학생현황,2017,619920,0,0
고등교육통계,0211,연령별재적학생현황,2018,610900,0,0
고등교육통계,0211,연령별재적학생현황,2019,611700,0,0
고등교육통계,0211,연령별재적학생현황,2020,606660,0,0
고등교육통계,0211,연령별재적학생현황,2021,623880,0,0
고등교육통계,0211,연령별재적학생현황,2022,641380,0,0
고등교육통계,0211,연령별재적학생현황,2023,20140,0,0
고등교육통계,0211,연령별재적학생현황,2024,20332,0,0
고등교육통계,0211,연령별재적학생현황,2025,20388,0,0
고등교육통계,0212,연령별재적학생현황_대학원,2009,433194,0,68
고등교육통계,0212,연령별재적학생현황_대학원,2010,440776,0,0
고등교육통계,0212,연령별재적학생현황_대학원,2011,456144,0,0
고등교육통계,0212,연령별재적학생현황_대학원,2012,486948,0,0
고등교육통계,0212,연령별재적학생현황_대학원,2013,501874,0,0
고등교육통계,0212,연령별재적학생현황_대학원,2014,299904,0,816
고등교육통계,0212,연령별재적학생현황_대학원,2015,416592,0,0
고등교육통계,0212,연령별재적학생현황_대학원,2016,300144,0,0
고등교육통계,0212,연령별재적학생현황_대학원,2017,301616,0,0
고등교육통계,0212,연령별재적학생현황_대학원,2018,301168,0,0
고등교육통계,0212,연령별재적학생현황_대학원,2019,298064,0,0
고등교육통계,0212,연령별재적학생현황_대학원,2020,299936,0,0
고등교육통계,0212,연령별재적학생현황_대학원,2021,303776,0,0
고등교육통계,0212,연령별재적학생현황_대학원,2022,307232,0,0
고등교육통계,0212,연령별재적학생현황_대학원,2023,32450,0,0
고등교육통계,0212,연령별재적학생현황_대학원,2024,32520,0,0
고등교육통계,0212,연령별재적학생현황_대학원,2025,32892,0,0
고등교육통계,0213,연령별재적학생현황_대학원_공동운영,2010,41,0,0
고등교육통계,0213,연령별재적학생현황_대학원_공동운영,2011,57,0,0
고등교육통계,0213,연령별재적학생현황_대학원_공동운영,2012,44,0,0
고등교육통계,0213,연령별재적학생현황_대학원_공동운영,2013,54,0,0
고등교육통계,0214,연령별졸업생현황,2009,852760,0,0
고등교육통계,0214,연령별졸업생현황,2010,859120,0,0
고등교육통계,0214,연령별졸업생현황,2011,870920,0,0
고등교육통계,0214,연령별졸업생현황,2012,914480,0,0
고등교육통계,0214,연령별졸업생현황,2013,907560,0,0
고등교육통계,0214,연령별졸업생현황,2014,482860,0,0
고등교육통계,0214,연령별졸업생현황,2015,785900,0,0
고등교육통계,0214,연령별졸업생현황,2016,500560,0,0
고등교육통계,0214,연령별졸업생현황,2017,504980,0,0
고등교육통계,0214,연령별졸업생현황,2018,501740,0,0
고등교육통계,0214,연령별졸업생현황,2019,500240,0,0
고등교육통계,0214,연령별졸업생현황,2020,501420,0,0
고등교육통계,0214,연령별졸업생현황,2021,515140,0,0
고등교육통계,0214,연령별졸업생현황,2022,516500,0,0
고등교육통계,0214,연령별졸업생현황,2023,20140,0,0
고등교육통계,0214,연령별졸업생현황,2024,20332,0,0
고등교육통계,0214,연령별졸업생현황,2025,20388,0,0
고등교육통계,0215,연령별졸업생현황_공동운영,2010,562760,0,0
고등교육통계,0215,연령별졸업생현황_공동운영,2011,876400,0,0
고등교육통계,0215,연령별졸업생현황_공동운영,2012,915520,0,0
고등교육통계,0215,연령별졸업생현황_공동운영,2013,915200,0,0
고등교육통계,0215,연령별졸업생현황_공동운영,2014,4396,0,0
고등교육통계,0215,연령별졸업생현황_공동운영,2015,73304,0,0
고등교육통계,0215,연령별졸업생현황_공동운영,2016,9040,0,0
고등교육통계,0215,연령별졸업생현황_공동운영,2017,8672,0,0
고등교육통계,0215,연령별졸업생현황_공동운영,2018,8508,0,0
고등교육통계,0215,연령별졸업생현황_공동운영,2019,7976,0,0
고등교육통계,0215,연령별졸업생현황_공동운영,2020,6400,0,0
고등교육통계,0215,연령별졸업생현황_공동운영,2021,5208,0,0
고등교육통계,0215,연령별졸업생현황_공동운영,2022,5112,0,0
고등교육통계,0216,연령별졸업생현황_대학원,2009,433398,0,0
고등교육통계,0216,연령별졸업생현황_대학원,2010,441082,0,0
고등교육통계,0216,연령별졸업생현황_대학원,2011,454546,0,0
고등교육통계,0216,연령별졸업생현황_대학원,2012,485418,0,0
고등교육통계,0216,연령별졸업생현황_대학원,2013,501772,0,0
고등교육통계,0216,연령별졸업생현황_대학원,2014,233760,0,352
고등교육통계,0216,연령별졸업생현황_대학원,2015,385728,0,0
고등교육통계,0216,연령별졸업생현황_대학원,2016,238128,0,0
고등교육통계,0216,연령별졸업생현황_대학원,2017,240096,0,0
고등교육통계,0216,연령별졸업생현황_대학원,2018,252720,0,0
고등교육통계,0216,연령별졸업생현황_대학원,2019,242384,0,0
고등교육통계,0216,연령별졸업생현황_대학원,2020,244464,0,0
고등교육통계,0216,연령별졸업생현황_대학원,2021,244448,0,0
고등교육통계,0216,연령별졸업생현황_대학원,2022,247504,0,0
고등교육통계,0216,연령별졸업생현황_대학원,2023,32450,0,0
고등교육통계,0216,연령별졸업생현황_대학원,2024,32520,0,0
고등교육통계,0216,연령별졸업생현황_대학원,2025,32892,0,0
고등교육통계,0217,연령별편입생현황,2009,36600,0,0
고등교육통계,0217,연령별편입생현황,2010,28980,0,0
고등교육통계,0217,연령별편입생현황,2011,26550,0,0
고등교육통계,0217,연령별편입생현황,2012,38610,0,0
고등교육통계,0217,연령별편입생현황,2013,33990,0,0
고등교육통계,0217,연령별편입생현황,2014,11800,0,0
고등교육통계,0217,연령별편입생현황,2015,292800,0,0
고등교육통계,0217,연령별편입생현황,2016,15100,0,0
고등교육통계,0217,연령별편입생현황,2017,14880,0,0
고등교육통계,0217,연령별편입생현황,2018,15440,0,0
고등교육통계,0217,연령별편입생현황,2019,17320,0,0
고등교육통계,0217,연령별편입생현황,2020,17200,0,0
고등교육통계,0217,연령별편입생현황,2021,18960,0,0
고등교육통계,0217,연령별편입생현황,2022,18240,0,0
고등교육통계,0217,연령별편입생현황,2023,832,0,0
고등교육통계,0217,연령별편입생현황,2024,886,0,0
고등교육통계,0217,연령별편입생현황,2025,888,0,0
고등교육통계,0218,외국인학위취득현황_대학원_공동운영,2010,61704,0,0
고등교육통계,0218,외국인학위취득현황_대학원_공동운영,2011,80328,0,0
고등교육통계,0218,외국인학위취득현황_대학원_공동운영,2012,85824,0,0
고등교육통계,0218,외국인학위취득현황_대학원_공동운영,2013,88668,0,0
고등교육통계,0218,외국인학위취득현황_대학원_공동운영,2014,3404,0,0
고등교육통계,0218,외국인학위취득현황_대학원_공동운영,2015,21567,0,0
고등교육통계,0218,외국인학위취득현황_대학원_공동운영,2016,3542,0,0
고등교육통계,0218,외국인학위취득현황_대학원_공동운영,2017,3802,0,0
고등교육통계,0218,외국인학위취득현황_대학원_공동운영,2018,4077,0,0
고등교육통계,0218,외국인학위취득현황_대학원_공동운영,2019,4186,0,0
고등교육통계,0218,외국인학위취득현황_대학원_공동운영,2020,4445,0,0
고등교육통계,0218,외국인학위취득현황_대학원_공동운영,2021,4460,0,0
고등교육통계,0218,외국인학위취득현황_대학원_공동운영,2022,4839,0,0
고등교육통계,0219,유학형태별_외국인유학생현황,2009,1525,0,0
고등교육통계,0219,유학형태별_외국인유학생현황,2010,1575,0,0
고등교육통계,0219,유학형태별_외국인유학생현황,2011,2150,0,0
고등교육통계,0219,유학형태별_외국인유학생현황,2012,2180,0,0
고등교육통계,0219,유학형태별_외국인유학생현황,2013,2175,0,0
고등교육통계,0219,유학형태별_외국인유학생현황,2014,7045,0,30
고등교육통계,0219,유학형태별_외국인유학생현황,2015,6750,0,0
고등교육통계,0219,유학형태별_외국인유학생현황,2016,5345,0,0
고등교육통계,0219,유학형태별_외국인유학생현황,2017,5485,0,0
고등교육통계,0219,유학형태별_외국인유학생현황,2018,5495,0,0
고등교육통계,0219,유학형태별_외국인유학생현황,2019,5485,0,0
고등교육통계,0219,유학형태별_외국인유학생현황,2020,5420,0,0
고등교육통계,0219,유학형태별_외국인유학생현황,2021,5245,0,0
고등교육통계,0219,유학형태별_외국인유학생현황,2022,5255,0,0
고등교육통계,0220,장학금급여및학비감면현황,2009,41900,0,0
고등교육통계,0220,장학금급여및학비감면현황,2010,43108,0,0
고등교육통계,0220,장학금급여및학비감면현황,2011,43788,0,0
고등교육통계,0220,장학금급여및학비감면현황,2012,43852,0,0
고등교육통계,0220,장학금급여및학비감면현황,2013,45622,0,0
고등교육통계,0221,재적학생현황_대학원,2009,76482,0,12
고등교육통계,0221,재적학생현황_대학원,2010,77802,0,0
고등교육통계,0221,재적학생현황_대학원,2011,80532,0,0
고등교육통계,0221,재적학생현황_대학원,2012,86004,0,0
고등교육통계,0221,재적학생현황_대학원,2013,88758,0,0
고등교육통계,0221,재적학생현황_대학원,2014,75749,0,252
고등교육통계,0221,재적학생현황_대학원,2015,70143,0,0
고등교육통계,0221,재적학생현황_대학원,2016,28026,0,0
고등교육통계,0221,재적학생현황_대학원,2017,28149,0,0
고등교육통계,0221,재적학생현황_대학원,2018,28219,0,0
고등교육통계,0221,재적학생현황_대학원,2019,28070,0,0
고등교육통계,0221,재적학생현황_대학원,2020,28459,0,0
고등교육통계,0221,재적학생현황_대학원,2021,29047,0,0
고등교육통계,0221,재적학생현황_대학원,2022,29476,0,0
고등교육통계,0221,재적학생현황_대학원,2023,32725,0,0
고등교육통계,0221,재적학생현황_대학원,2024,33511,0,0
고등교육통계,0221,재적학생현황_대학원,2025,30791,0,0
고등교육통계,0222,재적학생현황_대학원_공동운영,2010,1430,0,0
고등교육통계,0222,재적학생현황_대학원_공동운영,2011,2522,0,0
고등교육통계,0222,재적학생현황_대학원_공동운영,2012,2682,0,0
고등교육통계,0222,재적학생현황_대학원_공동운영,2013,2752,0,0
고등교육통계,0223,재적학생현황_정원외전형별,2009,400560,0,0
고등교육통계,0223,재적학생현황_정원외전형별,2010,412800,0,0
고등교육통계,0223,재적학생현황_정원외전형별,2011,415620,0,0
고등교육통계,0223,재적학생현황_정원외전형별,2012,426300,0,0
고등교육통계,0223,재적학생현황_정원외전형별,2013,428820,0,0
고등교육통계,0223,재적학생현황_정원외전형별,2014,90398,0,0
고등교육통계,0223,재적학생현황_정원외전형별,2015,164219,0,0
고등교육통계,0223,재적학생현황_정원외전형별,2016,90024,0,0
고등교육통계,0223,재적학생현황_정원외전형별,2017,88638,0,0
고등교육통계,0223,재적학생현황_정원외전형별,2018,86493,0,0
고등교육통계,0223,재적학생현황_정원외전형별,2019,84810,0,0
고등교육통계,0223,재적학생현황_정원외전형별,2020,84436,0,0
고등교육통계,0223,재적학생현황_정원외전형별,2021,82775,0,0
고등교육통계,0223,재적학생현황_정원외전형별,2022,82357,0,0
고등교육통계,0224,재적학생현황_학과별정원내,2009,6672,0,0
고등교육통계,0224,재적학생현황_학과별정원내,2010,21598,0,0
고등교육통계,0224,재적학생현황_학과별정원내,2011,21923,0,0
고등교육통계,0224,재적학생현황_학과별정원내,2012,22983,0,0
고등교육통계,0224,재적학생현황_학과별정원내,2013,22974,0,0
고등교육통계,0224,재적학생현황_학과별정원내,2014,21074,0,0
고등교육통계,0224,재적학생현황_학과별정원내,2015,20187,0,0
고등교육통계,0224,재적학생현황_학과별정원내,2016,16002,0,0
고등교육통계,0224,재적학생현황_학과별정원내,2017,16468,0,0
고등교육통계,0224,재적학생현황_학과별정원내,2018,16073,0,0
고등교육통계,0224,재적학생현황_학과별정원내,2019,16151,0,0
고등교육통계,0224,재적학생현황_학과별정원내,2020,16133,0,0
고등교육통계,0224,재적학생현황_학과별정원내,2021,16562,0,0
고등교육통계,0224,재적학생현황_학과별정원내,2022,17102,0,0
고등교육통계,0225,재적학생현황_학과별정원외,2009,6662,0,0
고등교육통계,0225,재적학생현황_학과별정원외,2010,11194,0,0
고등교육통계,0225,재적학생현황_학과별정원외,2011,12123,0,0
고등교육통계,0225,재적학생현황_학과별정원외,2012,21516,0,0
고등교육통계,0225,재적학생현황_학과별정원외,2013,22388,0,0
고등교육통계,0225,재적학생현황_학과별정원외,2014,21025,0,0
고등교육통계,0225,재적학생현황_학과별정원외,2015,19988,0,0
고등교육통계,0225,재적학생현황_학과별정원외,2016,14487,0,0
고등교육통계,0225,재적학생현황_학과별정원외,2017,14816,0,0
고등교육통계,0225,재적학생현황_학과별정원외,2018,14594,0,0
고등교육통계,0225,재적학생현황_학과별정원외,2019,14576,0,0
고등교육통계,0225,재적학생현황_학과별정원외,2020,14359,0,0
고등교육통계,0225,재적학생현황_학과별정원외,2021,14472,0,0
고등교육통계,0225,재적학생현황_학과별정원외,2022,14622,0,0
고등교육통계,0226,재학생해외연수일반현황,2009,989,0,0
고등교육통계,0226,재학생해외연수일반현황,2010,1107,0,0
고등교육통계,0226,재학생해외연수일반현황,2011,1737,0,0
고등교육통계,0226,재학생해외연수일반현황,2012,1719,0,0
고등교육통계,0226,재학생해외연수일반현황,2013,1728,0,0
고등교육통계,0226,재학생해외연수일반현황,2014,1501,0,0
고등교육통계,0226,재학생해외연수일반현황,2015,1322,0,0
고등교육통계,0226,재학생해외연수일반현황,2016,389,0,0
고등교육통계,0226,재학생해외연수일반현황,2017,385,0,0
고등교육통계,0226,재학생해외연수일반현황,2018,382,0,0
고등교육통계,0226,재학생해외연수일반현황,2019,381,0,0
고등교육통계,0226,재학생해외연수일반현황,2020,364,0,0
고등교육통계,0226,재학생해외연수일반현황,2021,22,0,0
고등교육통계,0226,재학생해외연수일반현황,2022,55,0,0
고등교육통계,0226,재학생해외연수일반현황,2023,459,0,0
고등교육통계,0226,재학생해외연수일반현황,2024,571,0,0
고등교육통계,0226,재학생해외연수일반현황,2025,593,0,0
고등교육통계,0227,전문대학_자격증취득현황,2009,2550,0,0
고등교육통계,0227,전문대학_자격증취득현황,2010,3168,0,0
고등교육통계,0227,전문대학_자격증취득현황,2011,3168,0,0
고등교육통계,0227,전문대학_자격증취득현황,2012,3150,0,0
고등교육통계,0227,전문대학_자격증취득현황,2013,3096,0,0
고등교육통계,0227,전문대학_자격증취득현황,2014,3580,0,0
고등교육통계,0227,전문대학_자격증취득현황,2015,3275,0,0
고등교육통계,0227,전문대학_자격증취득현황,2016,1413,0,0
고등교육통계,0227,전문대학_자격증취득현황,2017,1397,0,0
고등교육통계,0227,전문대학_자격증취득현황,2018,1364,0,0
고등교육통계,0227,전문대학_자격증취득현황,2019,1347,0,0
고등교육통계,0227,전문대학_자격증취득현황,2020,1344,0,0
고등교육통계,0227,전문대학_자격증취득현황,2021,1330,0,0
고등교육통계,0227,전문대학_자격증취득현황,2022,1332,0,0
고등교육통계,0228,졸업후상황,2009,684992,0,0
고등교육통계,0228,졸업후상황,2010,690432,0,0
고등교육통계,0228,졸업후상황,2011,699616,0,0
고등교육통계,0228,졸업후상황,2012,733792,0,0
고등교육통계,0228,졸업후상황,2013,725504,0,0
고등교육통계,0228,졸업후상황,2014,791516,0,0
고등교육통계,0228,졸업후상황,2015,759110,0,0
고등교육통계,0228,졸업후상황,2016,550814,0,0
고등교육통계,0228,졸업후상황,2017,555478,0,0
고등교육통계,0228,졸업후상황,2018,551914,0,0
고등교육통계,0228,졸업후상황,2019,550264,0,0
고등교육통계,0228,졸업후상황,2020,551562,0,0
고등교육통계,0228,졸업후상황,2021,566654,0,0
고등교육통계,0228,졸업후상황,2022,568150,0,0
고등교육통계,0229,졸업후상황_공동운영,2010,28994,0,0
고등교육통계,0229,졸업후상황_공동운영,2011,43820,0,0
고등교육통계,0229,졸업후상황_공동운영,2012,45842,0,0
고등교육통계,0229,졸업후상황_공동운영,2013,45760,0,0
고등교육통계,0229,졸업후상황_공동운영,2014,376,0,0
고등교육통계,0229,졸업후상황_공동운영,2015,4922,0,0
고등교육통계,0229,졸업후상황_공동운영,2016,728,0,0
고등교육통계,0229,졸업후상황_공동운영,2017,704,0,0
고등교육통계,0229,졸업후상황_공동운영,2018,670,0,0
고등교육통계,0229,졸업후상황_공동운영,2019,620,0,0
고등교육통계,0229,졸업후상황_공동운영,2020,480,0,0
고등교육통계,0229,졸업후상황_공동운영,2021,412,0,0
고등교육통계,0229,졸업후상황_공동운영,2022,388,0,0
고등교육통계,0229,졸업후상황_공동운영,2023,129,0,0
고등교육통계,0229,졸업후상황_공동운영,2024,119,0,0
고등교육통계,0229,졸업후상황_공동운영,2025,130,0,0
고등교육통계,0230,지원자및입학현황,2009,2221336,0,0
고등교육통계,0230,지원자및입학현황,2010,2201576,0,0
고등교육통계,0230,지원자및입학현황,2011,2282800,0,0
고등교육통계,0230,지원자및입학현황,2012,2395744,0,0
고등교육통계,0230,지원자및입학현황,2013,2391272,0,0
고등교육통계,0230,지원자및입학현황,2014,2462264,0,0
고등교육통계,0230,지원자및입학현황,2015,2302328,0,0
고등교육통계,0230,지원자및입학현황,2016,2034536,0,0
고등교육통계,0230,지원자및입학현황,2017,2145864,0,0
고등교육통계,0230,지원자및입학현황,2018,2211104,0,0
고등교육통계,0230,지원자및입학현황,2019,2245768,0,0
고등교육통계,0230,지원자및입학현황,2020,2342368,0,0
고등교육통계,0230,지원자및입학현황,2021,2326352,0,0
고등교육통계,0230,지원자및입학현황,2022,2417632,0,0
고등교육통계,0230,지원자및입학현황,2023,1894992,0,0
고등교육통계,0230,지원자및입학현황,2024,2009632,0,0
고등교육통계,0230,지원자및입학현황,2025,1962012,0,0
고등교육통계,0231,지원자및입학현황_대학원,2009,76428,0,0
고등교육통계,0231,지원자및입학현황_대학원,2010,77382,0,0
고등교육통계,0231,지원자및입학현황_대학원,2011,80256,0,0
고등교육통계,0231,지원자및입학현황_대학원,2012,84984,0,0
고등교육통계,0231,지원자및입학현황_대학원,2013,88212,0,0
고등교육통계,0231,지원자및입학현황_대학원,2014,88636,0,384
고등교육통계,0231,지원자및입학현황_대학원,2015,65095,0,0
고등교육통계,0231,지원자및입학현황_대학원,2016,52041,0,0
고등교육통계,0231,지원자및입학현황_대학원,2017,52374,0,0
고등교육통계,0231,지원자및입학현황_대학원,2018,54990,0,0
고등교육통계,0231,지원자및입학현황_대학원,2019,52210,0,0
고등교육통계,0231,지원자및입학현황_대학원,2020,56835,0,0
고등교육통계,0231,지원자및입학현황_대학원,2021,56084,0,0
고등교육통계,0231,지원자및입학현황_대학원,2022,57712,0,0
고등교육통계,0231,지원자및입학현황_대학원,2023,110641,0,0
고등교육통계,0231,지원자및입학현황_대학원,2024,114030,0,0
고등교육통계,0231,지원자및입학현황_대학원,2025,39252,0,0
고등교육통계,0232,직업별신입및편입생현황,2009,3562,0,0
고등교육통계,0232,직업별신입및편입생현황,2010,2780,0,0
고등교육통계,0232,직업별신입및편입생현황,2011,2430,0,0
고등교육통계,0232,직업별신입및편입생현황,2012,3410,0,0
고등교육통계,0232,직업별신입및편입생현황,2013,3146,0,0
고등교육통계,0232,직업별신입및편입생현황,2014,1404,0,0
고등교육통계,0232,직업별신입및편입생현황,2015,1172,0,0
고등교육통계,0232,직업별신입및편입생현황,2016,849,0,0
고등교육통계,0232,직업별신입및편입생현황,2017,875,0,0
고등교육통계,0232,직업별신입및편입생현황,2018,882,0,0
고등교육통계,0232,직업별신입및편입생현황,2019,989,0,0
고등교육통계,0232,직업별신입및편입생현황,2020,974,0,0
고등교육통계,0232,직업별신입및편입생현황,2021,1046,0,0
고등교육통계,0232,직업별신입및편입생현황,2022,1046,0,0
고등교육통계,0233,직업별학생현황_방송통신대,2009,54,0,0
고등교육통계,0233,직업별학생현황_방송통신대,2010,54,0,0
고등교육통계,0233,직업별학생현황_방송통신대,2011,54,0,0
고등교육통계,0233,직업별학생현황_방송통신대,2012,714,0,0
고등교육통계,0233,직업별학생현황_방송통신대,2013,686,0,0
고등교육통계,0233,직업별학생현황_방송통신대,2014,656,0,0
고등교육통계,0233,직업별학생현황_방송통신대,2015,714,0,0
고등교육통계,0233,직업별학생현황_방송통신대,2016,640,0,0
고등교육통계,0233,직업별학생현황_방송통신대,2017,632,0,0
고등교육통계,0233,직업별학생현황_방송통신대,2018,667,0,0
고등교육통계,0233,직업별학생현황_방송통신대,2019,700,0,0
고등교육통계,0233,직업별학생현황_방송통신대,2020,741,0,0
고등교육통계,0233,직업별학생현황_방송통신대,2021,781,0,0
고등교육통계,0233,직업별학생현황_방송통신대,2022,822,0,0
고등교육통계,0234,학과별외국인유학생현황,2010,20131,0,0
고등교육통계,0234,학과별외국인유학생현황,2011,21676,0,0
고등교육통계,0234,학과별외국인유학생현황,2012,22446,0,0
고등교육통계,0234,학과별외국인유학생현황,2013,22028,0,0
고등교육통계,0234,학과별외국인유학생현황,2014,24611,0,0
고등교육통계,0234,학과별외국인유학생현황,2015,19126,0,0
고등교육통계,0234,학과별외국인유학생현황,2016,15052,0,0
고등교육통계,0234,학과별외국인유학생현황,2017,15926,0,0
고등교육통계,0234,학과별외국인유학생현황,2018,16739,0,0
고등교육통계,0234,학과별외국인유학생현황,2019,22679,0,0
고등교육통계,0234,학과별외국인유학생현황,2020,23729,0,0
고등교육통계,0234,학과별외국인유학생현황,2021,23973,0,0
고등교육통계,0234,학과별외국인유학생현황,2022,24395,0,0
고등교육통계,0235,학과별외국인유학생현황_대학원,2010,11322,0,0
고등교육통계,0235,학과별외국인유학생현황_대학원,2011,13410,0,0
고등교육통계,0235,학과별외국인유학생현황_대학원,2012,14311,0,0
고등교육통계,0235,학과별외국인유학생현황_대학원,2013,14781,0,0
고등교육통계,0235,학과별외국인유학생현황_대학원,2014,13613,0,20
고등교육통계,0235,학과별외국인유학생현황_대학원,2015,10700,0,0
고등교육통계,0235,학과별외국인유학생현황_대학원,2016,7794,0,0
고등교육통계,0235,학과별외국인유학생현황_대학원,2017,7980,0,0
고등교육통계,0235,학과별외국인유학생현황_대학원,2018,8266,0,0
고등교육통계,0235,학과별외국인유학생현황_대학원,2019,8552,0,0
고등교육통계,0235,학과별외국인유학생현황_대학원,2020,8568,0,0
고등교육통계,0235,학과별외국인유학생현황_대학원,2021,8566,0,0
고등교육통계,0235,학과별외국인유학생현황_대학원,2022,8712,0,0
고등교육통계,0236,학교본분교현황,2009,1482,0,6
고등교육통계,0236,학교본분교현황,2010,1496,0,0
고등교육통계,0236,학교본분교현황,2011,1557,0,1
고등교육통계,0236,학교본분교현황,2012,1562,0,0
고등교육통계,0236,학교본분교현황,2013,1585,0,0
고등교육통계,0236,학교본분교현황,2014,1823,0,15
고등교육통계,0236,학교본분교현황,2015,1853,0,0
고등교육통계,0236,학교본분교현황,2016,1834,0,0
고등교육통계,0236,학교본분교현황,2017,1846,0,0
고등교육통계,0236,학교본분교현황,2018,1866,0,0
고등교육통계,0236,학교본분교현황,2019,1841,0,0
고등교육통계,0236,학교본분교현황,2020,1844,0,0
고등교육통계,0236,학교본분교현황,2021,1851,0,0
고등교육통계,0236,학교본분교현황,2022,1861,0,0
고등교육통계,0236,학교본분교현황,2023,1548,0,0
고등교육통계,0236,학교본분교현황,2024,1553,0,0
고등교육통계,0236,학교본분교현황,2025,1593,0,0
고등교육통계,0237,학교재적학생현황,2009,31356,0,0
고등교육통계,0237,학교재적학생현황,2010,34298,0,0
고등교육통계,0237,학교재적학생현황,2011,35320,0,0
고등교육통계,0237,학교재적학생현황,2012,37302,0,0
고등교육통계,0237,학교재적학생현황,2013,37677,0,0
고등교육통계,0237,학교재적학생현황,2014,33766,0,42
고등교육통계,0237,학교재적학생현황,2015,35640,0,0
고등교육통계,0237,학교재적학생현황,2016,28727,0,0
고등교육통계,0237,학교재적학생현황,2017,29337,0,0
고등교육통계,0237,학교재적학생현황,2018,28845,0,0
고등교육통계,0237,학교재적학생현황,2019,28798,0,0
고등교육통계,0237,학교재적학생현황,2020,28892,0,0
고등교육통계,0237,학교재적학생현황,2021,29505,0,0
고등교육통계,0237,학교재적학생현황,2022,30286,0,0
고등교육통계,0237,학교재적학생현황,2023,40793,0,0
고등교육통계,0237,학교재적학생현황,2024,41828,0,0
고등교육통계,0237,학교재적학생현황,2025,39295,0,0
고등교육통계,0238,학년별재적학생현황_공동운영,2010,3386,0,0
고등교육통계,0238,학년별재적학생현황_공동운영,2011,4564,0,0
고등교육통계,0238,학년별재적학생현황_공동운영,2012,4668,0,0
고등교육통계,0238,학년별재적학생현황_공동운영,2013,2088,0,0
고등교육통계,0239,학부편제정원및재학생현황_일반및산업대학,2009,1107,0,0
고등교육통계,0239,학부편제정원및재학생현황_일반및산업대학,2010,1155,0,0
고등교육통계,0239,학부편제정원및재학생현황_일반및산업대학,2011,1155,0,0
고등교육통계,0239,학부편제정원및재학생현황_일반및산업대학,2012,1185,0,0
고등교육통계,0239,학부편제정원및재학생현황_일반및산업대학,2013,1200,0,0
고등교육통계,0240,학생동태현황_제적사유별,2011,345056,0,0
고등교육통계,0240,학생동태현황_제적사유별,2012,350512,0,0
고등교육통계,0240,학생동태현황_제적사유별,2013,363552,0,0
고등교육통계,0240,학생동태현황_제적사유별,2014,1068696,0,0
고등교육통계,0240,학생동태현황_제적사유별,2015,4824252,0,0
고등교육통계,0240,학생동태현황_제적사유별,2016,1080468,0,0
고등교육통계,0240,학생동태현황_제적사유별,2017,1095930,0,0
고등교육통계,0240,학생동태현황_제적사유별,2018,1115802,0,0
고등교육통계,0240,학생동태현황_제적사유별,2019,1101456,0,0
고등교육통계,0240,학생동태현황_제적사유별,2020,1067922,0,0
고등교육통계,0240,학생동태현황_제적사유별,2021,1121472,0,0
고등교육통계,0240,학생동태현황_제적사유별,2022,1108152,0,0
고등교육통계,0241,학생동태현황_제적사유별_대학원,2011,613344,0,0
고등교육통계,0241,학생동태현황_제적사유별_대학원,2012,636096,0,0
고등교육통계,0241,학생동태현황_제적사유별_대학원,2013,661920,0,0
고등교육통계,0241,학생동태현황_제적사유별_대학원,2014,1458792,0,3240
고등교육통계,0241,학생동태현황_제적사유별_대학원,2015,1194642,0,0
고등교육통계,0241,학생동태현황_제적사유별_대학원,2016,177066,0,0
고등교육통계,0241,학생동태현황_제적사유별_대학원,2017,172116,0,0
고등교육통계,0241,학생동태현황_제적사유별_대학원,2018,174870,0,0
고등교육통계,0241,학생동태현황_제적사유별_대학원,2019,176922,0,0
고등교육통계,0241,학생동태현황_제적사유별_대학원,2020,166788,0,0
고등교육통계,0241,학생동태현황_제적사유별_대학원,2021,171900,0,0
고등교육통계,0241,학생동태현황_제적사유별_대학원,2022,171990,0,0
고등교육통계,0242,학생변동상황,2009,42502,0,0
고등교육통계,0242,학생변동상황,2010,43136,0,0
고등교육통계,0242,학생변동상황,2011,43666,0,0
고등교육통계,0242,학생변동상황,2012,43836,0,0
고등교육통계,0242,학생변동상황,2013,45424,0,0
고등교육통계,0242,학생변동상황,2014,29649,0,0
고등교육통계,0242,학생변동상황,2015,39267,0,0
고등교육통계,0242,학생변동상황,2016,32759,0,0
고등교육통계,0242,학생변동상황,2017,32683,0,0
고등교육통계,0242,학생변동상황,2018,33629,0,0
고등교육통계,0242,학생변동상황,2019,32819,0,0
고등교육통계,0242,학생변동상황,2020,32728,0,0
고등교육통계,0242,학생변동상황,2021,32505,0,0
고등교육통계,0242,학생변동상황,2022,32840,0,0
고등교육통계,0243,학생변동상황_대학원,2009,77820,0,12
고등교육통계,0243,학생변동상황_대학원,2010,79128,0,0
고등교육통계,0243,학생변동상황_대학원,2011,80640,0,0
고등교육통계,0243,학생변동상황_대학원,2012,82308,0,0
고등교육통계,0243,학생변동상황_대학원,2013,86820,0,0
고등교육통계,0243,학생변동상황_대학원,2014,129126,0,156
고등교육통계,0243,학생변동상황_대학원,2015,92247,0,0
고등교육통계,0243,학생변동상황_대학원,2016,19467,0,0
고등교육통계,0243,학생변동상황_대학원,2017,19687,0,0
고등교육통계,0243,학생변동상황_대학원,2018,19468,0,0
고등교육통계,0243,학생변동상황_대학원,2019,19871,0,0
고등교육통계,0243,학생변동상황_대학원,2020,19733,0,0
고등교육통계,0243,학생변동상황_대학원,2021,21189,0,0
고등교육통계,0243,학생변동상황_대학원,2022,20550,0,0
고등교육통계,0244,학생제적현황_제적사유별,2014,195840,0,0
고등교육통계,0244,학생제적현황_제적사유별,2015,286328,0,0
고등교육통계,0244,학생제적현황_제적사유별,2016,199024,0,0
고등교육통계,0244,학생제적현황_제적사유별,2017,200848,0,0
고등교육통계,0244,학생제적현황_제적사유별,2018,208560,0,0
고등교육통계,0244,학생제적현황_제적사유별,2019,205504,0,0
고등교육통계,0244,학생제적현황_제적사유별,2020,206304,0,0
고등교육통계,0244,학생제적현황_제적사유별,2021,204376,0,0
고등교육통계,0244,학생제적현황_제적사유별,2022,206832,0,0
고등교육통계,0244,학생제적현황_제적사유별,2023,67926,0,0
고등교육통계,0244,학생제적현황_제적사유별,2024,68416,0,0
고등교육통계,0244,학생제적현황_제적사유별,2025,32146,0,0
고등교육통계,0245,학생제적현황_제적사유별_대학원,2014,74736,0,0
고등교육통계,0245,학생제적현황_제적사유별_대학원,2015,318728,0,0
고등교육통계,0245,학생제적현황_제적사유별_대학원,2016,76336,0,0
고등교육통계,0245,학생제적현황_제적사유별_대학원,2017,77536,0,0
고등교육통계,0245,학생제적현황_제적사유별_대학원,2018,77264,0,0
고등교육통계,0245,학생제적현황_제적사유별_대학원,2019,78592,0,0
고등교육통계,0245,학생제적현황_제적사유별_대학원,2020,77688,0,0
고등교육통계,0245,학생제적현황_제적사유별_대학원,2021,75520,0,0
고등교육통계,0245,학생제적현황_제적사유별_대학원,2022,76344,0,0
고등교육통계,0245,학생제적현황_제적사유별_대학원,2023,20298,0,0
고등교육통계,0245,학생제적현황_제적사유별_대학원,2024,20244,0,8
고등교육통계,0245,학생제적현황_제적사유별_대학원,2025,12106,0,0
고등교육통계,0246,학생편제정원현황_대학원,2009,5667,0,0
고등교육통계,0246,학생편제정원현황_대학원,2010,6085,0,0
고등교육통계,0246,학생편제정원현황_대학원,2011,6405,0,0
고등교육통계,0246,학생편제정원현황_대학원,2012,6760,0,0
고등교육통계,0246,학생편제정원현황_대학원,2013,6885,0,0
고등교육통계,0246,학생편제정원현황_대학원,2014,34256,0,368
고등교육통계,0246,학생편제정원현황_대학원,2015,26655,0,0
고등교육통계,0246,학생편제정원현황_대학원,2016,10285,0,0
고등교육통계,0246,학생편제정원현황_대학원,2017,10494,0,0
고등교육통계,0246,학생편제정원현황_대학원,2018,13284,0,0
고등교육통계,0246,학생편제정원현황_대학원,2019,8175,0,0
고등교육통계,0246,학생편제정원현황_대학원,2020,10810,0,0
고등교육통계,0246,학생편제정원현황_대학원,2021,12426,0,0
고등교육통계,0246,학생편제정원현황_대학원,2022,12897,0,0
고등교육통계,0246,학생편제정원현황_대학원,2023,103607,0,0
고등교육통계,0246,학생편제정원현황_대학원,2024,120120,0,320
고등교육통계,0246,학생편제정원현황_대학원,2025,19256,0,48
고등교육통계,0247,산학협동과정입학정원현황_대학원,2009,546,0,0
고등교육통계,0247,산학협동과정입학정원현황_대학원,2010,308,0,0
고등교육통계,0247,산학협동과정입학정원현황_대학원,2011,439,0,0
고등교육통계,0247,산학협동과정입학정원현황_대학원,2012,491,0,0
고등교육통계,0247,산학협동과정입학정원현황_대학원,2013,497,0,0
고등교육통계,0247,산학협동과정입학정원현황_대학원,2014,693,0,0
고등교육통계,0247,산학협동과정입학정원현황_대학원,2015,1232,0,0
고등교육통계,0247,산학협동과정입학정원현황_대학원,2016,1282,0,0
고등교육통계,0247,산학협동과정입학정원현황_대학원,2017,1398,0,0
고등교육통계,0247,산학협동과정입학정원현황_대학원,2018,1554,0,0
고등교육통계,0247,산학협동과정입학정원현황_대학원,2019,1502,0,0
고등교육통계,0247,산학협동과정입학정원현황_대학원,2020,1590,0,0
고등교육통계,0247,산학협동과정입학정원현황_대학원,2021,1684,0,0
고등교육통계,0247,산학협동과정입학정원현황_대학원,2022,1726,0,0
고등교육통계,0247,산학협동과정입학정원현황_대학원,2023,1980,0,0
고등교육통계,0247,산학협동과정입학정원현황_대학원,2024,586,0,0
고등교육통계,0247,산학협동과정입학정원현황_대학원,2025,594,0,0
고등교육통계,0248,학위취득및취득후상황_대학원,2009,76524,0,0
고등교육통계,0248,학위취득및취득후상황_대학원,2010,77946,0,0
고등교육통계,0248,학위취득및취득후상황_대학원,2011,80496,0,0
고등교육통계,0248,학위취득및취득후상황_대학원,2012,86010,0,0
고등교육통계,0248,학위취득및취득후상황_대학원,2013,88698,0,0
고등교육통계,0248,학위취득및취득후상황_대학원,2014,67719,0,138
고등교육통계,0248,학위취득및취득후상황_대학원,2015,54432,0,0
고등교육통계,0248,학위취득및취득후상황_대학원,2016,18632,0,0
고등교육통계,0248,학위취득및취득후상황_대학원,2017,18864,0,0
고등교육통계,0248,학위취득및취득후상황_대학원,2018,19881,0,0
고등교육통계,0248,학위취득및취득후상황_대학원,2019,19147,0,0
고등교육통계,0248,학위취득및취득후상황_대학원,2020,19416,0,0
고등교육통계,0248,학위취득및취득후상황_대학원,2021,19367,0,0
고등교육통계,0248,학위취득및취득후상황_대학원,2022,19801,0,0
고등교육통계,0249,학위취득상황_대학원_공동운영,2010,82020,0,0
고등교육통계,0249,학위취득상황_대학원_공동운영,2011,160056,0,0
고등교육통계,0249,학위취득상황_대학원_공동운영,2012,169944,0,0
고등교육통계,0249,학위취득상황_대학원_공동운영,2013,177492,0,0
고등교육통계,0249,학위취득상황_대학원_공동운영,2014,312,0,0
고등교육통계,0249,학위취득상황_대학원_공동운영,2015,10878,0,0
고등교육통계,0249,학위취득상황_대학원_공동운영,2016,660,0,0
고등교육통계,0249,학위취득상황_대학원_공동운영,2017,612,0,0
고등교육통계,0249,학위취득상황_대학원_공동운영,2018,678,0,0
고등교육통계,0249,학위취득상황_대학원_공동운영,2019,666,0,0
고등교육통계,0249,학위취득상황_대학원_공동운영,2020,600,0,0
고등교육통계,0249,학위취득상황_대학원_공동운영,2021,408,0,0
고등교육통계,0249,학위취득상황_대학원_공동운영,2022,462,0,0
고등교육통계,0249,학위취득상황_대학원_공동운영,2023,792,0,0
고등교육통계,0249,학위취득상황_대학원_공동운영,2024,652,0,0
고등교육통계,0249,학위취득상황_대학원_공동운영,2025,348,0,0
고등교육통계,0301,총원장및전임교원현황,2009,78871,0,0
고등교육통계,0301,총원장및전임교원현황,2010,83564,0,0
고등교육통계,0301,총원장및전임교원현황,2011,86220,0,0
고등교육통계,0301,총원장및전임교원현황,2012,87633,0,0
고등교육통계,0301,총원장및전임교원현황,2013,89750,0,0
고등교육통계,0301,총원장및전임교원현황,2014,91235,0,0
고등교육통계,0301,총원장및전임교원현황,2015,93257,0,0
고등교육통계,0301,총원장및전임교원현황,2016,93221,0,0
고등교육통계,0301,총원장및전임교원현황,2017,93772,0,0
고등교육통계,0301,총원장및전임교원현황,2018,93559,0,0
고등교육통계,0301,총원장및전임교원현황,2019,92578,0,0
고등교육통계,0301,총원장및전임교원현황,2020,92900,0,0
고등교육통계,0301,총원장및전임교원현황,2021,93648,0,0
고등교육통계,0301,총원장및전임교원현황,2022,92708,0,0
고등교육통계,0301,총원장및전임교원현황,2023,93465,0,0
고등교육통계,0301,총원장및전임교원현황,2024,92585,0,0
고등교육통계,0301,총원장및전임교원현황,2025,92110,0,0
고등교육통계,0302,겸임및초빙교원현황,2009,25357,0,0
고등교육통계,0302,겸임및초빙교원현황,2010,25754,0,0
고등교육통계,0302,겸임및초빙교원현황,2011,26378,0,0
고등교육통계,0302,겸임및초빙교원현황,2012,26051,0,0
고등교육통계,0302,겸임및초빙교원현황,2013,27925,0,0
고등교육통계,0302,겸임및초빙교원현황,2014,27227,0,0
고등교육통계,0302,겸임및초빙교원현황,2015,25338,0,0
고등교육통계,0302,겸임및초빙교원현황,2016,26222,0,0
고등교육통계,0302,겸임및초빙교원현황,2017,26148,0,0
고등교육통계,0302,겸임및초빙교원현황,2018,26421,0,0
고등교육통계,0302,겸임및초빙교원현황,2019,31252,0,0
고등교육통계,0302,겸임및초빙교원현황,2020,32045,0,0
고등교육통계,0302,겸임및초빙교원현황,2021,31212,0,0
고등교육통계,0302,겸임및초빙교원현황,2022,31812,0,0
고등교육통계,0302,겸임및초빙교원현황,2023,41437,0,0
고등교육통계,0302,겸임및초빙교원현황,2024,42810,0,0
고등교육통계,0302,겸임및초빙교원현황,2025,43859,0,0
고등교육통계,0303,기타교원현황,2009,15618,0,0
고등교육통계,0303,기타교원현황,2010,17417,0,0
고등교육통계,0303,기타교원현황,2011,17460,0,0
고등교육통계,0303,기타교원현황,2012,19845,0,0
고등교육통계,0303,기타교원현황,2013,21576,0,0
고등교육통계,0303,기타교원현황,2014,22311,0,0
고등교육통계,0303,기타교원현황,2015,24689,0,0
고등교육통계,0303,기타교원현황,2016,28185,0,0
고등교육통계,0303,기타교원현황,2017,30459,0,0
고등교육통계,0303,기타교원현황,2018,33299,0,0
고등교육통계,0303,기타교원현황,2019,36910,0,0
고등교육통계,0303,기타교원현황,2020,38478,0,0
고등교육통계,0303,기타교원현황,2021,40092,0,0
고등교육통계,0303,기타교원현황,2022,42963,0,0
고등교육통계,0304,재직교원정현원현황,2014,6466,0,0
고등교육통계,0304,재직교원정현원현황,2015,7855,0,0
고등교육통계,0304,재직교원정현원현황,2016,11487,0,0
고등교육통계,0304,재직교원정현원현황,2017,11185,0,0
고등교육통계,0304,재직교원정현원현황,2018,11871,0,0
고등교육통계,0304,재직교원정현원현황,2019,11754,0,0
고등교육통계,0304,재직교원정현원현황,2020,11869,0,0
고등교육통계,0304,재직교원정현원현황,2021,12032,0,0
고등교육통계,0304,재직교원정현원현황,2022,12117,0,0
고등교육통계,0305,직원현황_교직원,2009,51909,0,0
고등교육통계,0305,직원현황_교직원,2010,26988,0,0
고등교육통계,0305,직원현황_교직원,2011,26091,0,0
고등교육통계,0305,직원현황_교직원,2012,26247,0,0
고등교육통계,0305,직원현황_교직원,2013,26052,0,0
고등교육통계,0305,직원현황_교직원,2014,6412,0,0
고등교육통계,0305,직원현황_교직원,2015,32512,0,0
고등교육통계,0305,직원현황_교직원,2016,55479,0,0
고등교육통계,0305,직원현황_교직원,2017,60669,0,0
고등교육통계,0305,직원현황_교직원,2018,71700,0,0
고등교육통계,0305,직원현황_교직원,2019,76492,0,0
고등교육통계,0305,직원현황_교직원,2020,18526,0,0
고등교육통계,0305,직원현황_교직원,2021,19175,0,0
고등교육통계,0305,직원현황_교직원,2022,18869,0,0
고등교육통계,0305,직원현황_교직원,2023,74480,0,0
고등교육통계,0306,시간강사인원현황,2009,1511,0,0
고등교육통계,0306,시간강사인원현황,2010,1151,0,0
고등교육통계,0306,시간강사인원현황,2011,1202,0,0
고등교육통계,0306,시간강사인원현황,2012,1270,0,0
고등교육통계,0306,시간강사인원현황,2013,1239,0,0
고등교육통계,0306,시간강사인원현황,2014,2212,0,0
고등교육통계,0306,시간강사인원현황,2015,2255,0,0
고등교육통계,0306,시간강사인원현황,2016,2184,0,0
고등교육통계,0306,시간강사인원현황,2017,2222,0,0
고등교육통계,0306,시간강사인원현황,2018,4228,0,0
고등교육통계,0306,시간강사인원현황,2019,3879,0,0
고등교육통계,0306,시간강사인원현황,2020,33,0,0
고등교육통계,0306,시간강사인원현황,2021,28,0,0
고등교육통계,0306,시간강사인원현황,2022,3,0,0
고등교육통계,0307,전임교원출신현황,2009,1138,0,0
고등교육통계,0307,전임교원출신현황,2010,561,0,0
고등교육통계,0307,전임교원출신현황,2011,582,0,0
고등교육통계,0307,전임교원출신현황,2012,617,0,0
고등교육통계,0307,전임교원출신현황,2013,649,0,0
고등교육통계,0307,전임교원출신현황,2014,46520,0,0
고등교육통계,0307,전임교원출신현황,2015,47960,0,0
고등교육통계,0307,전임교원출신현황,2016,49441,0,0
고등교육통계,0307,전임교원출신현황,2017,49673,0,0
고등교육통계,0307,전임교원출신현황,2018,49704,0,0
고등교육통계,0307,전임교원출신현황,2019,49373,0,0
고등교육통계,0307,전임교원출신현황,2020,49943,0,0
고등교육통계,0307,전임교원출신현황,2021,50787,0,0
고등교육통계,0307,전임교원출신현황,2022,50434,0,0
고등교육통계,0307,전임교원출신현황,2023,47482,0,0
고등교육통계,0307,전임교원출신현황,2024,47524,0,0
고등교육통계,0307,전임교원출신현황,2025,38029,0,0
고등교육통계,0308,외국인전임교원현황_전공계열별,2009,61104,0,0
고등교육통계,0308,외국인전임교원현황_전공계열별,2010,40992,0,0
고등교육통계,0308,외국인전임교원현황_전공계열별,2011,40848,0,0
고등교육통계,0308,외국인전임교원현황_전공계열별,2012,42144,0,0
고등교육통계,0308,외국인전임교원현황_전공계열별,2013,42912,0,0
고등교육통계,0309,외국인전임교원현황_국가별,2009,55368,0,0
고등교육통계,0309,외국인전임교원현황_국가별,2010,37512,0,0
고등교육통계,0309,외국인전임교원현황_국가별,2011,29736,0,0
고등교육통계,0309,외국인전임교원현황_국가별,2012,30240,0,0
고등교육통계,0309,외국인전임교원현황_국가별,2013,30888,0,0
고등교육통계,0310,외국인비전임교원현황_전공계열별,2009,148920,0,0
고등교육통계,0310,외국인비전임교원현황_전공계열별,2010,112320,0,0
고등교육통계,0310,외국인비전임교원현황_전공계열별,2011,116160,0,0
고등교육통계,0310,외국인비전임교원현황_전공계열별,2012,212040,0,480
고등교육통계,0310,외국인비전임교원현황_전공계열별,2013,123120,0,0
고등교육통계,0311,외국인비전임교원현황_국가별,2009,248800,0,0
고등교육통계,0311,외국인비전임교원현황_국가별,2010,104800,0,0
고등교육통계,0311,외국인비전임교원현황_국가별,2011,183400,0,0
고등교육통계,0311,외국인비전임교원현황_국가별,2012,355200,0,2600
고등교육통계,0311,외국인비전임교원현황_국가별,2013,191600,0,0
고등교육통계,0312,교원주당수업시수현황_과목및시간,2009,15000,0,0
고등교육통계,0312,교원주당수업시수현황_과목및시간,2010,15600,0,0
고등교육통계,0312,교원주당수업시수현황_과목및시간,2011,16450,0,0
고등교육통계,0312,교원주당수업시수현황_과목및시간,2012,18040,0,40
고등교육통계,0312,교원주당수업시수현황_과목및시간,2013,17640,0,0
고등교육통계,0312,교원주당수업시수현황_과목및시간,2014,135520,0,720
고등교육통계,0312,교원주당수업시수현황_과목및시간,2015,137168,0,0
고등교육통계,0312,교원주당수업시수현황_과목및시간,2016,125099,0,0
고등교육통계,0312,교원주당수업시수현황_과목및시간,2017,20493,0,0
고등교육통계,0312,교원주당수업시수현황_과목및시간,2018,21109,0,0
고등교육통계,0312,교원주당수업시수현황_과목및시간,2019,18131,0,0
고등교육통계,0312,교원주당수업시수현황_과목및시간,2020,21263,0,0
고등교육통계,0312,교원주당수업시수현황_과목및시간,2021,21220,0,0
고등교육통계,0312,교원주당수업시수현황_과목및시간,2022,21432,0,0
고등교육통계,0313,교원주당수업시수현황_인원,2009,12000,0,0
고등교육통계,0313,교원주당수업시수현황_인원,2010,12480,0,0
고등교육통계,0313,교원주당수업시수현황_인원,2011,13160,0,0
고등교육통계,0313,교원주당수업시수현황_인원,2012,14432,0,32
고등교육통계,0313,교원주당수업시수현황_인원,2013,14112,0,0
고등교육통계,0313,교원주당수업시수현황_인원,2014,27104,0,144
고등교육통계,0313,교원주당수업시수현황_인원,2015,27520,0,0
고등교육통계,0313,교원주당수업시수현황_인원,2016,26176,0,0
고등교육통계,0313,교원주당수업시수현황_인원,2017,9797,0,0
고등교육통계,0313,교원주당수업시수현황_인원,2018,10021,0,0
고등교육통계,0313,교원주당수업시수현황_인원,2019,8553,0,0
고등교육통계,0313,교원주당수업시수현황_인원,2020,10190,0,0
고등교육통계,0313,교원주당수업시수현황_인원,2021,10201,0,0
고등교육통계,0313,교원주당수업시수현황_인원,2022,10196,0,0
고등교육통계,0314,교원급여및수업시수현황,2009,1435,0,0
고등교육통계,0314,교원급여및수업시수현황,2010,1179,0,0
고등교육통계,0314,교원급여및수업시수현황,2011,1242,0,0
고등교육통계,0314,교원급여및수업시수현황,2012,1290,0,0
고등교육통계,0314,교원급여및수업시수현황,2013,1306,0,0
고등교육통계,0315,교원현황_대학원대학,2014,24,0,0
고등교육통계,0315,교원현황_대학원대학,2015,25,0,0
고등교육통계,0315,교원현황_대학원대학,2016,32,0,0
고등교육통계,0315,교원현황_대학원대학,2017,51,0,0
고등교육통계,0315,교원현황_대학원대학,2018,53,0,0
고등교육통계,0315,교원현황_대학원대학,2019,52,0,0
고등교육통계,0315,교원현황_대학원대학,2020,225,0,0
고등교육통계,0315,교원현황_대학원대학,2021,225,0,0
고등교육통계,0315,교원현황_대학원대학,2022,225,0,0
고등교육통계,0316,교원현황_일반대학,2014,603,0,0
고등교육통계,0316,교원현황_일반대학,2015,581,0,0
고등교육통계,0316,교원현황_일반대학,2016,618,0,0
고등교육통계,0316,교원현황_일반대학,2017,606,0,0
고등교육통계,0316,교원현황_일반대학,2018,619,0,0
고등교육통계,0316,교원현황_일반대학,2019,612,0,0
고등교육통계,0316,교원현황_일반대학,2020,846,0,0
고등교육통계,0316,교원현황_일반대학,2021,1095,0,0
고등교육통계,0316,교원현황_일반대학,2022,1100,0,0
고등교육통계,0317,교원현황_산업대학,2014,6,0,0
고등교육통계,0317,교원현황_산업대학,2015,7,0,0
고등교육통계,0317,교원현황_산업대학,2016,7,0,0
고등교육통계,0317,교원현황_산업대학,2020,35,0,0
고등교육통계,0317,교원현황_산업대학,2021,30,0,0
고등교육통계,0317,교원현황_산업대학,2022,25,0,0
고등교육통계,0318,교원현황_전문대_위탁생미포함,2009,500,0,0
고등교육통계,0318,교원현황_전문대_위탁생미포함,2010,599,0,0
고등교육통계,0318,교원현황_전문대_위탁생미포함,2011,635,0,0
고등교육통계,0318,교원현황_전문대_위탁생미포함,2012,547,0,0
고등교육통계,0318,교원현황_전문대_위탁생미포함,2013,548,0,0
고등교육통계,0318,교원현황_전문대_위탁생미포함,2014,708,0,0
고등교육통계,0318,교원현황_전문대_위탁생미포함,2015,676,0,0
고등교육통계,0318,교원현황_전문대_위탁생미포함,2016,11,0,0
고등교육통계,0319,교원현황_전문대_위탁생포함,2009,509,0,0
고등교육통계,0319,교원현황_전문대_위탁생포함,2010,639,0,0
고등교육통계,0319,교원현황_전문대_위탁생포함,2011,665,0,0
고등교육통계,0319,교원현황_전문대_위탁생포함,2012,559,0,0
고등교육통계,0319,교원현황_전문대_위탁생포함,2013,571,0,0
고등교육통계,0319,교원현황_전문대_위탁생포함,2014,708,0,0
고등교육통계,0319,교원현황_전문대_위탁생포함,2015,677,0,0
고등교육통계,0319,교원현황_전문대_위탁생포함,2016,497,0,0
고등교육통계,0319,교원현황_전문대_위탁생포함,2017,487,0,0
고등교육통계,0319,교원현황_전문대_위탁생포함,2018,477,0,0
고등교육통계,0319,교원현황_전문대_위탁생포함,2019,503,0,0
고등교육통계,0319,교원현황_전문대_위탁생포함,2020,491,0,0
고등교육통계,0319,교원현황_전문대_위탁생포함,2021,487,0,0
고등교육통계,0319,교원현황_전문대_위탁생포함,2022,483,0,0
고등교육통계,0319,교원현황_전문대_위탁생포함,2023,825,0,0
고등교육통계,0319,교원현황_전문대_위탁생포함,2024,855,0,0
고등교육통계,0320,교원현황_전문대_학과별,2009,3759,0,0
고등교육통계,0320,교원현황_전문대_학과별,2010,4015,0,0
고등교육통계,0320,교원현황_전문대_학과별,2011,4005,0,0
고등교육통계,0320,교원현황_전문대_학과별,2012,2338,0,0
고등교육통계,0320,교원현황_전문대_학과별,2013,5363,0,0
고등교육통계,0320,교원현황_전문대_학과별,2014,3522,0,0
고등교육통계,0320,교원현황_전문대_학과별,2015,5582,0,0
고등교육통계,0320,교원현황_전문대_학과별,2016,3717,0,0
고등교육통계,0320,교원현황_전문대_학과별,2017,4455,0,0
고등교육통계,0320,교원현황_전문대_학과별,2018,4343,0,0
고등교육통계,0320,교원현황_전문대_학과별,2019,3929,0,0
고등교육통계,0320,교원현황_전문대_학과별,2020,4627,0,0
고등교육통계,0320,교원현황_전문대_학과별,2021,6770,0,0
고등교육통계,0320,교원현황_전문대_학과별,2022,7206,0,0
고등교육통계,0321,교수교육훈련현황,2009,216,0,0
고등교육통계,0321,교수교육훈련현황,2010,206,0,0
고등교육통계,0321,교수교육훈련현황,2011,207,0,0
고등교육통계,0321,교수교육훈련현황,2012,208,0,0
고등교육통계,0321,교수교육훈련현황,2013,206,0,0
고등교육통계,0321,교수교육훈련현황,2014,432,0,0
고등교육통계,0321,교수교육훈련현황,2015,482,0,0
고등교육통계,0321,교수교육훈련현황,2016,882,0,0
고등교육통계,0321,교수교육훈련현황,2017,874,0,0
고등교육통계,0321,교수교육훈련현황,2018,872,0,0
고등교육통계,0321,교수교육훈련현황,2019,876,0,0
고등교육통계,0321,교수교육훈련현황,2020,862,0,0
고등교육통계,0321,교수교육훈련현황,2021,860,0,0
고등교육통계,0321,교수교육훈련현황,2022,864,0,0
고등교육통계,0322,교원자격증발급현황,2015,499,0,0
고등교육통계,0322,교원자격증발급현황,2016,464,0,0
고등교육통계,0322,교원자격증발급현황,2017,426,0,0
고등교육통계,0322,교원자격증발급현황,2018,421,0,0
고등교육통계,0322,교원자격증발급현황,2019,411,0,0
고등교육통계,0322,교원자격증발급현황,2020,409,0,0
고등교육통계,0322,교원자격증발급현황,2021,405,0,0
고등교육통계,0322,교원자격증발급현황,2022,407,0,0
고등교육통계,0322,교원자격증발급현황,2023,404,0,0
고등교육통계,0322,교원자격증발급현황,2024,405,0,0
고등교육통계,0322,교원자격증발급현황,2025,404,0,0
고등교육통계,0323,국립대학배정정원및채용현황,2009,65,0,0
고등교육통계,0323,국립대학배정정원및채용현황,2010,74,0,0
고등교육통계,0323,국립대학배정정원및채용현황,2011,119,0,0
고등교육통계,0323,국립대학배정정원및채용현황,2012,199,0,0
고등교육통계,0323,국립대학배정정원및채용현황,2013,213,0,0
고등교육통계,0323,국립대학배정정원및채용현황,2014,38,0,0
고등교육통계,0323,국립대학배정정원및채용현황,2015,40,0,0
고등교육통계,0323,국립대학배정정원및채용현황,2016,75,0,0
고등교육통계,0323,국립대학배정정원및채용현황,2017,211,0,0
고등교육통계,0323,국립대학배정정원및채용현황,2018,258,0,0
고등교육통계,0323,국립대학배정정원및채용현황,2019,43,0,0
고등교육통계,0323,국립대학배정정원및채용현황,2020,41,0,0
고등교육통계,0323,국립대학배정정원및채용현황,2021,40,0,0
고등교육통계,0323,국립대학배정정원및채용현황,2022,40,0,0
고등교육통계,0324,직원연수및교육훈련실적_교원제외,2009,212,0,0
고등교육통계,0324,직원연수및교육훈련실적_교원제외,2010,212,0,0
고등교육통계,0324,직원연수및교육훈련실적_교원제외,2011,212,0,0
고등교육통계,0324,직원연수및교육훈련실적_교원제외,2012,218,0,0
고등교육통계,0324,직원연수및교육훈련실적_교원제외,2013,208,0,0
고등교육통계,0325,전임교원재임용현황,2009,126,0,0
고등교육통계,0325,전임교원재임용현황,2010,152,0,0
고등교육통계,0325,전임교원재임용현황,2011,146,0,0
고등교육통계,0325,전임교원재임용현황,2012,157,0,0
고등교육통계,0326,전임교원승진현황,2009,121,0,0
고등교육통계,0326,전임교원승진현황,2010,154,0,0
고등교육통계,0326,전임교원승진현황,2011,144,0,0
고등교육통계,0326,전임교원승진현황,2012,146,0,0
고등교육통계,0327,교직원연수현황,2009,2145,0,0
고등교육통계,0327,교직원연수현황,2010,2640,0,0
고등교육통계,0327,교직원연수현황,2011,2580,0,0
고등교육통계,0327,교직원연수현황,2012,2580,0,0
고등교육통계,0327,교직원연수현황,2013,2550,0,0
고등교육통계,0327,교직원연수현황,2014,1148,0,0
고등교육통계,0327,교직원연수현황,2015,2550,0,0
고등교육통계,0328,전임교원임면현황,2009,4350,0,0
고등교육통계,0328,전임교원임면현황,2010,5130,0,0
고등교육통계,0328,전임교원임면현황,2011,5310,0,0
고등교육통계,0328,전임교원임면현황,2012,5130,0,0
고등교육통계,0401,개설교과현황,2009,2661,0,0
고등교육통계,0401,개설교과현황,2010,5400,0,0
고등교육통계,0401,개설교과현황,2011,5430,0,0
고등교육통계,0401,개설교과현황,2012,5370,0,0
고등교육통계,0401,개설교과현황,2013,5400,0,0
고등교육통계,0401,개설교과현황,2014,7400,0,0
고등교육통계,0401,개설교과현황,2015,7368,0,0
고등교육통계,0401,개설교과현황,2016,7209,0,0
고등교육통계,0401,개설교과현황,2017,8184,0,0
고등교육통계,0401,개설교과현황,2018,8140,0,0
고등교육통계,0401,개설교과현황,2019,8052,0,0
고등교육통계,0401,개설교과현황,2020,7964,0,0
고등교육통계,0401,개설교과현황,2021,7916,0,0
고등교육통계,0401,개설교과현황,2022,7952,0,0
고등교육통계,0402,교양강좌개설및수강현황,2009,5232,0,0
고등교육통계,0402,교양강좌개설및수강현황,2010,4530,0,0
고등교육통계,0402,교양강좌개설및수강현황,2011,4536,0,0
고등교육통계,0402,교양강좌개설및수강현황,2012,4800,0,0
고등교육통계,0402,교양강좌개설및수강현황,2013,4758,0,0
고등교육통계,0402,교양강좌개설및수강현황,2014,8142,0,12
고등교육통계,0402,교양강좌개설및수강현황,2015,8826,0,0
고등교육통계,0402,교양강좌개설및수강현황,2016,12230,0,0
고등교육통계,0402,교양강좌개설및수강현황,2017,3052,0,0
고등교육통계,0402,교양강좌개설및수강현황,2018,3134,0,0
고등교육통계,0402,교양강좌개설및수강현황,2019,3154,0,0
고등교육통계,0402,교양강좌개설및수강현황,2020,3148,0,0
고등교육통계,0402,교양강좌개설및수강현황,2021,3303,0,0
고등교육통계,0402,교양강좌개설및수강현황,2022,3306,0,0
고등교육통계,0402,교양강좌개설및수강현황,2023,2632,0,0
고등교육통계,0402,교양강좌개설및수강현황,2024,2300,0,0
고등교육통계,0402,교양강좌개설및수강현황,2025,1792,0,0
고등교육통계,0403,대학전공강좌개설및수강현황,2009,15768,0,0
고등교육통계,0403,대학전공강좌개설및수강현황,2010,22320,0,0
고등교육통계,0403,대학전공강좌개설및수강현황,2011,22320,0,0
고등교육통계,0403,대학전공강좌개설및수강현황,2012,22500,0,0
고등교육통계,0403,대학전공강좌개설및수강현황,2013,22320,0,0
고등교육통계,0403,대학전공강좌개설및수강현황,2014,130590,0,0
고등교육통계,0403,대학전공강좌개설및수강현황,2015,137070,0,0
고등교육통계,0403,대학전공강좌개설및수강현황,2016,128627,0,0
고등교육통계,0403,대학전공강좌개설및수강현황,2017,21908,0,0
고등교육통계,0403,대학전공강좌개설및수강현황,2018,22409,0,0
고등교육통계,0403,대학전공강좌개설및수강현황,2019,22683,0,0
고등교육통계,0403,대학전공강좌개설및수강현황,2020,20960,0,0
고등교육통계,0403,대학전공강좌개설및수강현황,2021,20048,0,0
고등교육통계,0403,대학전공강좌개설및수강현황,2022,20370,0,0
고등교육통계,0403,대학전공강좌개설및수강현황,2023,20640,0,0
고등교육통계,0403,대학전공강좌개설및수강현황,2024,22305,0,0
고등교육통계,0403,대학전공강좌개설및수강현황,2025,3494,0,0
고등교육통계,0404,사이버강좌개설및수강현황,2009,508,0,0
고등교육통계,0404,사이버강좌개설및수강현황,2010,362,0,0
고등교육통계,0404,사이버강좌개설및수강현황,2011,364,0,0
고등교육통계,0404,사이버강좌개설및수강현황,2012,356,0,0
고등교육통계,0404,사이버강좌개설및수강현황,2013,338,0,0
고등교육통계,0404,사이버강좌개설및수강현황,2014,500,0,0
고등교육통계,0404,사이버강좌개설및수강현황,2015,564,0,0
고등교육통계,0404,사이버강좌개설및수강현황,2016,790,0,0
고등교육통계,0404,사이버강좌개설및수강현황,2017,317,0,0
고등교육통계,0404,사이버강좌개설및수강현황,2018,340,0,0
고등교육통계,0404,사이버강좌개설및수강현황,2019,356,0,0
고등교육통계,0404,사이버강좌개설및수강현황,2020,454,0,0
고등교육통계,0404,사이버강좌개설및수강현황,2021,731,0,0
고등교육통계,0404,사이버강좌개설및수강현황,2022,681,0,0
고등교육통계,0404,사이버강좌개설및수강현황,2023,690,0,0
고등교육통계,0404,사이버강좌개설및수강현황,2024,707,0,0
고등교육통계,0404,사이버강좌개설및수강현황,2025,727,0,0
고등교육통계,0405,사이버강좌개설및수강현황_전문대학,2009,111,0,0
고등교육통계,0405,사이버강좌개설및수강현황_전문대학,2010,75,0,0
고등교육통계,0405,사이버강좌개설및수강현황_전문대학,2011,78,0,0
고등교육통계,0405,사이버강좌개설및수강현황_전문대학,2012,71,0,0
고등교육통계,0405,사이버강좌개설및수강현황_전문대학,2013,72,0,0
고등교육통계,0405,사이버강좌개설및수강현황_전문대학,2014,210,0,0
고등교육통계,0405,사이버강좌개설및수강현황_전문대학,2015,216,0,0
고등교육통계,0405,사이버강좌개설및수강현황_전문대학,2016,360,0,0
고등교육통계,0405,사이버강좌개설및수강현황_전문대학,2017,370,0,0
고등교육통계,0405,사이버강좌개설및수강현황_전문대학,2018,366,0,0
고등교육통계,0405,사이버강좌개설및수강현황_전문대학,2019,366,0,0
고등교육통계,0405,사이버강좌개설및수강현황_전문대학,2020,360,0,0
고등교육통계,0405,사이버강좌개설및수강현황_전문대학,2021,360,0,0
고등교육통계,0405,사이버강좌개설및수강현황_전문대학,2022,364,0,0
고등교육통계,0405,사이버강좌개설및수강현황_전문대학,2023,258,0,0
고등교육통계,0405,사이버강좌개설및수강현황_전문대학,2024,264,0,0
고등교육통계,0405,사이버강좌개설및수강현황_전문대학,2025,125,0,0
고등교육통계,0406,산학연교류현황,2009,760,0,0
고등교육통계,0406,산학연교류현황,2010,732,0,0
고등교육통계,0406,산학연교류현황,2011,736,0,0
고등교육통계,0406,산학연교류현황,2012,752,0,0
고등교육통계,0406,산학연교류현황,2013,736,0,0
고등교육통계,0406,산학연교류현황,2014,792,0,0
고등교육통계,0407,학점교류현황,2009,1762,0,0
고등교육통계,0407,학점교류현황,2010,1983,0,0
고등교육통계,0407,학점교류현황,2011,2330,0,0
고등교육통계,0407,학점교류현황,2012,2541,0,0
고등교육통계,0407,학점교류현황,2013,2779,0,0
고등교육통계,0407,학점교류현황,2014,2949,0,0
고등교육통계,0407,학점교류현황,2015,3063,0,0
고등교육통계,0407,학점교류현황,2016,479,0,0
고등교육통계,0407,학점교류현황,2017,462,0,0
고등교육통계,0407,학점교류현황,2018,3354,0,0
고등교육통계,0407,학점교류현황,2019,3402,0,0
고등교육통계,0407,학점교류현황,2020,3406,0,0
고등교육통계,0407,학점교류현황,2021,2342,0,0
고등교육통계,0407,학점교류현황,2022,2332,0,0
고등교육통계,0407,학점교류현황,2023,3123,0,0
고등교육통계,0409,교직강좌개설및수강현황,2009,1704,0,0
고등교육통계,0409,교직강좌개설및수강현황,2010,1626,0,0
고등교육통계,0409,교직강좌개설및수강현황,2011,1620,0,0
고등교육통계,0409,교직강좌개설및수강현황,2012,1650,0,0
고등교육통계,0409,교직강좌개설및수강현황,2013,1662,0,0
고등교육통계,0501,동아리활동현황,2009,2160,0,0
고등교육통계,0501,동아리활동현황,2010,2150,0,0
고등교육통계,0501,동아리활동현황,2011,2275,0,0
고등교육통계,0501,동아리활동현황,2012,2325,0,0
고등교육통계,0501,동아리활동현황,2013,2010,0,0
고등교육통계,0502,학생회현황,2009,214,0,0
고등교육통계,0502,학생회현황,2010,215,0,0
고등교육통계,0502,학생회현황,2011,215,0,0
고등교육통계,0502,학생회현황,2012,225,0,0
고등교육통계,0502,학생회현황,2013,223,0,0
고등교육통계,0502,학생회현황,2014,221,0,0
고등교육통계,0601,계열별부속시설현황_건물시설,2009,3213,0,0
고등교육통계,0601,계열별부속시설현황_건물시설,2010,3108,0,0
고등교육통계,0601,계열별부속시설현황_건물시설,2011,3402,0,0
고등교육통계,0601,계열별부속시설현황_건물시설,2012,1197,0,0
고등교육통계,0601,계열별부속시설현황_건물시설,2013,5376,0,0
고등교육통계,0601,계열별부속시설현황_건물시설,2014,6291,0,0
고등교육통계,0602,계열별부속시설현황_지적시설,2009,8600,0,0
고등교육통계,0602,계열별부속시설현황_지적시설,2010,8460,0,0
고등교육통계,0602,계열별부속시설현황_지적시설,2011,9180,0,0
고등교육통계,0602,계열별부속시설현황_지적시설,2012,2080,0,0
고등교육통계,0602,계열별부속시설현황_지적시설,2013,8800,0,0
고등교육통계,0603,구조별건물면적정보,2009,11500,0,0
고등교육통계,0603,구조별건물면적정보,2010,12245,0,0
고등교육통계,0603,구조별건물면적정보,2011,12685,0,0
고등교육통계,0603,구조별건물면적정보,2012,12699,0,0
고등교육통계,0603,구조별건물면적정보,2013,13383,0,0
고등교육통계,0604,대학부설평생교육원기관현황,2009,353,0,0
고등교육통계,0604,대학부설평생교육원기관현황,2010,366,0,0
고등교육통계,0604,대학부설평생교육원기관현황,2011,379,0,0
고등교육통계,0604,대학부설평생교육원기관현황,2012,388,0,0
고등교육통계,0604,대학부설평생교육원기관현황,2013,399,0,0
고등교육통계,0701,산학협동현황_인적교류,2009,145,0,0
고등교육통계,0701,산학협동현황_인적교류,2010,151,0,0
고등교육통계,0701,산학협동현황_인적교류,2011,168,0,0
고등교육통계,0701,산학협동현황_인적교류,2012,166,0,0
고등교육통계,0701,산학협동현황_인적교류,2013,169,0,0
고등교육통계,0701,산학협동현황_인적교류,2014,161,0,0
고등교육통계,0701,산학협동현황_인적교류,2015,161,0,0
고등교육통계,0702,산학연관협동실적,2009,134,0,0
고등교육통계,0702,산학연관협동실적,2010,122,0,0
고등교육통계,0702,산학연관협동실적,2011,128,0,0
고등교육통계,0702,산학연관협동실적,2012,129,0,0
고등교육통계,0702,산학연관협동실적,2013,123,0,0
고등교육통계,0702,산학연관협동실적,2014,140,0,0
고등교육통계,0702,산학연관협동실적,2015,142,0,0
고등교육통계,0703,산학협동현황,2009,145,0,0
고등교육통계,0703,산학협동현황,2010,151,0,0
고등교육통계,0703,산학협동현황,2011,168,0,0
고등교육통계,0703,산학협동현황,2012,166,0,0
고등교육통계,0703,산학협동현황,2013,169,0,0
고등교육통계,0703,산학협동현황,2014,168,0,0
고등교육통계,0703,산학협동현황,2015,171,0,0
고등교육통계,0704,산학협동현황_현장실습및취업,2009,166,0,0
고등교육통계,0704,산학협동현황_현장실습및취업,2010,191,0,0
고등교육통계,0704,산학협동현황_현장실습및취업,2011,184,0,0
고등교육통계,0704,산학협동현황_현장실습및취업,2012,179,0,0
고등교육통계,0704,산학협동현황_현장실습및취업,2013,176,0,0
고등교육통계,0704,산학협동현황_현장실습및취업,2014,175,0,0
고등교육통계,0704,산학협동현황_현장실습및취업,2015,173,0,0
대학정보공시,0101,교양과목성적평가분포,2009,8070,0,599
대학정보공시,0101,교양과목성적평가분포,2010,11438,0,0
대학정보공시,0101,교양과목성적평가분포,2011,11504,0,0
대학정보공시,0101,교양과목성적평가분포,2012,15269,0,0
대학정보공시,0101,교양과목성적평가분포,2013,8017,0,0
대학정보공시,0101,교양과목성적평가분포,2014,7304,0,0
대학정보공시,0101,교양과목성적평가분포,2015,7694,0,0
대학정보공시,0101,교양과목성적평가분포,2016,7544,0,0
대학정보공시,0101,교양과목성적평가분포,2017,7518,0,18
대학정보공시,0101,교양과목성적평가분포,2018,7400,0,0
대학정보공시,0101,교양과목성적평가분포,2019,7289,0,0
대학정보공시,0101,교양과목성적평가분포,2020,7168,0,0
대학정보공시,0101,교양과목성적평가분포,2021,7081,0,0
대학정보공시,0101,교양과목성적평가분포,2022,7123,0,0
대학정보공시,0101,교양과목성적평가분포,2023,7107,0,0
대학정보공시,0101,교양과목성적평가분포,2024,10888,0,0
대학정보공시,0101,교양과목성적평가분포,2025,10692,0,0
대학정보공시,0102,교직과목성적평가분포,2009,6746,0,279
대학정보공시,0102,교직과목성적평가분포,2010,10583,0,0
대학정보공시,0102,교직과목성적평가분포,2011,10758,0,0
대학정보공시,0102,교직과목성적평가분포,2012,14570,0,0
대학정보공시,0102,교직과목성적평가분포,2013,5416,0,0
대학정보공시,0102,교직과목성적평가분포,2014,5116,0,0
대학정보공시,0102,교직과목성적평가분포,2015,4996,0,0
대학정보공시,0102,교직과목성적평가분포,2016,4652,0,0
대학정보공시,0102,교직과목성적평가분포,2017,4522,0,0
대학정보공시,0102,교직과목성적평가분포,2018,4414,0,0
대학정보공시,0102,교직과목성적평가분포,2019,4335,0,0
대학정보공시,0102,교직과목성적평가분포,2020,4095,0,0
대학정보공시,0102,교직과목성적평가분포,2021,3937,0,0
대학정보공시,0102,교직과목성적평가분포,2022,3926,0,0
대학정보공시,0102,교직과목성적평가분포,2023,3812,0,0
대학정보공시,0102,교직과목성적평가분포,2024,4184,0,0
대학정보공시,0102,교직과목성적평가분포,2025,3942,0,0
대학정보공시,0103,전공과목성적평가분포,2009,28413,0,409
대학정보공시,0103,전공과목성적평가분포,2010,33076,0,4
대학정보공시,0103,전공과목성적평가분포,2011,33714,0,32
대학정보공시,0103,전공과목성적평가분포,2012,35081,0,0
대학정보공시,0103,전공과목성적평가분포,2013,34111,0,2
대학정보공시,0103,전공과목성적평가분포,2014,36182,0,153
대학정보공시,0103,전공과목성적평가분포,2015,40664,0,72
대학정보공시,0103,전공과목성적평가분포,2016,40896,0,144
대학정보공시,0103,전공과목성적평가분포,2017,42124,0,153
대학정보공시,0103,전공과목성적평가분포,2018,42715,0,72
대학정보공시,0103,전공과목성적평가분포,2019,42618,0,90
대학정보공시,0103,전공과목성적평가분포,2020,43418,0,261
대학정보공시,0103,전공과목성적평가분포,2021,43953,0,288
대학정보공시,0103,전공과목성적평가분포,2022,43709,0,216
대학정보공시,0103,전공과목성적평가분포,2023,44420,0,495
대학정보공시,0103,전공과목성적평가분포,2024,30451,0,0
대학정보공시,0103,전공과목성적평가분포,2025,31032,0,0
대학정보공시,0104,졸업생졸업성적분포,2010,182574,0,16
대학정보공시,0104,졸업생졸업성적분포,2011,182062,0,0
대학정보공시,0104,졸업생졸업성적분포,2012,186585,0,0
대학정보공시,0104,졸업생졸업성적분포,2013,192480,0,0
대학정보공시,0104,졸업생졸업성적분포,2014,199211,0,135
대학정보공시,0104,졸업생졸업성적분포,2015,201681,0,18
대학정보공시,0104,졸업생졸업성적분포,2016,204975,0,9
대학정보공시,0104,졸업생졸업성적분포,2017,206667,0,54
대학정보공시,0104,졸업생졸업성적분포,2018,205632,0,0
대학정보공시,0104,졸업생졸업성적분포,2019,206407,0,9
대학정보공시,0104,졸업생졸업성적분포,2020,207558,0,9
대학정보공시,0104,졸업생졸업성적분포,2021,211329,0,0
대학정보공시,0104,졸업생졸업성적분포,2022,213210,0,0
대학정보공시,0104,졸업생졸업성적분포,2023,212458,0,0
대학정보공시,0201,대학입학전형기본계획,2009,3948,0,40
대학정보공시,0201,대학입학전형기본계획,2010,3822,0,0
대학정보공시,0201,대학입학전형기본계획,2011,3553,0,17
대학정보공시,0201,대학입학전형기본계획,2012,4911,0,19
대학정보공시,0202,대학입학전형기본계획_전문대학,2009,3103,0,218
대학정보공시,0202,대학입학전형기본계획_전문대학,2010,4246,0,0
대학정보공시,0202,대학입학전형기본계획_전문대학,2011,4538,0,0
대학정보공시,0202,대학입학전형기본계획_전문대학,2012,4415,0,0
대학정보공시,0203,대학입학전형시행계획,2009,3646,0,47
대학정보공시,0203,대학입학전형시행계획,2010,3677,0,0
대학정보공시,0203,대학입학전형시행계획,2011,3333,0,17
대학정보공시,0203,대학입학전형시행계획,2012,3409,0,19
대학정보공시,0204,대학입학전형시행계획_전문대학,2009,1818,0,136
대학정보공시,0204,대학입학전형시행계획_전문대학,2010,2320,0,0
대학정보공시,0204,대학입학전형시행계획_전문대학,2011,3010,0,0
대학정보공시,0204,대학입학전형시행계획_전문대학,2012,3271,0,0
대학정보공시,0205,모집단위별모집인원현황,2009,27564,0,163
대학정보공시,0205,모집단위별모집인원현황,2010,1017,0,0
대학정보공시,0205,모집단위별모집인원현황,2011,35552,0,196
대학정보공시,0205,모집단위별모집인원현황,2012,32073,0,75
대학정보공시,0206,모집단위별모집인원현황_전문대학,2009,23535,0,522
대학정보공시,0206,모집단위별모집인원현황_전문대학,2010,23676,0,0
대학정보공시,0206,모집단위별모집인원현황_전문대학,2011,24415,0,0
대학정보공시,0206,모집단위별모집인원현황_전문대학,2012,23211,0,0
대학정보공시,0207,편입생모집내용,2009,7122,0,2
대학정보공시,0207,편입생모집내용,2010,6699,0,0
대학정보공시,0207,편입생모집내용,2011,6993,0,0
대학정보공시,0207,편입생모집내용,2012,7407,0,0
대학정보공시,0301,입학전형유형별선발결과,2009,3701,0,10
대학정보공시,0301,입학전형유형별선발결과,2010,3528,0,0
대학정보공시,0301,입학전형유형별선발결과,2011,4141,0,0
대학정보공시,0301,입학전형유형별선발결과,2012,3804,0,0
대학정보공시,0301,입학전형유형별선발결과,2013,2879,0,0
대학정보공시,0301,입학전형유형별선발결과,2014,2839,0,0
대학정보공시,0301,입학전형유형별선발결과,2015,3698,0,0
대학정보공시,0301,입학전형유형별선발결과,2016,4016,0,0
대학정보공시,0301,입학전형유형별선발결과,2017,3907,0,0
대학정보공시,0301,입학전형유형별선발결과,2018,3859,0,0
대학정보공시,0301,입학전형유형별선발결과,2019,3891,0,2
대학정보공시,0301,입학전형유형별선발결과,2020,3931,0,0
대학정보공시,0301,입학전형유형별선발결과,2021,3955,0,0
대학정보공시,0301,입학전형유형별선발결과,2022,3952,0,0
대학정보공시,0301,입학전형유형별선발결과,2023,4022,0,0
대학정보공시,0301,입학전형유형별선발결과,2024,4242,0,0
대학정보공시,0301,입학전형유형별선발결과,2025,4235,0,0
대학정보공시,0302,입학전형유형별선발결과_전문대학,2009,1301,0,119
대학정보공시,0302,입학전형유형별선발결과_전문대학,2010,1121,0,0
대학정보공시,0302,입학전형유형별선발결과_전문대학,2011,1493,0,0
대학정보공시,0302,입학전형유형별선발결과_전문대학,2012,1579,0,0
대학정보공시,0302,입학전형유형별선발결과_전문대학,2013,1722,0,0
대학정보공시,0302,입학전형유형별선발결과_전문대학,2014,1824,0,0
대학정보공시,0302,입학전형유형별선발결과_전문대학,2015,1697,0,0
대학정보공시,0302,입학전형유형별선발결과_전문대학,2016,1838,0,0
대학정보공시,0302,입학전형유형별선발결과_전문대학,2017,1704,0,2
대학정보공시,0302,입학전형유형별선발결과_전문대학,2018,1691,0,0
대학정보공시,0302,입학전형유형별선발결과_전문대학,2019,1681,0,0
대학정보공시,0302,입학전형유형별선발결과_전문대학,2020,1681,0,0
대학정보공시,0302,입학전형유형별선발결과_전문대학,2021,1661,0,0
대학정보공시,0302,입학전형유형별선발결과_전문대학,2022,1661,0,0
대학정보공시,0302,입학전형유형별선발결과_전문대학,2023,1650,0,0
대학정보공시,0302,입학전형유형별선발결과_전문대학,2024,1625,0,0
대학정보공시,0302,입학전형유형별선발결과_전문대학,2025,1612,0,0
대학정보공시,0303,기회균형선발결과,2009,401,0,20
대학정보공시,0303,기회균형선발결과,2010,425,0,0
대학정보공시,0303,기회균형선발결과,2011,433,0,0
대학정보공시,0303,기회균형선발결과,2012,436,0,1
대학정보공시,0303,기회균형선발결과,2013,428,0,0
대학정보공시,0303,기회균형선발결과,2014,427,0,0
대학정보공시,0303,기회균형선발결과,2015,386,0,0
대학정보공시,0303,기회균형선발결과,2016,387,0,0
대학정보공시,0303,기회균형선발결과,2017,388,0,1
대학정보공시,0303,기회균형선발결과,2018,384,0,0
대학정보공시,0303,기회균형선발결과,2019,384,0,0
대학정보공시,0303,기회균형선발결과,2020,384,0,0
대학정보공시,0303,기회균형선발결과,2021,384,0,0
대학정보공시,0303,기회균형선발결과,2022,384,0,0
대학정보공시,0303,기회균형선발결과,2023,383,0,0
대학정보공시,0303,기회균형선발결과,2024,380,0,0
대학정보공시,0303,기회균형선발결과,2025,379,0,0
대학정보공시,0304,기회균형선발결과상세,2009,145,0,22
대학정보공시,0304,기회균형선발결과상세,2010,313,0,0
대학정보공시,0304,기회균형선발결과상세,2011,353,0,0
대학정보공시,0304,기회균형선발결과상세,2012,387,0,0
대학정보공시,0304,기회균형선발결과상세,2013,284,0,0
대학정보공시,0304,기회균형선발결과상세,2014,285,0,0
대학정보공시,0304,기회균형선발결과상세,2015,248,0,0
대학정보공시,0304,기회균형선발결과상세,2016,269,0,0
대학정보공시,0304,기회균형선발결과상세,2017,204,0,3
대학정보공시,0304,기회균형선발결과상세,2018,177,0,0
대학정보공시,0304,기회균형선발결과상세,2019,173,0,0
대학정보공시,0304,기회균형선발결과상세,2020,173,0,0
대학정보공시,0304,기회균형선발결과상세,2021,162,0,0
대학정보공시,0305,신입생충원현황,2009,25269,0,251
대학정보공시,0305,신입생충원현황,2010,24781,0,0
대학정보공시,0305,신입생충원현황,2011,23713,0,0
대학정보공시,0305,신입생충원현황,2012,24180,0,0
대학정보공시,0305,신입생충원현황,2013,23388,0,0
대학정보공시,0305,신입생충원현황,2014,22146,0,0
대학정보공시,0305,신입생충원현황,2015,22579,0,0
대학정보공시,0305,신입생충원현황,2016,24809,0,0
대학정보공시,0305,신입생충원현황,2017,27667,0,11
대학정보공시,0305,신입생충원현황,2018,28261,0,0
대학정보공시,0305,신입생충원현황,2019,27688,0,0
대학정보공시,0305,신입생충원현황,2020,28462,0,0
대학정보공시,0305,신입생충원현황,2021,29534,0,0
대학정보공시,0305,신입생충원현황,2022,30601,0,0
대학정보공시,0305,신입생충원현황,2023,32157,0,0
대학정보공시,0305,신입생충원현황,2024,34657,0,0
대학정보공시,0305,신입생충원현황,2025,37257,0,0
대학정보공시,0306,신입생충원현황_대학원,2009,1101,0,1
대학정보공시,0306,신입생충원현황_대학원,2010,1122,0,0
대학정보공시,0306,신입생충원현황_대학원,2011,1260,0,0
대학정보공시,0306,신입생충원현황_대학원,2012,1326,0,0
대학정보공시,0306,신입생충원현황_대학원,2013,1339,0,0
대학정보공시,0306,신입생충원현황_대학원,2014,3692,0,31
대학정보공시,0306,신입생충원현황_대학원,2015,3222,0,0
대학정보공시,0306,신입생충원현황_대학원,2016,4223,0,2
대학정보공시,0306,신입생충원현황_대학원,2017,4248,0,0
대학정보공시,0306,신입생충원현황_대학원,2018,4293,0,0
대학정보공시,0306,신입생충원현황_대학원,2019,4242,0,3
대학정보공시,0306,신입생충원현황_대학원,2020,4281,0,0
대학정보공시,0306,신입생충원현황_대학원,2021,4314,0,0
대학정보공시,0306,신입생충원현황_대학원,2022,4323,0,0
대학정보공시,0306,신입생충원현황_대학원,2023,4093,0,0
대학정보공시,0306,신입생충원현황_대학원,2024,4146,0,9
대학정보공시,0306,신입생충원현황_대학원,2025,4308,0,9
대학정보공시,0307,재학생충원현황,2009,1753,0,42
대학정보공시,0307,재학생충원현황,2010,1930,0,0
대학정보공시,0307,재학생충원현황,2011,1862,0,5
대학정보공시,0307,재학생충원현황,2012,1958,0,0
대학정보공시,0307,재학생충원현황,2013,1923,0,0
대학정보공시,0307,재학생충원현황,2014,1896,0,0
대학정보공시,0307,재학생충원현황,2015,1858,0,0
대학정보공시,0307,재학생충원현황,2016,1888,0,0
대학정보공시,0307,재학생충원현황,2017,1888,0,4
대학정보공시,0307,재학생충원현황,2018,1870,0,0
대학정보공시,0307,재학생충원현황,2019,1844,0,0
대학정보공시,0307,재학생충원현황,2020,1819,0,0
대학정보공시,0307,재학생충원현황,2021,3600,0,0
대학정보공시,0307,재학생충원현황,2022,3613,0,0
대학정보공시,0307,재학생충원현황,2023,3598,0,5
대학정보공시,0307,재학생충원현황,2024,3593,0,20
대학정보공시,0307,재학생충원현황,2025,3570,0,10
대학정보공시,0308,재학생충원현황_대학원,2009,6164,0,3
대학정보공시,0308,재학생충원현황_대학원,2010,6210,0,10
대학정보공시,0308,재학생충원현황_대학원,2011,6325,0,10
대학정보공시,0308,재학생충원현황_대학원,2012,6635,0,0
대학정보공시,0308,재학생충원현황_대학원,2013,6737,0,0
대학정보공시,0308,재학생충원현황_대학원,2014,6870,0,75
대학정보공시,0308,재학생충원현황_대학원,2015,7019,0,0
대학정보공시,0308,재학생충원현황_대학원,2016,7031,0,1
대학정보공시,0308,재학생충원현황_대학원,2017,7075,0,0
대학정보공시,0308,재학생충원현황_대학원,2018,7155,0,0
대학정보공시,0308,재학생충원현황_대학원,2019,7070,0,5
대학정보공시,0308,재학생충원현황_대학원,2020,7135,0,0
대학정보공시,0308,재학생충원현황_대학원,2021,7190,0,0
대학정보공시,0308,재학생충원현황_대학원,2022,7205,0,0
대학정보공시,0308,재학생충원현황_대학원,2023,6825,0,0
대학정보공시,0308,재학생충원현황_대학원,2024,6910,0,15
대학정보공시,0308,재학생충원현황_대학원,2025,7170,0,15
대학정보공시,0309,편입학선발결과,2009,6843,0,7
대학정보공시,0309,편입학선발결과,2010,7305,0,0
대학정보공시,0309,편입학선발결과,2011,7418,0,0
대학정보공시,0309,편입학선발결과,2012,7708,0,0
대학정보공시,0309,편입학선발결과,2013,7893,0,2
대학정보공시,0309,편입학선발결과,2014,7672,0,0
대학정보공시,0309,편입학선발결과,2015,7841,0,0
대학정보공시,0309,편입학선발결과,2016,7869,0,0
대학정보공시,0309,편입학선발결과,2017,7874,0,0
대학정보공시,0309,편입학선발결과,2018,8050,0,0
대학정보공시,0309,편입학선발결과,2019,9760,0,0
대학정보공시,0309,편입학선발결과,2020,9523,0,0
대학정보공시,0309,편입학선발결과,2021,9484,0,0
대학정보공시,0309,편입학선발결과,2022,9605,0,0
대학정보공시,0309,편입학선발결과,2023,9634,0,0
대학정보공시,0309,편입학선발결과,2024,9534,0,0
대학정보공시,0309,편입학선발결과,2025,6949,0,0
대학정보공시,0310,재적학생현황,2009,24989,0,262
대학정보공시,0310,재적학생현황,2010,24725,0,0
대학정보공시,0310,재적학생현황,2011,24570,0,0
대학정보공시,0310,재적학생현황,2012,25909,0,0
대학정보공시,0310,재적학생현황,2013,25163,0,0
대학정보공시,0310,재적학생현황,2014,23675,0,0
대학정보공시,0310,재적학생현황,2015,25184,0,0
대학정보공시,0310,재적학생현황,2016,26162,0,0
대학정보공시,0310,재적학생현황,2017,28008,0,11
대학정보공시,0310,재적학생현황,2018,28374,0,0
대학정보공시,0310,재적학생현황,2019,28358,0,0
대학정보공시,0310,재적학생현황,2020,28992,0,0
대학정보공시,0310,재적학생현황,2021,29956,0,0
대학정보공시,0310,재적학생현황,2022,31001,0,0
대학정보공시,0310,재적학생현황,2023,21459,0,0
대학정보공시,0310,재적학생현황,2024,22022,0,0
대학정보공시,0310,재적학생현황,2025,22927,0,0
대학정보공시,0311,재적학생현황_대학원,2009,13034,0,28
대학정보공시,0311,재적학생현황_대학원,2010,13290,0,0
대학정보공시,0311,재적학생현황_대학원,2011,13747,0,0
대학정보공시,0311,재적학생현황_대학원,2012,14738,0,0
대학정보공시,0311,재적학생현황_대학원,2013,15200,0,0
대학정보공시,0311,재적학생현황_대학원,2014,12472,0,42
대학정보공시,0311,재적학생현황_대학원,2015,14417,0,0
대학정보공시,0311,재적학생현황_대학원,2016,11188,0,1
대학정보공시,0311,재적학생현황_대학원,2017,11206,0,0
대학정보공시,0311,재적학생현황_대학원,2018,11140,0,0
대학정보공시,0311,재적학생현황_대학원,2019,10962,0,1
대학정보공시,0311,재적학생현황_대학원,2020,11056,0,0
대학정보공시,0311,재적학생현황_대학원,2021,11171,0,0
대학정보공시,0311,재적학생현황_대학원,2022,11280,0,0
대학정보공시,0311,재적학생현황_대학원,2023,12315,0,0
대학정보공시,0311,재적학생현황_대학원,2024,12474,0,0
대학정보공시,0311,재적학생현황_대학원,2025,11558,0,0
대학정보공시,0312,외국인유학생현황,2009,2485,0,68
대학정보공시,0312,외국인유학생현황,2010,2848,0,0
대학정보공시,0312,외국인유학생현황,2011,3098,0,0
대학정보공시,0312,외국인유학생현황,2012,3435,0,0
대학정보공시,0312,외국인유학생현황,2013,3550,0,0
대학정보공시,0312,외국인유학생현황,2014,3951,0,0
대학정보공시,0312,외국인유학생현황,2015,4057,0,0
대학정보공시,0312,외국인유학생현황,2016,4596,0,0
대학정보공시,0312,외국인유학생현황,2017,4839,0,1
대학정보공시,0312,외국인유학생현황,2018,4900,0,0
대학정보공시,0312,외국인유학생현황,2019,5100,0,0
대학정보공시,0312,외국인유학생현황,2020,4895,0,0
대학정보공시,0312,외국인유학생현황,2021,5028,0,0
대학정보공시,0312,외국인유학생현황,2022,5550,0,0
대학정보공시,0312,외국인유학생현황,2023,5460,0,0
대학정보공시,0312,외국인유학생현황,2024,5789,0,0
대학정보공시,0312,외국인유학생현황,2025,6337,0,0
대학정보공시,0313,외국인유학생현황_대학원,2009,2364,0,53
대학정보공시,0313,외국인유학생현황_대학원,2010,2777,0,0
대학정보공시,0313,외국인유학생현황_대학원,2011,3097,0,0
대학정보공시,0313,외국인유학생현황_대학원,2012,3483,0,0
대학정보공시,0313,외국인유학생현황_대학원,2013,3737,0,0
대학정보공시,0313,외국인유학생현황_대학원,2014,4148,0,24
대학정보공시,0313,외국인유학생현황_대학원,2015,4594,0,0
대학정보공시,0313,외국인유학생현황_대학원,2016,5159,0,1
대학정보공시,0313,외국인유학생현황_대학원,2017,5433,0,0
대학정보공시,0313,외국인유학생현황_대학원,2018,5678,0,0
대학정보공시,0313,외국인유학생현황_대학원,2019,5181,0,0
대학정보공시,0313,외국인유학생현황_대학원,2020,5107,0,0
대학정보공시,0313,외국인유학생현황_대학원,2021,5077,0,0
대학정보공시,0313,외국인유학생현황_대학원,2022,5204,0,0
대학정보공시,0313,외국인유학생현황_대학원,2023,5309,0,0
대학정보공시,0313,외국인유학생현황_대학원,2024,5278,0,0
대학정보공시,0313,외국인유학생현황_대학원,2025,5293,0,0
대학정보공시,0314,외국인유학생중도탈락현황,2010,2494,0,0
대학정보공시,0314,외국인유학생중도탈락현황,2011,2865,0,0
대학정보공시,0314,외국인유학생중도탈락현황,2012,3109,0,0
대학정보공시,0314,외국인유학생중도탈락현황,2013,3450,0,0
대학정보공시,0314,외국인유학생중도탈락현황,2014,4745,0,6
대학정보공시,0314,외국인유학생중도탈락현황,2015,5106,0,0
대학정보공시,0314,외국인유학생중도탈락현황,2016,5455,0,0
대학정보공시,0314,외국인유학생중도탈락현황,2017,5832,0,2
대학정보공시,0314,외국인유학생중도탈락현황,2018,5970,0,0
대학정보공시,0314,외국인유학생중도탈락현황,2019,6066,0,1
대학정보공시,0314,외국인유학생중도탈락현황,2020,6021,0,0
대학정보공시,0314,외국인유학생중도탈락현황,2021,6015,0,1
대학정보공시,0314,외국인유학생중도탈락현황,2022,6413,0,0
대학정보공시,0314,외국인유학생중도탈락현황,2023,5366,0,0
대학정보공시,0314,외국인유학생중도탈락현황,2024,5588,0,0
대학정보공시,0314,외국인유학생중도탈락현황,2025,5865,0,0
대학정보공시,0315,외국인유학생중도탈락현황_대학원,2010,2366,0,0
대학정보공시,0315,외국인유학생중도탈락현황_대학원,2011,2782,0,0
대학정보공시,0315,외국인유학생중도탈락현황_대학원,2012,3112,0,0
대학정보공시,0315,외국인유학생중도탈락현황_대학원,2013,3534,0,12
대학정보공시,0315,외국인유학생중도탈락현황_대학원,2014,5032,0,27
대학정보공시,0315,외국인유학생중도탈락현황_대학원,2015,5588,0,3
대학정보공시,0315,외국인유학생중도탈락현황_대학원,2016,6066,0,1
대학정보공시,0315,외국인유학생중도탈락현황_대학원,2017,6401,0,0
대학정보공시,0315,외국인유학생중도탈락현황_대학원,2018,6765,0,0
대학정보공시,0315,외국인유학생중도탈락현황_대학원,2019,6850,0,0
대학정보공시,0315,외국인유학생중도탈락현황_대학원,2020,6370,0,0
대학정보공시,0315,외국인유학생중도탈락현황_대학원,2021,6248,0,0
대학정보공시,0315,외국인유학생중도탈락현황_대학원,2022,6344,0,0
대학정보공시,0315,외국인유학생중도탈락현황_대학원,2023,5137,0,0
대학정보공시,0315,외국인유학생중도탈락현황_대학원,2024,5390,0,1
대학정보공시,0315,외국인유학생중도탈락현황_대학원,2025,5353,0,0
대학정보공시,0316,중도탈락학생현황,2009,25077,0,260
대학정보공시,0316,중도탈락학생현황,2010,24452,0,0
대학정보공시,0316,중도탈락학생현황,2011,24723,0,0
대학정보공시,0316,중도탈락학생현황,2012,24927,0,25
대학정보공시,0316,중도탈락학생현황,2013,25503,0,2
대학정보공시,0316,중도탈락학생현황,2014,25121,0,0
대학정보공시,0316,중도탈락학생현황,2015,24448,0,40
대학정보공시,0316,중도탈락학생현황,2016,25539,0,376
대학정보공시,0316,중도탈락학생현황,2017,26968,0,9
대학정보공시,0316,중도탈락학생현황,2018,28893,0,0
대학정보공시,0316,중도탈락학생현황,2019,29447,0,58
대학정보공시,0316,중도탈락학생현황,2020,28429,0,2
대학정보공시,0316,중도탈락학생현황,2021,29110,0,135
대학정보공시,0316,중도탈락학생현황,2022,28287,0,0
대학정보공시,0316,중도탈락학생현황,2023,21252,0,0
대학정보공시,0316,중도탈락학생현황,2024,17055,0,0
대학정보공시,0316,중도탈락학생현황,2025,18262,0,0
대학정보공시,0317,중도탈락학생현황_대학원,2009,12628,0,31
대학정보공시,0317,중도탈락학생현황_대학원,2010,12817,0,0
대학정보공시,0317,중도탈락학생현황_대학원,2011,13053,0,28
대학정보공시,0317,중도탈락학생현황_대학원,2012,13504,0,5
대학정보공시,0317,중도탈락학생현황_대학원,2013,14110,0,13
대학정보공시,0317,중도탈락학생현황_대학원,2014,12497,0,27
대학정보공시,0317,중도탈락학생현황_대학원,2015,13171,0,36
대학정보공시,0317,중도탈락학생현황_대학원,2016,15255,0,81
대학정보공시,0317,중도탈락학생현황_대학원,2017,47946,0,2
대학정보공시,0317,중도탈락학생현황_대학원,2018,49241,0,0
대학정보공시,0317,중도탈락학생현황_대학원,2019,50631,0,3
대학정보공시,0317,중도탈락학생현황_대학원,2020,51603,0,3
대학정보공시,0317,중도탈락학생현황_대학원,2021,52575,0,0
대학정보공시,0317,중도탈락학생현황_대학원,2022,7556,0,0
대학정보공시,0317,중도탈락학생현황_대학원,2023,7579,0,0
대학정보공시,0317,중도탈락학생현황_대학원,2024,7538,0,1
대학정보공시,0317,중도탈락학생현황_대학원,2025,7675,0,0
대학정보공시,0318,학사학위전공심화과정학생현황,2009,93,0,18
대학정보공시,0318,학사학위전공심화과정학생현황,2010,84,0,0
대학정보공시,0318,학사학위전공심화과정학생현황,2011,87,0,0
대학정보공시,0318,학사학위전공심화과정학생현황,2012,95,0,0
대학정보공시,0318,학사학위전공심화과정학생현황,2013,102,0,0
대학정보공시,0318,학사학위전공심화과정학생현황,2014,106,0,0
대학정보공시,0318,학사학위전공심화과정학생현황,2015,110,0,0
대학정보공시,0318,학사학위전공심화과정학생현황,2016,111,0,0
대학정보공시,0318,학사학위전공심화과정학생현황,2017,114,0,0
대학정보공시,0318,학사학위전공심화과정학생현황,2018,115,0,0
대학정보공시,0318,학사학위전공심화과정학생현황,2019,114,0,0
대학정보공시,0318,학사학위전공심화과정학생현황,2020,117,0,0
대학정보공시,0318,학사학위전공심화과정학생현황,2021,119,0,0
대학정보공시,0318,학사학위전공심화과정학생현황,2022,117,0,0
대학정보공시,0318,학사학위전공심화과정학생현황,2023,118,0,0
대학정보공시,0318,학사학위전공심화과정학생현황,2024,121,0,0
대학정보공시,0318,학사학위전공심화과정학생현황,2025,121,0,0
대학정보공시,0319,신입생의출신고등학교유형별현황,2010,4432,0,0
대학정보공시,0319,신입생의출신고등학교유형별현황,2011,4381,0,0
대학정보공시,0319,신입생의출신고등학교유형별현황,2012,4183,0,0
대학정보공시,0319,신입생의출신고등학교유형별현황,2013,2944,0,0
대학정보공시,0319,신입생의출신고등학교유형별현황,2014,2989,0,0
대학정보공시,0319,신입생의출신고등학교유형별현황,2015,3073,0,0
대학정보공시,0319,신입생의출신고등학교유형별현황,2016,3212,0,0
대학정보공시,0319,신입생의출신고등학교유형별현황,2017,3051,0,8
대학정보공시,0319,신입생의출신고등학교유형별현황,2018,3014,0,0
대학정보공시,0319,신입생의출신고등학교유형별현황,2019,2968,0,0
대학정보공시,0319,신입생의출신고등학교유형별현황,2020,2942,0,0
대학정보공시,0319,신입생의출신고등학교유형별현황,2021,4108,0,0
대학정보공시,0319,신입생의출신고등학교유형별현황,2022,4053,0,0
대학정보공시,0319,신입생의출신고등학교유형별현황,2023,4057,0,0
대학정보공시,0319,신입생의출신고등학교유형별현황,2024,3656,0,0
대학정보공시,0319,신입생의출신고등학교유형별현황,2025,3653,0,0
대학정보공시,0401,졸업생현황,2009,91519,0,634
대학정보공시,0401,졸업생현황,2010,92092,0,0
대학정보공시,0401,졸업생현황,2011,93563,0,0
대학정보공시,0401,졸업생현황,2012,95040,0,0
대학정보공시,0401,졸업생현황,2013,95843,0,0
대학정보공시,0401,졸업생현황,2014,98416,0,0
대학정보공시,0401,졸업생현황,2015,100748,0,0
대학정보공시,0401,졸업생현황,2016,100225,0,0
대학정보공시,0401,졸업생현황,2017,99985,0,11
대학정보공시,0401,졸업생현황,2018,98630,0,0
대학정보공시,0401,졸업생현황,2019,97550,0,0
대학정보공시,0401,졸업생현황,2020,97753,0,0
대학정보공시,0401,졸업생현황,2021,99872,0,0
대학정보공시,0401,졸업생현황,2022,102065,0,0
대학정보공시,0401,졸업생현황,2023,98406,0,0
대학정보공시,0401,졸업생현황,2024,97559,0,0
대학정보공시,0401,졸업생현황,2025,95414,0,0
대학정보공시,0402,졸업생현황_일반대학원,2009,17777,0,230
대학정보공시,0402,졸업생현황_일반대학원,2010,18994,0,0
대학정보공시,0402,졸업생현황_일반대학원,2011,19569,0,0
대학정보공시,0402,졸업생현황_일반대학원,2012,20632,0,0
대학정보공시,0402,졸업생현황_일반대학원,2013,20916,0,0
대학정보공시,0402,졸업생현황_일반대학원,2014,21232,0,0
대학정보공시,0402,졸업생현황_일반대학원,2015,21643,0,0
대학정보공시,0402,졸업생현황_일반대학원,2016,22159,0,0
대학정보공시,0402,졸업생현황_일반대학원,2017,22726,0,0
대학정보공시,0402,졸업생현황_일반대학원,2018,22535,0,0
대학정보공시,0402,졸업생현황_일반대학원,2019,23201,0,1
대학정보공시,0402,졸업생현황_일반대학원,2020,23879,0,0
대학정보공시,0402,졸업생현황_일반대학원,2021,23314,0,0
대학정보공시,0402,졸업생현황_일반대학원,2022,24608,0,0
대학정보공시,0402,졸업생현황_일반대학원,2023,24754,0,0
대학정보공시,0403,졸업생현황_전문대학원,2009,12953,0,0
대학정보공시,0403,졸업생현황_전문대학원,2010,13281,0,0
대학정보공시,0403,졸업생현황_전문대학원,2011,13712,0,0
대학정보공시,0403,졸업생현황_전문대학원,2012,14680,0,0
대학정보공시,0403,졸업생현황_전문대학원,2013,1015,0,0
대학정보공시,0403,졸업생현황_전문대학원,2014,768,0,16
대학정보공시,0403,졸업생현황_전문대학원,2015,683,0,0
대학정보공시,0403,졸업생현황_전문대학원,2016,715,0,0
대학정보공시,0403,졸업생현황_전문대학원,2017,1177,0,0
대학정보공시,0403,졸업생현황_전문대학원,2018,1190,0,0
대학정보공시,0403,졸업생현황_전문대학원,2019,1178,0,0
대학정보공시,0403,졸업생현황_전문대학원,2020,1170,0,0
대학정보공시,0403,졸업생현황_전문대학원,2021,1168,0,0
대학정보공시,0403,졸업생현황_전문대학원,2022,1178,0,0
대학정보공시,0403,졸업생현황_전문대학원,2023,1172,0,0
대학정보공시,0404,졸업생현황_특수대학원,2013,6668,0,0
대학정보공시,0404,졸업생현황_특수대학원,2014,4492,0,7
대학정보공시,0404,졸업생현황_특수대학원,2015,3970,0,0
대학정보공시,0404,졸업생현황_특수대학원,2016,3680,0,1
대학정보공시,0404,졸업생현황_특수대학원,2017,5879,0,0
대학정보공시,0404,졸업생현황_특수대학원,2018,5894,0,0
대학정보공시,0404,졸업생현황_특수대학원,2019,5927,0,0
대학정보공시,0404,졸업생현황_특수대학원,2020,6018,0,0
대학정보공시,0404,졸업생현황_특수대학원,2021,5920,0,0
대학정보공시,0404,졸업생현황_특수대학원,2022,5950,0,0
대학정보공시,0404,졸업생현황_특수대학원,2023,5911,0,0
대학정보공시,0405,졸업생진학현황_일반대학원,2009,14150,0,251
대학정보공시,0405,졸업생진학현황_일반대학원,2010,14164,0,0
대학정보공시,0405,졸업생진학현황_일반대학원,2011,14198,0,0
대학정보공시,0405,졸업생진학현황_일반대학원,2012,13955,0,0
대학정보공시,0405,졸업생진학현황_일반대학원,2013,13597,0,0
대학정보공시,0405,졸업생진학현황_일반대학원,2014,13731,0,0
대학정보공시,0405,졸업생진학현황_일반대학원,2015,13855,0,0
대학정보공시,0405,졸업생진학현황_일반대학원,2016,14655,0,0
대학정보공시,0405,졸업생진학현황_일반대학원,2017,14123,0,7
대학정보공시,0405,졸업생진학현황_일반대학원,2018,14146,0,0
대학정보공시,0405,졸업생진학현황_일반대학원,2019,13876,0,18
대학정보공시,0405,졸업생진학현황_일반대학원,2021,13731,0,22
대학정보공시,0405,졸업생진학현황_일반대학원,2022,13947,0,0
대학정보공시,0406,졸업생진학현황_전문대학원,2009,14151,0,252
대학정보공시,0406,졸업생진학현황_전문대학원,2010,14164,0,0
대학정보공시,0406,졸업생진학현황_전문대학원,2011,14198,0,0
대학정보공시,0406,졸업생진학현황_전문대학원,2012,13944,0,0
대학정보공시,0406,졸업생진학현황_전문대학원,2013,352,0,0
대학정보공시,0406,졸업생진학현황_전문대학원,2014,352,0,0
대학정보공시,0406,졸업생진학현황_전문대학원,2015,384,0,0
대학정보공시,0406,졸업생진학현황_전문대학원,2017,610,0,0
대학정보공시,0406,졸업생진학현황_전문대학원,2018,620,0,0
대학정보공시,0406,졸업생진학현황_전문대학원,2019,642,0,0
대학정보공시,0406,졸업생진학현황_전문대학원,2020,676,0,0
대학정보공시,0406,졸업생진학현황_전문대학원,2021,717,0,0
대학정보공시,0406,졸업생진학현황_전문대학원,2022,745,0,0
대학정보공시,0406,졸업생진학현황_전문대학원,2023,851,0,0
대학정보공시,0407,졸업생진학현황_일반대학원_대학원,2009,4307,0,27
대학정보공시,0407,졸업생진학현황_일반대학원_대학원,2010,4396,0,0
대학정보공시,0407,졸업생진학현황_일반대학원_대학원,2011,4494,0,0
대학정보공시,0407,졸업생진학현황_일반대학원_대학원,2012,4655,0,0
대학정보공시,0407,졸업생진학현황_일반대학원_대학원,2013,4784,0,0
대학정보공시,0407,졸업생진학현황_일반대학원_대학원,2014,4886,0,0
대학정보공시,0407,졸업생진학현황_일반대학원_대학원,2015,4975,0,0
대학정보공시,0407,졸업생진학현황_일반대학원_대학원,2016,5032,0,0
대학정보공시,0407,졸업생진학현황_일반대학원_대학원,2017,5034,0,0
대학정보공시,0407,졸업생진학현황_일반대학원_대학원,2018,5092,0,0
대학정보공시,0407,졸업생진학현황_일반대학원_대학원,2019,5100,0,0
대학정보공시,0407,졸업생진학현황_일반대학원_대학원,2022,5250,0,0
대학정보공시,0408,졸업생진학현황_전문대학원_대학원,2009,696,0,0
대학정보공시,0408,졸업생진학현황_전문대학원_대학원,2010,720,0,0
대학정보공시,0408,졸업생진학현황_전문대학원_대학원,2011,722,0,0
대학정보공시,0408,졸업생진학현황_전문대학원_대학원,2012,822,0,0
대학정보공시,0408,졸업생진학현황_전문대학원_대학원,2013,1003,0,0
대학정보공시,0408,졸업생진학현황_전문대학원_대학원,2014,758,0,16
대학정보공시,0408,졸업생진학현황_전문대학원_대학원,2015,691,0,0
대학정보공시,0408,졸업생진학현황_전문대학원_대학원,2016,724,0,0
대학정보공시,0408,졸업생진학현황_전문대학원_대학원,2017,1192,0,0
대학정보공시,0408,졸업생진학현황_전문대학원_대학원,2018,1214,0,0
대학정보공시,0408,졸업생진학현황_전문대학원_대학원,2019,1191,0,0
대학정보공시,0408,졸업생진학현황_전문대학원_대학원,2020,1184,0,0
대학정보공시,0408,졸업생진학현황_전문대학원_대학원,2021,1179,0,0
대학정보공시,0408,졸업생진학현황_전문대학원_대학원,2022,1188,0,0
대학정보공시,0408,졸업생진학현황_전문대학원_대학원,2023,1603,0,0
대학정보공시,0409,졸업생진학현황_특수대학원,2009,6047,0,0
대학정보공시,0409,졸업생진학현황_특수대학원,2010,6087,0,0
대학정보공시,0409,졸업생진학현황_특수대학원,2011,6194,0,0
대학정보공시,0409,졸업생진학현황_특수대학원,2012,6677,0,0
대학정보공시,0409,졸업생진학현황_특수대학원,2013,6686,0,0
대학정보공시,0409,졸업생진학현황_특수대학원,2014,4497,0,7
대학정보공시,0409,졸업생진학현황_특수대학원,2015,3978,0,0
대학정보공시,0409,졸업생진학현황_특수대학원,2016,3699,0,1
대학정보공시,0409,졸업생진학현황_특수대학원,2017,5894,0,0
대학정보공시,0409,졸업생진학현황_특수대학원,2018,5917,0,0
대학정보공시,0409,졸업생진학현황_특수대학원,2019,5981,0,0
대학정보공시,0409,졸업생진학현황_특수대학원,2020,6044,0,0
대학정보공시,0409,졸업생진학현황_특수대학원,2021,5938,0,0
대학정보공시,0409,졸업생진학현황_특수대학원,2022,5975,0,0
대학정보공시,0409,졸업생진학현황_특수대학원,2023,7921,0,0
대학정보공시,0410,졸업생취업현황,2009,14539,0,250
대학정보공시,0410,졸업생취업현황,2010,14292,0,0
대학정보공시,0410,졸업생취업현황,2011,13830,0,0
대학정보공시,0410,졸업생취업현황,2012,27227,0,11
대학정보공시,0410,졸업생취업현황,2013,26983,0,45
대학정보공시,0410,졸업생취업현황,2014,27245,0,11
대학정보공시,0410,졸업생취업현황,2015,27484,0,0
대학정보공시,0410,졸업생취업현황,2016,27977,0,28
대학정보공시,0410,졸업생취업현황,2017,14150,0,7
대학정보공시,0410,졸업생취업현황,2018,14213,0,0
대학정보공시,0410,졸업생취업현황,2019,13933,0,18
대학정보공시,0410,졸업생취업현황,2022,14007,0,0
대학정보공시,0410,졸업생취업현황,2024,14325,0,0
대학정보공시,0410,졸업생취업현황,2025,14488,0,0
대학정보공시,0411,졸업생취업현황_일반대학원,2009,4281,0,0
대학정보공시,0411,졸업생취업현황_일반대학원,2010,4407,0,0
대학정보공시,0411,졸업생취업현황_일반대학원,2011,4511,0,0
대학정보공시,0411,졸업생취업현황_일반대학원,2012,9162,0,0
대학정보공시,0411,졸업생취업현황_일반대학원,2013,9462,0,3
대학정보공시,0411,졸업생취업현황_일반대학원,2014,9691,0,0
대학정보공시,0411,졸업생취업현황_일반대학원,2015,9885,0,0
대학정보공시,0411,졸업생취업현황_일반대학원,2016,10035,0,0
대학정보공시,0411,졸업생취업현황_일반대학원,2017,5050,0,0
대학정보공시,0411,졸업생취업현황_일반대학원,2018,5098,0,0
대학정보공시,0411,졸업생취업현황_일반대학원,2019,5104,0,0
대학정보공시,0411,졸업생취업현황_일반대학원,2022,5253,0,0
대학정보공시,0412,졸업생취업현황_전문대학원,2009,697,0,0
대학정보공시,0412,졸업생취업현황_전문대학원,2010,711,0,0
대학정보공시,0412,졸업생취업현황_전문대학원,2011,722,0,0
대학정보공시,0412,졸업생취업현황_전문대학원,2012,834,0,0
대학정보공시,0412,졸업생취업현황_전문대학원,2013,1003,0,0
대학정보공시,0412,졸업생취업현황_전문대학원,2014,758,0,16
대학정보공시,0412,졸업생취업현황_전문대학원,2015,691,0,0
대학정보공시,0412,졸업생취업현황_전문대학원,2016,724,0,0
대학정보공시,0412,졸업생취업현황_전문대학원,2017,1192,0,0
대학정보공시,0412,졸업생취업현황_전문대학원,2018,1214,0,0
대학정보공시,0412,졸업생취업현황_전문대학원,2019,1191,0,0
대학정보공시,0412,졸업생취업현황_전문대학원,2020,1184,0,0
대학정보공시,0412,졸업생취업현황_전문대학원,2021,1179,0,0
대학정보공시,0412,졸업생취업현황_전문대학원,2022,1188,0,0
대학정보공시,0412,졸업생취업현황_전문대학원,2023,1738,0,0
대학정보공시,0413,졸업생취업현황_특수대학원,2009,6057,0,0
대학정보공시,0413,졸업생취업현황_특수대학원,2010,6063,0,0
대학정보공시,0413,졸업생취업현황_특수대학원,2011,6201,0,0
대학정보공시,0413,졸업생취업현황_특수대학원,2012,6703,0,0
대학정보공시,0413,졸업생취업현황_특수대학원,2013,6716,0,0
대학정보공시,0413,졸업생취업현황_특수대학원,2014,4513,0,7
대학정보공시,0413,졸업생취업현황_특수대학원,2015,4004,0,0
대학정보공시,0413,졸업생취업현황_특수대학원,2016,3700,0,1
대학정보공시,0413,졸업생취업현황_특수대학원,2017,5903,0,0
대학정보공시,0413,졸업생취업현황_특수대학원,2018,5917,0,0
대학정보공시,0413,졸업생취업현황_특수대학원,2019,5982,0,0
대학정보공시,0413,졸업생취업현황_특수대학원,2020,6045,0,0
대학정보공시,0413,졸업생취업현황_특수대학원,2021,5938,0,0
대학정보공시,0413,졸업생취업현황_특수대학원,2022,5975,0,0
대학정보공시,0413,졸업생취업현황_특수대학원,2023,7630,0,3
대학정보공시,0501,전체교원대비전임교원현황_전문대학,2009,5278,0,216
대학정보공시,0501,전체교원대비전임교원현황_전문대학,2010,5538,0,0
대학정보공시,0501,전체교원대비전임교원현황_전문대학,2011,5622,0,0
대학정보공시,0501,전체교원대비전임교원현황_전문대학,2012,6001,0,0
대학정보공시,0501,전체교원대비전임교원현황_전문대학,2013,6069,0,0
대학정보공시,0501,전체교원대비전임교원현황_전문대학,2014,5798,0,0
대학정보공시,0501,전체교원대비전임교원현황_전문대학,2015,6139,0,1
대학정보공시,0501,전체교원대비전임교원현황_전문대학,2016,6277,0,0
대학정보공시,0501,전체교원대비전임교원현황_전문대학,2017,6607,0,11
대학정보공시,0501,전체교원대비전임교원현황_전문대학,2018,6839,0,0
대학정보공시,0501,전체교원대비전임교원현황_전문대학,2019,6822,0,0
대학정보공시,0501,전체교원대비전임교원현황_전문대학,2020,6856,0,0
대학정보공시,0501,전체교원대비전임교원현황_전문대학,2021,6985,0,0
대학정보공시,0501,전체교원대비전임교원현황_전문대학,2022,7414,0,0
대학정보공시,0501,전체교원대비전임교원현황_전문대학,2023,3278,0,0
대학정보공시,0501,전체교원대비전임교원현황_전문대학,2024,3267,0,0
대학정보공시,0501,전체교원대비전임교원현황_전문대학,2025,3282,0,0
대학정보공시,0502,전체교원대비전임교원현황,2009,16623,0,71
대학정보공시,0502,전체교원대비전임교원현황,2010,17537,0,0
대학정보공시,0502,전체교원대비전임교원현황,2011,18036,0,0
대학정보공시,0502,전체교원대비전임교원현황,2012,19255,0,0
대학정보공시,0502,전체교원대비전임교원현황,2013,13167,0,0
대학정보공시,0502,전체교원대비전임교원현황,2014,12050,0,2
대학정보공시,0502,전체교원대비전임교원현황,2015,13496,0,3
대학정보공시,0502,전체교원대비전임교원현황,2016,13057,0,8
대학정보공시,0502,전체교원대비전임교원현황,2017,13247,0,0
대학정보공시,0502,전체교원대비전임교원현황,2018,13347,0,0
대학정보공시,0502,전체교원대비전임교원현황,2019,12892,0,1
대학정보공시,0502,전체교원대비전임교원현황,2020,12488,0,0
대학정보공시,0502,전체교원대비전임교원현황,2021,12945,0,0
대학정보공시,0502,전체교원대비전임교원현황,2022,13444,0,0
대학정보공시,0502,전체교원대비전임교원현황,2023,13154,0,0
대학정보공시,0502,전체교원대비전임교원현황,2024,13722,0,0
대학정보공시,0502,전체교원대비전임교원현황,2025,13958,0,0
대학정보공시,0503,전임교원1인당학생현황,2009,1285,0,8
대학정보공시,0503,전임교원1인당학생현황,2010,1295,0,0
대학정보공시,0503,전임교원1인당학생현황,2011,1285,0,5
대학정보공시,0503,전임교원1인당학생현황,2012,1345,0,5
대학정보공시,0503,전임교원1인당학생현황,2013,1323,0,5
대학정보공시,0503,전임교원1인당학생현황,2014,1368,0,0
대학정보공시,0503,전임교원1인당학생현황,2015,1375,0,0
대학정보공시,0503,전임교원1인당학생현황,2016,1325,0,0
대학정보공시,0503,전임교원1인당학생현황,2017,1330,0,0
대학정보공시,0503,전임교원1인당학생현황,2018,1360,0,0
대학정보공시,0503,전임교원1인당학생현황,2019,1279,0,0
대학정보공시,0503,전임교원1인당학생현황,2020,1274,0,0
대학정보공시,0503,전임교원1인당학생현황,2021,1258,0,0
대학정보공시,0503,전임교원1인당학생현황,2022,1251,0,0
대학정보공시,0503,전임교원1인당학생현황,2023,1250,0,0
대학정보공시,0503,전임교원1인당학생현황,2024,1245,0,10
대학정보공시,0503,전임교원1인당학생현황,2025,1235,0,5
대학정보공시,0504,전임교원1인당학생현황_전문대학,2009,833,0,33
대학정보공시,0504,전임교원1인당학생현황_전문대학,2010,950,0,0
대학정보공시,0504,전임교원1인당학생현황_전문대학,2011,898,0,0
대학정보공시,0504,전임교원1인당학생현황_전문대학,2012,561,0,0
대학정보공시,0504,전임교원1인당학생현황_전문대학,2013,564,0,0
대학정보공시,0504,전임교원1인당학생현황_전문대학,2014,712,0,0
대학정보공시,0504,전임교원1인당학생현황_전문대학,2015,681,0,0
대학정보공시,0504,전임교원1인당학생현황_전문대학,2016,501,0,0
대학정보공시,0504,전임교원1인당학생현황_전문대학,2017,491,0,1
대학정보공시,0504,전임교원1인당학생현황_전문대학,2018,480,0,0
대학정보공시,0504,전임교원1인당학생현황_전문대학,2019,503,0,0
대학정보공시,0504,전임교원1인당학생현황_전문대학,2020,492,0,0
대학정보공시,0504,전임교원1인당학생현황_전문대학,2021,488,0,0
대학정보공시,0504,전임교원1인당학생현황_전문대학,2022,485,0,0
대학정보공시,0504,전임교원1인당학생현황_전문대학,2023,849,0,0
대학정보공시,0504,전임교원1인당학생현황_전문대학,2024,840,0,0
대학정보공시,0504,전임교원1인당학생현황_전문대학,2025,840,0,0
대학정보공시,0505,국가별외국인전임교원현황,2009,1281,0,9
대학정보공시,0505,국가별외국인전임교원현황,2010,1483,0,0
대학정보공시,0505,국가별외국인전임교원현황,2011,1580,0,1
대학정보공시,0505,국가별외국인전임교원현황,2012,1672,0,2
대학정보공시,0505,국가별외국인전임교원현황,2013,1701,0,2
대학정보공시,0505,국가별외국인전임교원현황,2014,1543,0,0
대학정보공시,0505,국가별외국인전임교원현황,2015,1555,0,0
대학정보공시,0505,국가별외국인전임교원현황,2016,1543,0,0
대학정보공시,0505,국가별외국인전임교원현황,2017,1548,0,0
대학정보공시,0505,국가별외국인전임교원현황,2018,1542,0,0
대학정보공시,0505,국가별외국인전임교원현황,2019,1487,0,0
대학정보공시,0505,국가별외국인전임교원현황,2020,1468,0,0
대학정보공시,0505,국가별외국인전임교원현황,2021,1465,0,0
대학정보공시,0505,국가별외국인전임교원현황,2022,1429,0,0
대학정보공시,0505,국가별외국인전임교원현황,2023,1384,0,0
대학정보공시,0505,국가별외국인전임교원현황,2024,1360,0,0
대학정보공시,0505,국가별외국인전임교원현황,2025,1348,0,0
대학정보공시,0506,전공계열별외국인전임교원현황,2009,2134,0,14
대학정보공시,0506,전공계열별외국인전임교원현황,2010,2175,0,0
대학정보공시,0506,전공계열별외국인전임교원현황,2011,2075,0,5
대학정보공시,0506,전공계열별외국인전임교원현황,2012,2215,0,5
대학정보공시,0506,전공계열별외국인전임교원현황,2013,2205,0,5
대학정보공시,0506,전공계열별외국인전임교원현황,2014,2244,0,0
대학정보공시,0506,전공계열별외국인전임교원현황,2015,2646,0,0
대학정보공시,0506,전공계열별외국인전임교원현황,2016,2592,0,0
대학정보공시,0506,전공계열별외국인전임교원현황,2017,2592,0,0
대학정보공시,0506,전공계열별외국인전임교원현황,2018,2544,0,0
대학정보공시,0506,전공계열별외국인전임교원현황,2019,2520,0,0
대학정보공시,0506,전공계열별외국인전임교원현황,2020,2484,0,0
대학정보공시,0506,전공계열별외국인전임교원현황,2021,2454,0,0
대학정보공시,0506,전공계열별외국인전임교원현황,2022,2453,0,0
대학정보공시,0506,전공계열별외국인전임교원현황,2023,2419,0,0
대학정보공시,0506,전공계열별외국인전임교원현황,2024,2430,0,12
대학정보공시,0506,전공계열별외국인전임교원현황,2025,2412,0,6
대학정보공시,0601,국내외학술지게재논문실적,2009,12113,0,244
대학정보공시,0601,국내외학술지게재논문실적,2010,12224,0,0
대학정보공시,0601,국내외학술지게재논문실적,2011,12416,0,0
대학정보공시,0601,국내외학술지게재논문실적,2012,11693,0,0
대학정보공시,0601,국내외학술지게재논문실적,2013,11790,0,0
대학정보공시,0601,국내외학술지게재논문실적,2014,11932,0,0
대학정보공시,0601,국내외학술지게재논문실적,2015,11875,0,0
대학정보공시,0601,국내외학술지게재논문실적,2016,11849,0,0
대학정보공시,0601,국내외학술지게재논문실적,2017,11767,0,7
대학정보공시,0601,국내외학술지게재논문실적,2018,11695,0,0
대학정보공시,0601,국내외학술지게재논문실적,2019,11638,0,0
대학정보공시,0601,국내외학술지게재논문실적,2020,11696,0,0
대학정보공시,0601,국내외학술지게재논문실적,2021,11931,0,0
대학정보공시,0601,국내외학술지게재논문실적,2022,11999,0,0
대학정보공시,0601,국내외학술지게재논문실적,2023,11538,0,0
대학정보공시,0601,국내외학술지게재논문실적,2024,11509,0,0
대학정보공시,0601,국내외학술지게재논문실적,2025,11780,0,0
대학정보공시,0602,저역서실적,2009,11927,0,229
대학정보공시,0602,저역서실적,2010,12352,0,0
대학정보공시,0602,저역서실적,2011,12344,0,0
대학정보공시,0602,저역서실적,2012,11707,0,0
대학정보공시,0602,저역서실적,2013,11836,0,0
대학정보공시,0701,교비회계대차대조표,2009,2256,0,168
대학정보공시,0701,교비회계대차대조표,2010,2281,0,0
대학정보공시,0701,교비회계대차대조표,2011,2304,0,0
대학정보공시,0701,교비회계대차대조표,2012,2274,0,0
대학정보공시,0701,교비회계대차대조표,2013,2232,0,0
대학정보공시,0701,교비회계대차대조표,2014,3298,0,0
대학정보공시,0701,교비회계대차대조표,2015,3285,0,0
대학정보공시,0701,교비회계대차대조표,2016,3299,0,9
대학정보공시,0701,교비회계대차대조표,2017,3299,0,7
대학정보공시,0701,교비회계대차대조표,2018,3251,0,0
대학정보공시,0701,교비회계대차대조표,2019,3284,0,0
대학정보공시,0701,교비회계대차대조표,2020,3232,0,0
대학정보공시,0701,교비회계대차대조표,2021,3267,0,0
대학정보공시,0701,교비회계대차대조표,2022,3289,0,0
대학정보공시,0701,교비회계대차대조표,2023,3267,0,0
대학정보공시,0701,교비회계대차대조표,2024,3624,0,0
대학정보공시,0701,교비회계대차대조표,2025,3604,0,0
대학정보공시,0702,교비회계운영계산서,2009,6016,0,448
대학정보공시,0702,교비회계운영계산서,2010,6081,0,0
대학정보공시,0702,교비회계운영계산서,2011,6528,0,0
대학정보공시,0702,교비회계운영계산서,2012,6429,0,0
대학정보공시,0702,교비회계운영계산서,2013,6171,0,0
대학정보공시,0702,교비회계운영계산서,2014,6130,0,0
대학정보공시,0702,교비회계운영계산서,2015,6115,0,0
대학정보공시,0702,교비회계운영계산서,2016,6128,0,17
대학정보공시,0702,교비회계운영계산서,2017,6106,0,9
대학정보공시,0702,교비회계운영계산서,2018,6030,0,0
대학정보공시,0702,교비회계운영계산서,2019,6049,0,0
대학정보공시,0702,교비회계운영계산서,2020,5942,0,0
대학정보공시,0702,교비회계운영계산서,2021,6003,0,0
대학정보공시,0702,교비회계운영계산서,2022,6045,0,0
대학정보공시,0702,교비회계운영계산서,2023,5934,0,0
대학정보공시,0702,교비회계운영계산서,2024,6010,0,0
대학정보공시,0702,교비회계운영계산서,2025,5956,0,0
대학정보공시,0703,교비회계자금계산서,2009,5640,0,420
대학정보공시,0703,교비회계자금계산서,2010,5700,0,0
대학정보공시,0703,교비회계자금계산서,2011,6144,0,0
대학정보공시,0703,교비회계자금계산서,2012,6808,0,17
대학정보공시,0703,교비회계자금계산서,2013,6446,0,0
대학정보공시,0703,교비회계자금계산서,2014,6815,0,0
대학정보공시,0703,교비회계자금계산서,2015,6807,0,0
대학정보공시,0703,교비회계자금계산서,2016,6817,0,19
대학정보공시,0703,교비회계자금계산서,2017,6792,0,8
대학정보공시,0703,교비회계자금계산서,2018,6715,0,0
대학정보공시,0703,교비회계자금계산서,2019,6700,0,0
대학정보공시,0703,교비회계자금계산서,2020,8575,0,0
대학정보공시,0703,교비회계자금계산서,2021,9302,0,0
대학정보공시,0703,교비회계자금계산서,2022,10747,0,0
대학정보공시,0703,교비회계자금계산서,2023,11282,0,0
대학정보공시,0703,교비회계자금계산서,2024,11371,0,0
대학정보공시,0703,교비회계자금계산서,2025,11315,0,0
대학정보공시,0704,교비회계자금예산서,2009,6136,0,476
대학정보공시,0704,교비회계자금예산서,2010,6494,0,0
대학정보공시,0704,교비회계자금예산서,2011,6562,0,0
대학정보공시,0704,교비회계자금예산서,2012,6443,0,0
대학정보공시,0704,교비회계자금예산서,2013,6143,0,0
대학정보공시,0704,교비회계자금예산서,2014,6694,0,0
대학정보공시,0704,교비회계자금예산서,2015,6731,0,0
대학정보공시,0704,교비회계자금예산서,2016,6705,0,0
대학정보공시,0704,교비회계자금예산서,2017,6715,0,5
대학정보공시,0704,교비회계자금예산서,2018,6617,0,0
대학정보공시,0704,교비회계자금예산서,2019,6599,0,0
대학정보공시,0704,교비회계자금예산서,2020,7252,0,0
대학정보공시,0704,교비회계자금예산서,2021,8464,0,0
대학정보공시,0704,교비회계자금예산서,2022,8542,0,0
대학정보공시,0704,교비회계자금예산서,2023,9217,0,0
대학정보공시,0704,교비회계자금예산서,2024,9188,0,0
대학정보공시,0704,교비회계자금예산서,2025,9125,0,0
대학정보공시,0705,국공립대기성회계급여보조성인건비현황,2011,52,0,0
대학정보공시,0705,국공립대기성회계급여보조성인건비현황,2012,52,0,0
대학정보공시,0705,국공립대기성회계급여보조성인건비현황,2013,50,0,0
대학정보공시,0705,국공립대기성회계급여보조성인건비현황,2014,48,0,0
대학정보공시,0706,국공립대대학회계결산_기성회계세출현황,2009,120,0,8
대학정보공시,0706,국공립대대학회계결산_기성회계세출현황,2010,112,0,0
대학정보공시,0706,국공립대대학회계결산_기성회계세출현황,2011,118,0,0
대학정보공시,0706,국공립대대학회계결산_기성회계세출현황,2012,127,0,0
대학정보공시,0706,국공립대대학회계결산_기성회계세출현황,2013,106,0,0
대학정보공시,0706,국공립대대학회계결산_기성회계세출현황,2014,104,0,0
대학정보공시,0706,국공립대대학회계결산_기성회계세출현황,2015,520,0,0
대학정보공시,0706,국공립대대학회계결산_기성회계세출현황,2016,1082,0,0
대학정보공시,0706,국공립대대학회계결산_기성회계세출현황,2017,1175,0,0
대학정보공시,0706,국공립대대학회계결산_기성회계세출현황,2018,1173,0,0
대학정보공시,0706,국공립대대학회계결산_기성회계세출현황,2019,1079,0,0
대학정보공시,0706,국공립대대학회계결산_기성회계세출현황,2020,1053,0,0
대학정보공시,0706,국공립대대학회계결산_기성회계세출현황,2021,1328,0,0
대학정보공시,0706,국공립대대학회계결산_기성회계세출현황,2022,2037,0,0
대학정보공시,0706,국공립대대학회계결산_기성회계세출현황,2023,2073,0,0
대학정보공시,0706,국공립대대학회계결산_기성회계세출현황,2024,2038,0,0
대학정보공시,0706,국공립대대학회계결산_기성회계세출현황,2025,1996,0,0
대학정보공시,0707,국공립대대학회계예산_기성회계세입현황,2009,120,0,8
대학정보공시,0707,국공립대대학회계예산_기성회계세입현황,2010,112,0,0
대학정보공시,0707,국공립대대학회계예산_기성회계세입현황,2011,120,0,0
대학정보공시,0707,국공립대대학회계예산_기성회계세입현황,2012,127,0,0
대학정보공시,0707,국공립대대학회계예산_기성회계세입현황,2013,106,0,0
대학정보공시,0707,국공립대대학회계예산_기성회계세입현황,2014,104,0,0
대학정보공시,0707,국공립대대학회계예산_기성회계세입현황,2015,558,0,0
대학정보공시,0707,국공립대대학회계예산_기성회계세입현황,2016,1121,0,0
대학정보공시,0707,국공립대대학회계예산_기성회계세입현황,2017,1142,0,0
대학정보공시,0707,국공립대대학회계예산_기성회계세입현황,2018,967,0,0
대학정보공시,0707,국공립대대학회계예산_기성회계세입현황,2019,1232,0,0
대학정보공시,0707,국공립대대학회계예산_기성회계세입현황,2020,1252,0,0
대학정보공시,0707,국공립대대학회계예산_기성회계세입현황,2021,2019,0,0
대학정보공시,0707,국공립대대학회계예산_기성회계세입현황,2022,2078,0,0
대학정보공시,0707,국공립대대학회계예산_기성회계세입현황,2023,1997,0,0
대학정보공시,0707,국공립대대학회계예산_기성회계세입현황,2024,2035,0,0
대학정보공시,0707,국공립대대학회계예산_기성회계세입현황,2025,2018,0,0
대학정보공시,0708,국공립대발전기금회계결산_발전기금회계세출 현황,2009,105,0,7
대학정보공시,0708,국공립대발전기금회계결산_발전기금회계세출 현황,2010,105,0,0
대학정보공시,0708,국공립대발전기금회계결산_발전기금회계세출 현황,2011,103,0,0
대학정보공시,0708,국공립대발전기금회계결산_발전기금회계세출 현황,2012,105,0,2
대학정보공시,0708,국공립대발전기금회계결산_발전기금회계세출 현황,2013,100,0,2
대학정보공시,0708,국공립대발전기금회계결산_발전기금회계세출 현황,2014,93,0,0
대학정보공시,0708,국공립대발전기금회계결산_발전기금회계세출 현황,2015,468,0,0
대학정보공시,0708,국공립대발전기금회계결산_발전기금회계세출 현황,2016,474,0,0
대학정보공시,0708,국공립대발전기금회계결산_발전기금회계세출 현황,2017,480,0,0
대학정보공시,0708,국공립대발전기금회계결산_발전기금회계세출 현황,2018,487,0,0
대학정보공시,0708,국공립대발전기금회계결산_발전기금회계세출 현황,2019,527,0,0
대학정보공시,0708,국공립대발전기금회계결산_발전기금회계세출 현황,2020,547,0,0
대학정보공시,0708,국공립대발전기금회계결산_발전기금회계세출 현황,2021,556,0,0
대학정보공시,0708,국공립대발전기금회계결산_발전기금회계세출 현황,2022,545,0,0
대학정보공시,0708,국공립대발전기금회계결산_발전기금회계세출 현황,2023,543,0,0
대학정보공시,0708,국공립대발전기금회계결산_발전기금회계세출 현황,2024,552,0,0
대학정보공시,0708,국공립대발전기금회계결산_발전기금회계세출 현황,2025,660,0,0
대학정보공시,0709,국공립대발전기금회계예산_발전기금회계세입 현황,2009,107,0,8
대학정보공시,0709,국공립대발전기금회계예산_발전기금회계세입 현황,2010,104,0,0
대학정보공시,0709,국공립대발전기금회계예산_발전기금회계세입 현황,2011,105,0,0
대학정보공시,0709,국공립대발전기금회계예산_발전기금회계세입 현황,2012,109,0,2
대학정보공시,0709,국공립대발전기금회계예산_발전기금회계세입 현황,2013,102,0,2
대학정보공시,0709,국공립대발전기금회계예산_발전기금회계세입 현황,2014,97,0,0
대학정보공시,0709,국공립대발전기금회계예산_발전기금회계세입 현황,2015,488,0,0
대학정보공시,0709,국공립대발전기금회계예산_발전기금회계세입 현황,2016,484,0,0
대학정보공시,0709,국공립대발전기금회계예산_발전기금회계세입 현황,2017,500,0,0
대학정보공시,0709,국공립대발전기금회계예산_발전기금회계세입 현황,2018,499,0,0
대학정보공시,0709,국공립대발전기금회계예산_발전기금회계세입 현황,2019,524,0,0
대학정보공시,0709,국공립대발전기금회계예산_발전기금회계세입 현황,2020,514,0,0
대학정보공시,0709,국공립대발전기금회계예산_발전기금회계세입 현황,2021,527,0,0
대학정보공시,0709,국공립대발전기금회계예산_발전기금회계세입 현황,2022,518,0,0
대학정보공시,0709,국공립대발전기금회계예산_발전기금회계세입 현황,2023,520,0,0
대학정보공시,0709,국공립대발전기금회계예산_발전기금회계세입 현황,2024,598,0,0
대학정보공시,0709,국공립대발전기금회계예산_발전기금회계세입 현황,2025,660,0,0
대학정보공시,0710,국공립대일반회계세입현황,2009,1175,0,48
대학정보공시,0710,국공립대일반회계세입현황,2010,860,0,0
대학정보공시,0710,국공립대일반회계세입현황,2011,815,0,0
대학정보공시,0710,국공립대일반회계세입현황,2012,898,0,0
대학정보공시,0710,국공립대일반회계세입현황,2013,659,0,0
대학정보공시,0710,국공립대일반회계세입현황,2014,616,0,0
대학정보공시,0710,국공립대일반회계세입현황,2015,611,0,0
대학정보공시,0710,국공립대일반회계세입현황,2016,433,0,0
대학정보공시,0711,국공립대일반회계세출현황,2009,950,0,54
대학정보공시,0711,국공립대일반회계세출현황,2010,843,0,0
대학정보공시,0711,국공립대일반회계세출현황,2011,817,0,0
대학정보공시,0711,국공립대일반회계세출현황,2012,939,0,0
대학정보공시,0711,국공립대일반회계세출현황,2013,620,0,0
대학정보공시,0711,국공립대일반회계세출현황,2014,506,0,0
대학정보공시,0711,국공립대일반회계세출현황,2015,486,0,0
대학정보공시,0711,국공립대일반회계세출현황,2016,433,0,0
대학정보공시,0712,기부금현황,2009,1090,0,49
대학정보공시,0712,기부금현황,2010,1127,0,0
대학정보공시,0712,기부금현황,2011,1124,0,0
대학정보공시,0712,기부금현황,2012,1106,0,0
대학정보공시,0712,기부금현황,2013,1111,0,3
대학정보공시,0712,기부금현황,2014,1071,0,0
대학정보공시,0712,기부금현황,2015,1071,0,0
대학정보공시,0712,기부금현황,2016,1077,0,3
대학정보공시,0712,기부금현황,2017,1078,0,1
대학정보공시,0712,기부금현황,2018,1063,0,0
대학정보공시,0712,기부금현황,2019,1065,0,0
대학정보공시,0712,기부금현황,2020,1047,0,0
대학정보공시,0712,기부금현황,2021,1049,0,0
대학정보공시,0712,기부금현황,2022,1057,0,0
대학정보공시,0712,기부금현황,2023,1051,0,0
대학정보공시,0712,기부금현황,2024,1057,0,0
대학정보공시,0712,기부금현황,2025,1054,0,0
대학정보공시,0713,등록금납부제도현황,2010,2441,0,0
대학정보공시,0713,등록금납부제도현황,2011,2412,0,5
대학정보공시,0713,등록금납부제도현황,2012,2399,0,0
대학정보공시,0713,등록금납부제도현황,2013,2440,0,11
대학정보공시,0713,등록금납부제도현황,2014,2396,0,0
대학정보공시,0713,등록금납부제도현황,2015,3469,0,0
대학정보공시,0713,등록금납부제도현황,2016,3609,0,0
대학정보공시,0713,등록금납부제도현황,2017,3562,0,15
대학정보공시,0713,등록금납부제도현황,2018,3406,0,0
대학정보공시,0713,등록금납부제도현황,2019,3362,0,0
대학정보공시,0713,등록금납부제도현황,2020,3589,0,0
대학정보공시,0713,등록금납부제도현황,2021,3048,0,0
대학정보공시,0713,등록금납부제도현황,2022,3056,0,0
대학정보공시,0713,등록금납부제도현황,2023,3041,0,0
대학정보공시,0713,등록금납부제도현황,2024,3042,0,0
대학정보공시,0713,등록금납부제도현황,2025,3020,0,0
대학정보공시,0714,등록금현황,2009,162202,0,1740
대학정보공시,0714,등록금현황,2010,142410,0,0
대학정보공시,0714,등록금현황,2011,148878,0,0
대학정보공시,0714,등록금현황,2012,149294,0,0
대학정보공시,0714,등록금현황,2013,162178,0,0
대학정보공시,0714,등록금현황,2014,127346,0,0
대학정보공시,0714,등록금현황,2015,138558,0,0
대학정보공시,0714,등록금현황,2016,148608,0,0
대학정보공시,0714,등록금현황,2017,159750,0,66
대학정보공시,0714,등록금현황,2018,162468,0,0
대학정보공시,0714,등록금현황,2019,165340,0,0
대학정보공시,0714,등록금현황,2020,170712,0,0
대학정보공시,0714,등록금현황,2021,176304,0,0
대학정보공시,0714,등록금현황,2022,183324,0,0
대학정보공시,0714,등록금현황,2023,193716,0,0
대학정보공시,0714,등록금현황,2024,207846,0,0
대학정보공시,0714,등록금현황,2025,223434,0,0
대학정보공시,0715,등록금현황_대학원,2009,214861,0,144
대학정보공시,0715,등록금현황_대학원,2010,235836,0,0
대학정보공시,0715,등록금현황_대학원,2011,210552,0,90
대학정보공시,0715,등록금현황_대학원,2012,212825,0,0
대학정보공시,0715,등록금현황_대학원,2013,280322,0,2610
대학정보공시,0715,등록금현황_대학원,2014,237272,0,955
대학정보공시,0715,등록금현황_대학원,2015,262504,0,432
대학정보공시,0715,등록금현황_대학원,2016,284227,0,1980
대학정보공시,0715,등록금현황_대학원,2017,296100,0,2232
대학정보공시,0715,등록금현황_대학원,2018,303102,0,2664
대학정보공시,0715,등록금현황_대학원,2019,309440,0,2682
대학정보공시,0715,등록금현황_대학원,2020,318492,0,1998
대학정보공시,0715,등록금현황_대학원,2021,325242,0,1764
대학정보공시,0715,등록금현황_대학원,2022,333522,0,2664
대학정보공시,0715,등록금현황_대학원,2023,339678,0,4896
대학정보공시,0715,등록금현황_대학원,2024,350298,0,5094
대학정보공시,0715,등록금현황_대학원,2025,359730,0,4050
대학정보공시,0716,법인회계대차대조표,2009,2239,0,168
대학정보공시,0716,법인회계대차대조표,2010,2277,0,0
대학정보공시,0716,법인회계대차대조표,2011,2280,0,0
대학정보공시,0716,법인회계대차대조표,2012,2256,0,0
대학정보공시,0716,법인회계대차대조표,2013,2219,0,0
대학정보공시,0716,법인회계대차대조표,2014,2228,0,0
대학정보공시,0716,법인회계대차대조표,2015,2228,0,0
대학정보공시,0716,법인회계대차대조표,2016,2236,0,6
대학정보공시,0716,법인회계대차대조표,2017,2237,0,6
대학정보공시,0716,법인회계대차대조표,2018,2209,0,0
대학정보공시,0716,법인회계대차대조표,2019,2206,0,0
대학정보공시,0716,법인회계대차대조표,2020,2163,0,0
대학정보공시,0716,법인회계대차대조표,2021,2186,0,0
대학정보공시,0716,법인회계대차대조표,2022,2211,0,0
대학정보공시,0716,법인회계대차대조표,2023,2196,0,0
대학정보공시,0716,법인회계대차대조표,2024,2550,0,0
대학정보공시,0716,법인회계대차대조표,2025,2537,0,0
대학정보공시,0717,법인회계운영계산서,2009,5223,0,392
대학정보공시,0717,법인회계운영계산서,2010,5309,0,0
대학정보공시,0717,법인회계운영계산서,2011,5320,0,0
대학정보공시,0717,법인회계운영계산서,2012,5252,0,0
대학정보공시,0717,법인회계운영계산서,2013,5167,0,0
대학정보공시,0717,법인회계운영계산서,2014,5150,0,0
대학정보공시,0717,법인회계운영계산서,2015,5128,0,0
대학정보공시,0717,법인회계운영계산서,2016,5131,0,14
대학정보공시,0717,법인회계운영계산서,2017,5096,0,11
대학정보공시,0717,법인회계운영계산서,2018,5047,0,0
대학정보공시,0717,법인회계운영계산서,2019,5065,0,0
대학정보공시,0717,법인회계운영계산서,2020,4943,0,0
대학정보공시,0717,법인회계운영계산서,2021,5003,0,0
대학정보공시,0717,법인회계운영계산서,2022,5035,0,0
대학정보공시,0717,법인회계운영계산서,2023,4995,0,0
대학정보공시,0717,법인회계운영계산서,2024,5036,0,0
대학정보공시,0717,법인회계운영계산서,2025,5017,0,0
대학정보공시,0718,법인회계자금계산서,2009,4850,0,364
대학정보공시,0718,법인회계자금계산서,2010,4930,0,0
대학정보공시,0718,법인회계자금계산서,2011,4940,0,0
대학정보공시,0718,법인회계자금계산서,2012,4886,0,0
대학정보공시,0718,법인회계자금계산서,2013,4805,0,0
대학정보공시,0718,법인회계자금계산서,2014,4781,0,0
대학정보공시,0718,법인회계자금계산서,2015,4776,0,0
대학정보공시,0718,법인회계자금계산서,2016,4789,0,13
대학정보공시,0718,법인회계자금계산서,2017,4781,0,11
대학정보공시,0718,법인회계자금계산서,2018,4726,0,0
대학정보공시,0718,법인회계자금계산서,2019,4738,0,0
대학정보공시,0718,법인회계자금계산서,2020,4636,0,0
대학정보공시,0718,법인회계자금계산서,2021,4686,0,0
대학정보공시,0718,법인회계자금계산서,2022,6472,0,0
대학정보공시,0718,법인회계자금계산서,2023,6418,0,0
대학정보공시,0718,법인회계자금계산서,2024,6482,0,0
대학정보공시,0718,법인회계자금계산서,2025,6430,0,0
대학정보공시,0719,법인회계자금예산서,2009,5266,0,392
대학정보공시,0719,법인회계자금예산서,2010,5307,0,0
대학정보공시,0719,법인회계자금예산서,2011,5362,0,0
대학정보공시,0719,법인회계자금예산서,2012,5264,0,0
대학정보공시,0719,법인회계자금예산서,2013,5072,0,0
대학정보공시,0719,법인회계자금예산서,2014,4979,0,0
대학정보공시,0719,법인회계자금예산서,2015,4996,0,0
대학정보공시,0719,법인회계자금예산서,2016,4974,0,0
대학정보공시,0719,법인회계자금예산서,2017,4983,0,5
대학정보공시,0719,법인회계자금예산서,2018,4932,0,0
대학정보공시,0719,법인회계자금예산서,2019,5594,0,0
대학정보공시,0719,법인회계자금예산서,2020,5577,0,0
대학정보공시,0719,법인회계자금예산서,2021,5477,0,0
대학정보공시,0719,법인회계자금예산서,2022,5544,0,0
대학정보공시,0719,법인회계자금예산서,2023,5534,0,0
대학정보공시,0719,법인회계자금예산서,2024,5517,0,0
대학정보공시,0719,법인회계자금예산서,2025,5482,0,0
대학정보공시,0720,산학협력단운영수익현황,2011,337,0,0
대학정보공시,0720,산학협력단운영수익현황,2012,338,0,0
대학정보공시,0721,산학협력단회계대차대조표,2009,1659,0,65
대학정보공시,0721,산학협력단회계대차대조표,2010,1729,0,0
대학정보공시,0721,산학협력단회계대차대조표,2011,1737,0,0
대학정보공시,0721,산학협력단회계대차대조표,2012,1730,0,0
대학정보공시,0721,산학협력단회계대차대조표,2013,1732,0,0
대학정보공시,0721,산학협력단회계대차대조표,2014,2373,0,0
대학정보공시,0721,산학협력단회계대차대조표,2015,2395,0,0
대학정보공시,0721,산학협력단회계대차대조표,2016,2425,0,7
대학정보공시,0721,산학협력단회계대차대조표,2017,2424,0,0
대학정보공시,0721,산학협력단회계대차대조표,2018,2403,0,0
대학정보공시,0721,산학협력단회계대차대조표,2019,2502,0,0
대학정보공시,0721,산학협력단회계대차대조표,2020,2427,0,0
대학정보공시,0721,산학협력단회계대차대조표,2021,2460,0,0
대학정보공시,0721,산학협력단회계대차대조표,2022,2419,0,0
대학정보공시,0721,산학협력단회계대차대조표,2023,2425,0,0
대학정보공시,0721,산학협력단회계대차대조표,2024,2433,0,0
대학정보공시,0721,산학협력단회계대차대조표,2025,2437,0,0
대학정보공시,0722,산학협력단회계운영계산서,2009,2980,0,117
대학정보공시,0722,산학협력단회계운영계산서,2010,3098,0,0
대학정보공시,0722,산학협력단회계운영계산서,2011,3132,0,0
대학정보공시,0722,산학협력단회계운영계산서,2012,3136,0,0
대학정보공시,0722,산학협력단회계운영계산서,2013,3108,0,0
대학정보공시,0722,산학협력단회계운영계산서,2014,4072,0,0
대학정보공시,0722,산학협력단회계운영계산서,2015,4108,0,0
대학정보공시,0722,산학협력단회계운영계산서,2016,4163,0,12
대학정보공시,0722,산학협력단회계운영계산서,2017,4159,0,0
대학정보공시,0722,산학협력단회계운영계산서,2018,4130,0,0
대학정보공시,0722,산학협력단회계운영계산서,2019,4235,0,0
대학정보공시,0722,산학협력단회계운영계산서,2020,4156,0,0
대학정보공시,0722,산학협력단회계운영계산서,2021,4187,0,0
대학정보공시,0722,산학협력단회계운영계산서,2022,4143,0,0
대학정보공시,0722,산학협력단회계운영계산서,2023,4155,0,0
대학정보공시,0722,산학협력단회계운영계산서,2024,4170,0,0
대학정보공시,0722,산학협력단회계운영계산서,2025,4168,0,0
대학정보공시,0723,산학협력단회계자금수지계산서,2009,3987,0,157
대학정보공시,0723,산학협력단회계자금수지계산서,2010,4119,0,0
대학정보공시,0723,산학협력단회계자금수지계산서,2011,4173,0,0
대학정보공시,0723,산학협력단회계자금수지계산서,2012,4189,0,0
대학정보공시,0723,산학협력단회계자금수지계산서,2013,4143,0,0
대학정보공시,0723,산학협력단회계자금수지계산서,2014,8813,0,0
대학정보공시,0723,산학협력단회계자금수지계산서,2015,8891,0,0
대학정보공시,0723,산학협력단회계자금수지계산서,2016,9009,0,26
대학정보공시,0723,산학협력단회계자금수지계산서,2017,8996,0,0
대학정보공시,0723,산학협력단회계자금수지계산서,2018,8919,0,0
대학정보공시,0723,산학협력단회계자금수지계산서,2019,8974,0,0
대학정보공시,0723,산학협력단회계자금수지계산서,2020,8950,0,0
대학정보공시,0723,산학협력단회계자금수지계산서,2021,9021,0,0
대학정보공시,0723,산학협력단회계자금수지계산서,2022,8951,0,0
대학정보공시,0723,산학협력단회계자금수지계산서,2023,9009,0,0
대학정보공시,0723,산학협력단회계자금수지계산서,2024,8978,0,0
대학정보공시,0723,산학협력단회계자금수지계산서,2025,9000,0,0
대학정보공시,0724,산학협력단회계현금예산서,2009,4548,0,191
대학정보공시,0724,산학협력단회계현금예산서,2010,4483,0,0
대학정보공시,0724,산학협력단회계현금예산서,2011,4519,0,0
대학정보공시,0724,산학협력단회계현금예산서,2012,4517,0,0
대학정보공시,0724,산학협력단회계현금예산서,2013,11897,0,0
대학정보공시,0724,산학협력단회계현금예산서,2014,9149,0,0
대학정보공시,0724,산학협력단회계현금예산서,2015,9313,0,0
대학정보공시,0724,산학협력단회계현금예산서,2016,9328,0,0
대학정보공시,0724,산학협력단회계현금예산서,2017,9339,0,27
대학정보공시,0724,산학협력단회계현금예산서,2018,9262,0,0
대학정보공시,0724,산학협력단회계현금예산서,2019,9285,0,0
대학정보공시,0724,산학협력단회계현금예산서,2020,9405,0,0
대학정보공시,0724,산학협력단회계현금예산서,2021,9300,0,0
대학정보공시,0724,산학협력단회계현금예산서,2022,9280,0,0
대학정보공시,0724,산학협력단회계현금예산서,2023,9382,0,0
대학정보공시,0724,산학협력단회계현금예산서,2024,9343,0,0
대학정보공시,0724,산학협력단회계현금예산서,2025,9344,0,0
대학정보공시,0725,예결산합산재무제표현황,2009,1213,0,58
대학정보공시,0725,예결산합산재무제표현황,2010,1142,0,0
대학정보공시,0725,예결산합산재무제표현황,2011,1159,0,0
대학정보공시,0725,예결산합산재무제표현황,2012,1159,0,0
대학정보공시,0725,예결산합산재무제표현황,2013,1130,0,0
대학정보공시,0725,예결산합산재무제표현황,2014,1097,0,0
대학정보공시,0725,예결산합산재무제표현황,2015,1103,0,0
대학정보공시,0725,예결산합산재무제표현황,2016,1104,0,3
대학정보공시,0725,예결산합산재무제표현황,2017,1099,0,2
대학정보공시,0725,예결산합산재무제표현황,2018,1086,0,0
대학정보공시,0725,예결산합산재무제표현황,2019,1082,0,0
대학정보공시,0725,예결산합산재무제표현황,2020,1083,0,0
대학정보공시,0725,예결산합산재무제표현황,2021,1067,0,0
대학정보공시,0725,예결산합산재무제표현황,2022,1086,0,0
대학정보공시,0725,예결산합산재무제표현황,2023,1077,0,0
대학정보공시,0725,예결산합산재무제표현황,2024,1077,0,0
대학정보공시,0725,예결산합산재무제표현황,2025,1071,0,0
대학정보공시,0726,입학전형료수입현황,2010,2750,0,0
대학정보공시,0726,입학전형료수입현황,2011,2796,0,1
대학정보공시,0726,입학전형료수입현황,2012,2869,0,0
대학정보공시,0726,입학전형료수입현황,2013,2194,0,2
대학정보공시,0726,입학전형료수입현황,2014,2088,0,5
대학정보공시,0726,입학전형료수입현황,2015,2071,0,1
대학정보공시,0726,입학전형료수입현황,2016,2090,0,3
대학정보공시,0726,입학전형료수입현황,2017,2062,0,2
대학정보공시,0726,입학전형료수입현황,2018,2059,0,1
대학정보공시,0726,입학전형료수입현황,2019,1990,0,1
대학정보공시,0726,입학전형료수입현황,2020,1973,0,0
대학정보공시,0726,입학전형료수입현황,2021,1964,0,0
대학정보공시,0726,입학전형료수입현황,2022,669,0,0
대학정보공시,0726,입학전형료수입현황,2023,671,0,0
대학정보공시,0726,입학전형료수입현황,2024,658,0,0
대학정보공시,0726,입학전형료수입현황,2025,657,0,0
대학정보공시,0727,입학전형료지출현황,2010,8922,0,0
대학정보공시,0727,입학전형료지출현황,2011,9270,0,12
대학정보공시,0727,입학전형료지출현황,2012,9582,0,6
대학정보공시,0727,입학전형료지출현황,2013,4744,0,3
대학정보공시,0727,입학전형료지출현황,2014,4940,0,8
대학정보공시,0727,입학전형료지출현황,2015,8101,0,4
대학정보공시,0727,입학전형료지출현황,2016,8337,0,6
대학정보공시,0727,입학전형료지출현황,2017,7902,0,7
대학정보공시,0727,입학전형료지출현황,2018,7879,0,0
대학정보공시,0727,입학전형료지출현황,2019,10261,0,25
대학정보공시,0727,입학전형료지출현황,2020,9955,0,0
대학정보공시,0727,입학전형료지출현황,2021,9514,0,0
대학정보공시,0727,입학전형료지출현황,2022,3822,0,0
대학정보공시,0727,입학전형료지출현황,2023,3818,0,0
대학정보공시,0727,입학전형료지출현황,2024,3711,0,0
대학정보공시,0727,입학전형료지출현황,2025,3671,0,0
대학정보공시,0728,적립금현황,2009,1066,0,10
대학정보공시,0728,적립금현황,2010,1172,0,0
대학정보공시,0728,적립금현황,2011,1304,0,0
대학정보공시,0728,적립금현황,2012,1384,0,0
대학정보공시,0728,적립금현황,2013,7510,0,0
대학정보공시,0728,적립금현황,2014,7460,0,0
대학정보공시,0728,적립금현황,2015,7438,0,0
대학정보공시,0728,적립금현황,2016,7440,0,20
대학정보공시,0728,적립금현황,2017,7460,0,20
대학정보공시,0728,적립금현황,2018,7320,0,0
대학정보공시,0728,적립금현황,2019,7360,0,0
대학정보공시,0728,적립금현황,2020,6970,0,0
대학정보공시,0728,적립금현황,2021,7380,0,0
대학정보공시,0728,적립금현황,2022,7400,0,0
대학정보공시,0728,적립금현황,2023,7380,0,0
대학정보공시,0728,적립금현황,2024,7420,0,0
대학정보공시,0728,적립금현황,2025,7380,0,0
대학정보공시,0729,총장이사장상근이사업무추진비사용현황,2021,16571,0,0
대학정보공시,0729,총장이사장상근이사업무추진비사용현황,2022,45705,0,0
대학정보공시,0729,총장이사장상근이사업무추진비사용현황,2023,37021,0,0
대학정보공시,0729,총장이사장상근이사업무추진비사용현황,2024,36205,0,0
대학정보공시,0729,총장이사장상근이사업무추진비사용현황,2025,38638,0,0
대학정보공시,0801,학생1인당교육비산정근거_국공립대학,2010,113,0,0
대학정보공시,0801,학생1인당교육비산정근거_국공립대학,2011,57,0,0
대학정보공시,0801,학생1인당교육비산정근거_국공립대학,2012,58,0,1
대학정보공시,0801,학생1인당교육비산정근거_국공립대학,2013,50,0,1
대학정보공시,0801,학생1인당교육비산정근거_국공립대학,2014,39,0,0
대학정보공시,0801,학생1인당교육비산정근거_국공립대학,2015,51,0,0
대학정보공시,0801,학생1인당교육비산정근거_국공립대학,2016,50,0,0
대학정보공시,0801,학생1인당교육비산정근거_국공립대학,2017,102,0,0
대학정보공시,0801,학생1인당교육비산정근거_국공립대학,2018,57,0,0
대학정보공시,0801,학생1인당교육비산정근거_국공립대학,2019,58,0,0
대학정보공시,0801,학생1인당교육비산정근거_국공립대학,2020,52,0,1
대학정보공시,0801,학생1인당교육비산정근거_국공립대학,2021,50,0,0
대학정보공시,0801,학생1인당교육비산정근거_국공립대학,2022,60,0,1
대학정보공시,0801,학생1인당교육비산정근거_국공립대학,2023,60,0,1
대학정보공시,0801,학생1인당교육비산정근거_국공립대학,2024,59,0,0
대학정보공시,0801,학생1인당교육비산정근거_국공립대학,2025,59,0,0
대학정보공시,0802,학생1인당교육비산정근거_사립대학,2010,757,0,0
대학정보공시,0802,학생1인당교육비산정근거_사립대학,2011,379,0,0
대학정보공시,0802,학생1인당교육비산정근거_사립대학,2012,385,0,0
대학정보공시,0802,학생1인당교육비산정근거_사립대학,2013,376,0,0
대학정보공시,0802,학생1인당교육비산정근거_사립대학,2014,374,0,0
대학정보공시,0802,학생1인당교육비산정근거_사립대학,2015,373,0,0
대학정보공시,0802,학생1인당교육비산정근거_사립대학,2016,376,0,1
대학정보공시,0802,학생1인당교육비산정근거_사립대학,2017,375,0,1
대학정보공시,0802,학생1인당교육비산정근거_사립대학,2018,371,0,0
대학정보공시,0802,학생1인당교육비산정근거_사립대학,2019,369,0,0
대학정보공시,0802,학생1인당교육비산정근거_사립대학,2020,363,0,0
대학정보공시,0802,학생1인당교육비산정근거_사립대학,2021,367,0,0
대학정보공시,0802,학생1인당교육비산정근거_사립대학,2022,371,0,0
대학정보공시,0802,학생1인당교육비산정근거_사립대학,2023,369,0,0
대학정보공시,0802,학생1인당교육비산정근거_사립대학,2024,371,0,0
대학정보공시,0802,학생1인당교육비산정근거_사립대학,2025,369,0,0
대학정보공시,0901,학교특성화현황,2009,990,0,6
대학정보공시,0901,학교특성화현황,2010,906,0,0
대학정보공시,0901,학교특성화현황,2011,991,0,0
대학정보공시,0901,학교특성화현황,2012,908,0,0
대학정보공시,0901,학교특성화현황,2013,870,0,0
대학정보공시,0901,학교특성화현황,2014,806,0,0
대학정보공시,0901,학교특성화현황,2015,4749,0,0
대학정보공시,0901,학교특성화현황,2016,4954,0,0
대학정보공시,0901,학교특성화현황,2017,4502,0,0
대학정보공시,0901,학교특성화현황,2018,4596,0,0
대학정보공시,0901,학교특성화현황,2019,4602,0,0
대학정보공시,0901,학교특성화현황,2020,4534,0,0
대학정보공시,1001,강좌당학생현황,2009,1081,0,66
대학정보공시,1001,강좌당학생현황,2010,1100,0,0
대학정보공시,1001,강좌당학생현황,2011,1113,0,3
대학정보공시,1001,강좌당학생현황,2012,1365,0,4
대학정보공시,1001,강좌당학생현황,2013,892,0,0
대학정보공시,1001,강좌당학생현황,2014,885,0,0
대학정보공시,1001,강좌당학생현황,2015,797,0,0
대학정보공시,1001,강좌당학생현황,2016,794,0,0
대학정보공시,1001,강좌당학생현황,2017,793,0,2
대학정보공시,1001,강좌당학생현황,2018,786,0,0
대학정보공시,1001,강좌당학생현황,2019,782,0,0
대학정보공시,1001,강좌당학생현황,2020,783,0,0
대학정보공시,1001,강좌당학생현황,2021,391,0,0
대학정보공시,1001,강좌당학생현황,2022,786,0,0
대학정보공시,1001,강좌당학생현황,2023,781,0,0
대학정보공시,1001,강좌당학생현황,2024,1425,0,0
대학정보공시,1001,강좌당학생현황,2025,1416,0,0
대학정보공시,1002,공동활용연구장비운영현황,2011,9814,0,5
대학정보공시,1002,공동활용연구장비운영현황,2012,8592,0,14
대학정보공시,1002,공동활용연구장비운영현황,2013,8516,0,58
대학정보공시,1002,공동활용연구장비운영현황,2014,9809,0,0
대학정보공시,1002,공동활용연구장비운영현황,2015,8279,0,0
대학정보공시,1002,공동활용연구장비운영현황,2016,8351,0,0
대학정보공시,1002,공동활용연구장비운영현황,2017,8471,0,0
대학정보공시,1002,공동활용연구장비운영현황,2018,9457,0,0
대학정보공시,1002,공동활용연구장비운영현황,2019,9894,0,0
대학정보공시,1002,공동활용연구장비운영현황,2020,12319,0,0
대학정보공시,1002,공동활용연구장비운영현황,2021,9729,0,0
대학정보공시,1002,공동활용연구장비운영현황,2022,9870,0,0
대학정보공시,1002,공동활용연구장비운영현황,2023,9868,0,0
대학정보공시,1002,공동활용연구장비운영현황,2024,10120,0,0
대학정보공시,1002,공동활용연구장비운영현황,2025,10185,0,0
대학정보공시,1003,교원강의담당비율,2009,46757,0,515
대학정보공시,1003,교원강의담당비율,2010,48576,0,0
대학정보공시,1003,교원강의담당비율,2011,49631,0,0
대학정보공시,1003,교원강의담당비율,2012,50125,0,8
대학정보공시,1003,교원강의담당비율,2013,50409,0,0
대학정보공시,1003,교원강의담당비율,2014,49653,0,88
대학정보공시,1003,교원강의담당비율,2015,50557,0,4
대학정보공시,1003,교원강의담당비율,2016,50489,0,8
대학정보공시,1003,교원강의담당비율,2017,51418,0,30
대학정보공시,1003,교원강의담당비율,2018,50715,0,7
대학정보공시,1003,교원강의담당비율,2019,50342,0,22
대학정보공시,1003,교원강의담당비율,2020,49087,0,8
대학정보공시,1003,교원강의담당비율,2021,25318,0,0
대학정보공시,1003,교원강의담당비율,2022,51308,0,4
대학정보공시,1003,교원강의담당비율,2023,51549,0,0
대학정보공시,1003,교원강의담당비율,2024,55705,0,0
대학정보공시,1003,교원강의담당비율,2025,56227,0,0
대학정보공시,1004,교원의창업및창업지원현황,2010,313,0,0
대학정보공시,1004,교원의창업및창업지원현황,2011,300,0,0
대학정보공시,1004,교원의창업및창업지원현황,2012,369,0,0
대학정보공시,1004,교원의창업및창업지원현황,2013,117,0,0
대학정보공시,1004,교원의창업및창업지원현황,2014,157,0,0
대학정보공시,1004,교원의창업및창업지원현황,2015,168,0,0
대학정보공시,1004,교원의창업및창업지원현황,2016,119,0,0
대학정보공시,1004,교원의창업및창업지원현황,2017,187,0,0
대학정보공시,1004,교원의창업및창업지원현황,2018,225,0,0
대학정보공시,1004,교원의창업및창업지원현황,2019,226,0,0
대학정보공시,1004,교원의창업및창업지원현황,2020,237,0,0
대학정보공시,1004,교원의창업및창업지원현황,2021,240,0,0
대학정보공시,1004,교원의창업및창업지원현황,2022,237,0,0
대학정보공시,1004,교원의창업및창업지원현황,2023,247,0,0
대학정보공시,1004,교원의창업및창업지원현황,2024,246,0,0
대학정보공시,1004,교원의창업및창업지원현황,2025,241,0,0
대학정보공시,1005,기술이전수입료및계약실적,2009,122,0,4
대학정보공시,1005,기술이전수입료및계약실적,2010,351,0,0
대학정보공시,1005,기술이전수입료및계약실적,2011,438,0,1
대학정보공시,1005,기술이전수입료및계약실적,2012,362,0,1
대학정보공시,1005,기술이전수입료및계약실적,2013,129,0,1
대학정보공시,1005,기술이전수입료및계약실적,2014,131,0,0
대학정보공시,1005,기술이전수입료및계약실적,2015,136,0,0
대학정보공시,1005,기술이전수입료및계약실적,2016,137,0,0
대학정보공시,1005,기술이전수입료및계약실적,2017,143,0,0
대학정보공시,1005,기술이전수입료및계약실적,2018,154,0,0
대학정보공시,1005,기술이전수입료및계약실적,2019,150,0,0
대학정보공시,1005,기술이전수입료및계약실적,2020,147,0,0
대학정보공시,1005,기술이전수입료및계약실적,2021,162,0,0
대학정보공시,1005,기술이전수입료및계약실적,2022,148,0,0
대학정보공시,1005,기술이전수입료및계약실적,2023,145,0,0
대학정보공시,1005,기술이전수입료및계약실적,2024,159,0,0
대학정보공시,1005,기술이전수입료및계약실적,2025,163,0,0
대학정보공시,1006,기술지주회사운영현황,2011,17,0,0
대학정보공시,1006,기술지주회사운영현황,2012,26,0,0
대학정보공시,1006,기술지주회사운영현황,2013,29,0,0
대학정보공시,1006,기술지주회사운영현황,2014,38,0,0
대학정보공시,1006,기술지주회사운영현황,2015,43,0,0
대학정보공시,1006,기술지주회사운영현황,2016,47,0,0
대학정보공시,1006,기술지주회사운영현황,2017,54,0,0
대학정보공시,1006,기술지주회사운영현황,2018,65,0,0
대학정보공시,1006,기술지주회사운영현황,2019,75,0,0
대학정보공시,1006,기술지주회사운영현황,2020,76,0,0
대학정보공시,1006,기술지주회사운영현황,2021,82,0,0
대학정보공시,1006,기술지주회사운영현황,2022,83,0,0
대학정보공시,1007,대학강의공개실적,2010,72,0,0
대학정보공시,1007,대학강의공개실적,2011,83,0,0
대학정보공시,1007,대학강의공개실적,2012,103,0,0
대학정보공시,1007,대학강의공개실적,2013,116,0,0
대학정보공시,1007,대학강의공개실적,2014,107,0,0
대학정보공시,1007,대학강의공개실적,2015,112,0,0
대학정보공시,1007,대학강의공개실적,2016,106,0,0
대학정보공시,1007,대학강의공개실적,2017,118,0,0
대학정보공시,1007,대학강의공개실적,2018,115,0,0
대학정보공시,1007,대학강의공개실적,2019,106,0,0
대학정보공시,1007,대학강의공개실적,2020,148,0,0
대학정보공시,1007,대학강의공개실적,2022,151,0,0
대학정보공시,1007,대학강의공개실적,2023,154,0,0
대학정보공시,1007,대학강의공개실적,2024,167,0,0
대학정보공시,1007,대학강의공개실적,2025,180,0,0
대학정보공시,1008,대학원격강좌현황,2012,3014,0,0
대학정보공시,1008,대학원격강좌현황,2013,887,0,0
대학정보공시,1008,대학원격강좌현황,2014,1117,0,0
대학정보공시,1008,대학원격강좌현황,2015,5282,0,0
대학정보공시,1008,대학원격강좌현황,2016,9360,0,0
대학정보공시,1008,대학원격강좌현황,2017,12261,0,0
대학정보공시,1008,대학원격강좌현황,2018,13536,0,0
대학정보공시,1008,대학원격강좌현황,2019,12296,0,0
대학정보공시,1008,대학원격강좌현황,2020,13609,0,0
대학정보공시,1008,대학원격강좌현황,2021,1962,0,0
대학정보공시,1008,대학원격강좌현황,2022,1926,0,0
대학정보공시,1008,대학원격강좌현황,2023,1815,0,0
대학정보공시,1008,대학원격강좌현황,2024,1884,0,0
대학정보공시,1008,대학원격강좌현황,2025,1914,0,0
대학정보공시,1009,사회봉사과목수강현황,2016,3857,0,0
대학정보공시,1009,사회봉사과목수강현황,2017,4299,0,1
대학정보공시,1009,사회봉사과목수강현황,2018,4468,0,0
대학정보공시,1009,사회봉사과목수강현황,2019,4570,0,0
대학정보공시,1009,사회봉사과목수강현황,2021,3155,0,0
대학정보공시,1009,사회봉사과목수강현황,2022,3937,0,0
대학정보공시,1009,사회봉사과목수강현황,2023,4231,0,0
대학정보공시,1009,사회봉사과목수강현황,2024,5047,0,0
대학정보공시,1009,사회봉사과목수강현황,2025,5352,0,0
대학정보공시,1010,산업체경력전임교원현황,2009,19893,0,266
대학정보공시,1010,산업체경력전임교원현황,2010,20197,0,0
대학정보공시,1010,산업체경력전임교원현황,2011,20487,0,0
대학정보공시,1010,산업체경력전임교원현황,2012,14334,0,1
대학정보공시,1010,산업체경력전임교원현황,2013,7715,0,1
대학정보공시,1010,산업체경력전임교원현황,2014,8192,0,0
대학정보공시,1010,산업체경력전임교원현황,2015,8353,0,0
대학정보공시,1010,산업체경력전임교원현황,2016,8456,0,1
대학정보공시,1010,산업체경력전임교원현황,2017,8023,0,5
대학정보공시,1010,산업체경력전임교원현황,2018,8014,0,0
대학정보공시,1010,산업체경력전임교원현황,2019,7863,0,1
대학정보공시,1010,산업체경력전임교원현황,2020,7904,0,0
대학정보공시,1010,산업체경력전임교원현황,2021,8302,0,0
대학정보공시,1010,산업체경력전임교원현황,2022,8327,0,0
대학정보공시,1010,산업체경력전임교원현황,2023,8210,0,0
대학정보공시,1010,산업체경력전임교원현황,2024,8033,0,1
대학정보공시,1010,산업체경력전임교원현황,2025,8244,0,0
대학정보공시,1011,산학협력단고용주체별인력현황,2011,1444,0,0
대학정보공시,1011,산학협력단고용주체별인력현황,2012,1592,0,2
대학정보공시,1011,산학협력단고용주체별인력현황,2013,1129,0,5
대학정보공시,1011,산학협력단고용주체별인력현황,2014,1171,0,0
대학정보공시,1011,산학협력단고용주체별인력현황,2015,1174,0,0
대학정보공시,1011,산학협력단고용주체별인력현황,2016,1237,0,0
대학정보공시,1011,산학협력단고용주체별인력현황,2017,1219,0,0
대학정보공시,1011,산학협력단고용주체별인력현황,2018,1208,0,0
대학정보공시,1011,산학협력단고용주체별인력현황,2019,1201,0,0
대학정보공시,1011,산학협력단고용주체별인력현황,2020,1225,0,0
대학정보공시,1012,산학협력단담당업무별인력현황,2011,312,0,0
대학정보공시,1012,산학협력단담당업무별인력현황,2012,336,0,1
대학정보공시,1012,산학협력단담당업무별인력현황,2013,1125,0,5
대학정보공시,1012,산학협력단담당업무별인력현황,2014,1172,0,0
대학정보공시,1012,산학협력단담당업무별인력현황,2015,1169,0,0
대학정보공시,1012,산학협력단담당업무별인력현황,2016,1230,0,0
대학정보공시,1012,산학협력단담당업무별인력현황,2017,1214,0,0
대학정보공시,1012,산학협력단담당업무별인력현황,2018,1208,0,0
대학정보공시,1012,산학협력단담당업무별인력현황,2019,1201,0,0
대학정보공시,1012,산학협력단담당업무별인력현황,2020,1225,0,0
대학정보공시,1012,산학협력단담당업무별인력현황,2021,1213,0,0
대학정보공시,1013,산학협력단전문인력현황,2011,130,0,0
대학정보공시,1013,산학협력단전문인력현황,2012,191,0,1
대학정보공시,1013,산학협력단전문인력현황,2013,700,0,4
대학정보공시,1013,산학협력단전문인력현황,2014,684,0,0
대학정보공시,1014,연구비수혜실적,2009,761,0,26
대학정보공시,1014,연구비수혜실적,2010,781,0,0
대학정보공시,1014,연구비수혜실적,2011,813,0,0
대학정보공시,1014,연구비수혜실적,2012,820,0,0
대학정보공시,1014,연구비수혜실적,2013,834,0,0
대학정보공시,1014,연구비수혜실적,2014,848,0,0
대학정보공시,1014,연구비수혜실적,2015,860,0,0
대학정보공시,1014,연구비수혜실적,2016,881,0,0
대학정보공시,1014,연구비수혜실적,2017,875,0,1
대학정보공시,1014,연구비수혜실적,2018,872,0,0
대학정보공시,1014,연구비수혜실적,2019,862,0,0
대학정보공시,1014,연구비수혜실적,2020,886,0,0
대학정보공시,1014,연구비수혜실적,2021,886,0,0
대학정보공시,1014,연구비수혜실적,2022,873,0,0
대학정보공시,1014,연구비수혜실적,2023,885,0,0
대학정보공시,1014,연구비수혜실적,2024,884,0,1
대학정보공시,1014,연구비수혜실적,2025,884,0,0
대학정보공시,1015,외국대학과교류현황,2009,5240,0,67
대학정보공시,1015,외국대학과교류현황,2010,5827,0,0
대학정보공시,1015,외국대학과교류현황,2011,7112,0,0
대학정보공시,1015,외국대학과교류현황,2012,7564,0,0
대학정보공시,1015,외국대학과교류현황,2013,8828,0,0
대학정보공시,1015,외국대학과교류현황,2014,9571,0,0
대학정보공시,1015,외국대학과교류현황,2015,10047,0,0
대학정보공시,1015,외국대학과교류현황,2016,10795,0,0
대학정보공시,1015,외국대학과교류현황,2017,11294,0,0
대학정보공시,1015,외국대학과교류현황,2018,11509,0,0
대학정보공시,1015,외국대학과교류현황,2019,11929,0,0
대학정보공시,1015,외국대학과교류현황,2020,12175,0,0
대학정보공시,1015,외국대학과교류현황,2021,5891,0,0
대학정보공시,1015,외국대학과교류현황,2022,7017,0,0
대학정보공시,1015,외국대학과교류현황,2023,10298,0,0
대학정보공시,1015,외국대학과교류현황,2024,11789,0,0
대학정보공시,1015,외국대학과교류현황,2025,12916,0,0
대학정보공시,1016,장학금수혜현황,2009,85996,0,900
대학정보공시,1016,장학금수혜현황,2010,81844,0,0
대학정보공시,1016,장학금수혜현황,2011,64136,0,0
대학정보공시,1016,장학금수혜현황,2012,61896,0,0
대학정보공시,1016,장학금수혜현황,2013,52412,0,0
대학정보공시,1016,장학금수혜현황,2014,34066,0,26
대학정보공시,1016,장학금수혜현황,2015,35458,0,10
대학정보공시,1016,장학금수혜현황,2016,49878,0,0
대학정보공시,1016,장학금수혜현황,2017,53116,0,18
대학정보공시,1016,장학금수혜현황,2018,45805,0,0
대학정보공시,1016,장학금수혜현황,2019,54745,0,0
대학정보공시,1016,장학금수혜현황,2020,56385,0,316
대학정보공시,1016,장학금수혜현황,2021,59178,0,0
대학정보공시,1016,장학금수혜현황,2022,55826,0,0
대학정보공시,1016,장학금수혜현황,2023,59302,0,0
대학정보공시,1016,장학금수혜현황,2024,60786,0,0
대학정보공시,1016,장학금수혜현황,2025,67965,0,0
대학정보공시,1017,장학금수혜현황_대학원,2009,118295,0,702
대학정보공시,1017,장학금수혜현황_대학원,2010,127269,0,99
대학정보공시,1017,장학금수혜현황_대학원,2011,94026,0,0
대학정보공시,1017,장학금수혜현황_대학원,2012,99412,0,0
대학정보공시,1017,장학금수혜현황_대학원,2013,82492,0,0
대학정보공시,1017,장학금수혜현황_대학원,2014,34971,0,50
대학정보공시,1017,장학금수혜현황_대학원,2015,38584,0,357
대학정보공시,1017,장학금수혜현황_대학원,2016,94569,0,1043
대학정보공시,1017,장학금수혜현황_대학원,2017,97547,0,1242
대학정보공시,1017,장학금수혜현황_대학원,2018,60583,0,966
대학정보공시,1017,장학금수혜현황_대학원,2019,101573,0,1758
대학정보공시,1017,장학금수혜현황_대학원,2020,104808,0,1584
대학정보공시,1017,장학금수혜현황_대학원,2021,108073,0,942
대학정보공시,1017,장학금수혜현황_대학원,2022,106800,0,954
대학정보공시,1017,장학금수혜현황_대학원,2023,109206,0,1788
대학정보공시,1017,장학금수혜현황_대학원,2024,111696,0,1638
대학정보공시,1017,장학금수혜현황_대학원,2025,114078,0,1392
대학정보공시,1018,장학금수혜기준규정,2012,440,0,0
대학정보공시,1018,장학금수혜기준규정,2013,438,0,0
대학정보공시,1018,장학금수혜기준규정,2014,426,0,0
대학정보공시,1018,장학금수혜기준규정,2015,426,0,0
대학정보공시,1018,장학금수혜기준규정,2016,430,0,0
대학정보공시,1018,장학금수혜기준규정,2017,426,0,1
대학정보공시,1018,장학금수혜기준규정,2018,427,0,0
대학정보공시,1018,장학금수혜기준규정,2019,426,0,0
대학정보공시,1018,장학금수혜기준규정,2020,428,0,0
대학정보공시,1018,장학금수혜기준규정,2021,425,0,0
대학정보공시,1018,장학금수혜기준규정,2022,426,0,0
대학정보공시,1018,장학금수혜기준규정,2023,425,0,0
대학정보공시,1018,장학금수혜기준규정,2024,421,0,0
대학정보공시,1018,장학금수혜기준규정,2025,422,0,0
대학정보공시,1019,창업교육지원현황,2012,220,0,0
대학정보공시,1019,창업교육지원현황,2013,222,0,0
대학정보공시,1019,창업교육지원현황,2014,264,0,0
대학정보공시,1019,창업교육지원현황,2015,287,0,0
대학정보공시,1019,창업교육지원현황,2016,300,0,0
대학정보공시,1019,창업교육지원현황,2017,312,0,0
대학정보공시,1019,창업교육지원현황,2018,324,0,0
대학정보공시,1019,창업교육지원현황,2019,324,0,0
대학정보공시,1019,창업교육지원현황,2020,325,0,0
대학정보공시,1019,창업교육지원현황,2021,324,0,0
대학정보공시,1019,창업교육지원현황,2022,322,0,0
대학정보공시,1019,창업교육지원현황,2023,323,0,0
대학정보공시,1019,창업교육지원현황,2024,321,0,0
대학정보공시,1019,창업교육지원현황,2025,319,0,0
대학정보공시,1020,캡스톤디자인운영현황,2011,2561,0,0
대학정보공시,1020,캡스톤디자인운영현황,2012,1535,0,0
대학정보공시,1020,캡스톤디자인운영현황,2013,2339,0,0
대학정보공시,1020,캡스톤디자인운영현황,2014,3807,0,0
대학정보공시,1020,캡스톤디자인운영현황,2015,4428,0,0
대학정보공시,1020,캡스톤디자인운영현황,2016,4978,0,0
대학정보공시,1020,캡스톤디자인운영현황,2017,5977,0,0
대학정보공시,1020,캡스톤디자인운영현황,2018,6321,0,0
대학정보공시,1020,캡스톤디자인운영현황,2019,7882,0,0
대학정보공시,1020,캡스톤디자인운영현황,2020,8141,0,0
대학정보공시,1020,캡스톤디자인운영현황,2021,10248,0,0
대학정보공시,1020,캡스톤디자인운영현황,2022,8616,0,0
대학정보공시,1020,캡스톤디자인운영현황,2023,8049,0,0
대학정보공시,1020,캡스톤디자인운영현황,2024,9234,0,0
대학정보공시,1020,캡스톤디자인운영현황,2025,9359,0,0
대학정보공시,1021,특허출원및등록실적,2009,191,0,5
대학정보공시,1021,특허출원및등록실적,2010,351,0,0
대학정보공시,1021,특허출원및등록실적,2011,438,0,1
대학정보공시,1021,특허출원및등록실적,2012,370,0,1
대학정보공시,1021,특허출원및등록실적,2013,206,0,1
대학정보공시,1021,특허출원및등록실적,2014,207,0,0
대학정보공시,1021,특허출원및등록실적,2015,223,0,0
대학정보공시,1021,특허출원및등록실적,2016,214,0,0
대학정보공시,1021,특허출원및등록실적,2017,212,0,0
대학정보공시,1021,특허출원및등록실적,2018,224,0,0
대학정보공시,1021,특허출원및등록실적,2019,220,0,0
대학정보공시,1021,특허출원및등록실적,2020,226,0,0
대학정보공시,1021,특허출원및등록실적,2021,217,0,0
대학정보공시,1021,특허출원및등록실적,2022,224,0,0
대학정보공시,1021,특허출원및등록실적,2023,217,0,0
대학정보공시,1021,특허출원및등록실적,2024,221,0,0
대학정보공시,1021,특허출원및등록실적,2025,232,0,0
대학정보공시,1022,학교기업운영현황,2011,155,0,0
대학정보공시,1022,학교기업운영현황,2012,157,0,0
대학정보공시,1022,학교기업운영현황,2013,167,0,0
대학정보공시,1022,학교기업운영현황,2014,157,0,0
대학정보공시,1022,학교기업운영현황,2015,158,0,0
대학정보공시,1022,학교기업운영현황,2016,168,0,0
대학정보공시,1022,학교기업운영현황,2017,174,0,0
대학정보공시,1022,학교기업운영현황,2018,182,0,0
대학정보공시,1022,학교기업운영현황,2019,188,0,0
대학정보공시,1022,학교기업운영현황,2020,206,0,0
대학정보공시,1022,학교기업운영현황,2021,210,0,0
대학정보공시,1022,학교기업운영현황,2022,206,0,0
대학정보공시,1022,학교기업운영현황,2023,208,0,0
대학정보공시,1022,학교기업운영현황,2024,196,0,0
대학정보공시,1022,학교기업운영현황,2025,191,0,0
대학정보공시,1023,학생의창업및창업지원현황,2011,219,0,0
대학정보공시,1023,학생의창업및창업지원현황,2012,193,0,0
대학정보공시,1023,학생의창업및창업지원현황,2013,194,0,0
대학정보공시,1023,학생의창업및창업지원현황,2014,206,0,0
대학정보공시,1023,학생의창업및창업지원현황,2015,234,0,0
대학정보공시,1023,학생의창업및창업지원현황,2016,237,0,0
대학정보공시,1023,학생의창업및창업지원현황,2017,261,0,0
대학정보공시,1023,학생의창업및창업지원현황,2018,272,0,0
대학정보공시,1023,학생의창업및창업지원현황,2019,277,0,0
대학정보공시,1023,학생의창업및창업지원현황,2020,273,0,0
대학정보공시,1023,학생의창업및창업지원현황,2021,276,0,0
대학정보공시,1023,학생의창업및창업지원현황,2022,274,0,0
대학정보공시,1023,학생의창업및창업지원현황,2023,273,0,0
대학정보공시,1023,학생의창업및창업지원현황,2024,272,0,0
대학정보공시,1023,학생의창업및창업지원현황,2025,267,0,0
대학정보공시,1024,학자금대출현황,2013,1186,0,2
대학정보공시,1024,학자금대출현황,2014,1184,0,2
대학정보공시,1024,학자금대출현황,2015,1180,0,1
대학정보공시,1024,학자금대출현황,2016,1184,0,0
대학정보공시,1024,학자금대출현황,2017,1185,0,2
대학정보공시,1024,학자금대출현황,2018,1176,0,0
대학정보공시,1024,학자금대출현황,2019,1180,0,0
대학정보공시,1024,학자금대출현황,2020,1177,0,0
대학정보공시,1024,학자금대출현황,2021,1174,0,0
대학정보공시,1024,학자금대출현황,2022,1141,0,0
대학정보공시,1024,학자금대출현황,2023,1138,0,0
대학정보공시,1024,학자금대출현황,2024,1135,0,0
대학정보공시,1024,학자금대출현황,2025,1134,0,0
대학정보공시,1025,학자금대출현황_대학원,2009,248,0,0
대학정보공시,1025,학자금대출현황_대학원,2010,518,0,0
대학정보공시,1025,학자금대출현황_대학원,2011,544,0,0
대학정보공시,1025,학자금대출현황_대학원,2012,539,0,0
대학정보공시,1025,학자금대출현황_대학원,2013,85,0,0
대학정보공시,1025,학자금대출현황_대학원,2014,86,0,0
대학정보공시,1025,학자금대출현황_대학원,2015,92,0,0
대학정보공시,1025,학자금대출현황_대학원,2016,89,0,0
대학정보공시,1025,학자금대출현황_대학원,2017,89,0,0
대학정보공시,1025,학자금대출현황_대학원,2018,90,0,0
대학정보공시,1025,학자금대출현황_대학원,2019,92,0,0
대학정보공시,1025,학자금대출현황_대학원,2020,90,0,0
대학정보공시,1025,학자금대출현황_대학원,2021,90,0,0
대학정보공시,1025,학자금대출현황_대학원,2022,71,0,0
대학정보공시,1025,학자금대출현황_대학원,2023,72,0,0
대학정보공시,1025,학자금대출현황_대학원,2024,73,0,0
대학정보공시,1025,학자금대출현황_대학원,2025,76,0,0
대학정보공시,1026,현장실습운영현황,2011,8751,0,0
대학정보공시,1026,현장실습운영현황,2012,15712,0,0
대학정보공시,1026,현장실습운영현황,2013,15667,0,0
대학정보공시,1026,현장실습운영현황,2014,13200,0,0
대학정보공시,1026,현장실습운영현황,2015,27541,0,0
대학정보공시,1026,현장실습운영현황,2016,26972,0,0
대학정보공시,1026,현장실습운영현황,2017,30835,0,7
대학정보공시,1026,현장실습운영현황,2018,19392,0,0
대학정보공시,1026,현장실습운영현황,2019,19572,0,0
대학정보공시,1026,현장실습운영현황,2020,16968,0,0
대학정보공시,1026,현장실습운영현황,2021,17231,0,0
대학정보공시,1026,현장실습운영현황,2022,8827,0,0
대학정보공시,1026,현장실습운영현황,2023,11040,0,0
대학정보공시,1026,현장실습운영현황,2024,11255,0,0
대학정보공시,1026,현장실습운영현황,2025,10369,0,0
대학정보공시,1101,장서보유현황,2009,428,0,32
대학정보공시,1101,장서보유현황,2010,436,0,0
대학정보공시,1101,장서보유현황,2011,440,0,1
대학정보공시,1101,장서보유현황,2012,435,0,1
대학정보공시,1101,장서보유현황,2013,432,0,1
대학정보공시,1101,장서보유현황,2014,430,0,0
대학정보공시,1101,장서보유현황,2015,434,0,0
대학정보공시,1101,장서보유현황,2016,434,0,0
대학정보공시,1101,장서보유현황,2017,433,0,1
대학정보공시,1101,장서보유현황,2018,430,0,0
대학정보공시,1101,장서보유현황,2019,431,0,0
대학정보공시,1101,장서보유현황,2020,431,0,0
대학정보공시,1101,장서보유현황,2022,431,0,0
대학정보공시,1101,장서보유현황,2023,427,0,0
대학정보공시,1101,장서보유현황,2024,425,0,0
대학정보공시,1101,장서보유현황,2025,424,0,0
대학정보공시,1102,도서관예산현황,2009,462,0,32
대학정보공시,1102,도서관예산현황,2010,456,0,0
대학정보공시,1102,도서관예산현황,2011,467,0,1
대학정보공시,1102,도서관예산현황,2012,446,0,1
대학정보공시,1102,도서관예산현황,2013,432,0,1
대학정보공시,1103,연구시설현황,2009,3929,0,34
대학정보공시,1103,연구시설현황,2010,4079,0,0
대학정보공시,1103,연구시설현황,2011,4124,0,0
대학정보공시,1103,연구시설현황,2012,4248,0,0
대학정보공시,1103,연구시설현황,2013,4562,0,0
대학정보공시,1103,연구시설현황,2014,4717,0,0
대학정보공시,1103,연구시설현황,2015,4864,0,0
대학정보공시,1103,연구시설현황,2016,5054,0,0
대학정보공시,1103,연구시설현황,2017,5145,0,0
대학정보공시,1103,연구시설현황,2018,5285,0,0
대학정보공시,1103,연구시설현황,2019,5407,0,0
대학정보공시,1103,연구시설현황,2020,5583,0,0
대학정보공시,1103,연구시설현황,2021,5706,0,0
대학정보공시,1103,연구시설현황,2022,5784,0,0
대학정보공시,1103,연구시설현황,2023,5869,0,0
대학정보공시,1103,연구시설현황,2024,6040,0,0
대학정보공시,1103,연구시설현황,2025,6136,0,0
대학정보공시,1201,강사강의료현황,2010,631,0,0
대학정보공시,1201,강사강의료현황,2011,694,0,0
대학정보공시,1201,강사강의료현황,2012,695,0,0
대학정보공시,1201,강사강의료현황,2013,683,0,2
대학정보공시,1201,강사강의료현황,2014,686,0,0
대학정보공시,1201,강사강의료현황,2015,1827,0,0
대학정보공시,1201,강사강의료현황,2016,1479,0,2
대학정보공시,1201,강사강의료현황,2017,1547,0,2
대학정보공시,1201,강사강의료현황,2018,1458,0,0
대학정보공시,1201,강사강의료현황,2019,1301,0,1
대학정보공시,1201,강사강의료현황,2020,1233,0,0
대학정보공시,1201,강사강의료현황,2021,1210,0,1
대학정보공시,1201,강사강의료현황,2022,1196,0,0
대학정보공시,1201,강사강의료현황,2023,1201,0,13
대학정보공시,1201,강사강의료현황,2024,1155,0,0
대학정보공시,1201,강사강의료현황,2025,1176,0,0
대학정보공시,1202,교사시설확보현황,2009,431,0,31
대학정보공시,1202,교사시설확보현황,2010,437,0,0
대학정보공시,1202,교사시설확보현황,2011,440,0,1
대학정보공시,1202,교사시설확보현황,2012,437,0,1
대학정보공시,1202,교사시설확보현황,2013,423,0,1
대학정보공시,1202,교사시설확보현황,2014,419,0,0
대학정보공시,1202,교사시설확보현황,2015,414,0,0
대학정보공시,1202,교사시설확보현황,2016,432,0,0
대학정보공시,1202,교사시설확보현황,2017,432,0,1
대학정보공시,1202,교사시설확보현황,2018,429,0,0
대학정보공시,1202,교사시설확보현황,2019,429,0,0
대학정보공시,1202,교사시설확보현황,2020,429,0,0
대학정보공시,1202,교사시설확보현황,2022,429,0,0
대학정보공시,1202,교사시설확보현황,2023,427,0,0
대학정보공시,1202,교사시설확보현황,2024,427,0,0
대학정보공시,1202,교사시설확보현황,2025,425,0,0
대학정보공시,1203,교지확보현황,2009,417,0,31
대학정보공시,1203,교지확보현황,2010,424,0,0
대학정보공시,1203,교지확보현황,2011,422,0,1
대학정보공시,1203,교지확보현황,2012,422,0,1
대학정보공시,1203,교지확보현황,2013,408,0,1
대학정보공시,1203,교지확보현황,2014,419,0,0
대학정보공시,1203,교지확보현황,2015,404,0,0
대학정보공시,1203,교지확보현황,2016,414,0,0
대학정보공시,1203,교지확보현황,2017,415,0,1
대학정보공시,1203,교지확보현황,2018,428,0,0
대학정보공시,1203,교지확보현황,2019,429,0,0
대학정보공시,1203,교지확보현황,2020,429,0,0
대학정보공시,1203,교지확보현황,2022,410,0,0
대학정보공시,1203,교지확보현황,2023,408,0,0
대학정보공시,1203,교지확보현황,2024,407,0,0
대학정보공시,1203,교지확보현황,2025,405,0,0
대학정보공시,1204,국공립기숙사운영현황_민자,2016,32,0,0
대학정보공시,1204,국공립기숙사운영현황_민자,2017,32,0,0
대학정보공시,1204,국공립기숙사운영현황_민자,2018,36,0,0
대학정보공시,1204,국공립기숙사운영현황_민자,2019,37,0,0
대학정보공시,1204,국공립기숙사운영현황_민자,2020,35,0,0
대학정보공시,1204,국공립기숙사운영현황_민자,2022,34,0,0
대학정보공시,1204,국공립기숙사운영현황_민자,2023,34,0,0
대학정보공시,1204,국공립기숙사운영현황_민자,2024,36,0,0
대학정보공시,1204,국공립기숙사운영현황_민자,2025,36,0,0
대학정보공시,1205,국공립기숙사운영현황_직영,2018,48,0,0
대학정보공시,1205,국공립기숙사운영현황_직영,2019,49,0,0
대학정보공시,1205,국공립기숙사운영현황_직영,2020,48,0,0
대학정보공시,1205,국공립기숙사운영현황_직영,2022,47,0,0
대학정보공시,1205,국공립기숙사운영현황_직영,2023,47,0,0
대학정보공시,1205,국공립기숙사운영현황_직영,2024,47,0,0
대학정보공시,1205,국공립기숙사운영현황_직영,2025,45,0,0
대학정보공시,1206,국공유재산확보현황,2011,110,0,2
대학정보공시,1206,국공유재산확보현황,2012,110,0,0
대학정보공시,1206,국공유재산확보현황,2013,112,0,0
대학정보공시,1206,국공유재산확보현황,2014,55,0,0
대학정보공시,1206,국공유재산확보현황,2015,52,0,0
대학정보공시,1206,국공유재산확보현황,2016,51,0,0
대학정보공시,1207,기숙사수용현황,2009,383,0,31
대학정보공시,1207,기숙사수용현황,2010,383,0,0
대학정보공시,1207,기숙사수용현황,2011,359,0,1
대학정보공시,1207,기숙사수용현황,2012,360,0,1
대학정보공시,1207,기숙사수용현황,2013,402,0,1
대학정보공시,1207,기숙사수용현황,2014,418,0,0
대학정보공시,1207,기숙사수용현황,2015,398,0,0
대학정보공시,1207,기숙사수용현황,2016,414,0,0
대학정보공시,1207,기숙사수용현황,2017,413,0,1
대학정보공시,1207,기숙사수용현황,2018,1569,0,0
대학정보공시,1207,기숙사수용현황,2019,1595,0,0
대학정보공시,1207,기숙사수용현황,2020,1622,0,0
대학정보공시,1207,기숙사수용현황,2022,1597,0,0
대학정보공시,1207,기숙사수용현황,2023,1595,0,0
대학정보공시,1207,기숙사수용현황,2024,1619,0,0
대학정보공시,1207,기숙사수용현황,2025,1603,0,0
대학정보공시,1208,기숙사운영현황_사립,2016,24,0,0
대학정보공시,1208,기숙사운영현황_사립,2017,30,0,0
대학정보공시,1208,기숙사운영현황_사립,2018,68,0,0
대학정보공시,1208,기숙사운영현황_사립,2019,46,0,0
대학정보공시,1208,기숙사운영현황_사립,2020,51,0,0
대학정보공시,1208,기숙사운영현황_사립,2022,50,0,0
대학정보공시,1208,기숙사운영현황_사립,2023,46,0,0
대학정보공시,1208,기숙사운영현황_사립,2024,47,0,0
대학정보공시,1208,기숙사운영현황_사립,2025,54,0,0
대학정보공시,1209,법인임원현황,2009,3624,0,398
대학정보공시,1209,법인임원현황,2010,3849,0,0
대학정보공시,1209,법인임원현황,2011,4005,0,0
대학정보공시,1209,법인임원현황,2012,4314,0,0
대학정보공시,1209,법인임원현황,2013,4345,0,0
대학정보공시,1209,법인임원현황,2014,4436,0,0
대학정보공시,1209,법인임원현황,2015,4573,0,10
대학정보공시,1209,법인임원현황,2016,4521,0,21
대학정보공시,1209,법인임원현황,2017,4455,0,36
대학정보공시,1209,법인임원현황,2018,4353,0,9
대학정보공시,1209,법인임원현황,2019,4391,0,39
대학정보공시,1209,법인임원현황,2020,4436,0,23
대학정보공시,1209,법인임원현황,2021,4490,0,24
대학정보공시,1209,법인임원현황,2022,4547,0,41
대학정보공시,1209,법인임원현황,2023,4537,0,59
대학정보공시,1209,법인임원현황,2024,4584,0,59
대학정보공시,1209,법인임원현황,2025,4598,0,69
대학정보공시,1210,법정부담금현황,2016,350,0,1
대학정보공시,1210,법정부담금현황,2017,351,0,0
대학정보공시,1210,법정부담금현황,2018,353,0,0
대학정보공시,1210,법정부담금현황,2019,345,0,0
대학정보공시,1210,법정부담금현황,2020,337,0,0
대학정보공시,1210,법정부담금현황,2022,339,0,0
대학정보공시,1210,법정부담금현황,2023,334,0,0
대학정보공시,1210,법정부담금현황,2024,340,0,0
대학정보공시,1210,법정부담금현황,2025,338,0,0
대학정보공시,1211,수익용기본재산확보현황,2009,575,0,9
대학정보공시,1211,수익용기본재산확보현황,2010,503,0,0
대학정보공시,1211,수익용기본재산확보현황,2011,514,0,0
대학정보공시,1211,수익용기본재산확보현황,2012,508,0,0
대학정보공시,1211,수익용기본재산확보현황,2013,485,0,0
대학정보공시,1211,수익용기본재산확보현황,2014,479,0,0
대학정보공시,1211,수익용기본재산확보현황,2015,488,0,0
대학정보공시,1211,수익용기본재산확보현황,2016,497,0,0
대학정보공시,1211,수익용기본재산확보현황,2017,493,0,1
대학정보공시,1211,수익용기본재산확보현황,2018,609,0,0
대학정보공시,1211,수익용기본재산확보현황,2019,608,0,0
대학정보공시,1211,수익용기본재산확보현황,2020,622,0,0
대학정보공시,1211,수익용기본재산확보현황,2021,609,0,0
대학정보공시,1211,수익용기본재산확보현황,2022,612,0,0
대학정보공시,1211,수익용기본재산확보현황,2023,606,0,0
대학정보공시,1211,수익용기본재산확보현황,2024,613,0,0
대학정보공시,1211,수익용기본재산확보현황,2025,606,0,0
대학정보공시,1212,시설안전관리현황,2015,453,0,0
대학정보공시,1212,시설안전관리현황,2016,462,0,0
대학정보공시,1212,시설안전관리현황,2017,465,0,1
대학정보공시,1212,시설안전관리현황,2018,463,0,0
대학정보공시,1212,시설안전관리현황,2019,461,0,5
대학정보공시,1212,시설안전관리현황,2020,462,0,5
대학정보공시,1212,시설안전관리현황,2021,456,0,0
대학정보공시,1212,시설안전관리현황,2022,457,0,0
대학정보공시,1212,시설안전관리현황,2023,450,0,0
대학정보공시,1212,시설안전관리현황,2024,448,0,0
대학정보공시,1212,시설안전관리현황,2025,449,0,0
대학정보공시,1213,실험실습실안전관리현황,2015,436,0,0
대학정보공시,1213,실험실습실안전관리현황,2016,389,0,0
대학정보공시,1213,실험실습실안전관리현황,2017,390,0,1
대학정보공시,1213,실험실습실안전관리현황,2018,390,0,0
대학정보공시,1213,실험실습실안전관리현황,2019,390,0,4
대학정보공시,1213,실험실습실안전관리현황,2020,391,0,4
대학정보공시,1213,실험실습실안전관리현황,2021,381,0,0
대학정보공시,1213,실험실습실안전관리현황,2022,384,0,0
대학정보공시,1213,실험실습실안전관리현황,2023,383,0,0
대학정보공시,1213,실험실습실안전관리현황,2024,380,0,0
대학정보공시,1213,실험실습실안전관리현황,2025,381,0,0
대학정보공시,1214,장애학생지원체제구축및운영현황,2011,632,0,0
대학정보공시,1214,장애학생지원체제구축및운영현황,2012,603,0,1
대학정보공시,1214,장애학생지원체제구축및운영현황,2013,635,0,2
대학정보공시,1214,장애학생지원체제구축및운영현황,2014,548,0,0
대학정보공시,1214,장애학생지원체제구축및운영현황,2015,586,0,0
대학정보공시,1214,장애학생지원체제구축및운영현황,2016,585,0,0
대학정보공시,1214,장애학생지원체제구축및운영현황,2017,662,0,1
대학정보공시,1214,장애학생지원체제구축및운영현황,2018,657,0,0
대학정보공시,1214,장애학생지원체제구축및운영현황,2019,642,0,0
대학정보공시,1214,장애학생지원체제구축및운영현황,2020,655,0,1
대학정보공시,1214,장애학생지원체제구축및운영현황,2021,447,0,0
대학정보공시,1214,장애학생지원체제구축및운영현황,2022,448,0,0
대학정보공시,1214,장애학생지원체제구축및운영현황,2023,447,0,1
대학정보공시,1214,장애학생지원체제구축및운영현황,2024,446,0,0
대학정보공시,1214,장애학생지원체제구축및운영현황,2025,446,0,0
대학정보공시,1215,재정지원사업수혜실적,2009,13247,0,74
대학정보공시,1215,재정지원사업수혜실적,2010,15995,0,0
대학정보공시,1215,재정지원사업수혜실적,2011,15264,0,0
대학정보공시,1215,재정지원사업수혜실적,2012,23039,0,0
대학정보공시,1215,재정지원사업수혜실적,2013,33893,0,0
대학정보공시,1215,재정지원사업수혜실적,2014,37215,0,0
대학정보공시,1215,재정지원사업수혜실적,2015,48281,0,0
대학정보공시,1215,재정지원사업수혜실적,2016,50756,0,0
대학정보공시,1215,재정지원사업수혜실적,2017,52868,0,3
대학정보공시,1215,재정지원사업수혜실적,2018,59145,0,0
대학정보공시,1215,재정지원사업수혜실적,2019,57930,0,0
대학정보공시,1215,재정지원사업수혜실적,2020,64329,0,0
대학정보공시,1216,직원현황,2009,456,0,32
대학정보공시,1216,직원현황,2010,463,0,0
대학정보공시,1216,직원현황,2011,449,0,1
대학정보공시,1216,직원현황,2012,471,0,1
대학정보공시,1216,직원현황,2013,467,0,1
대학정보공시,1216,직원현황,2014,468,0,0
대학정보공시,1216,직원현황,2015,464,0,0
대학정보공시,1216,직원현황,2016,459,0,0
대학정보공시,1216,직원현황,2017,460,0,1
대학정보공시,1216,직원현황,2018,455,0,0
대학정보공시,1216,직원현황,2019,447,0,0
대학정보공시,1216,직원현황,2020,443,0,0
대학정보공시,1216,직원현황,2021,1314,0,13
대학정보공시,1216,직원현황,2022,1319,0,0
대학정보공시,1216,직원현황,2023,688,0,0
대학정보공시,1216,직원현황,2024,685,0,0
대학정보공시,1216,직원현황,2025,671,0,0
대학정보공시,1217,폭력예방교육현황,2018,1735,0,0
대학정보공시,1217,폭력예방교육현황,2019,1734,0,0
대학정보공시,1217,폭력예방교육현황,2020,1732,0,0
대학정보공시,1217,폭력예방교육현황,2022,1724,0,0
대학정보공시,1217,폭력예방교육현황,2023,1729,0,0
대학정보공시,1217,폭력예방교육현황,2024,1706,0,0
대학정보공시,1217,폭력예방교육현황,2025,1709,0,0
대학정보공시,1301,위반내용및조치결과,2009,100,0,2
대학정보공시,1301,위반내용및조치결과,2010,38,0,0
대학정보공시,1301,위반내용및조치결과,2011,95,0,0
대학정보공시,1301,위반내용및조치결과,2012,203,0,0
대학정보공시,1301,위반내용및조치결과,2013,189,0,0
대학정보공시,1301,위반내용및조치결과,2014,678,0,0
대학정보공시,1301,위반내용및조치결과,2015,462,0,0
대학정보공시,1301,위반내용및조치결과,2016,593,0,0
대학정보공시,1301,위반내용및조치결과,2017,535,0,0
대학정보공시,1301,위반내용및조치결과,2018,992,0,0
대학정보공시,1301,위반내용및조치결과,2019,950,0,0
대학정보공시,1301,위반내용및조치결과,2020,1021,0,0
대학정보공시,1301,위반내용및조치결과,2021,1017,0,0
대학정보공시,1301,위반내용및조치결과,2022,1004,0,0
대학정보공시,1301,위반내용및조치결과,2023,705,0,3
대학정보공시,1301,위반내용및조치결과,2024,535,0,3
대학정보공시,1301,위반내용및조치결과,2025,466,0,3
취업통계,0001,학생인적취업정보,2010,539071,0,0
취업통계,0001,학생인적취업정보,2011,559000,0,0
취업통계,0001,학생인적취업정보,2012,566374,0,1441
취업통계,0001,학생인적취업정보,2013,555141,0,0
취업통계,0001,학생인적취업정보,2014,557236,0,0
취업통계,0001,학생인적취업정보,2015,557234,0,0
취업통계,0001,학생인적취업정보,2016,576023,0,97
취업통계,0001,학생인적취업정보,2017,580695,0,0
취업통계,0001,학생인적취업정보,2018,574009,0,0
취업통계,0001,학생인적취업정보,2019,555808,0,68
취업통계,0001,학생인적취업정보,2020,550354,0,0
취업통계,0001,학생인적취업정보,2021,553521,0,632
취업통계,0001,학생인적취업정보,2022,553521,0,906
취업통계,0001,학생인적취업정보,2023,23312,23312,0
취업통계,0001,학생인적취업정보,2024,23650,23650,0
