_panel_year,_school_identity_key,학교명,본분교명,시도명,학교종류명,academyinfo_school_id,academyinfo_school_name,academyinfo_enrollment,edss_0101_enrollment,candidate_open_id,candidate_method,department_signature_candidate_open_id,department_signature_resolution_status,cross_validation_status,resolution_status
2023,employment-school-96f20712e5a563192eb8,가야대학교,본교,경남,대학,0002748,가야대학교(김해),2153,2153,4998354494,academyinfo_two_year_exact_enrollment_school_context,,unresolved_no_exact_signature,not_available,candidate_two_year_exact_enrollment
2023,employment-school-d1185a6d92cb8496ae60,가톨릭관동대학교,본교,강원,대학,0000072,가톨릭관동대학교,9398,9398,2705171465,academyinfo_two_year_exact_enrollment_school_context,,unresolved_no_exact_signature,not_available,candidate_two_year_exact_enrollment
2023,employment-school-75ac685cabd2f79d71fd,가톨릭꽃동네대학교,본교,충북,대학,0000215,가톨릭꽃동네대학교,554,554,9979787409,academyinfo_two_year_exact_enrollment_school_context,,unresolved_no_exact_signature,not_available,candidate_two_year_exact_enrollment
2023,employment-school-d378273b4a20c6eb6950,가톨릭상지대학교,본교,경북,전문대학,0000410,가톨릭상지대학교,2282,2282,1930877268,academyinfo_two_year_exact_enrollment_school_context,,unresolved_no_exact_signature,not_available,candidate_two_year_exact_enrollment
2023,employment-school-ce47fbaae4e00d275b54,감리교신학대학교,본교,서울,대학,0000050,감리교신학대학교,849,849,6596412479,academyinfo_two_year_exact_enrollment_school_context,,unresolved_signature_too_small,not_available,candidate_two_year_exact_enrollment
2023,employment-school-97cfa07a86cee99311e2,강남대학교,본교,경기,대학,0000051,강남대학교,8716,8716,4122748434,academyinfo_two_year_exact_enrollment_school_context,,unresolved_no_exact_signature,not_available,candidate_two_year_exact_enrollment
2023,employment-school-694afc07d5b5d18cd3b4,강동대학교,본교,충북,전문대학,0000433,강동대학교,3809,3809,2568355739,academyinfo_two_year_exact_enrollment_school_context,,unresolved_no_exact_signature,not_available,candidate_two_year_exact_enrollment
2023,employment-school-14d9b5b99f87e69f8055,강릉영동대학교,본교,강원,전문대학,0000514,강릉영동대학교,3953,3953,6458310902,academyinfo_two_year_exact_enrollment_school_context,,unresolved_no_exact_signature,not_available,candidate_two_year_exact_enrollment
2023,employment-school-c8bd4c4d06923711c069,강서대학교,본교,서울,대학,0000079,강서대학교,2035,2035,2921958863,academyinfo_two_year_exact_enrollment_school_context,,unresolved_no_exact_signature,not_available,candidate_two_year_exact_enrollment
2023,employment-school-f61fc85a4b92a9cba3e5,강원도립대학교,본교,강원,전문대학,0002639,강원도립대학교,909,909,7425608277,academyinfo_two_year_exact_enrollment_school_context,,unresolved_no_exact_signature,not_available,candidate_two_year_exact_enrollment
2023,employment-school-e6db5927a412c860d924,거제대학교,본교,경남,전문대학,0000412,거제대학교,1256,1256,2398071944,academyinfo_two_year_exact_enrollment_school_context,,unresolved_no_exact_signature,not_available,candidate_two_year_exact_enrollment
2023,employment-school-06e0b195e3bd542e07ca,경남과학기술대학교,본교,경남,대학,0000035,경남과학기술대학교,4138,4138,9699124276,academyinfo_two_year_exact_enrollment_school_context,,unresolved_no_exact_signature,not_available,candidate_two_year_exact_enrollment
2023,employment-school-a5951ecc512b0fd64e1a,경남대학교,본교,경남,대학,0000059,경남대학교,13132,13132,4642298758,academyinfo_two_year_exact_enrollment_school_context,,unresolved_no_exact_signature,not_available,candidate_two_year_exact_enrollment
2023,employment-school-b8314cca38929e93aa63,경남도립거창대학,본교,경남,전문대학,0000402,경남도립거창대학,1117,1117,6597150623,academyinfo_two_year_exact_enrollment_school_context,,unresolved_no_exact_signature,not_available,candidate_two_year_exact_enrollment
2023,employment-school-36bbc1ce8bdf6c71cdfc,경남도립남해대학,본교,경남,전문대학,0000403,경남도립남해대학,1071,1071,4694034814,academyinfo_two_year_exact_enrollment_school_context,,unresolved_no_exact_signature,not_available,candidate_two_year_exact_enrollment
2023,employment-school-577e5431b1a818f1072c,경민대학교,본교,경기,전문대학,0000416,경민대학교,6353,6353,3925817430,academyinfo_two_year_exact_enrollment_school_context,,unresolved_no_exact_signature,not_available,candidate_two_year_exact_enrollment
2023,employment-school-46f31f833e38624aad5e,경북과학대학교,본교,경북,전문대학,0000456,경북과학대학교,1925,1925,9777717292,academyinfo_two_year_exact_enrollment_school_context,,unresolved_no_exact_signature,not_available,candidate_two_year_exact_enrollment
2023,employment-school-11fb6aa27021329365c8,경북도립대학교,본교,경북,전문대학,0000405,경북도립대학교,1091,1091,2756348550,academyinfo_two_year_exact_enrollment_school_context,,unresolved_no_exact_signature,not_available,candidate_two_year_exact_enrollment
2023,employment-school-88ecfd3e7b4dc88a858f,경북보건대학교,본교,경북,전문대학,0000438,경북보건대학교,1458,1458,2162164151,academyinfo_two_year_exact_enrollment_school_context,,unresolved_no_exact_signature,not_available,candidate_two_year_exact_enrollment
2023,employment-school-ef8248e4613fd652c5b8,경북전문대학교,본교,경북,전문대학,0002642,경북전문대학교,3172,3172,5197615802,academyinfo_two_year_exact_enrollment_school_context,,unresolved_no_exact_signature,not_available,candidate_two_year_exact_enrollment
2023,employment-school-7742e40ebecf98d1b996,경성대학교,본교,부산,대학,0000062,경성대학교,16061,16061,4552991390,academyinfo_two_year_exact_enrollment_school_context,,unresolved_no_exact_signature,not_available,candidate_two_year_exact_enrollment
2023,employment-school-dfd1e219731d76e99ab3,경인여자대학교,본교,인천,전문대학,0000422,경인여자대학교,4187,4187,6690823018,academyinfo_two_year_exact_enrollment_school_context,,unresolved_no_exact_signature,not_available,candidate_two_year_exact_enrollment
2023,employment-school-e1f9c3f377f26bde0740,경일대학교,본교,경북,대학,0000064,경일대학교,8774,8774,7082747936,academyinfo_two_year_exact_enrollment_school_context,,unresolved_no_exact_signature,not_available,candidate_two_year_exact_enrollment
2023,employment-school-c1e1573b05caf66f9ecd,계명문화대학교,본교,대구,전문대학,0000425,계명문화대학교,6321,6321,6783237993,academyinfo_two_year_exact_enrollment_school_context,,unresolved_no_exact_signature,not_available,candidate_two_year_exact_enrollment
2023,employment-school-5cb6776663f7fa2a19e3,계원예술대학교,본교,경기,전문대학,0000426,계원예술대학교,3838,3838,2279083251,academyinfo_two_year_exact_enrollment_school_context,,unresolved_no_exact_signature,not_available,candidate_two_year_exact_enrollment
2023,employment-school-384c7c8436241901d54c,고려대학교,본교,서울,대학,0000069,고려대학교,26684,26684,3291834950,academyinfo_two_year_exact_enrollment_school_context,,unresolved_no_exact_signature,not_available,candidate_two_year_exact_enrollment
2023,employment-school-e94d836f93878cb44f31,공주교육대학교,본교,충남,교육대학,0000251,공주교육대학교,1419,1419,4128983497,academyinfo_two_year_exact_enrollment_school_context,,unresolved_no_exact_signature,not_available,candidate_two_year_exact_enrollment
2023,employment-school-63587206fd40bc9460a2,광신대학교,본교,광주,대학,0000073,광신대학교,521,521,2040934205,academyinfo_two_year_exact_enrollment_school_context,,unresolved_no_exact_signature,not_available,candidate_two_year_exact_enrollment
2023,employment-school-698152ffaf2e2b780f6a,광양보건대학교,본교,전남,전문대학,0000428,광양보건대학교,141,141,5043034195,academyinfo_two_year_exact_enrollment_school_context,,unresolved_no_exact_signature,not_available,candidate_two_year_exact_enrollment
2023,employment-school-ae5e53097299a2bc2855,광운대학교,본교,서울,대학,0000074,광운대학교,11406,11406,2030089497,academyinfo_two_year_exact_enrollment_school_context,,unresolved_no_exact_signature,not_available,candidate_two_year_exact_enrollment
2023,employment-school-9203a1844029e856e6a4,광주가톨릭대학교,본교,전남,대학,0000075,광주가톨릭대학교,103,103,2627714097,academyinfo_two_year_exact_enrollment_school_context,,unresolved_signature_too_small,not_available,candidate_two_year_exact_enrollment
2023,employment-school-945bb5de9ac6e4d5c566,광주과학기술원,본교,광주,대학,0000381,광주과학기술원,1050,1050,8319158315,academyinfo_two_year_exact_enrollment_school_context,,unresolved_no_exact_signature,not_available,candidate_two_year_exact_enrollment
2023,employment-school-79b0bcbfa8b5017be124,광주교육대학교,본교,광주,교육대학,0000252,광주교육대학교,1335,1335,7730154871,academyinfo_two_year_exact_enrollment_school_context,7730154871,candidate_signature_context_confirmed,department_signature_agreement,candidate_two_year_exact_enrollment_department_signature_confirmed
2023,employment-school-809195b83c762df605b7,광주대학교,본교,광주,대학,0000231,광주대학교,7359,7359,6217789173,academyinfo_two_year_exact_enrollment_school_context,,unresolved_no_exact_signature,not_available,candidate_two_year_exact_enrollment
2023,employment-school-334f067b36cf25655de4,광주보건대학교,본교,광주,전문대학,0000429,광주보건대학교,4564,4564,8598524332,academyinfo_two_year_exact_enrollment_school_context,,unresolved_no_exact_signature,not_available,candidate_two_year_exact_enrollment
2023,employment-school-0436075a2b7395b96674,광주여자대학교,본교,광주,대학,0000076,광주여자대학교,3777,3777,1003343641,academyinfo_two_year_exact_enrollment_school_context,,unresolved_no_exact_signature,not_available,candidate_two_year_exact_enrollment
2023,employment-school-8673e607d41ab165714c,구미대학교,본교,경북,전문대학,0000430,구미대학교,6701,6701,6217320322,academyinfo_two_year_exact_enrollment_school_context,,unresolved_no_exact_signature,not_available,candidate_two_year_exact_enrollment
2023,employment-school-b065311b6dae17142856,국민대학교,본교,서울,대학,0000078,국민대학교,20692,20692,3241691589,academyinfo_two_year_exact_enrollment_school_context,,unresolved_no_exact_signature,not_available,candidate_two_year_exact_enrollment
2023,employment-school-41164fe9a0e945c0e9da,국제대학교,본교,경기,전문대학,0000549,국제대학교,3584,3584,2667451024,academyinfo_two_year_exact_enrollment_school_context,,unresolved_no_exact_signature,not_available,candidate_two_year_exact_enrollment
2023,employment-school-3e3cb2c4a2c71774813a,군산간호대학교,본교,전북,전문대학,0002971,군산간호대학교,1288,1288,6878157615,academyinfo_two_year_exact_enrollment_school_context,,unresolved_signature_too_small,not_available,candidate_two_year_exact_enrollment
2023,employment-school-100eb89240d491a42fa0,극동대학교,본교,충북,대학,0000080,극동대학교,3901,3901,4378646194,academyinfo_two_year_exact_enrollment_school_context,,unresolved_no_exact_signature,not_available,candidate_two_year_exact_enrollment
2023,employment-school-4ccc561808a3000ba292,금강대학교,본교,충남,대학,0000224,금강대학교,287,287,9802317440,academyinfo_two_year_exact_enrollment_school_context,,unresolved_no_exact_signature,not_available,candidate_two_year_exact_enrollment
2023,employment-school-157f53c2a79bc7fbe806,금오공과대학교,본교,경북,대학,0000010,국립금오공과대학교,7507,7507,5637881100,academyinfo_two_year_exact_enrollment_school_context,,unresolved_no_exact_signature,not_available,candidate_two_year_exact_enrollment
2023,employment-school-a340ad75802b9a33bf37,기독간호대학교,본교,광주,전문대학,0002972,기독간호대학교,651,651,8612184822,academyinfo_two_year_exact_enrollment_school_context,,unresolved_signature_too_small,not_available,candidate_two_year_exact_enrollment
2023,employment-school-bf1524e1abf23e25c416,김천대학교,본교,경북,대학,0000241,김천대학교,2947,2947,6974740743,academyinfo_two_year_exact_enrollment_school_context,,unresolved_no_exact_signature,not_available,candidate_two_year_exact_enrollment
2023,employment-school-cb3baf20c03b2b7592f5,김포대학교,본교,경기,전문대학,0000440,김포대학교,2393,2393,7614396095,academyinfo_two_year_exact_enrollment_school_context,,unresolved_no_exact_signature,not_available,candidate_two_year_exact_enrollment
2023,employment-school-78e435a2ecfe09301f24,김해대학교,본교,경남,전문대학,0000569,김해대학교,1675,1675,4882078588,academyinfo_two_year_exact_enrollment_school_context,,unresolved_no_exact_signature,not_available,candidate_two_year_exact_enrollment
2023,employment-school-f7f1eee676e93785ae9f,나사렛대학교,본교,충남,대학,0000081,나사렛대학교,6317,6317,3274086236,academyinfo_two_year_exact_enrollment_school_context,,unresolved_no_exact_signature,not_available,candidate_two_year_exact_enrollment
2023,employment-school-61544c2032cb1f58ad4b,남부대학교,본교,광주,대학,0000216,남부대학교,3340,3340,9043817162,academyinfo_two_year_exact_enrollment_school_context,,unresolved_no_exact_signature,not_available,candidate_two_year_exact_enrollment
2023,employment-school-04bb6015fe7086f9d2e6,남서울대학교,본교,충남,대학,0000245,남서울대학교,12128,12128,8574780881,academyinfo_two_year_exact_enrollment_school_context,,unresolved_no_exact_signature,not_available,candidate_two_year_exact_enrollment
2023,employment-school-5487e936edaab7120e62,농협대학교,본교,경기,전문대학,0000441,농협대학교,471,471,8429990410,academyinfo_two_year_exact_enrollment_school_context,,unresolved_no_exact_signature,not_available,candidate_two_year_exact_enrollment
2023,employment-school-00ce1a1387c48da824ed,대구경북과학기술원,본교,대구,대학,0000382,대구경북과학기술원,1073,1073,8862205862,academyinfo_two_year_exact_enrollment_school_context,,unresolved_signature_too_small,not_available,candidate_two_year_exact_enrollment
2023,employment-school-953c8340eb157e53653d,대구공업대학교,본교,대구,전문대학,0000443,대구공업대학교,1503,1503,6403395891,academyinfo_two_year_exact_enrollment_school_context,,unresolved_no_exact_signature,not_available,candidate_two_year_exact_enrollment
2023,employment-school-7906367252a68982bea1,대구과학대학교,본교,대구,전문대학,0000446,대구과학대학교,4976,4976,1140140593,academyinfo_two_year_exact_enrollment_school_context,,unresolved_no_exact_signature,not_available,candidate_two_year_exact_enrollment
2023,employment-school-d514445e61e4cec9065d,대구교육대학교,본교,대구,교육대학,0000253,대구교육대학교,1602,1602,2183489322,academyinfo_two_year_exact_enrollment_school_context,2183489322,candidate_signature_context_confirmed,department_signature_agreement,candidate_two_year_exact_enrollment_department_signature_confirmed
2023,employment-school-18bda95def395fa6258c,대구보건대학교,본교,대구,전문대학,0000444,대구보건대학교,8390,8390,4123382508,academyinfo_two_year_exact_enrollment_school_context,,unresolved_no_exact_signature,not_available,candidate_two_year_exact_enrollment
2023,employment-school-3eb220d2d4269dab95c3,대구예술대학교,본교,경북,대학,0000087,대구예술대학교,697,697,3420910358,academyinfo_two_year_exact_enrollment_school_context,,unresolved_no_exact_signature,not_available,candidate_two_year_exact_enrollment
2023,employment-school-b307fc99fdee0997392c,대구한의대학교,본교,경북,대학,0000061,대구한의대학교,7964,7964,6697622954,academyinfo_two_year_exact_enrollment_school_context,,unresolved_no_exact_signature,not_available,candidate_two_year_exact_enrollment
2023,employment-school-2ae8acaf47ecaa217836,대덕대학교,본교,대전,전문대학,0000546,대덕대학교,2581,2581,8037726461,academyinfo_two_year_exact_enrollment_school_context,,unresolved_no_exact_signature,not_available,candidate_two_year_exact_enrollment
2023,employment-school-3be885203dcf312e4a48,대동대학교,본교,부산,전문대학,0000447,대동대학교,1655,1655,4262574672,academyinfo_two_year_exact_enrollment_school_context,,unresolved_no_exact_signature,not_available,candidate_two_year_exact_enrollment
2023,employment-school-456803d4a0a5c64ec7ff,대림대학교,본교,경기,전문대학,0000448,대림대학교,10418,10418,2708199679,academyinfo_two_year_exact_enrollment_school_context,,unresolved_no_exact_signature,not_available,candidate_two_year_exact_enrollment
2023,employment-school-de06e472fa9ef225b1d3,대신대학교,본교,경북,대학,0000093,대신대학교,600,600,4017753899,academyinfo_two_year_exact_enrollment_school_context,,unresolved_no_exact_signature,not_available,candidate_two_year_exact_enrollment
2023,employment-school-7783cd8eb722b0905cbd,대원대학교,본교,충북,전문대학,0000449,대원대학교,2270,2270,1370042920,academyinfo_two_year_exact_enrollment_school_context,,unresolved_no_exact_signature,not_available,candidate_two_year_exact_enrollment
2023,employment-school-c52916e454f73935de6a,대전가톨릭대학교,본교,세종,대학,0000094,대전가톨릭대학교,51,51,3204512953,academyinfo_two_year_exact_enrollment_school_context,,unresolved_signature_too_small,not_available,candidate_two_year_exact_enrollment
2023,employment-school-4c3b319065e73f4a0c12,대전과학기술대학교,본교,대전,전문대학,0000453,대전과학기술대학교,4572,4572,1749948859,academyinfo_two_year_exact_enrollment_school_context,,unresolved_no_exact_signature,not_available,candidate_two_year_exact_enrollment
2023,employment-school-1845e36cdde93bf1bde3,대전대학교,본교,대전,대학,0000095,대전대학교,11469,11469,7762282371,academyinfo_two_year_exact_enrollment_school_context,,unresolved_no_exact_signature,not_available,candidate_two_year_exact_enrollment
2023,employment-school-ef14e864aaa370d569d1,대전보건대학교,본교,대전,전문대학,0000451,대전보건대학교,5890,5890,6821876287,academyinfo_two_year_exact_enrollment_school_context,,unresolved_no_exact_signature,not_available,candidate_two_year_exact_enrollment
2023,employment-school-d76c80f73622b0cb9f57,대전신학대학교,본교,대전,대학,0000238,대전신학대학교,54,54,3256466805,academyinfo_two_year_exact_enrollment_school_context,,unresolved_signature_too_small,not_available,candidate_two_year_exact_enrollment
2023,employment-school-b1034de8581dbf87c431,대진대학교,본교,경기,대학,0000097,대진대학교,9980,9980,2966308116,academyinfo_two_year_exact_enrollment_school_context,,unresolved_no_exact_signature,not_available,candidate_two_year_exact_enrollment
2023,employment-school-ba0770facfed1a017fb6,덕성여자대학교,본교,서울,대학,0000099,덕성여자대학교,6507,6507,6945439219,academyinfo_two_year_exact_enrollment_school_context,,unresolved_no_exact_signature,not_available,candidate_two_year_exact_enrollment
2023,employment-school-e5eb54a8ea027fc4a61e,동남보건대학교,본교,경기,전문대학,0000457,동남보건대학교,5697,5697,7605337738,academyinfo_two_year_exact_enrollment_school_context,,unresolved_no_exact_signature,not_available,candidate_two_year_exact_enrollment
2023,employment-school-b9a3cf5a9a0795292637,동덕여자대학교,본교,서울,대학,0000102,동덕여자대학교,8085,8085,7297517776,academyinfo_two_year_exact_enrollment_school_context,,unresolved_no_exact_signature,not_available,candidate_two_year_exact_enrollment
2023,employment-school-33d6576ff7697266ae87,동명대학교,본교,부산,대학,0000235,동명대학교,9801,9801,2269515275,academyinfo_two_year_exact_enrollment_school_context,,unresolved_no_exact_signature,not_available,candidate_two_year_exact_enrollment
2023,employment-school-4c01ab45ca85e300a36e,동서울대학교,본교,경기,전문대학,0000450,동서울대학교,8112,8112,7075858414,academyinfo_two_year_exact_enrollment_school_context,,unresolved_no_exact_signature,not_available,candidate_two_year_exact_enrollment
2023,employment-school-fb7306c6ccede27a56bd,동신대학교,본교,전남,대학,0000104,동신대학교,7125,7125,3939605593,academyinfo_two_year_exact_enrollment_school_context,,unresolved_no_exact_signature,not_available,candidate_two_year_exact_enrollment
2023,employment-school-484c27bb384471114b34,동아방송예술대학교,본교,경기,전문대학,0000461,동아방송예술대학교,4203,4203,6776323795,academyinfo_two_year_exact_enrollment_school_context,,unresolved_no_exact_signature,not_available,candidate_two_year_exact_enrollment
2023,employment-school-f6b491b12fef059f2f2a,동아보건대학교,본교,전남,전문대학,0000462,동아보건대학교,1144,1144,8324178874,academyinfo_two_year_exact_enrollment_school_context,,unresolved_no_exact_signature,not_available,candidate_two_year_exact_enrollment
2023,employment-school-c3823df3864bb7bf3c9c,동양미래대학교,본교,서울,전문대학,0000463,동양미래대학교,9697,9697,8050425648,academyinfo_two_year_exact_enrollment_school_context,,unresolved_no_exact_signature,not_available,candidate_two_year_exact_enrollment
2023,employment-school-31f57043baa5ee4330eb,동원과학기술대학교,본교,경남,전문대학,0000509,동원과학기술대학교,2894,2894,7197368383,academyinfo_two_year_exact_enrollment_school_context,,unresolved_no_exact_signature,not_available,candidate_two_year_exact_enrollment
2023,employment-school-9b9e65715ae91f3b66fd,동원대학교,본교,경기,전문대학,0000465,동원대학교,3586,3586,4455086469,academyinfo_two_year_exact_enrollment_school_context,,unresolved_no_exact_signature,not_available,candidate_two_year_exact_enrollment
2023,employment-school-5114af0bab645aab8aa0,동의대학교,본교,부산,대학,0000107,동의대학교,19880,19880,2066678583,academyinfo_two_year_exact_enrollment_school_context,,unresolved_no_exact_signature,not_available,candidate_two_year_exact_enrollment
2023,employment-school-31c6337e7cc989e5839d,루터대학교,본교,경기,대학,0000108,루터대학교,396,396,5642528295,academyinfo_two_year_exact_enrollment_school_context,,unresolved_no_exact_signature,not_available,candidate_two_year_exact_enrollment
2023,employment-school-188fb9da531a8d9dce0b,마산대학교,본교,경남,전문대학,0000470,마산대학교,6502,6502,9725025832,academyinfo_two_year_exact_enrollment_school_context,,unresolved_no_exact_signature,not_available,candidate_two_year_exact_enrollment
2023,employment-school-bc63333a1087415f4e3f,목원대학교,본교,대전,대학,0000112,목원대학교,9602,9602,8148429274,academyinfo_two_year_exact_enrollment_school_context,,unresolved_no_exact_signature,not_available,candidate_two_year_exact_enrollment
2023,employment-school-bbdf9603f5527f0f11a0,목포가톨릭대학교,본교,전남,대학,0000221,목포가톨릭대학교,567,567,2892641246,academyinfo_two_year_exact_enrollment_school_context,,unresolved_no_exact_signature,not_available,candidate_two_year_exact_enrollment
2023,employment-school-1cadb75a355bbd2b9ad0,목포과학대학교,본교,전남,전문대학,0000474,목포과학대학교,3067,3067,4209855318,academyinfo_two_year_exact_enrollment_school_context,,unresolved_no_exact_signature,not_available,candidate_two_year_exact_enrollment
2023,employment-school-6b9f866884054d3088f6,목포대학교,본교,전남,대학,0000011,국립목포대학교,8309,8309,3325767040,academyinfo_two_year_exact_enrollment_school_context,,unresolved_no_exact_signature,not_available,candidate_two_year_exact_enrollment
2023,employment-school-30bd5b27a2298d4d834f,목포해양대학교,본교,전남,대학,0000012,국립목포해양대학교,3016,3016,8557606160,academyinfo_two_year_exact_enrollment_school_context,,unresolved_no_exact_signature,not_available,candidate_two_year_exact_enrollment
2023,employment-school-8c2fbd313a0b27135b27,배재대학교,본교,대전,대학,0000113,배재대학교,9769,9769,8136945664,academyinfo_two_year_exact_enrollment_school_context,,unresolved_no_exact_signature,not_available,candidate_two_year_exact_enrollment
2023,employment-school-e8e20e8b5ef1c94bc58f,배화여자대학교,본교,서울,전문대학,0000476,배화여자대학교,3139,3139,5795471072,academyinfo_two_year_exact_enrollment_school_context,,unresolved_no_exact_signature,not_available,candidate_two_year_exact_enrollment
2023,employment-school-fd85695ba8fd6305bcc0,백석대학교,본교,충남,대학,0000178,백석대학교,15436,15436,3173264682,academyinfo_two_year_exact_enrollment_school_context,,unresolved_no_exact_signature,not_available,candidate_two_year_exact_enrollment
2023,employment-school-7186f486794fe69a503b,백제예술대학교,본교,전북,전문대학,0000477,백제예술대학교,1213,1213,1074720442,academyinfo_two_year_exact_enrollment_school_context,,unresolved_no_exact_signature,not_available,candidate_two_year_exact_enrollment
2023,employment-school-ae02b4b51b182af99f7c,부경대학교,본교,부산,대학,0000013,국립부경대학교,20806,20806,9321250915,academyinfo_two_year_exact_enrollment_school_context,,unresolved_no_exact_signature,not_available,candidate_two_year_exact_enrollment
2023,employment-school-3bd9b21e608937a39128,부산가톨릭대학교,본교,부산,대학,0000114,부산가톨릭대학교,4122,4122,9481304764,academyinfo_two_year_exact_enrollment_school_context,,unresolved_no_exact_signature,not_available,candidate_two_year_exact_enrollment
2023,employment-school-5eb4acbc24c688444073,부산경상대학교,본교,부산,전문대학,0000479,부산경상대학교,2832,2832,6373324573,academyinfo_two_year_exact_enrollment_school_context,,unresolved_no_exact_signature,not_available,candidate_two_year_exact_enrollment
2023,employment-school-f9aae63bd8e980bc343d,부산교육대학교,본교,부산,교육대학,0000254,부산교육대학교,1499,1499,6089915394,academyinfo_two_year_exact_enrollment_school_context,6089915394,candidate_signature_context_confirmed,department_signature_agreement,candidate_two_year_exact_enrollment_department_signature_confirmed
2023,employment-school-d69778d2209775e3962f,부산보건대학교,본교,부산,전문대학,0000467,부산보건대학교,3119,3119,3036731123,academyinfo_two_year_exact_enrollment_school_context,,unresolved_no_exact_signature,not_available,candidate_two_year_exact_enrollment
2023,employment-school-417faf810c8a443b5621,부산여자대학교,본교,부산,전문대학,0000480,부산여자대학교,2032,2032,1993808865,academyinfo_two_year_exact_enrollment_school_context,,unresolved_no_exact_signature,not_available,candidate_two_year_exact_enrollment
2023,employment-school-aec76442b743c63e41c6,부산예술대학교,본교,부산,전문대학,0000561,부산예술대학교,727,727,6542043566,academyinfo_two_year_exact_enrollment_school_context,,unresolved_no_exact_signature,not_available,candidate_two_year_exact_enrollment
2023,employment-school-6fd167ba1b5789cd9a77,부산외국어대학교,본교,부산,대학,0000115,부산외국어대학교,10014,10014,7118994772,academyinfo_two_year_exact_enrollment_school_context,,unresolved_no_exact_signature,not_available,candidate_two_year_exact_enrollment
2023,employment-school-60b0e0fc964ae1c8628c,부산장신대학교,본교,경남,대학,0000222,부산장신대학교,158,158,5888007283,academyinfo_two_year_exact_enrollment_school_context,,unresolved_no_exact_signature,not_available,candidate_two_year_exact_enrollment
2023,employment-school-287e0790b067fb062377,부천대학교,본교,경기,전문대학,0000482,부천대학교,9806,9806,4188858449,academyinfo_two_year_exact_enrollment_school_context,,unresolved_no_exact_signature,not_available,candidate_two_year_exact_enrollment
2023,employment-school-78908322b5ae1a11e3e1,삼육대학교,본교,서울,대학,0000116,삼육대학교,7060,7060,1141288042,academyinfo_two_year_exact_enrollment_school_context,,unresolved_no_exact_signature,not_available,candidate_two_year_exact_enrollment
2023,employment-school-5b84155dafd1de325965,삼육보건대학교,본교,서울,전문대학,0000483,삼육보건대학교,1542,1542,7960869371,academyinfo_two_year_exact_enrollment_school_context,,unresolved_no_exact_signature,not_available,candidate_two_year_exact_enrollment
2023,employment-school-076420ad6dd958d8cb66,상지대학교,본교,강원,대학,0000119,상지대학교,9180,9180,9737482547,academyinfo_two_year_exact_enrollment_school_context,,unresolved_no_exact_signature,not_available,candidate_two_year_exact_enrollment
2023,employment-school-8a20ceba8245b6a536b2,상지영서대학교,본교,강원,전문대학,0000485,상지영서대학교,298,298,3177766501,academyinfo_two_year_exact_enrollment_school_context,,unresolved_no_exact_signature,not_available,candidate_two_year_exact_enrollment
2023,employment-school-67d79b1c0f817cd33cb5,서강대학교,본교,서울,대학,0000120,서강대학교,11553,11553,2371954739,academyinfo_two_year_exact_enrollment_school_context,,unresolved_no_exact_signature,not_available,candidate_two_year_exact_enrollment
2023,employment-school-8d5b64b20e73938241e5,서라벌대학교,본교,경북,전문대학,0002645,서라벌대학교,680,680,3319877982,academyinfo_two_year_exact_enrollment_school_context,,unresolved_no_exact_signature,not_available,candidate_two_year_exact_enrollment
2023,employment-school-dcd231019d97ed74325a,서울과학기술대학교,본교,서울,대학,0000036,서울과학기술대학교,13641,13641,4005481183,academyinfo_two_year_exact_enrollment_school_context,,unresolved_no_exact_signature,not_available,candidate_two_year_exact_enrollment
2023,employment-school-bb5ecb38abe5730e7566,서울교육대학교,본교,서울,교육대학,0000255,서울교육대학교,1497,1497,8185494184,academyinfo_two_year_exact_enrollment_school_context,8185494184,candidate_signature_context_confirmed,department_signature_agreement,candidate_two_year_exact_enrollment_department_signature_confirmed
2023,employment-school-78a84d11372e467f0eb3,서울기독대학교,본교,서울,대학,0000098,서울기독대학교,493,493,4291264116,academyinfo_two_year_exact_enrollment_school_context,,unresolved_no_exact_signature,not_available,candidate_two_year_exact_enrollment
2023,employment-school-d2fa5f77b0d46112d252,서울시립대학교,본교,서울,대학,0000040,서울시립대학교,11900,11900,6524985253,academyinfo_two_year_exact_enrollment_school_context,,unresolved_no_exact_signature,not_available,candidate_two_year_exact_enrollment
2023,employment-school-bb8b9ea1f6e5cbfc49f2,서울신학대학교,본교,경기,대학,0000125,서울신학대학교,2456,2456,6105046808,academyinfo_two_year_exact_enrollment_school_context,6105046808,candidate_signature_context_confirmed,department_signature_agreement,candidate_two_year_exact_enrollment_department_signature_confirmed
2023,employment-school-03b9e970bfec1c58ed63,서울여자간호대학교,본교,서울,전문대학,0002973,서울여자간호대학교,937,937,3049030125,academyinfo_two_year_exact_enrollment_school_context,,unresolved_signature_too_small,not_available,candidate_two_year_exact_enrollment
2023,employment-school-4418d87fd180c6691fae,서울여자대학교,본교,서울,대학,0000126,서울여자대학교,8726,8726,2795465350,academyinfo_two_year_exact_enrollment_school_context,,unresolved_no_exact_signature,not_available,candidate_two_year_exact_enrollment
2023,employment-school-f713b52e010cc28e4dde,서울예술대학교,본교,경기,전문대학,0000489,서울예술대학교,4152,4152,5663107812,academyinfo_two_year_exact_enrollment_school_context,,unresolved_no_exact_signature,not_available,candidate_two_year_exact_enrollment
2023,employment-school-668e7c23a814c7709fb5,서울장신대학교,본교,경기,대학,0000127,서울장신대학교,379,379,4364512026,academyinfo_two_year_exact_enrollment_school_context,4364512026,candidate_signature_context_confirmed,department_signature_agreement,candidate_two_year_exact_enrollment_department_signature_confirmed
2023,employment-school-564dbf890223621df8be,서울한영대학교,본교,서울,대학,0000205,서울한영대학교,839,839,8578089654,academyinfo_two_year_exact_enrollment_school_context,,unresolved_no_exact_signature,not_available,candidate_two_year_exact_enrollment
2023,employment-school-5fef854d1b47b026f6b8,서원대학교,본교,충북,대학,0000128,서원대학교,8629,8629,5755970716,academyinfo_two_year_exact_enrollment_school_context,,unresolved_no_exact_signature,not_available,candidate_two_year_exact_enrollment
2023,employment-school-fbc71f2f1325696a6576,서정대학교,본교,경기,전문대학,0000566,서정대학교,9718,9718,3895868420,academyinfo_two_year_exact_enrollment_school_context,,unresolved_no_exact_signature,not_available,candidate_two_year_exact_enrollment
2023,employment-school-746edb8724c7d735db28,선린대학교,본교,경북,전문대학,0000550,선린대학교,2483,2483,4651407539,academyinfo_two_year_exact_enrollment_school_context,,unresolved_no_exact_signature,not_available,candidate_two_year_exact_enrollment
2023,employment-school-1b1e50e6e713109f5a08,선문대학교,본교,충남,대학,0000129,선문대학교,12066,12066,4959807395,academyinfo_two_year_exact_enrollment_school_context,,unresolved_no_exact_signature,not_available,candidate_two_year_exact_enrollment
2023,employment-school-b9def993e2c0be715d52,성결대학교,본교,경기,대학,0000131,성결대학교,7024,7024,5094032645,academyinfo_two_year_exact_enrollment_school_context,,unresolved_no_exact_signature,not_available,candidate_two_year_exact_enrollment
2023,employment-school-b6126807505387548b2e,성공회대학교,본교,서울,대학,0000132,성공회대학교,2862,2862,3388397693,academyinfo_two_year_exact_enrollment_school_context,,unresolved_no_exact_signature,not_available,candidate_two_year_exact_enrollment
2023,employment-school-919afff5d9f98d75788e,성운대학교,본교,경북,전문대학,0002647,성운대학교,1607,1607,4644152700,academyinfo_two_year_exact_enrollment_school_context,,unresolved_no_exact_signature,not_available,candidate_two_year_exact_enrollment
2023,employment-school-0eeed613e400a77e0114,세경대학교,본교,강원,전문대학,0000515,세경대학교,1067,1067,9188678979,academyinfo_two_year_exact_enrollment_school_context,,unresolved_no_exact_signature,not_available,candidate_two_year_exact_enrollment
2023,employment-school-fba85cca0aa11efaf317,세명대학교,본교,충북,대학,0000137,세명대학교,8775,8775,7039148092,academyinfo_two_year_exact_enrollment_school_context,,unresolved_no_exact_signature,not_available,candidate_two_year_exact_enrollment
2023,employment-school-9ee05b80513ff234e147,송곡대학교,본교,강원,전문대학,0000567,송곡대학교,950,950,8568694412,academyinfo_two_year_exact_enrollment_school_context,,unresolved_no_exact_signature,not_available,candidate_two_year_exact_enrollment
2023,employment-school-6fcd76d302c97a25e10e,송원대학교,본교,광주,대학,0000243,송원대학교,3403,3403,2053851187,academyinfo_two_year_exact_enrollment_school_context,,unresolved_no_exact_signature,not_available,candidate_two_year_exact_enrollment
2023,employment-school-82fd370b979d992a6239,송호대학교,본교,강원,전문대학,0000564,송호대학교,951,951,3215096950,academyinfo_two_year_exact_enrollment_school_context,,unresolved_no_exact_signature,not_available,candidate_two_year_exact_enrollment
2023,employment-school-57fc0c5f995368991a90,수성대학교,본교,대구,전문대학,0002649,수성대학교,4200,4200,7361554980,academyinfo_two_year_exact_enrollment_school_context,,unresolved_no_exact_signature,not_available,candidate_two_year_exact_enrollment
2023,employment-school-38a7a136de5de638828e,수원가톨릭대학교,본교,경기,대학,0000139,수원가톨릭대학교,169,169,3184465050,academyinfo_two_year_exact_enrollment_school_context,,unresolved_signature_too_small,not_available,candidate_two_year_exact_enrollment
2023,employment-school-7a4cb19d54ca01a4121c,수원과학대학교,본교,경기,전문대학,0000497,수원과학대학교,4915,4915,7960820555,academyinfo_two_year_exact_enrollment_school_context,,unresolved_no_exact_signature,not_available,candidate_two_year_exact_enrollment
2023,employment-school-a09828020667c34fb76b,수원대학교,본교,경기,대학,0000140,수원대학교,11860,11860,9326480150,academyinfo_two_year_exact_enrollment_school_context,,unresolved_no_exact_signature,not_available,candidate_two_year_exact_enrollment
2023,employment-school-b78fd6bf130f46f5e47e,숙명여자대학교,본교,서울,대학,0000141,숙명여자대학교,12231,12231,8424407124,academyinfo_two_year_exact_enrollment_school_context,,unresolved_no_exact_signature,not_available,candidate_two_year_exact_enrollment
2023,employment-school-086b2b1dea8e875f4906,순천제일대학교,본교,전남,전문대학,0000498,순천제일대학교,3173,3173,7951230585,academyinfo_two_year_exact_enrollment_school_context,,unresolved_no_exact_signature,not_available,candidate_two_year_exact_enrollment
2023,employment-school-a141205337c9f8052771,숭실대학교,본교,서울,대학,0000143,숭실대학교,19473,19473,4381855189,academyinfo_two_year_exact_enrollment_school_context,,unresolved_no_exact_signature,not_available,candidate_two_year_exact_enrollment
2023,employment-school-a5435841e847a6a1ec27,숭의여자대학교,본교,서울,전문대학,0000500,숭의여자대학교,3360,3360,7467970550,academyinfo_two_year_exact_enrollment_school_context,,unresolved_no_exact_signature,not_available,candidate_two_year_exact_enrollment
2023,employment-school-d2b2a27164f5fb73b012,신구대학교,본교,경기,전문대학,0000501,신구대학교,8097,8097,2150788903,academyinfo_two_year_exact_enrollment_school_context,,unresolved_no_exact_signature,not_available,candidate_two_year_exact_enrollment
2023,employment-school-9b8f8b2d77b938b1ec69,신라대학교,본교,부산,대학,0000144,신라대학교,8862,8862,6281530261,academyinfo_two_year_exact_enrollment_school_context,,unresolved_no_exact_signature,not_available,candidate_two_year_exact_enrollment
2023,employment-school-dc63d85f9fa4a1cb041c,신성대학교,본교,충남,전문대학,0000502,신성대학교,3546,3546,1429644823,academyinfo_two_year_exact_enrollment_school_context,,unresolved_no_exact_signature,not_available,candidate_two_year_exact_enrollment
2023,employment-school-584ef5462051d779f5a5,신안산대학교,본교,경기,전문대학,0000506,신안산대학교,3367,3367,1849240481,academyinfo_two_year_exact_enrollment_school_context,,unresolved_no_exact_signature,not_available,candidate_two_year_exact_enrollment
2023,employment-school-0e3a4de3e75729da3844,아신대학교,본교,경기,대학,0000145,아신대학교,453,453,1586481094,academyinfo_two_year_exact_enrollment_school_context,,unresolved_no_exact_signature,not_available,candidate_two_year_exact_enrollment
2023,employment-school-1d4b1733cfa3fe738018,아주대학교,본교,경기,대학,0000146,아주대학교,13395,13395,5931458532,academyinfo_two_year_exact_enrollment_school_context,,unresolved_no_exact_signature,not_available,candidate_two_year_exact_enrollment
2023,employment-school-f296a787b170bac09ab5,안동과학대학교,본교,경북,전문대학,0002650,안동과학대학교,2573,2573,3716863155,academyinfo_two_year_exact_enrollment_school_context,,unresolved_no_exact_signature,not_available,candidate_two_year_exact_enrollment
2023,employment-school-3802f43d756353c61dfc,안산대학교,본교,경기,전문대학,0000507,안산대학교,5450,5450,2435201764,academyinfo_two_year_exact_enrollment_school_context,,unresolved_no_exact_signature,not_available,candidate_two_year_exact_enrollment
2023,employment-school-743c9c900f19771da687,여주대학교,본교,경기,전문대학,0000510,여주대학교,5051,5051,2870859563,academyinfo_two_year_exact_enrollment_school_context,,unresolved_no_exact_signature,not_available,candidate_two_year_exact_enrollment
2023,employment-school-bad28c0a4c1e371e97b2,연성대학교,본교,경기,전문대학,0002651,연성대학교,8299,8299,8415538132,academyinfo_two_year_exact_enrollment_school_context,,unresolved_no_exact_signature,not_available,candidate_two_year_exact_enrollment
2023,employment-school-a7c3eb92f1bfa7136c58,연암공과대학교,본교,경남,전문대학,0002652,연암공과대학교,2255,2255,3230940222,academyinfo_two_year_exact_enrollment_school_context,,unresolved_no_exact_signature,not_available,candidate_two_year_exact_enrollment
2023,employment-school-b3d13301355445bac324,연암대학교,본교,충남,전문대학,0000512,연암대학교,1588,1588,9599737167,academyinfo_two_year_exact_enrollment_school_context,,unresolved_no_exact_signature,not_available,candidate_two_year_exact_enrollment
2023,employment-school-cb70ba8256e0edfc2d25,영남신학대학교,본교,경북,대학,0000153,영남신학대학교,484,484,8771178662,academyinfo_two_year_exact_enrollment_school_context,8771178662,candidate_signature_context_confirmed,department_signature_agreement,candidate_two_year_exact_enrollment_department_signature_confirmed
2023,employment-school-c41ef134a0d92f64a717,영남외국어대학,본교,경북,전문대학,0000418,영남외국어대학,445,445,4389398634,academyinfo_two_year_exact_enrollment_school_context,,unresolved_no_exact_signature,not_available,candidate_two_year_exact_enrollment
2023,employment-school-98e2ba9893711867e9ab,영남이공대학교,본교,대구,전문대학,0000513,영남이공대학교,8108,8108,9018763184,academyinfo_two_year_exact_enrollment_school_context,,unresolved_no_exact_signature,not_available,candidate_two_year_exact_enrollment
2023,employment-school-f68e00367ad08627751f,영산선학대학교,본교,전남,대학,0000155,영산선학대학교,46,46,3724725782,academyinfo_two_year_exact_enrollment_school_context,,unresolved_signature_too_small,not_available,candidate_two_year_exact_enrollment
2023,employment-school-cfe1afd7effff1e86daf,영진전문대학교,본교,대구,전문대학,0000517,영진전문대학교,10094,10094,4038041055,academyinfo_two_year_exact_enrollment_school_context,,unresolved_no_exact_signature,not_available,candidate_two_year_exact_enrollment
2023,employment-school-37310e562bed622c079c,예수대학교,본교,전북,대학,0000228,예수대학교,567,567,4929824054,academyinfo_two_year_exact_enrollment_school_context,,unresolved_signature_too_small,not_available,candidate_two_year_exact_enrollment
2023,employment-school-67b262f33fcb75a5881d,오산대학교,본교,경기,전문대학,0002653,오산대학교,6031,6031,5241208136,academyinfo_two_year_exact_enrollment_school_context,,unresolved_no_exact_signature,not_available,candidate_two_year_exact_enrollment
2023,employment-school-2d7d670fe8064dba48eb,용인대학교,본교,경기,대학,0000156,용인대학교,7536,7536,5842803478,academyinfo_two_year_exact_enrollment_school_context,,unresolved_no_exact_signature,not_available,candidate_two_year_exact_enrollment
2023,employment-school-ba9682abc8ac41926e45,용인예술과학대학교,본교,경기,전문대학,0000520,용인예술과학대학교,3809,3809,2655661106,academyinfo_two_year_exact_enrollment_school_context,,unresolved_no_exact_signature,not_available,candidate_two_year_exact_enrollment
2023,employment-school-d21e12fb167410a8a1ff,우송정보대학,본교,대전,전문대학,0000452,우송정보대학,4619,4619,8180929601,academyinfo_two_year_exact_enrollment_school_context,,unresolved_no_exact_signature,not_available,candidate_two_year_exact_enrollment
2023,employment-school-e0e74e0cb6776ec4fd95,울산과학기술원,본교,울산,대학,0000250,울산과학기술원,2342,2342,4205115854,academyinfo_two_year_exact_enrollment_school_context,,unresolved_no_exact_signature,not_available,candidate_two_year_exact_enrollment
2023,employment-school-0528490e012e971a8d38,울산대학교,본교,울산,대학,0000158,울산대학교,16498,16498,2515871345,academyinfo_two_year_exact_enrollment_school_context,,unresolved_no_exact_signature,not_available,candidate_two_year_exact_enrollment
2023,employment-school-231dd5e9eadd14bb4fee,웅지세무대학교,본교,경기,전문대학,0000568,웅지세무대학교,932,932,2132430791,academyinfo_two_year_exact_enrollment_school_context,,unresolved_signature_too_small,not_available,candidate_two_year_exact_enrollment
2023,employment-school-4974bb3c993c9d9c2082,원광대학교,본교,전북,대학,0000159,원광대학교,18063,18063,8692563652,academyinfo_two_year_exact_enrollment_school_context,,unresolved_no_exact_signature,not_available,candidate_two_year_exact_enrollment
2023,employment-school-631e28f95247e3a6f5d4,원광보건대학교,본교,전북,전문대학,0000523,원광보건대학교,5584,5584,3259533643,academyinfo_two_year_exact_enrollment_school_context,,unresolved_no_exact_signature,not_available,candidate_two_year_exact_enrollment
2023,employment-school-1bbc7403846c007807ec,위덕대학교,본교,경북,대학,0000160,위덕대학교,2951,2951,3436350226,academyinfo_two_year_exact_enrollment_school_context,,unresolved_no_exact_signature,not_available,candidate_two_year_exact_enrollment
2023,employment-school-96230590588631a520f4,유한대학교,본교,경기,전문대학,0000524,유한대학교,7237,7237,3878318190,academyinfo_two_year_exact_enrollment_school_context,,unresolved_no_exact_signature,not_available,candidate_two_year_exact_enrollment
2023,employment-school-001b97bdc807334ac4af,인덕대학교,본교,서울,전문대학,0000525,인덕대학교,8375,8375,3622565805,academyinfo_two_year_exact_enrollment_school_context,,unresolved_no_exact_signature,not_available,candidate_two_year_exact_enrollment
2023,employment-school-12a012b52f5cd1a92b0f,인하공업전문대학,본교,인천,전문대학,0002654,인하공업전문대학,10603,10603,7217154502,academyinfo_two_year_exact_enrollment_school_context,,unresolved_no_exact_signature,not_available,candidate_two_year_exact_enrollment
2023,employment-school-ec0f1b7680907dade0c7,인하대학교,본교,인천,대학,0000169,인하대학교,24981,24981,4503744423,academyinfo_two_year_exact_enrollment_school_context,,unresolved_no_exact_signature,not_available,candidate_two_year_exact_enrollment
2023,employment-school-9f88ad695ca6ed276fb6,장로회신학대학교,본교,서울,대학,0000170,장로회신학대학교,791,791,3061540484,academyinfo_two_year_exact_enrollment_school_context,3061540484,candidate_signature_context_confirmed,department_signature_agreement,candidate_two_year_exact_enrollment_department_signature_confirmed
2023,employment-school-d2148f650094979bb2c4,장안대학교,본교,경기,전문대학,0000527,장안대학교,3654,3654,3138893783,academyinfo_two_year_exact_enrollment_school_context,,unresolved_no_exact_signature,not_available,candidate_two_year_exact_enrollment
2023,employment-school-ad8de35fa372036a0a0f,전남과학대학교,본교,전남,전문대학,0000529,전남과학대학교,3612,3612,2751910030,academyinfo_two_year_exact_enrollment_school_context,,unresolved_no_exact_signature,not_available,candidate_two_year_exact_enrollment
2023,employment-school-55c40f5833d97f36d9cd,전남도립대학교,본교,전남,전문대학,0000562,전남도립대학교,1255,1255,7043987333,academyinfo_two_year_exact_enrollment_school_context,,unresolved_no_exact_signature,not_available,candidate_two_year_exact_enrollment
2023,employment-school-97d40248402c96e11a57,전북과학대학교,본교,전북,전문대학,0000531,전북과학대학교,1726,1726,3463636338,academyinfo_two_year_exact_enrollment_school_context,,unresolved_no_exact_signature,not_available,candidate_two_year_exact_enrollment
2023,employment-school-ce1943ac1cc76643a0f2,전주교육대학교,본교,전북,교육대학,0000258,전주교육대학교,1152,1152,1867613613,academyinfo_two_year_exact_enrollment_school_context,1867613613,candidate_signature_context_confirmed,department_signature_agreement,candidate_two_year_exact_enrollment_department_signature_confirmed
2023,employment-school-5f4fd8f95f417eef2e18,전주기전대학,본교,전북,전문대학,0000437,전주기전대학,1819,1819,2520514249,academyinfo_two_year_exact_enrollment_school_context,,unresolved_no_exact_signature,not_available,candidate_two_year_exact_enrollment
2023,employment-school-04b618ebe89706ca7ce2,전주대학교,본교,전북,대학,0000171,전주대학교,14540,14540,5981081545,academyinfo_two_year_exact_enrollment_school_context,,unresolved_no_exact_signature,not_available,candidate_two_year_exact_enrollment
2023,employment-school-579a93c9aca1802773b2,전주비전대학교,본교,전북,전문대학,0000530,전주비전대학교,4195,4195,7344014406,academyinfo_two_year_exact_enrollment_school_context,,unresolved_no_exact_signature,not_available,candidate_two_year_exact_enrollment
2023,employment-school-d53ac9c12db1d370ba4c,제주관광대학교,본교,제주,전문대학,0000532,제주관광대학교,2089,2089,2854465365,academyinfo_two_year_exact_enrollment_school_context,,unresolved_no_exact_signature,not_available,candidate_two_year_exact_enrollment
2023,employment-school-a65498aa011cab8a7cd7,제주국제대학교,본교,제주,대학,0000248,제주국제대학교,533,533,1942845821,academyinfo_two_year_exact_enrollment_school_context,,unresolved_no_exact_signature,not_available,candidate_two_year_exact_enrollment
2023,employment-school-c487ce8843e1e1af9b55,제주대학교,본교,제주,대학,0000027,제주대학교,13307,13307,2790658831,academyinfo_two_year_exact_enrollment_school_context,,unresolved_no_exact_signature,not_available,candidate_two_year_exact_enrollment
2023,employment-school-441d5e55cf4484227f50,제주한라대학교,본교,제주,전문대학,0002655,제주한라대학교,8588,8588,3780793607,academyinfo_two_year_exact_enrollment_school_context,,unresolved_no_exact_signature,not_available,candidate_two_year_exact_enrollment
2023,employment-school-096e1bb8b18d35d4047c,조선간호대학교,본교,광주,전문대학,0002974,조선간호대학교,824,824,1187306702,academyinfo_two_year_exact_enrollment_school_context,,unresolved_signature_too_small,not_available,candidate_two_year_exact_enrollment
2023,employment-school-2d58d0101e563b2f06f7,조선이공대학교,본교,광주,전문대학,0000534,조선이공대학교,4725,4725,9725471615,academyinfo_two_year_exact_enrollment_school_context,,unresolved_no_exact_signature,not_available,candidate_two_year_exact_enrollment
2023,employment-school-030d11fe80e2977b0059,중앙승가대학교,본교,경기,대학,0000177,중앙승가대학교,78,78,4551189482,academyinfo_two_year_exact_enrollment_school_context,,unresolved_no_exact_signature,not_available,candidate_two_year_exact_enrollment
2023,employment-school-c5ec7c760f588948e14a,중원대학교,본교,충북,대학,0000239,중원대학교,4257,4257,8605822086,academyinfo_two_year_exact_enrollment_school_context,,unresolved_no_exact_signature,not_available,candidate_two_year_exact_enrollment
2023,employment-school-392a19a381e7b1f7d95b,진주교육대학교,본교,경남,교육대학,0000260,진주교육대학교,1287,1287,7351759016,academyinfo_two_year_exact_enrollment_school_context,7351759016,candidate_signature_context_confirmed,department_signature_agreement,candidate_two_year_exact_enrollment_department_signature_confirmed
2023,employment-school-371ccfdc67ac844f04d9,진주보건대학교,본교,경남,전문대학,0000539,진주보건대학교,2841,2841,2344360709,academyinfo_two_year_exact_enrollment_school_context,,unresolved_no_exact_signature,not_available,candidate_two_year_exact_enrollment
2023,employment-school-bd66598a404717941083,차의과학대학교,본교,경기,대학,0000187,차의과학대학교,2698,2698,9776334881,academyinfo_two_year_exact_enrollment_school_context,,unresolved_no_exact_signature,not_available,candidate_two_year_exact_enrollment
2023,employment-school-8df9a6426168f0a3a339,창신대학교,본교,경남,대학,0000249,창신대학교,2061,2061,8881708741,academyinfo_two_year_exact_enrollment_school_context,,unresolved_no_exact_signature,not_available,candidate_two_year_exact_enrollment
2023,employment-school-a80c2d99e83ac1022d71,창원대학교,본교,경남,대학,0000028,국립창원대학교,10423,10423,4379354298,academyinfo_two_year_exact_enrollment_school_context,,unresolved_no_exact_signature,not_available,candidate_two_year_exact_enrollment
2023,employment-school-e08332e7bd073b72d872,창원문성대학교,본교,경남,전문대학,0000542,창원문성대학교,1877,1877,4433675467,academyinfo_two_year_exact_enrollment_school_context,,unresolved_no_exact_signature,not_available,candidate_two_year_exact_enrollment
2023,employment-school-ec3fa7da4177487f1866,청강문화산업대학교,본교,경기,전문대학,0000544,청강문화산업대학교,5116,5116,5157359063,academyinfo_two_year_exact_enrollment_school_context,,unresolved_no_exact_signature,not_available,candidate_two_year_exact_enrollment
2023,employment-school-923e74701b92294e7a41,청암대학교,본교,전남,전문대학,0002656,청암대학교,2898,2898,7502644538,academyinfo_two_year_exact_enrollment_school_context,,unresolved_no_exact_signature,not_available,candidate_two_year_exact_enrollment
2023,employment-school-db19c18a817b39512246,총신대학교,본교,서울,대학,0000180,총신대학교,1733,1733,3974026381,academyinfo_two_year_exact_enrollment_school_context,,unresolved_no_exact_signature,not_available,candidate_two_year_exact_enrollment
2023,employment-school-16be1392c4b3ebdb69d6,추계예술대학교,본교,서울,대학,0000181,추계예술대학교,1394,1394,2033700287,academyinfo_two_year_exact_enrollment_school_context,,unresolved_no_exact_signature,not_available,candidate_two_year_exact_enrollment
2023,employment-school-ea11dc38d0008fc0ad6a,춘천교육대학교,본교,강원,교육대학,0000262,춘천교육대학교,1302,1302,8537263214,academyinfo_two_year_exact_enrollment_school_context,,unresolved_ambiguous_exact_signature,not_available,candidate_two_year_exact_enrollment
2023,employment-school-57dbf61dc78c2eb4b5a3,춘해보건대학교,본교,울산,전문대학,0000545,춘해보건대학교,2958,2958,7660992503,academyinfo_two_year_exact_enrollment_school_context,,unresolved_no_exact_signature,not_available,candidate_two_year_exact_enrollment
2023,employment-school-6f513402edade8cf05d4,충남도립대학교,본교,충남,전문대학,0002657,충남도립대학교,1507,1507,9276983737,academyinfo_two_year_exact_enrollment_school_context,,unresolved_no_exact_signature,not_available,candidate_two_year_exact_enrollment
2023,employment-school-981a1f3aecc6f6226112,충북대학교,본교,충북,대학,0000030,충북대학교,17473,17473,4091667532,academyinfo_two_year_exact_enrollment_school_context,,unresolved_no_exact_signature,not_available,candidate_two_year_exact_enrollment
2023,employment-school-f07ee4841cd5a1a6d493,충북보건과학대학교,본교,충북,전문대학,0000536,충북보건과학대학교,2917,2917,2954328298,academyinfo_two_year_exact_enrollment_school_context,,unresolved_no_exact_signature,not_available,candidate_two_year_exact_enrollment
2023,employment-school-d794e0756dd73d7b51d0,충청대학교,본교,충북,전문대학,0000547,충청대학교,4273,4273,5182121753,academyinfo_two_year_exact_enrollment_school_context,,unresolved_no_exact_signature,not_available,candidate_two_year_exact_enrollment
2023,employment-school-90caa361075442570c15,칼빈대학교,본교,경기,대학,0000184,칼빈대학교,731,731,5863583087,academyinfo_two_year_exact_enrollment_school_context,,unresolved_no_exact_signature,not_available,candidate_two_year_exact_enrollment
2023,employment-school-c5daf65d237b83c0df8a,평택대학교,본교,경기,대학,0000186,평택대학교,4214,4214,7422582209,academyinfo_two_year_exact_enrollment_school_context,,unresolved_no_exact_signature,not_available,candidate_two_year_exact_enrollment
2023,employment-school-96de4ed2712ddc759940,포항공과대학교,본교,경북,대학,0000188,포항공과대학교,1747,1747,4212074577,academyinfo_two_year_exact_enrollment_school_context,,unresolved_no_exact_signature,not_available,candidate_two_year_exact_enrollment
2023,employment-school-32992331d38af9f4c529,포항대학교,본교,경북,전문대학,0002658,포항대학교,1948,1948,9691908597,academyinfo_two_year_exact_enrollment_school_context,,unresolved_no_exact_signature,not_available,candidate_two_year_exact_enrollment
2023,employment-school-0b659d29537e743b9bdf,한국골프대학교,본교,강원,전문대학,0000578,한국골프과학기술대학교,625,625,7180546641,academyinfo_two_year_exact_enrollment_school_context,,unresolved_no_exact_signature,not_available,candidate_two_year_exact_enrollment
2023,employment-school-0a9e455e9c6c68715af1,한국공학대학교,본교,경기,대학,0000247,한국공학대학교,9957,9957,8616076707,academyinfo_two_year_exact_enrollment_school_context,,unresolved_no_exact_signature,not_available,candidate_two_year_exact_enrollment
2023,employment-school-9ff7cc98c4eeb4d05c67,한국과학기술원,본교,대전,대학,0000374,한국과학기술원,4912,4912,9837188839,academyinfo_two_year_exact_enrollment_school_context,,unresolved_no_exact_signature,not_available,candidate_two_year_exact_enrollment
2023,employment-school-b3f8dee2df262cfd2c5a,한국관광대학교,본교,경기,전문대학,0000565,한국관광대학교,1946,1946,9858445346,academyinfo_two_year_exact_enrollment_school_context,,unresolved_no_exact_signature,not_available,candidate_two_year_exact_enrollment
2023,employment-school-c35a3e6d568543feef54,한국교원대학교,본교,충북,대학,0000031,한국교원대학교,2558,2558,5302303493,academyinfo_two_year_exact_enrollment_school_context,5302303493,candidate_signature_context_confirmed,department_signature_agreement,candidate_two_year_exact_enrollment_department_signature_confirmed
2023,employment-school-c05fceb535a5b667f842,한국기술교육대학교,본교,충남,대학,0000189,한국기술교육대학교,5819,5819,7530472457,academyinfo_two_year_exact_enrollment_school_context,,unresolved_no_exact_signature,not_available,candidate_two_year_exact_enrollment
2023,employment-school-a61c68d4828d03ec9728,한국농수산대학교,본교,전북,전문대학,0003019,한국농수산대학교,2031,2031,8106570184,academyinfo_two_year_exact_enrollment_school_context,,unresolved_no_exact_signature,not_available,candidate_two_year_exact_enrollment
2023,employment-school-1b6c9ed0d16f4c42df50,한국복지대학교,본교,경기,전문대학,0002659,한국복지대학교,614,614,1560480296,academyinfo_two_year_exact_enrollment_school_context,,unresolved_no_exact_signature,not_available,candidate_two_year_exact_enrollment
2023,employment-school-830b393076e2e6324858,한국성서대학교,본교,서울,대학,0000191,한국성서대학교,1195,1195,6212758958,academyinfo_two_year_exact_enrollment_school_context,,unresolved_no_exact_signature,not_available,candidate_two_year_exact_enrollment
2023,employment-school-ce6837fe24abc73843bd,한국승강기대학교,본교,경남,전문대학,0000570,한국승강기대학교,1158,1158,9748064398,academyinfo_two_year_exact_enrollment_school_context,,unresolved_signature_too_small,not_available,candidate_two_year_exact_enrollment
2023,employment-school-978f728cf4e797d076e4,한국영상대학교,본교,세종,전문대학,0000522,한국영상대학교,4073,4073,8441023945,academyinfo_two_year_exact_enrollment_school_context,,unresolved_no_exact_signature,not_available,candidate_two_year_exact_enrollment
2023,employment-school-58506c06d43c2b6ee03c,한국전통문화대학교,본교,충남,대학,0003022,한국전통문화대학교,728,728,3459668815,academyinfo_two_year_exact_enrollment_school_context,,unresolved_no_exact_signature,not_available,candidate_two_year_exact_enrollment
2023,employment-school-e8a3f41d48af4a19d60b,한국체육대학교,본교,서울,대학,0000032,한국체육대학교,2992,2992,9037995696,academyinfo_two_year_exact_enrollment_school_context,,unresolved_no_exact_signature,not_available,candidate_two_year_exact_enrollment
2023,employment-school-43b077d03bf1fe178731,한국침례신학대학교,본교,대전,대학,0000182,한국침례신학대학교,1030,1030,9853607714,academyinfo_two_year_exact_enrollment_school_context,,unresolved_no_exact_signature,not_available,candidate_two_year_exact_enrollment
2023,employment-school-4f431d208d1f4e4f5288,한국항공대학교,본교,경기,대학,0000194,한국항공대학교,5899,5899,8684313714,academyinfo_two_year_exact_enrollment_school_context,,unresolved_no_exact_signature,not_available,candidate_two_year_exact_enrollment
2023,employment-school-8617f3130286f944ab8f,한국해양대학교,본교,부산,대학,0000033,국립한국해양대학교,7984,7984,3198850274,academyinfo_two_year_exact_enrollment_school_context,,unresolved_no_exact_signature,not_available,candidate_two_year_exact_enrollment
2023,employment-school-8d91c6c71c4d85e63e29,한동대학교,본교,경북,대학,0000196,한동대학교,5339,5339,7974777162,academyinfo_two_year_exact_enrollment_school_context,,unresolved_no_exact_signature,not_available,candidate_two_year_exact_enrollment
2023,employment-school-d0247f98bccf353cfd21,한라대학교,본교,강원,대학,0000197,한라대학교,4172,4172,6306250035,academyinfo_two_year_exact_enrollment_school_context,,unresolved_no_exact_signature,not_available,candidate_two_year_exact_enrollment
2023,employment-school-d785974f1d951b055f8c,한림대학교,본교,강원,대학,0000198,한림대학교,10314,10314,6450987398,academyinfo_two_year_exact_enrollment_school_context,,unresolved_no_exact_signature,not_available,candidate_two_year_exact_enrollment
2023,employment-school-b7d90e9604ba90777856,한림성심대학교,본교,강원,전문대학,0000553,한림성심대학교,3709,3709,2969926416,academyinfo_two_year_exact_enrollment_school_context,,unresolved_no_exact_signature,not_available,candidate_two_year_exact_enrollment
2023,employment-school-f0024d227b8ca3c03557,한밭대학교,본교,대전,대학,0000039,국립한밭대학교,11216,11216,9664951324,academyinfo_two_year_exact_enrollment_school_context,,unresolved_no_exact_signature,not_available,candidate_two_year_exact_enrollment
2023,employment-school-1ee5ab1c428b6b72fe2b,한세대학교,본교,경기,대학,0000201,한세대학교,3300,3300,5550205051,academyinfo_two_year_exact_enrollment_school_context,,unresolved_no_exact_signature,not_available,candidate_two_year_exact_enrollment
2023,employment-school-9da325842ea460b06c3c,한신대학교,본교,경기,대학,0000202,한신대학교,7530,7530,5703346312,academyinfo_two_year_exact_enrollment_school_context,,unresolved_no_exact_signature,not_available,candidate_two_year_exact_enrollment
2023,employment-school-a8a7fd3eadb705a41e53,한양대학교,본교,서울,대학,0000203,한양대학교,22334,22334,9258313953,academyinfo_two_year_exact_enrollment_school_context,,unresolved_no_exact_signature,not_available,candidate_two_year_exact_enrollment
2023,employment-school-ec0e26231d3fea2a8eb9,한양여자대학교,본교,서울,전문대학,0000554,한양여자대학교,7780,7780,2735845208,academyinfo_two_year_exact_enrollment_school_context,,unresolved_no_exact_signature,not_available,candidate_two_year_exact_enrollment
2023,employment-school-097e283514c33d30b507,한영대학교,본교,전남,전문대학,0000555,한영대학교,1888,1888,6208432018,academyinfo_two_year_exact_enrollment_school_context,,unresolved_no_exact_signature,not_available,candidate_two_year_exact_enrollment
2023,employment-school-6e38669840e213d8004a,한일장신대학교,본교,전북,대학,0000206,한일장신대학교,961,961,2319199979,academyinfo_two_year_exact_enrollment_school_context,,unresolved_no_exact_signature,not_available,candidate_two_year_exact_enrollment
2023,employment-school-bad52321f8120c0d864a,협성대학교,본교,경기,대학,0000207,협성대학교,5258,5258,5622947633,academyinfo_two_year_exact_enrollment_school_context,,unresolved_no_exact_signature,not_available,candidate_two_year_exact_enrollment
2023,employment-school-cc9605ffa223ae6f3e0a,혜전대학교,본교,충남,전문대학,0000556,혜전대학교,3287,3287,4234214067,academyinfo_two_year_exact_enrollment_school_context,,unresolved_no_exact_signature,not_available,candidate_two_year_exact_enrollment
2023,employment-school-1c5d712a5517dc353de6,호남대학교,본교,광주,대학,0000208,호남대학교,8401,8401,7015211522,academyinfo_two_year_exact_enrollment_school_context,,unresolved_no_exact_signature,not_available,candidate_two_year_exact_enrollment
2023,employment-school-509711abdcb653335410,호남신학대학교,본교,광주,대학,0000209,호남신학대학교,780,780,4745576679,academyinfo_two_year_exact_enrollment_school_context,4745576679,candidate_signature_context_confirmed,department_signature_agreement,candidate_two_year_exact_enrollment_department_signature_confirmed
2023,employment-school-cdf1a591bc1c06dd5c34,호산대학교,본교,경북,전문대학,0000415,호산대학교,2159,2159,7729016542,academyinfo_two_year_exact_enrollment_school_context,,unresolved_no_exact_signature,not_available,candidate_two_year_exact_enrollment
2023,employment-school-db682ff9d0d384a219c8,화성의과학대학교,본교,경기,대학,0000233,화성의과학대학교,574,574,1688166320,academyinfo_two_year_exact_enrollment_school_context,,unresolved_no_exact_signature,not_available,candidate_two_year_exact_enrollment
2024,employment-school-231183eb502f83a2eb24,가야대학교,본교,경남,대학,0002748,가야대학교(김해),2012,2012,4998354494,academyinfo_two_year_exact_enrollment_school_context,,unresolved_no_exact_signature,not_available,candidate_two_year_exact_enrollment
2024,employment-school-bd77f0093a11e0d90de3,가톨릭관동대학교,본교,강원,대학,0000072,가톨릭관동대학교,8410,8410,2705171465,academyinfo_two_year_exact_enrollment_school_context,,unresolved_no_exact_signature,not_available,candidate_two_year_exact_enrollment
2024,employment-school-fc8db7d657f9b2a850ac,가톨릭꽃동네대학교,본교,충북,대학,0000215,가톨릭꽃동네대학교,557,557,9979787409,academyinfo_two_year_exact_enrollment_school_context,,unresolved_no_exact_signature,not_available,candidate_two_year_exact_enrollment
2024,employment-school-2d55ba95efd95a81a501,가톨릭상지대학교,본교,경북,전문대학,0000410,가톨릭상지대학교,2206,2206,1930877268,academyinfo_two_year_exact_enrollment_school_context,,unresolved_no_exact_signature,not_available,candidate_two_year_exact_enrollment
2024,employment-school-38d3c5197f9c6999113b,감리교신학대학교,본교,서울,대학,0000050,감리교신학대학교,786,786,6596412479,academyinfo_two_year_exact_enrollment_school_context,,unresolved_signature_too_small,not_available,candidate_two_year_exact_enrollment
2024,employment-school-9d3eedfd890aeab949ee,강남대학교,본교,경기,대학,0000051,강남대학교,8516,8516,4122748434,academyinfo_two_year_exact_enrollment_school_context,,unresolved_no_exact_signature,not_available,candidate_two_year_exact_enrollment
2024,employment-school-7931f8c3cfe7f2a8c352,강동대학교,본교,충북,전문대학,0000433,강동대학교,4018,4018,2568355739,academyinfo_two_year_exact_enrollment_school_context,,unresolved_no_exact_signature,not_available,candidate_two_year_exact_enrollment
2024,employment-school-192263611d286543efc9,강릉영동대학교,본교,강원,전문대학,0000514,강릉영동대학교,4271,4271,6458310902,academyinfo_two_year_exact_enrollment_school_context,,unresolved_no_exact_signature,not_available,candidate_two_year_exact_enrollment
2024,employment-school-aa0f84828a8037c09d91,강서대학교,본교,서울,대학,0000079,강서대학교,2157,2157,2921958863,academyinfo_two_year_exact_enrollment_school_context,,unresolved_no_exact_signature,not_available,candidate_two_year_exact_enrollment
2024,employment-school-260ce7316b2276499b16,강원도립대학교,본교,강원,전문대학,0002639,강원도립대학교,901,901,7425608277,academyinfo_two_year_exact_enrollment_school_context,,unresolved_no_exact_signature,not_available,candidate_two_year_exact_enrollment
2024,employment-school-269a3e468b0187f542d2,거제대학교,본교,경남,전문대학,0000412,거제대학교,1293,1293,2398071944,academyinfo_two_year_exact_enrollment_school_context,,unresolved_no_exact_signature,not_available,candidate_two_year_exact_enrollment
2024,employment-school-ee50164f2eb261fe5c56,경남과학기술대학교,본교,경남,대학,0000035,경남과학기술대학교,2941,2941,9699124276,academyinfo_two_year_exact_enrollment_school_context,,unresolved_no_exact_signature,not_available,candidate_two_year_exact_enrollment
2024,employment-school-61b5c9ab212d217962e3,경남대학교,본교,경남,대학,0000059,경남대학교,11895,11895,4642298758,academyinfo_two_year_exact_enrollment_school_context,,unresolved_no_exact_signature,not_available,candidate_two_year_exact_enrollment
2024,employment-school-bced6c1ba160770f2329,경남도립거창대학,본교,경남,전문대학,0000402,경남도립거창대학,1137,1137,6597150623,academyinfo_two_year_exact_enrollment_school_context,,unresolved_no_exact_signature,not_available,candidate_two_year_exact_enrollment
2024,employment-school-81ee31082ce4d50f420a,경남도립남해대학,본교,경남,전문대학,0000403,경남도립남해대학,1059,1059,4694034814,academyinfo_two_year_exact_enrollment_school_context,,unresolved_no_exact_signature,not_available,candidate_two_year_exact_enrollment
2024,employment-school-c9fa2e494b15df1223fb,경민대학교,본교,경기,전문대학,0000416,경민대학교,6464,6464,3925817430,academyinfo_two_year_exact_enrollment_school_context,,unresolved_no_exact_signature,not_available,candidate_two_year_exact_enrollment
2024,employment-school-ffe310a49ef99c9b97da,경북과학대학교,본교,경북,전문대학,0000456,경북과학대학교,2085,2085,9777717292,academyinfo_two_year_exact_enrollment_school_context,,unresolved_no_exact_signature,not_available,candidate_two_year_exact_enrollment
2024,employment-school-cca3dece1ecf38ff3696,경북도립대학교,본교,경북,전문대학,0000405,경북도립대학교,903,903,2756348550,academyinfo_two_year_exact_enrollment_school_context,,unresolved_no_exact_signature,not_available,candidate_two_year_exact_enrollment
2024,employment-school-793df834336f48973742,경북보건대학교,본교,경북,전문대학,0000438,경북보건대학교,1480,1480,2162164151,academyinfo_two_year_exact_enrollment_school_context,,unresolved_no_exact_signature,not_available,candidate_two_year_exact_enrollment
2024,employment-school-f86bd31e746b51f318f0,경북전문대학교,본교,경북,전문대학,0002642,경북전문대학교,3128,3128,5197615802,academyinfo_two_year_exact_enrollment_school_context,,unresolved_no_exact_signature,not_available,candidate_two_year_exact_enrollment
2024,employment-school-66778ca5ac10e5d48a0b,경성대학교,본교,부산,대학,0000062,경성대학교,16289,16289,4552991390,academyinfo_two_year_exact_enrollment_school_context,,unresolved_no_exact_signature,not_available,candidate_two_year_exact_enrollment
2024,employment-school-8a388715e7195e0e578e,경인여자대학교,본교,인천,전문대학,0000422,경인여자대학교,3876,3876,6690823018,academyinfo_two_year_exact_enrollment_school_context,,unresolved_no_exact_signature,not_available,candidate_two_year_exact_enrollment
2024,employment-school-e727b2993745253337ad,경일대학교,본교,경북,대학,0000064,경일대학교,8602,8602,7082747936,academyinfo_two_year_exact_enrollment_school_context,,unresolved_no_exact_signature,not_available,candidate_two_year_exact_enrollment
2024,employment-school-952c40f8630a8dc55821,계명문화대학교,본교,대구,전문대학,0000425,계명문화대학교,5964,5964,6783237993,academyinfo_two_year_exact_enrollment_school_context,,unresolved_no_exact_signature,not_available,candidate_two_year_exact_enrollment
2024,employment-school-bc43ac4594fd16e5fb14,계원예술대학교,본교,경기,전문대학,0000426,계원예술대학교,3715,3715,2279083251,academyinfo_two_year_exact_enrollment_school_context,,unresolved_no_exact_signature,not_available,candidate_two_year_exact_enrollment
2024,employment-school-bfb5d9644559fef94c24,고려대학교,본교,서울,대학,0000069,고려대학교,27382,27382,3291834950,academyinfo_two_year_exact_enrollment_school_context,,unresolved_no_exact_signature,not_available,candidate_two_year_exact_enrollment
2024,employment-school-95725a133217977cfc65,공주교육대학교,본교,충남,교육대학,0000251,공주교육대학교,1422,1422,4128983497,academyinfo_two_year_exact_enrollment_school_context,,unresolved_no_exact_signature,not_available,candidate_two_year_exact_enrollment
2024,employment-school-27be82858bc4bad2b8c3,광신대학교,본교,광주,대학,0000073,광신대학교,500,500,2040934205,academyinfo_two_year_exact_enrollment_school_context,,unresolved_no_exact_signature,not_available,candidate_two_year_exact_enrollment
2024,employment-school-f5caae21583a35e8f522,광양보건대학교,본교,전남,전문대학,0000428,광양보건대학교,131,131,5043034195,academyinfo_two_year_exact_enrollment_school_context,,unresolved_no_exact_signature,not_available,candidate_two_year_exact_enrollment
2024,employment-school-6dc39f2e8cdddd4bd198,광운대학교,본교,서울,대학,0000074,광운대학교,11252,11252,2030089497,academyinfo_two_year_exact_enrollment_school_context,,unresolved_no_exact_signature,not_available,candidate_two_year_exact_enrollment
2024,employment-school-f7fecbac229ecb1352d9,광주가톨릭대학교,본교,전남,대학,0000075,광주가톨릭대학교,97,97,2627714097,academyinfo_two_year_exact_enrollment_school_context,,unresolved_signature_too_small,not_available,candidate_two_year_exact_enrollment
2024,employment-school-5955bc8b4b9e80f620e2,광주과학기술원,본교,광주,대학,0000381,광주과학기술원,1119,1119,8319158315,academyinfo_two_year_exact_enrollment_school_context,,unresolved_no_exact_signature,not_available,candidate_two_year_exact_enrollment
2024,employment-school-3e002d9f3a4106daefba,광주교육대학교,본교,광주,교육대학,0000252,광주교육대학교,1319,1319,7730154871,academyinfo_two_year_exact_enrollment_school_context,7730154871,candidate_signature_context_confirmed,department_signature_agreement,candidate_two_year_exact_enrollment_department_signature_confirmed
2024,employment-school-895adfed5ef05be3321d,광주대학교,본교,광주,대학,0000231,광주대학교,6777,6777,6217789173,academyinfo_two_year_exact_enrollment_school_context,,unresolved_no_exact_signature,not_available,candidate_two_year_exact_enrollment
2024,employment-school-2718b929c26582c39dd2,광주보건대학교,본교,광주,전문대학,0000429,광주보건대학교,4491,4491,8598524332,academyinfo_two_year_exact_enrollment_school_context,,unresolved_no_exact_signature,not_available,candidate_two_year_exact_enrollment
2024,employment-school-60acf2d601534764a099,광주여자대학교,본교,광주,대학,0000076,광주여자대학교,3480,3480,1003343641,academyinfo_two_year_exact_enrollment_school_context,,unresolved_no_exact_signature,not_available,candidate_two_year_exact_enrollment
2024,employment-school-1055220f0bd9a3ad17c1,구미대학교,본교,경북,전문대학,0000430,구미대학교,6779,6779,6217320322,academyinfo_two_year_exact_enrollment_school_context,,unresolved_no_exact_signature,not_available,candidate_two_year_exact_enrollment
2024,employment-school-9a4557681d17e397c9a6,국립금오공과대학교,본교,경북,대학,0000010,국립금오공과대학교,7405,7405,5637881100,academyinfo_two_year_exact_enrollment_school_context,,unresolved_no_exact_signature,not_available,candidate_two_year_exact_enrollment
2024,employment-school-fcd84f3dbcd92e8e430b,국립목포대학교,본교,전남,대학,0000011,국립목포대학교,7949,7949,3325767040,academyinfo_two_year_exact_enrollment_school_context,,unresolved_no_exact_signature,not_available,candidate_two_year_exact_enrollment
2024,employment-school-67990b842182c3e01570,국립목포해양대학교,본교,전남,대학,0000012,국립목포해양대학교,2997,2997,8557606160,academyinfo_two_year_exact_enrollment_school_context,,unresolved_no_exact_signature,not_available,candidate_two_year_exact_enrollment
2024,employment-school-a907ec585738c8076ef3,국립부경대학교,본교,부산,대학,0000013,국립부경대학교,20749,20749,9321250915,academyinfo_two_year_exact_enrollment_school_context,,unresolved_no_exact_signature,not_available,candidate_two_year_exact_enrollment
2024,employment-school-9b4e66277c774909293e,국립창원대학교,본교,경남,대학,0000028,국립창원대학교,10279,10279,4379354298,academyinfo_two_year_exact_enrollment_school_context,,unresolved_no_exact_signature,not_available,candidate_two_year_exact_enrollment
2024,employment-school-07c61879f2155afde5c0,국립한국해양대학교,본교,부산,대학,0000033,국립한국해양대학교,7996,7996,3198850274,academyinfo_two_year_exact_enrollment_school_context,,unresolved_no_exact_signature,not_available,candidate_two_year_exact_enrollment
2024,employment-school-8e9145186c20dc29233f,국립한밭대학교,본교,대전,대학,0000039,국립한밭대학교,11106,11106,9664951324,academyinfo_two_year_exact_enrollment_school_context,,unresolved_no_exact_signature,not_available,candidate_two_year_exact_enrollment
2024,employment-school-de6b22e2a44be8a5fa50,국민대학교,본교,서울,대학,0000078,국민대학교,20478,20478,3241691589,academyinfo_two_year_exact_enrollment_school_context,,unresolved_no_exact_signature,not_available,candidate_two_year_exact_enrollment
2024,employment-school-bef5bf8ed521d2c2bf20,국제대학교,본교,경기,전문대학,0000549,국제대학교,3219,3219,2667451024,academyinfo_two_year_exact_enrollment_school_context,,unresolved_no_exact_signature,not_available,candidate_two_year_exact_enrollment
2024,employment-school-d4a41f7b449a09239305,군산간호대학교,본교,전북,전문대학,0002971,군산간호대학교,1272,1272,6878157615,academyinfo_two_year_exact_enrollment_school_context,,unresolved_signature_too_small,not_available,candidate_two_year_exact_enrollment
2024,employment-school-e8cb3fcf557fb9a32802,극동대학교,본교,충북,대학,0000080,극동대학교,3777,3777,4378646194,academyinfo_two_year_exact_enrollment_school_context,,unresolved_no_exact_signature,not_available,candidate_two_year_exact_enrollment
2024,employment-school-5beba9d56d2989043c56,금강대학교,본교,충남,대학,0000224,금강대학교,156,156,9802317440,academyinfo_two_year_exact_enrollment_school_context,,unresolved_no_exact_signature,not_available,candidate_two_year_exact_enrollment
2024,employment-school-a63b8dd8f1fbd0b2d818,기독간호대학교,본교,광주,전문대학,0002972,기독간호대학교,673,673,8612184822,academyinfo_two_year_exact_enrollment_school_context,,unresolved_signature_too_small,not_available,candidate_two_year_exact_enrollment
2024,employment-school-1832d61fa0d868d17c86,김천대학교,본교,경북,대학,0000241,김천대학교,2688,2688,6974740743,academyinfo_two_year_exact_enrollment_school_context,,unresolved_no_exact_signature,not_available,candidate_two_year_exact_enrollment
2024,employment-school-9654becd8af498c0acdc,김포대학교,본교,경기,전문대학,0000440,김포대학교,2266,2266,7614396095,academyinfo_two_year_exact_enrollment_school_context,,unresolved_no_exact_signature,not_available,candidate_two_year_exact_enrollment
2024,employment-school-76a99f07ee7e4ecf44ef,김해대학교,본교,경남,전문대학,0000569,김해대학교,1632,1632,4882078588,academyinfo_two_year_exact_enrollment_school_context,,unresolved_no_exact_signature,not_available,candidate_two_year_exact_enrollment
2024,employment-school-76fc1bf7bbfbdb91aed3,나사렛대학교,본교,충남,대학,0000081,나사렛대학교,6008,6008,3274086236,academyinfo_two_year_exact_enrollment_school_context,,unresolved_no_exact_signature,not_available,candidate_two_year_exact_enrollment
2024,employment-school-b9cabf953a27040a9444,나주대학교,본교,전남,전문대학,0000435,나주대학교,1429,1429,5823754429,academyinfo_two_year_exact_enrollment_school_context,,unresolved_no_exact_signature,not_available,candidate_two_year_exact_enrollment
2024,employment-school-893c61f8505515664269,남부대학교,본교,광주,대학,0000216,남부대학교,3033,3033,9043817162,academyinfo_two_year_exact_enrollment_school_context,,unresolved_no_exact_signature,not_available,candidate_two_year_exact_enrollment
2024,employment-school-1c3965fb183870b306f5,남서울대학교,본교,충남,대학,0000245,남서울대학교,11997,11997,8574780881,academyinfo_two_year_exact_enrollment_school_context,,unresolved_no_exact_signature,not_available,candidate_two_year_exact_enrollment
2024,employment-school-dc70c6d0438deaede0eb,농협대학교,본교,경기,전문대학,0000441,농협대학교,495,495,8429990410,academyinfo_two_year_exact_enrollment_school_context,,unresolved_signature_too_small,not_available,candidate_two_year_exact_enrollment
2024,employment-school-f7a57b4e7dbac6098793,대구경북과학기술원,본교,대구,대학,0000382,대구경북과학기술원,1095,1095,8862205862,academyinfo_two_year_exact_enrollment_school_context,,unresolved_signature_too_small,not_available,candidate_two_year_exact_enrollment
2024,employment-school-ea90908b8512a3929156,대구공업대학교,본교,대구,전문대학,0000443,대구공업대학교,1322,1322,6403395891,academyinfo_two_year_exact_enrollment_school_context,,unresolved_no_exact_signature,not_available,candidate_two_year_exact_enrollment
2024,employment-school-3034bdc9df42c43d04c4,대구과학대학교,본교,대구,전문대학,0000446,대구과학대학교,4840,4840,1140140593,academyinfo_two_year_exact_enrollment_school_context,,unresolved_no_exact_signature,not_available,candidate_two_year_exact_enrollment
2024,employment-school-0abf7c3d2bc7d20c8ea2,대구교육대학교,본교,대구,교육대학,0000253,대구교육대학교,1589,1589,2183489322,academyinfo_two_year_exact_enrollment_school_context,2183489322,candidate_signature_context_confirmed,department_signature_agreement,candidate_two_year_exact_enrollment_department_signature_confirmed
2024,employment-school-ea8676b3cf431c632de9,대구보건대학교,본교,대구,전문대학,0000444,대구보건대학교,8276,8276,4123382508,academyinfo_two_year_exact_enrollment_school_context,,unresolved_no_exact_signature,not_available,candidate_two_year_exact_enrollment
2024,employment-school-8eb95ea8ce270fae02f0,대구예술대학교,본교,경북,대학,0000087,대구예술대학교,455,455,3420910358,academyinfo_two_year_exact_enrollment_school_context,,unresolved_no_exact_signature,not_available,candidate_two_year_exact_enrollment
2024,employment-school-ce70c87b250777c7d5a4,대구한의대학교,본교,경북,대학,0000061,대구한의대학교,8067,8067,6697622954,academyinfo_two_year_exact_enrollment_school_context,,unresolved_no_exact_signature,not_available,candidate_two_year_exact_enrollment
2024,employment-school-1b617004f985afc65d65,대덕대학교,본교,대전,전문대학,0000546,대덕대학교,2328,2328,8037726461,academyinfo_two_year_exact_enrollment_school_context,,unresolved_no_exact_signature,not_available,candidate_two_year_exact_enrollment
2024,employment-school-43f419359c9d93c911b4,대동대학교,본교,부산,전문대학,0000447,대동대학교,1690,1690,4262574672,academyinfo_two_year_exact_enrollment_school_context,,unresolved_no_exact_signature,not_available,candidate_two_year_exact_enrollment
2024,employment-school-9a914a357212ca38c008,대림대학교,본교,경기,전문대학,0000448,대림대학교,10087,10087,2708199679,academyinfo_two_year_exact_enrollment_school_context,,unresolved_no_exact_signature,not_available,candidate_two_year_exact_enrollment
2024,employment-school-e97bd11662e4388c1d12,대신대학교,본교,경북,대학,0000093,대신대학교,669,669,4017753899,academyinfo_two_year_exact_enrollment_school_context,,unresolved_no_exact_signature,not_available,candidate_two_year_exact_enrollment
2024,employment-school-570367e3ae411fd0d6fa,대원대학교,본교,충북,전문대학,0000449,대원대학교,1944,1944,1370042920,academyinfo_two_year_exact_enrollment_school_context,,unresolved_no_exact_signature,not_available,candidate_two_year_exact_enrollment
2024,employment-school-00bef977a700e1ffcc4e,대전가톨릭대학교,본교,세종,대학,0000094,대전가톨릭대학교,48,48,3204512953,academyinfo_two_year_exact_enrollment_school_context,,unresolved_signature_too_small,not_available,candidate_two_year_exact_enrollment
2024,employment-school-f60eb14ce740a9f5ddc3,대전과학기술대학교,본교,대전,전문대학,0000453,대전과학기술대학교,4380,4380,1749948859,academyinfo_two_year_exact_enrollment_school_context,,unresolved_no_exact_signature,not_available,candidate_two_year_exact_enrollment
2024,employment-school-caa8e17b82112699a460,대전대학교,본교,대전,대학,0000095,대전대학교,10965,10965,7762282371,academyinfo_two_year_exact_enrollment_school_context,,unresolved_no_exact_signature,not_available,candidate_two_year_exact_enrollment
2024,employment-school-502c9695b19913037c3a,대전보건대학교,본교,대전,전문대학,0000451,대전보건대학교,5522,5522,6821876287,academyinfo_two_year_exact_enrollment_school_context,,unresolved_no_exact_signature,not_available,candidate_two_year_exact_enrollment
2024,employment-school-3cee17071c63e6c069da,대전신학대학교,본교,대전,대학,0000238,대전신학대학교,57,57,3256466805,academyinfo_two_year_exact_enrollment_school_context,,unresolved_signature_too_small,not_available,candidate_two_year_exact_enrollment
2024,employment-school-f6ca22e18bd27356c377,대진대학교,본교,경기,대학,0000097,대진대학교,10047,10047,2966308116,academyinfo_two_year_exact_enrollment_school_context,,unresolved_no_exact_signature,not_available,candidate_two_year_exact_enrollment
2024,employment-school-3ff37a70463100503fcb,덕성여자대학교,본교,서울,대학,0000099,덕성여자대학교,6459,6459,6945439219,academyinfo_two_year_exact_enrollment_school_context,,unresolved_no_exact_signature,not_available,candidate_two_year_exact_enrollment
2024,employment-school-0a92fb1d9227e60a1c4f,동남보건대학교,본교,경기,전문대학,0000457,동남보건대학교,5699,5699,7605337738,academyinfo_two_year_exact_enrollment_school_context,,unresolved_no_exact_signature,not_available,candidate_two_year_exact_enrollment
2024,employment-school-95de441722e65e0313af,동덕여자대학교,본교,서울,대학,0000102,동덕여자대학교,8257,8257,7297517776,academyinfo_two_year_exact_enrollment_school_context,,unresolved_no_exact_signature,not_available,candidate_two_year_exact_enrollment
2024,employment-school-59332a253dfb68a3e6d6,동명대학교,본교,부산,대학,0000235,동명대학교,9276,9276,2269515275,academyinfo_two_year_exact_enrollment_school_context,,unresolved_no_exact_signature,not_available,candidate_two_year_exact_enrollment
2024,employment-school-7ceb5018ee40e582eeb9,동서울대학교,본교,경기,전문대학,0000450,동서울대학교,8051,8051,7075858414,academyinfo_two_year_exact_enrollment_school_context,,unresolved_no_exact_signature,not_available,candidate_two_year_exact_enrollment
2024,employment-school-467df8f6103c1980c088,동신대학교,본교,전남,대학,0000104,동신대학교,6764,6764,3939605593,academyinfo_two_year_exact_enrollment_school_context,,unresolved_no_exact_signature,not_available,candidate_two_year_exact_enrollment
2024,employment-school-d913a8ed756b0ba4dd96,동아방송예술대학교,본교,경기,전문대학,0000461,동아방송예술대학교,4159,4159,6776323795,academyinfo_two_year_exact_enrollment_school_context,,unresolved_no_exact_signature,not_available,candidate_two_year_exact_enrollment
2024,employment-school-e2f0ad9c360dee519824,동아보건대학교,본교,전남,전문대학,0000462,동아보건대학교,1014,1014,8324178874,academyinfo_two_year_exact_enrollment_school_context,,unresolved_no_exact_signature,not_available,candidate_two_year_exact_enrollment
2024,employment-school-f9f6a7df406586a30039,동양미래대학교,본교,서울,전문대학,0000463,동양미래대학교,9568,9568,8050425648,academyinfo_two_year_exact_enrollment_school_context,,unresolved_no_exact_signature,not_available,candidate_two_year_exact_enrollment
2024,employment-school-85e06ea533261ded17b6,동원과학기술대학교,본교,경남,전문대학,0000509,동원과학기술대학교,2801,2801,7197368383,academyinfo_two_year_exact_enrollment_school_context,,unresolved_no_exact_signature,not_available,candidate_two_year_exact_enrollment
2024,employment-school-1130725ae4e0a95e810a,동원대학교,본교,경기,전문대학,0000465,동원대학교,3621,3621,4455086469,academyinfo_two_year_exact_enrollment_school_context,,unresolved_no_exact_signature,not_available,candidate_two_year_exact_enrollment
2024,employment-school-f5ae2e625696588e87d6,동의대학교,본교,부산,대학,0000107,동의대학교,19490,19490,2066678583,academyinfo_two_year_exact_enrollment_school_context,,unresolved_no_exact_signature,not_available,candidate_two_year_exact_enrollment
2024,employment-school-a10ff01119e6a66985b3,루터대학교,본교,경기,대학,0000108,루터대학교,386,386,5642528295,academyinfo_two_year_exact_enrollment_school_context,,unresolved_no_exact_signature,not_available,candidate_two_year_exact_enrollment
2024,employment-school-afb8fe716ac166477943,마산대학교,본교,경남,전문대학,0000470,마산대학교,6273,6273,9725025832,academyinfo_two_year_exact_enrollment_school_context,,unresolved_no_exact_signature,not_available,candidate_two_year_exact_enrollment
2024,employment-school-9053414857489996e702,목원대학교,본교,대전,대학,0000112,목원대학교,9489,9489,8148429274,academyinfo_two_year_exact_enrollment_school_context,,unresolved_no_exact_signature,not_available,candidate_two_year_exact_enrollment
2024,employment-school-06bb01ac2805231aef63,목포가톨릭대학교,본교,전남,대학,0000221,목포가톨릭대학교,535,535,2892641246,academyinfo_two_year_exact_enrollment_school_context,,unresolved_no_exact_signature,not_available,candidate_two_year_exact_enrollment
2024,employment-school-0b7ece343d8d54128e5b,목포과학대학교,본교,전남,전문대학,0000474,목포과학대학교,3133,3133,4209855318,academyinfo_two_year_exact_enrollment_school_context,,unresolved_no_exact_signature,not_available,candidate_two_year_exact_enrollment
2024,employment-school-601211bff99075bfba90,배재대학교,본교,대전,대학,0000113,배재대학교,9564,9564,8136945664,academyinfo_two_year_exact_enrollment_school_context,,unresolved_no_exact_signature,not_available,candidate_two_year_exact_enrollment
2024,employment-school-d9dade0d0832262bd7cf,배화여자대학교,본교,서울,전문대학,0000476,배화여자대학교,3086,3086,5795471072,academyinfo_two_year_exact_enrollment_school_context,,unresolved_no_exact_signature,not_available,candidate_two_year_exact_enrollment
2024,employment-school-d78f2e5142c7819b8b85,백석대학교,본교,충남,대학,0000178,백석대학교,15281,15281,3173264682,academyinfo_two_year_exact_enrollment_school_context,,unresolved_no_exact_signature,not_available,candidate_two_year_exact_enrollment
2024,employment-school-e5021a1fd07a08597422,백제예술대학교,본교,전북,전문대학,0000477,백제예술대학교,1016,1016,1074720442,academyinfo_two_year_exact_enrollment_school_context,,unresolved_no_exact_signature,not_available,candidate_two_year_exact_enrollment
2024,employment-school-956151cf7c1f275cc937,부산가톨릭대학교,본교,부산,대학,0000114,부산가톨릭대학교,4068,4068,9481304764,academyinfo_two_year_exact_enrollment_school_context,,unresolved_no_exact_signature,not_available,candidate_two_year_exact_enrollment
2024,employment-school-b43c11ebcc02486cfea1,부산경상대학교,본교,부산,전문대학,0000479,부산경상대학교,2364,2364,6373324573,academyinfo_two_year_exact_enrollment_school_context,,unresolved_no_exact_signature,not_available,candidate_two_year_exact_enrollment
2024,employment-school-f2e7f309b87ef54784a8,부산교육대학교,본교,부산,교육대학,0000254,부산교육대학교,1476,1476,6089915394,academyinfo_two_year_exact_enrollment_school_context,6089915394,candidate_signature_context_confirmed,department_signature_agreement,candidate_two_year_exact_enrollment_department_signature_confirmed
2024,employment-school-ff6024d3093b43eca3dd,부산보건대학교,본교,부산,전문대학,0000467,부산보건대학교,2980,2980,3036731123,academyinfo_two_year_exact_enrollment_school_context,,unresolved_no_exact_signature,not_available,candidate_two_year_exact_enrollment
2024,employment-school-a7ccfffcd897ec794f55,부산여자대학교,본교,부산,전문대학,0000480,부산여자대학교,1857,1857,1993808865,academyinfo_two_year_exact_enrollment_school_context,,unresolved_no_exact_signature,not_available,candidate_two_year_exact_enrollment
2024,employment-school-bbec6a858684b0d57fd0,부산예술대학교,본교,부산,전문대학,0000561,부산예술대학교,741,741,6542043566,academyinfo_two_year_exact_enrollment_school_context,,unresolved_no_exact_signature,not_available,candidate_two_year_exact_enrollment
2024,employment-school-d898bc2458808f964f8d,부산외국어대학교,본교,부산,대학,0000115,부산외국어대학교,9532,9532,7118994772,academyinfo_two_year_exact_enrollment_school_context,,unresolved_no_exact_signature,not_available,candidate_two_year_exact_enrollment
2024,employment-school-1bbb8b19af19288aabdc,부산장신대학교,본교,경남,대학,0000222,부산장신대학교,152,152,5888007283,academyinfo_two_year_exact_enrollment_school_context,,unresolved_no_exact_signature,not_available,candidate_two_year_exact_enrollment
2024,employment-school-a5ef5eddf0d7eed2190e,부천대학교,본교,경기,전문대학,0000482,부천대학교,9685,9685,4188858449,academyinfo_two_year_exact_enrollment_school_context,,unresolved_no_exact_signature,not_available,candidate_two_year_exact_enrollment
2024,employment-school-fee5ef8cac5215c0a1e7,삼육대학교,본교,서울,대학,0000116,삼육대학교,6856,6856,1141288042,academyinfo_two_year_exact_enrollment_school_context,,unresolved_no_exact_signature,not_available,candidate_two_year_exact_enrollment
2024,employment-school-8a3e43c7663765d41ed9,삼육보건대학교,본교,서울,전문대학,0000483,삼육보건대학교,1598,1598,7960869371,academyinfo_two_year_exact_enrollment_school_context,,unresolved_no_exact_signature,not_available,candidate_two_year_exact_enrollment
2024,employment-school-2cc53e9553412991d88c,상지대학교,본교,강원,대학,0000119,상지대학교,8533,8533,9737482547,academyinfo_two_year_exact_enrollment_school_context,,unresolved_no_exact_signature,not_available,candidate_two_year_exact_enrollment
2024,employment-school-80436647ff7e66f25e52,상지영서대학교,본교,강원,전문대학,0000485,상지영서대학교,271,271,3177766501,academyinfo_two_year_exact_enrollment_school_context,,unresolved_no_exact_signature,not_available,candidate_two_year_exact_enrollment
2024,employment-school-61ad60e5c050549b63e7,서강대학교,본교,서울,대학,0000120,서강대학교,11667,11667,2371954739,academyinfo_two_year_exact_enrollment_school_context,,unresolved_no_exact_signature,not_available,candidate_two_year_exact_enrollment
2024,employment-school-8aa31536940a4d1f4dfd,서라벌대학교,본교,경북,전문대학,0002645,서라벌대학교,464,464,3319877982,academyinfo_two_year_exact_enrollment_school_context,,unresolved_no_exact_signature,not_available,candidate_two_year_exact_enrollment
2024,employment-school-a2d3ad6d23f9f4594c0a,서울과학기술대학교,본교,서울,대학,0000036,서울과학기술대학교,13657,13657,4005481183,academyinfo_two_year_exact_enrollment_school_context,,unresolved_no_exact_signature,not_available,candidate_two_year_exact_enrollment
2024,employment-school-0285daa063a579aaa01b,서울교육대학교,본교,서울,교육대학,0000255,서울교육대학교,1413,1413,8185494184,academyinfo_two_year_exact_enrollment_school_context,8185494184,candidate_signature_context_confirmed,department_signature_agreement,candidate_two_year_exact_enrollment_department_signature_confirmed
2024,employment-school-2f9f8cac806a9e118f93,서울기독대학교,본교,서울,대학,0000098,서울기독대학교,728,728,4291264116,academyinfo_two_year_exact_enrollment_school_context,,unresolved_no_exact_signature,not_available,candidate_two_year_exact_enrollment
2024,employment-school-985ef1dca0762f74be55,서울시립대학교,본교,서울,대학,0000040,서울시립대학교,11866,11866,6524985253,academyinfo_two_year_exact_enrollment_school_context,,unresolved_no_exact_signature,not_available,candidate_two_year_exact_enrollment
2024,employment-school-1d6334b643874e2e33d3,서울신학대학교,본교,경기,대학,0000125,서울신학대학교,2423,2423,6105046808,academyinfo_two_year_exact_enrollment_school_context,6105046808,candidate_signature_context_confirmed,department_signature_agreement,candidate_two_year_exact_enrollment_department_signature_confirmed
2024,employment-school-dd758350a2177d1e98c9,서울여자간호대학교,본교,서울,전문대학,0002973,서울여자간호대학교,960,960,3049030125,academyinfo_two_year_exact_enrollment_school_context,,unresolved_signature_too_small,not_available,candidate_two_year_exact_enrollment
2024,employment-school-206505ee947fee22d488,서울여자대학교,본교,서울,대학,0000126,서울여자대학교,9007,9007,2795465350,academyinfo_two_year_exact_enrollment_school_context,,unresolved_no_exact_signature,not_available,candidate_two_year_exact_enrollment
2024,employment-school-48b85385cfefe60d6e52,서울예술대학교,본교,경기,전문대학,0000489,서울예술대학교,4122,4122,5663107812,academyinfo_two_year_exact_enrollment_school_context,,unresolved_no_exact_signature,not_available,candidate_two_year_exact_enrollment
2024,employment-school-57611fefe7495cdc6256,서울장신대학교,본교,경기,대학,0000127,서울장신대학교,357,357,4364512026,academyinfo_two_year_exact_enrollment_school_context,4364512026,candidate_signature_context_confirmed,department_signature_agreement,candidate_two_year_exact_enrollment_department_signature_confirmed
2024,employment-school-f6c0e55bf37f66aa66ea,서울한영대학교,본교,서울,대학,0000205,서울한영대학교,825,825,8578089654,academyinfo_two_year_exact_enrollment_school_context,,unresolved_no_exact_signature,not_available,candidate_two_year_exact_enrollment
2024,employment-school-e420dffb4c911bfa6334,서원대학교,본교,충북,대학,0000128,서원대학교,8965,8965,5755970716,academyinfo_two_year_exact_enrollment_school_context,,unresolved_no_exact_signature,not_available,candidate_two_year_exact_enrollment
2024,employment-school-db8a0add2c08a14ef6da,서정대학교,본교,경기,전문대학,0000566,서정대학교,10849,10849,3895868420,academyinfo_two_year_exact_enrollment_school_context,,unresolved_no_exact_signature,not_available,candidate_two_year_exact_enrollment
2024,employment-school-ed69049d240c3833c777,선린대학교,본교,경북,전문대학,0000550,선린대학교,2399,2399,4651407539,academyinfo_two_year_exact_enrollment_school_context,,unresolved_no_exact_signature,not_available,candidate_two_year_exact_enrollment
2024,employment-school-a8fd4a91cd3cf5d473da,선문대학교,본교,충남,대학,0000129,선문대학교,11560,11560,4959807395,academyinfo_two_year_exact_enrollment_school_context,,unresolved_no_exact_signature,not_available,candidate_two_year_exact_enrollment
2024,employment-school-6d22401cba9e82461b41,성결대학교,본교,경기,대학,0000131,성결대학교,6975,6975,5094032645,academyinfo_two_year_exact_enrollment_school_context,,unresolved_no_exact_signature,not_available,candidate_two_year_exact_enrollment
2024,employment-school-aaf3e5a712891474201a,성공회대학교,본교,서울,대학,0000132,성공회대학교,2901,2901,3388397693,academyinfo_two_year_exact_enrollment_school_context,,unresolved_no_exact_signature,not_available,candidate_two_year_exact_enrollment
2024,employment-school-b32bfc64ccdc7c081510,성운대학교,본교,경북,전문대학,0002647,성운대학교,1612,1612,4644152700,academyinfo_two_year_exact_enrollment_school_context,,unresolved_no_exact_signature,not_available,candidate_two_year_exact_enrollment
2024,employment-school-0af1b99632619af72dcd,세경대학교,본교,강원,전문대학,0000515,세경대학교,921,921,9188678979,academyinfo_two_year_exact_enrollment_school_context,,unresolved_no_exact_signature,not_available,candidate_two_year_exact_enrollment
2024,employment-school-d8474728c482eaec6c10,세명대학교,본교,충북,대학,0000137,세명대학교,8002,8002,7039148092,academyinfo_two_year_exact_enrollment_school_context,,unresolved_no_exact_signature,not_available,candidate_two_year_exact_enrollment
2024,employment-school-ab601f919849fdde3f50,송곡대학교,본교,강원,전문대학,0000567,송곡대학교,959,959,8568694412,academyinfo_two_year_exact_enrollment_school_context,,unresolved_no_exact_signature,not_available,candidate_two_year_exact_enrollment
2024,employment-school-e4c43dd458e6c62f875d,송원대학교,본교,광주,대학,0000243,송원대학교,3297,3297,2053851187,academyinfo_two_year_exact_enrollment_school_context,,unresolved_no_exact_signature,not_available,candidate_two_year_exact_enrollment
2024,employment-school-81c8f35366f4d6807c3e,송호대학교,본교,강원,전문대학,0000564,송호대학교,987,987,3215096950,academyinfo_two_year_exact_enrollment_school_context,,unresolved_no_exact_signature,not_available,candidate_two_year_exact_enrollment
2024,employment-school-9ab471d608d31a4d38c2,수성대학교,본교,대구,전문대학,0002649,수성대학교,4209,4209,7361554980,academyinfo_two_year_exact_enrollment_school_context,,unresolved_no_exact_signature,not_available,candidate_two_year_exact_enrollment
2024,employment-school-58d714ed367e10b8d7ec,수원가톨릭대학교,본교,경기,대학,0000139,수원가톨릭대학교,156,156,3184465050,academyinfo_two_year_exact_enrollment_school_context,,unresolved_signature_too_small,not_available,candidate_two_year_exact_enrollment
2024,employment-school-b6a830d61ce3c535e19d,수원과학대학교,본교,경기,전문대학,0000497,수원과학대학교,4121,4121,7960820555,academyinfo_two_year_exact_enrollment_school_context,,unresolved_no_exact_signature,not_available,candidate_two_year_exact_enrollment
2024,employment-school-9aa21f860325dbfdbf3d,수원대학교,본교,경기,대학,0000140,수원대학교,11528,11528,9326480150,academyinfo_two_year_exact_enrollment_school_context,,unresolved_no_exact_signature,not_available,candidate_two_year_exact_enrollment
2024,employment-school-082cb3068cd001fb41a6,숙명여자대학교,본교,서울,대학,0000141,숙명여자대학교,12054,12054,8424407124,academyinfo_two_year_exact_enrollment_school_context,,unresolved_no_exact_signature,not_available,candidate_two_year_exact_enrollment
2024,employment-school-bd7f02960e84699effd0,순천제일대학교,본교,전남,전문대학,0000498,순천제일대학교,3165,3165,7951230585,academyinfo_two_year_exact_enrollment_school_context,,unresolved_no_exact_signature,not_available,candidate_two_year_exact_enrollment
2024,employment-school-f9d13e8db9ede47d32e0,숭실대학교,본교,서울,대학,0000143,숭실대학교,19764,19764,4381855189,academyinfo_two_year_exact_enrollment_school_context,,unresolved_no_exact_signature,not_available,candidate_two_year_exact_enrollment
2024,employment-school-1d7723fe630128dc055c,숭의여자대학교,본교,서울,전문대학,0000500,숭의여자대학교,3312,3312,7467970550,academyinfo_two_year_exact_enrollment_school_context,,unresolved_no_exact_signature,not_available,candidate_two_year_exact_enrollment
2024,employment-school-ca46a9878b24365cb301,신경주대학교,본교,경북,대학,0000065,신경주대학교,965,965,4847664237,academyinfo_two_year_exact_enrollment_school_context,,unresolved_no_exact_signature,not_available,candidate_two_year_exact_enrollment
2024,employment-school-44f13f664ec4bba85f41,신구대학교,본교,경기,전문대학,0000501,신구대학교,8027,8027,2150788903,academyinfo_two_year_exact_enrollment_school_context,,unresolved_no_exact_signature,not_available,candidate_two_year_exact_enrollment
2024,employment-school-306ffc57ac3938aac891,신라대학교,본교,부산,대학,0000144,신라대학교,8383,8383,6281530261,academyinfo_two_year_exact_enrollment_school_context,,unresolved_no_exact_signature,not_available,candidate_two_year_exact_enrollment
2024,employment-school-2406cc7c26ad64376e27,신성대학교,본교,충남,전문대학,0000502,신성대학교,3359,3359,1429644823,academyinfo_two_year_exact_enrollment_school_context,,unresolved_no_exact_signature,not_available,candidate_two_year_exact_enrollment
2024,employment-school-f5e5d0aed118676a1886,신안산대학교,본교,경기,전문대학,0000506,신안산대학교,2786,2786,1849240481,academyinfo_two_year_exact_enrollment_school_context,,unresolved_no_exact_signature,not_available,candidate_two_year_exact_enrollment
2024,employment-school-c5bb35f6691de49cdd04,아신대학교,본교,경기,대학,0000145,아신대학교,345,345,1586481094,academyinfo_two_year_exact_enrollment_school_context,,unresolved_no_exact_signature,not_available,candidate_two_year_exact_enrollment
2024,employment-school-ab8b05d8fc1d35783eb3,아주대학교,본교,경기,대학,0000146,아주대학교,13395,13395,5931458532,academyinfo_two_year_exact_enrollment_school_context,,unresolved_no_exact_signature,not_available,candidate_two_year_exact_enrollment
2024,employment-school-fa558643b7ff4f300166,안동과학대학교,본교,경북,전문대학,0002650,안동과학대학교,2487,2487,3716863155,academyinfo_two_year_exact_enrollment_school_context,,unresolved_no_exact_signature,not_available,candidate_two_year_exact_enrollment
2024,employment-school-1fb3e428238fa0d0d0c9,안산대학교,본교,경기,전문대학,0000507,안산대학교,5637,5637,2435201764,academyinfo_two_year_exact_enrollment_school_context,,unresolved_no_exact_signature,not_available,candidate_two_year_exact_enrollment
2024,employment-school-be2c1deded077147b9f2,여주대학교,본교,경기,전문대학,0000510,여주대학교,4093,4093,2870859563,academyinfo_two_year_exact_enrollment_school_context,,unresolved_no_exact_signature,not_available,candidate_two_year_exact_enrollment
2024,employment-school-b300d7bc472f97756d85,연성대학교,본교,경기,전문대학,0002651,연성대학교,8437,8437,8415538132,academyinfo_two_year_exact_enrollment_school_context,,unresolved_no_exact_signature,not_available,candidate_two_year_exact_enrollment
2024,employment-school-f685bad121dca0b28cb7,연암공과대학교,본교,경남,전문대학,0002652,연암공과대학교,2084,2084,3230940222,academyinfo_two_year_exact_enrollment_school_context,,unresolved_no_exact_signature,not_available,candidate_two_year_exact_enrollment
2024,employment-school-937ff55330bb9c1d5ace,연암대학교,본교,충남,전문대학,0000512,연암대학교,1552,1552,9599737167,academyinfo_two_year_exact_enrollment_school_context,,unresolved_no_exact_signature,not_available,candidate_two_year_exact_enrollment
2024,employment-school-055b8caec607e1fd1522,영남신학대학교,본교,경북,대학,0000153,영남신학대학교,446,446,8771178662,academyinfo_two_year_exact_enrollment_school_context,8771178662,candidate_signature_context_confirmed,department_signature_agreement,candidate_two_year_exact_enrollment_department_signature_confirmed
2024,employment-school-8968d3bd3d23650115fb,영남외국어대학,본교,경북,전문대학,0000418,영남외국어대학,541,541,4389398634,academyinfo_two_year_exact_enrollment_school_context,,unresolved_no_exact_signature,not_available,candidate_two_year_exact_enrollment
2024,employment-school-34ce3345a9aa264ee7d4,영남이공대학교,본교,대구,전문대학,0000513,영남이공대학교,7982,7982,9018763184,academyinfo_two_year_exact_enrollment_school_context,,unresolved_no_exact_signature,not_available,candidate_two_year_exact_enrollment
2024,employment-school-aa52a2bd5ef7dc06403a,영산선학대학교,본교,전남,대학,0000155,영산선학대학교,31,31,3724725782,academyinfo_two_year_exact_enrollment_school_context,,unresolved_signature_too_small,not_available,candidate_two_year_exact_enrollment
2024,employment-school-4ed8ec6d1f374440ca54,영진전문대학교,본교,대구,전문대학,0000517,영진전문대학교,9595,9595,4038041055,academyinfo_two_year_exact_enrollment_school_context,,unresolved_no_exact_signature,not_available,candidate_two_year_exact_enrollment
2024,employment-school-5c3c5c736d8ad8943404,예수대학교,본교,전북,대학,0000228,예수대학교,560,560,4929824054,academyinfo_two_year_exact_enrollment_school_context,,unresolved_signature_too_small,not_available,candidate_two_year_exact_enrollment
2024,employment-school-e24dfb65d21834cfdb7a,오산대학교,본교,경기,전문대학,0002653,오산대학교,6119,6119,5241208136,academyinfo_two_year_exact_enrollment_school_context,,unresolved_no_exact_signature,not_available,candidate_two_year_exact_enrollment
2024,employment-school-1581790914a8a392a8d7,용인대학교,본교,경기,대학,0000156,용인대학교,7318,7318,5842803478,academyinfo_two_year_exact_enrollment_school_context,,unresolved_no_exact_signature,not_available,candidate_two_year_exact_enrollment
2024,employment-school-b84f43443c94d2080434,용인예술과학대학교,본교,경기,전문대학,0000520,용인예술과학대학교,3456,3456,2655661106,academyinfo_two_year_exact_enrollment_school_context,,unresolved_no_exact_signature,not_available,candidate_two_year_exact_enrollment
2024,employment-school-ab0060561fe152a0032e,우송정보대학,본교,대전,전문대학,0000452,우송정보대학,4127,4127,8180929601,academyinfo_two_year_exact_enrollment_school_context,,unresolved_no_exact_signature,not_available,candidate_two_year_exact_enrollment
2024,employment-school-4e2e3707eca638ef77bd,울산과학기술원,본교,울산,대학,0000250,울산과학기술원,2358,2358,4205115854,academyinfo_two_year_exact_enrollment_school_context,,unresolved_no_exact_signature,not_available,candidate_two_year_exact_enrollment
2024,employment-school-ef0057791e3c2176b1e7,울산대학교,본교,울산,대학,0000158,울산대학교,15931,15931,2515871345,academyinfo_two_year_exact_enrollment_school_context,,unresolved_no_exact_signature,not_available,candidate_two_year_exact_enrollment
2024,employment-school-24b2fcecadc4b7da6cc5,웅지세무대학교,본교,경기,전문대학,0000568,웅지세무대학교,669,669,2132430791,academyinfo_two_year_exact_enrollment_school_context,,unresolved_signature_too_small,not_available,candidate_two_year_exact_enrollment
2024,employment-school-b9b4fecd84e3e7c5097c,원광대학교,본교,전북,대학,0000159,원광대학교,17101,17101,8692563652,academyinfo_two_year_exact_enrollment_school_context,,unresolved_no_exact_signature,not_available,candidate_two_year_exact_enrollment
2024,employment-school-4df48d06fd306b929d6f,원광보건대학교,본교,전북,전문대학,0000523,원광보건대학교,5323,5323,3259533643,academyinfo_two_year_exact_enrollment_school_context,,unresolved_no_exact_signature,not_available,candidate_two_year_exact_enrollment
2024,employment-school-69f554844e75fc84fd48,위덕대학교,본교,경북,대학,0000160,위덕대학교,2664,2664,3436350226,academyinfo_two_year_exact_enrollment_school_context,,unresolved_no_exact_signature,not_available,candidate_two_year_exact_enrollment
2024,employment-school-b75aa5694d1ada9cd049,유한대학교,본교,경기,전문대학,0000524,유한대학교,6896,6896,3878318190,academyinfo_two_year_exact_enrollment_school_context,,unresolved_no_exact_signature,not_available,candidate_two_year_exact_enrollment
2024,employment-school-24c4d337867104145835,인덕대학교,본교,서울,전문대학,0000525,인덕대학교,8163,8163,3622565805,academyinfo_two_year_exact_enrollment_school_context,,unresolved_no_exact_signature,not_available,candidate_two_year_exact_enrollment
2024,employment-school-28f8dbc28e7eb63bbae1,인하공업전문대학,본교,인천,전문대학,0002654,인하공업전문대학,10815,10815,7217154502,academyinfo_two_year_exact_enrollment_school_context,,unresolved_no_exact_signature,not_available,candidate_two_year_exact_enrollment
2024,employment-school-868a480884ea961b6edc,인하대학교,본교,인천,대학,0000169,인하대학교,24704,24704,4503744423,academyinfo_two_year_exact_enrollment_school_context,,unresolved_no_exact_signature,not_available,candidate_two_year_exact_enrollment
2024,employment-school-5de2aeb7fc5d5b5b2217,장로회신학대학교,본교,서울,대학,0000170,장로회신학대학교,783,783,3061540484,academyinfo_two_year_exact_enrollment_school_context,3061540484,candidate_signature_context_confirmed,department_signature_agreement,candidate_two_year_exact_enrollment_department_signature_confirmed
2024,employment-school-e183bc5002b72813c892,장안대학교,본교,경기,전문대학,0000527,장안대학교,2790,2790,3138893783,academyinfo_two_year_exact_enrollment_school_context,,unresolved_no_exact_signature,not_available,candidate_two_year_exact_enrollment
2024,employment-school-3df50e4446dd70fba8cc,전남과학대학교,본교,전남,전문대학,0000529,전남과학대학교,3374,3374,2751910030,academyinfo_two_year_exact_enrollment_school_context,,unresolved_no_exact_signature,not_available,candidate_two_year_exact_enrollment
2024,employment-school-a8b6e29c062b00d599f6,전남도립대학교,본교,전남,전문대학,0000562,전남도립대학교,1067,1067,7043987333,academyinfo_two_year_exact_enrollment_school_context,,unresolved_no_exact_signature,not_available,candidate_two_year_exact_enrollment
2024,employment-school-8b4f172de9c7410c8c40,전북과학대학교,본교,전북,전문대학,0000531,전북과학대학교,1727,1727,3463636338,academyinfo_two_year_exact_enrollment_school_context,,unresolved_no_exact_signature,not_available,candidate_two_year_exact_enrollment
2024,employment-school-b7e2a50ff9e151d06a91,전주교육대학교,본교,전북,교육대학,0000258,전주교육대학교,1118,1118,1867613613,academyinfo_two_year_exact_enrollment_school_context,1867613613,candidate_signature_context_confirmed,department_signature_agreement,candidate_two_year_exact_enrollment_department_signature_confirmed
2024,employment-school-b9c844c3808afa64b591,전주기전대학,본교,전북,전문대학,0000437,전주기전대학,1872,1872,2520514249,academyinfo_two_year_exact_enrollment_school_context,,unresolved_no_exact_signature,not_available,candidate_two_year_exact_enrollment
2024,employment-school-cd7224153d8d3eee74c2,전주대학교,본교,전북,대학,0000171,전주대학교,13998,13998,5981081545,academyinfo_two_year_exact_enrollment_school_context,,unresolved_no_exact_signature,not_available,candidate_two_year_exact_enrollment
2024,employment-school-ee28dbbdbead76ae68db,전주비전대학교,본교,전북,전문대학,0000530,전주비전대학교,3965,3965,7344014406,academyinfo_two_year_exact_enrollment_school_context,,unresolved_no_exact_signature,not_available,candidate_two_year_exact_enrollment
2024,employment-school-5ff43d25c67c8a7a7e70,제주관광대학교,본교,제주,전문대학,0000532,제주관광대학교,1953,1953,2854465365,academyinfo_two_year_exact_enrollment_school_context,,unresolved_no_exact_signature,not_available,candidate_two_year_exact_enrollment
2024,employment-school-08d4abd7e959d3f79772,제주국제대학교,본교,제주,대학,0000248,제주국제대학교,402,402,1942845821,academyinfo_two_year_exact_enrollment_school_context,,unresolved_no_exact_signature,not_available,candidate_two_year_exact_enrollment
2024,employment-school-5467cad6be39e4292a79,제주대학교,본교,제주,대학,0000027,제주대학교,13106,13106,2790658831,academyinfo_two_year_exact_enrollment_school_context,,unresolved_no_exact_signature,not_available,candidate_two_year_exact_enrollment
2024,employment-school-e9d88d13b18fe29d5afa,제주한라대학교,본교,제주,전문대학,0002655,제주한라대학교,7701,7701,3780793607,academyinfo_two_year_exact_enrollment_school_context,,unresolved_no_exact_signature,not_available,candidate_two_year_exact_enrollment
2024,employment-school-0f4d1b952237c47603a5,조선간호대학교,본교,광주,전문대학,0002974,조선간호대학교,820,820,1187306702,academyinfo_two_year_exact_enrollment_school_context,,unresolved_signature_too_small,not_available,candidate_two_year_exact_enrollment
2024,employment-school-ce6d83af55902015cc9a,조선이공대학교,본교,광주,전문대학,0000534,조선이공대학교,4379,4379,9725471615,academyinfo_two_year_exact_enrollment_school_context,,unresolved_no_exact_signature,not_available,candidate_two_year_exact_enrollment
2024,employment-school-278f58df0706b18004f1,중앙승가대학교,본교,경기,대학,0000177,중앙승가대학교,68,68,4551189482,academyinfo_two_year_exact_enrollment_school_context,,unresolved_no_exact_signature,not_available,candidate_two_year_exact_enrollment
2024,employment-school-fd885f01637c113c21fe,중원대학교,본교,충북,대학,0000239,중원대학교,4009,4009,8605822086,academyinfo_two_year_exact_enrollment_school_context,,unresolved_no_exact_signature,not_available,candidate_two_year_exact_enrollment
2024,employment-school-5b73efc12a6eb0be681c,진주교육대학교,본교,경남,교육대학,0000260,진주교육대학교,1284,1284,7351759016,academyinfo_two_year_exact_enrollment_school_context,7351759016,candidate_signature_context_confirmed,department_signature_agreement,candidate_two_year_exact_enrollment_department_signature_confirmed
2024,employment-school-a9ef70491818e9c29957,진주보건대학교,본교,경남,전문대학,0000539,진주보건대학교,2723,2723,2344360709,academyinfo_two_year_exact_enrollment_school_context,,unresolved_no_exact_signature,not_available,candidate_two_year_exact_enrollment
2024,employment-school-df4126db785ed08076e8,차의과학대학교,본교,경기,대학,0000187,차의과학대학교,2597,2597,9776334881,academyinfo_two_year_exact_enrollment_school_context,,unresolved_no_exact_signature,not_available,candidate_two_year_exact_enrollment
2024,employment-school-31ec15d203a33e2f79c4,창신대학교,본교,경남,대학,0000249,창신대학교,1969,1969,8881708741,academyinfo_two_year_exact_enrollment_school_context,,unresolved_no_exact_signature,not_available,candidate_two_year_exact_enrollment
2024,employment-school-65982cd97ba344a2db67,창원문성대학교,본교,경남,전문대학,0000542,창원문성대학교,1182,1182,4433675467,academyinfo_two_year_exact_enrollment_school_context,,unresolved_no_exact_signature,not_available,candidate_two_year_exact_enrollment
2024,employment-school-d1c7c713155ab2e89aa5,청강문화산업대학교,본교,경기,전문대학,0000544,청강문화산업대학교,5100,5100,5157359063,academyinfo_two_year_exact_enrollment_school_context,,unresolved_no_exact_signature,not_available,candidate_two_year_exact_enrollment
2024,employment-school-7779c2215fff2e42f10d,청암대학교,본교,전남,전문대학,0002656,청암대학교,2759,2759,7502644538,academyinfo_two_year_exact_enrollment_school_context,,unresolved_no_exact_signature,not_available,candidate_two_year_exact_enrollment
2024,employment-school-6cb8c02e4dde478c1d34,총신대학교,본교,서울,대학,0000180,총신대학교,1714,1714,3974026381,academyinfo_two_year_exact_enrollment_school_context,,unresolved_no_exact_signature,not_available,candidate_two_year_exact_enrollment
2024,employment-school-2684860cbec42211c36c,추계예술대학교,본교,서울,대학,0000181,추계예술대학교,1364,1364,2033700287,academyinfo_two_year_exact_enrollment_school_context,,unresolved_no_exact_signature,not_available,candidate_two_year_exact_enrollment
2024,employment-school-e0d2ef8930eec10932b8,춘천교육대학교,본교,강원,교육대학,0000262,춘천교육대학교,1285,1285,8537263214,academyinfo_two_year_exact_enrollment_school_context,,unresolved_ambiguous_exact_signature,not_available,candidate_two_year_exact_enrollment
2024,employment-school-c13fb03262c4cfb7c4e9,춘해보건대학교,본교,울산,전문대학,0000545,춘해보건대학교,2983,2983,7660992503,academyinfo_two_year_exact_enrollment_school_context,,unresolved_no_exact_signature,not_available,candidate_two_year_exact_enrollment
2024,employment-school-bad3f77501d797461ac7,충남도립대학교,본교,충남,전문대학,0002657,충남도립대학교,1443,1443,9276983737,academyinfo_two_year_exact_enrollment_school_context,,unresolved_no_exact_signature,not_available,candidate_two_year_exact_enrollment
2024,employment-school-1e4db257593e70e4449e,충북대학교,본교,충북,대학,0000030,충북대학교,17372,17372,4091667532,academyinfo_two_year_exact_enrollment_school_context,,unresolved_no_exact_signature,not_available,candidate_two_year_exact_enrollment
2024,employment-school-2bc57feb02a73eac6046,충북보건과학대학교,본교,충북,전문대학,0000536,충북보건과학대학교,2785,2785,2954328298,academyinfo_two_year_exact_enrollment_school_context,,unresolved_no_exact_signature,not_available,candidate_two_year_exact_enrollment
2024,employment-school-9a3effa77990d425fb58,충청대학교,본교,충북,전문대학,0000547,충청대학교,4088,4088,5182121753,academyinfo_two_year_exact_enrollment_school_context,,unresolved_no_exact_signature,not_available,candidate_two_year_exact_enrollment
2024,employment-school-e5bcd08cbf7de1e3c71d,칼빈대학교,본교,경기,대학,0000184,칼빈대학교,1523,1523,5863583087,academyinfo_two_year_exact_enrollment_school_context,,unresolved_no_exact_signature,not_available,candidate_two_year_exact_enrollment
2024,employment-school-01579f4721f35f4f7c38,평택대학교,본교,경기,대학,0000186,평택대학교,4064,4064,7422582209,academyinfo_two_year_exact_enrollment_school_context,,unresolved_no_exact_signature,not_available,candidate_two_year_exact_enrollment
2024,employment-school-3123f7c87ab93e7d7197,포항공과대학교,본교,경북,대학,0000188,포항공과대학교,1805,1805,4212074577,academyinfo_two_year_exact_enrollment_school_context,,unresolved_no_exact_signature,not_available,candidate_two_year_exact_enrollment
2024,employment-school-d6225ce53db791c5ab6d,포항대학교,본교,경북,전문대학,0002658,포항대학교,1904,1904,9691908597,academyinfo_two_year_exact_enrollment_school_context,,unresolved_no_exact_signature,not_available,candidate_two_year_exact_enrollment
2024,employment-school-98e73e05aa7d17c2e8a5,한국골프대학교,본교,강원,전문대학,0000578,한국골프과학기술대학교,641,641,7180546641,academyinfo_two_year_exact_enrollment_school_context,,unresolved_no_exact_signature,not_available,candidate_two_year_exact_enrollment
2024,employment-school-faa4c10a9998c2e08859,한국공학대학교,본교,경기,대학,0000247,한국공학대학교,9979,9979,8616076707,academyinfo_two_year_exact_enrollment_school_context,,unresolved_no_exact_signature,not_available,candidate_two_year_exact_enrollment
2024,employment-school-24d23eef7f82b751c2d1,한국과학기술원,본교,대전,대학,0000374,한국과학기술원,5001,5001,9837188839,academyinfo_two_year_exact_enrollment_school_context,,unresolved_no_exact_signature,not_available,candidate_two_year_exact_enrollment
2024,employment-school-fe4f9168bfea29a20f5c,한국관광대학교,본교,경기,전문대학,0000565,한국관광대학교,1754,1754,9858445346,academyinfo_two_year_exact_enrollment_school_context,,unresolved_no_exact_signature,not_available,candidate_two_year_exact_enrollment
2024,employment-school-2a274c148acdf3effc47,한국교원대학교,본교,충북,대학,0000031,한국교원대학교,2584,2584,5302303493,academyinfo_two_year_exact_enrollment_school_context,5302303493,candidate_signature_context_confirmed,department_signature_agreement,candidate_two_year_exact_enrollment_department_signature_confirmed
2024,employment-school-19f5ace2cf6d35e16aeb,한국기술교육대학교,본교,충남,대학,0000189,한국기술교육대학교,5872,5872,7530472457,academyinfo_two_year_exact_enrollment_school_context,,unresolved_no_exact_signature,not_available,candidate_two_year_exact_enrollment
2024,employment-school-b8bec3950a46fbfd834b,한국농수산대학교,본교,전북,전문대학,0003019,한국농수산대학교,1898,1898,8106570184,academyinfo_two_year_exact_enrollment_school_context,,unresolved_no_exact_signature,not_available,candidate_two_year_exact_enrollment
2024,employment-school-dbe50986be0225380dc1,한국복지대학교,본교,경기,전문대학,0002659,한국복지대학교,405,405,1560480296,academyinfo_two_year_exact_enrollment_school_context,,unresolved_no_exact_signature,not_available,candidate_two_year_exact_enrollment
2024,employment-school-a171bde1ed0086423136,한국성서대학교,본교,서울,대학,0000191,한국성서대학교,1133,1133,6212758958,academyinfo_two_year_exact_enrollment_school_context,,unresolved_no_exact_signature,not_available,candidate_two_year_exact_enrollment
2024,employment-school-0946167ce0b086db022e,한국승강기대학교,본교,경남,전문대학,0000570,한국승강기대학교,1041,1041,9748064398,academyinfo_two_year_exact_enrollment_school_context,,unresolved_signature_too_small,not_available,candidate_two_year_exact_enrollment
2024,employment-school-013b8fba06f4b4d4334d,한국영상대학교,본교,세종,전문대학,0000522,한국영상대학교,4090,4090,8441023945,academyinfo_two_year_exact_enrollment_school_context,,unresolved_no_exact_signature,not_available,candidate_two_year_exact_enrollment
2024,employment-school-b85bdb66b9870e14df7c,한국전통문화대학교,본교,충남,대학,0003022,한국전통문화대학교,730,730,3459668815,academyinfo_two_year_exact_enrollment_school_context,,unresolved_no_exact_signature,not_available,candidate_two_year_exact_enrollment
2024,employment-school-1f37de43fb2abb063408,한국체육대학교,본교,서울,대학,0000032,한국체육대학교,2959,2959,9037995696,academyinfo_two_year_exact_enrollment_school_context,,unresolved_no_exact_signature,not_available,candidate_two_year_exact_enrollment
2024,employment-school-c9359bff1b75a435e2c0,한국침례신학대학교,본교,대전,대학,0000182,한국침례신학대학교,935,935,9853607714,academyinfo_two_year_exact_enrollment_school_context,,unresolved_no_exact_signature,not_available,candidate_two_year_exact_enrollment
2024,employment-school-627dbdbb0b11a951d612,한국항공대학교,본교,경기,대학,0000194,한국항공대학교,5907,5907,8684313714,academyinfo_two_year_exact_enrollment_school_context,,unresolved_no_exact_signature,not_available,candidate_two_year_exact_enrollment
2024,employment-school-158de6e7bf06106290b5,한동대학교,본교,경북,대학,0000196,한동대학교,5307,5307,7974777162,academyinfo_two_year_exact_enrollment_school_context,,unresolved_no_exact_signature,not_available,candidate_two_year_exact_enrollment
2024,employment-school-8766681312582f68fc7f,한라대학교,본교,강원,대학,0000197,한라대학교,4080,4080,6306250035,academyinfo_two_year_exact_enrollment_school_context,,unresolved_no_exact_signature,not_available,candidate_two_year_exact_enrollment
2024,employment-school-04e63e828bbda0bcaf7c,한림대학교,본교,강원,대학,0000198,한림대학교,10348,10348,6450987398,academyinfo_two_year_exact_enrollment_school_context,,unresolved_no_exact_signature,not_available,candidate_two_year_exact_enrollment
2024,employment-school-5b6e532e0ee54c116565,한림성심대학교,본교,강원,전문대학,0000553,한림성심대학교,3422,3422,2969926416,academyinfo_two_year_exact_enrollment_school_context,,unresolved_no_exact_signature,not_available,candidate_two_year_exact_enrollment
2024,employment-school-f2c835fd80b8f02871a1,한세대학교,본교,경기,대학,0000201,한세대학교,3261,3261,5550205051,academyinfo_two_year_exact_enrollment_school_context,,unresolved_no_exact_signature,not_available,candidate_two_year_exact_enrollment
2024,employment-school-f5cc7f52910b23793115,한신대학교,본교,경기,대학,0000202,한신대학교,7388,7388,5703346312,academyinfo_two_year_exact_enrollment_school_context,,unresolved_no_exact_signature,not_available,candidate_two_year_exact_enrollment
2024,employment-school-35c8efcf6a5bec434659,한양대학교,본교,서울,대학,0000203,한양대학교,22610,22610,9258313953,academyinfo_two_year_exact_enrollment_school_context,,unresolved_no_exact_signature,not_available,candidate_two_year_exact_enrollment
2024,employment-school-fa329ad103ab1b421671,한양여자대학교,본교,서울,전문대학,0000554,한양여자대학교,7538,7538,2735845208,academyinfo_two_year_exact_enrollment_school_context,,unresolved_no_exact_signature,not_available,candidate_two_year_exact_enrollment
2024,employment-school-1ffd989b1f33ed722cc2,한영대학교,본교,전남,전문대학,0000555,한영대학교,1811,1811,6208432018,academyinfo_two_year_exact_enrollment_school_context,,unresolved_no_exact_signature,not_available,candidate_two_year_exact_enrollment
2024,employment-school-c03b9d8f59a4ee632b89,한일장신대학교,본교,전북,대학,0000206,한일장신대학교,911,911,2319199979,academyinfo_two_year_exact_enrollment_school_context,,unresolved_no_exact_signature,not_available,candidate_two_year_exact_enrollment
2024,employment-school-7f6d0868ac1b0e2fda98,협성대학교,본교,경기,대학,0000207,협성대학교,5192,5192,5622947633,academyinfo_two_year_exact_enrollment_school_context,,unresolved_no_exact_signature,not_available,candidate_two_year_exact_enrollment
2024,employment-school-1dca280397617ad2d450,혜전대학교,본교,충남,전문대학,0000556,혜전대학교,3300,3300,4234214067,academyinfo_two_year_exact_enrollment_school_context,,unresolved_no_exact_signature,not_available,candidate_two_year_exact_enrollment
2024,employment-school-032fd3d2644d93187a19,호남대학교,본교,광주,대학,0000208,호남대학교,8346,8346,7015211522,academyinfo_two_year_exact_enrollment_school_context,,unresolved_no_exact_signature,not_available,candidate_two_year_exact_enrollment
2024,employment-school-cb1d70bca5cda9e782e8,호남신학대학교,본교,광주,대학,0000209,호남신학대학교,765,765,4745576679,academyinfo_two_year_exact_enrollment_school_context,4745576679,candidate_signature_context_confirmed,department_signature_agreement,candidate_two_year_exact_enrollment_department_signature_confirmed
2024,employment-school-3d377adc54d2ec768c86,호산대학교,본교,경북,전문대학,0000415,호산대학교,2624,2624,7729016542,academyinfo_two_year_exact_enrollment_school_context,,unresolved_no_exact_signature,not_available,candidate_two_year_exact_enrollment
2024,employment-school-0f2bc66b4c05e47405af,화성의과학대학교,본교,경기,대학,0000233,화성의과학대학교,603,603,1688166320,academyinfo_two_year_exact_enrollment_school_context,,unresolved_no_exact_signature,not_available,candidate_two_year_exact_enrollment
