catalog_sheet,catalog_row,source_domain,major_area,code,dataset,university_scope,delivery_type,provider,source_url,available_years,analysis_unit,major_fields,provision_level,school_code_available,seventy_percent_rule,priority,panel_relevance,download_status,notes
"교육통계(12종, 106테이블)",5,교육통계,공통(통합),0001,학교속성,,EDSS file data,EDSS open data (source custodian recorded by domain),https://www.edmgr.kr/edss/es/opd/odd/od/es_opd_oddod01_001,2009~2025,집계 또는 기관,"조사년도,학교급명,시도명,시군명,학제명,설립구분명,종교단체명,운영방식명,고등학교운영특례명,고등학교유형명,통합구분명,급식지정실시구분명,입학생유형명,법인종류명,설립주체명,설립유형명,시설환경명,본교분교구분명,교장공모제여부,학교설립일자,학제유형명,주야구분명,급지구분명,유치원소유형태명,지역행정구분명,장애학생구분명,특수지구분명,남녀공학구분명,학교수",,Y,,3,out_of_scope_initial,catalogued_not_downloaded,*학업성취도 및 대학수학능력시험 자료 요청 시 학교 식별가능성 자료 제공 불가 (교육기관정보공개법 제5조제2항 및 동법 제8조의2제3항)
"교육통계(12종, 106테이블)",6,교육통계,공통(통합),0002,유초중등학교개황,,EDSS file data,EDSS open data (source custodian recorded by domain),https://www.edmgr.kr/edss/es/opd/odd/od/es_opd_oddod01_001,2009~2025,집계 또는 기관,"조사년도,학제명,시도명,학제유형명,유초중등학교개황_전공과정여학생수,유초중등학교개황_전공과정학생수,고등학교과정여학생수,고등학교과정학생수,중학교과정여학생수,중학교과정학생수,초등학교과정여학생수,초등학교과정학생수,유초중등학교개황_유치원과정여학생수,유초중등학교개황_유치원과정학생수,유초중등학교개황_3학년야간여학생수,유초중등학교개황_3학년야간학생수,유초중등학교개황_2학년야간여학생수,유초중등학교개황_2학년야간학생수,유초중등학교개황_1학년야간여학생수,유초중등학교개황_1학년야간학생수,유초중등학교개황_3학년주간여학생수,유초중등학교개황_3학년주간학생수,유초중등학교개황_신입원아수,유초중등학교개황_여자신입원아수,유초중등학교개황_기타교사용도면적,유초중등학교개황_관리지원공간면적,유초중등학교개황_교수학습공간면적,유초중등학교개황_학교용지체육장면적,유초중등학교개황_학교용지대지면적,가교실및대용교실수,유초중등학교개황_정규교실수,유초중등학교개황_여자사무직원수,유초중등학교개황_사무직원수,유초중등학교개황_여자교원수,유초중등학교개황_교원수,유초중등학교개황_여자졸업생수,유초중등학교개황_졸업생수,유초중등학교개황_여자입학생수,유초중등학교개황_입학생수,유초중등학교개황_여자재취원자수,유초중등학교개황_재취원자수,유초중등학교개황_2학년주간여학생수,유초중등학교개황_2학년주간학생수,유초중등학교개황_1학년주간학급수,유초중등학교개황_복식학급수,유초중등학교개황_단식학급수,유초중등학교개황_학급수,주야간학교수,야간학교수,주간학교수,남녀공학분교학교수,남녀공학학교수,여자분교학교수,여자학교수,남자분교학교수,남자학교수,분교학교수,학교수,유초중등학교개황_2학년주간학급수,유초중등학교개황_3학년주간학급수,유초중등학교개황_1학년주간여학생수,유초중등학교개황_1학년주간학생수,유초중등학교개황_여학생수,유초중등학교개황_학생수,유초중등학교개황_여자원아수,유초중등학교개황_원아수,유초중등학교개황_전공과정학급수,유초중등학교개황_고등학교과정학급수,유초중등학교개황_중학교과정학급수,유초중등학교개황_초등학교과정학급수,유초중등학교개황_1학년야간학급수,유초중등학교개황_2학년야간학급수,유초중등학교개황_3학년야간학급수,유초중등학교개황_특수주간학급수,유초중등학교개황_특수야간학급수,유초중등학교개황_순회주간학급수,유초중등학교개황_순회야간학급수,유초중등학교개황_유치원과정학급수",,Y,,3,out_of_scope_initial,catalogued_not_downloaded,
"교육통계(12종, 106테이블)",7,교육통계,공통(통합),0003,유초중등학급현황,,EDSS file data,EDSS open data (source custodian recorded by domain),https://www.edmgr.kr/edss/es/opd/odd/od/es_opd_oddod01_001,2009~2025,집계 또는 기관,"조사년도,학제명,시도명,학제유형명,초등학교과정6학년단식학급수,초등학교과정5학년단식학급수,초등학교과정4학년단식학급수,초등학교과정3학년단식학급수,초등학교과정2학년단식학급수,초등학교과정1학년단식학급수,유초중등학급_초등학교과정학급수,유초중등학급_유치원과정학급수,유초중등학급_순회야간학급수,유초중등학급_순회주간학급수,초등학교과정복식학급수,유초중등학급_중학교과정학급수,중학교과정1학년단식학급수,중학교과정2학년단식학급수,중학교과정3학년단식학급수,중학교과정복식학급수,유초중등학급_고등학교과정학급수,고등학교과정1학년단식학급수학급수,고등학교과정2학년단식학급수학급수,고등학교과정3학년단식학급수학급수,고등학교과정복식학급수,유초중등학급_전공과정학급수,유초중등학급_특수야간학급수,유초중등학급_특수주간학급수,유초중등학급_학급수,유초중등학급_단식학급수,1학년단식학급수,2학년단식학급수,3학년단식학급수,4학년단식학급수,5학년단식학급수,6학년단식학급수,유초중등학급_복식학급수,2개학년이하복식학급수,유초중등학급_3학년야간학급수,유초중등학급_2학년야간학급수,유초중등학급_1학년야간학급수,유초중등학급_3학년주간학급수,유초중등학급_2학년주간학급수,유초중등학급_1학년주간학급수,6개학년복식학급수,5개학년복식학급수,4개학년복식학급수,3개학년복식학급수",,Y,,3,out_of_scope_initial,catalogued_not_downloaded,
"교육통계(12종, 106테이블)",8,교육통계,공통(통합),0004,유초중등학생현황,,EDSS file data,EDSS open data (source custodian recorded by domain),https://www.edmgr.kr/edss/es/opd/odd/od/es_opd_oddod01_001,2009~2025,집계 또는 기관,"조사년도,학제명,시도명,학제유형명,국외전문대학진학여학생수,중등과정여자입학생수,중등과정입학생수,초등과정여자입학생수,초등과정입학생수,유치원과정여자입학생수,유치원과정입학생수,야간기타여자입학생수,야간기타입학생수,야간졸업생여자입학생수,야간졸업생입학생수,야간재학생여자입학생수,야간재학생입학생수,전공과정여자입학생수,유초중등학생_졸업생수,일반고진학희망여학생수,일반고진학희망학생수,진학희망여학생수,진학희망학생수,전공과정여자졸업생수,전공과정졸업생수,고등과정여자졸업생수,고등과정졸업생수,중등과정여자졸업생수,중등과정졸업생수,초등과정여자졸업생수,초등과정졸업생수,유치원과정여자졸업생수,유치원과정졸업생수,유초중등학생_여자졸업생수,국외대학진학학생수,국외대학진학여학생수,취업자수,1학년지방장학금액,1학년지방장학금수혜학생수,3학년정부장학금액,3학년정부장학금수혜학생수,2학년정부장학금액,2학년정부장학금수혜학생수,1학년정부장학금액,1학년정부장학금수혜학생수,유학이민학생수,도외전입여학생수,도외전입학생수,도내전입여학생수,도내전입학생수,도외전출여학생수,도외전출학생수,2학년지방장학금수혜학생수,2학년지방장학금액,3학년학교운영지원비감면금액,3학년학교운영지원비감면학생수,2학년학교운영지원비감면금액,2학년학교운영지원비감면학생수,1학년학교운영지원비감면금액,1학년학교운영지원비감면학생수,3학년기타장학금액,3학년기타장학금수혜학생수,2학년기타장학금액,2학년기타장학금수혜학생수,1학년기타장학금액,1학년기타장학금수혜학생수,3학년지방장학금액,3학년지방장학금수혜학생수,도내전출여학생수,도내전출학생수,부적응학업중단학생수,질병학업중단여학생수,질병학업중단학생수,면제여학생수,면제학생수,유예여학생수,유예학생수,미상여학생수,미상학생수,미진학여학생수,미진학학생수,입대학생수,여자무직자수,무직자수,여자취업자수,부적응학업중단여학생수,품행학업중단학생수,유급여학생수,유급학생수,사망여학생수,사망학생수,복학여학생수,복학생수,편입여학생수,편입생수,재입학여학생수,재입학학생수,기타학업중단여학생수,기타학업중단학생수,가사학업중단여학생수,가사학업중단학생수,품행학업중단여학생수,주간기타여자입학생수,특수목적고등학교진학학생수,특성화고진학여학생수,특성화고진학학생수,일반고진학여학생수,일반고진학학생수,중학교진학여학생수,중학교진학학생수,진학여학생수,진학학생수,기타진학희망여학생수,기타진학희망학생수,자율고등학교진학희망여학생수,자율고등학교진학희망학생수,특수목적고등학교진학희망여학생수,특수목적고등학교진학희망학생수,특수목적고등학교진학여학생수,자율고등학교진학학생수,순회학급여학생수,국외전문대학진학학생수,국내각종학교진학여학생수,국내각종학교진학학생수,국내대학진학여학생수,국내대학진학학생수,국내교육대학진학여학생수,국내교육대학진학학생수,국내전문대학진학여학생수,국내전문대학진학학생수,고등교육진학여학생수,고등교육진학학생수,기타진학여학생수,기타진학학생수,자율고등학교진학여학생수,특성화고진학희망여학생수,특성화고진학희망학생수,전공과정입학생수,고등과정여자입학생수,고등과정입학생수,7세이상원아수,6세여자원아수,6세원아수,5세여자원아수,5세원아수,4세여자원아수,4세원아수,3세여자원아수,3세원아수,유초중등학생_여자원아수,유초중등학생_원아수,유초중등학생_학생수,유초중등학생_여학생수,복식학급학생수,6학년단식학급여학생수,6학년단식학급학생수,5학년단식학급여학생수,5학년단식학급학생수,4학년단식학급여학생수,4학년단식학급학생수,3학년단식학급여학생수,3학년단식학급학생수,2학년단식학급여학생수,2학년단식학급학생수,1학년단식학급여학생수,1학년단식학급학생수,단식학급여학생수,단식학급학생수,중학교과정1학년여학생수,중학교과정2학년학생수,중학교과정2학년여학생수,유초중등학생_여자재취원자수,유초중등학생_재취원자수,유초중등학생_여자신입원아수,유초중등학생_신입원아수,야간기타여자입학지원자수,야간기타입학지원자수,야간졸업생여자입학지원자수,야간졸업생입학지원자수,야간재학생여자입학지원자수,야간재학생입학지원자수,주간기타여자입학지원자수,주간기타입학지원자수,주간졸업생여자입학지원자수,주간졸업생입학지원자수,주간재학생여자입학지원자수,유초중등학생_입학생수,유초중등학생_여자입학생수,주간졸업생입학생수,주간재학생여자입학생수,주간재학생입학생수,기타여자입학생수,기타입학생수,졸업생여자입학생수,졸업생입학생수,재학생여자입학생수,재학생입학생수,조기입학여아수,조기입학생수,여자유예과령아동입학생수,유예과령아동입학생수,여자적령아동입학생수,적령아동입학생수,주간재학생입학지원자수,기타여자입학지원자수,입학대상자수,유초중등학생_전공과정여학생수,유초중등학생_전공과정학생수,고등학교과정복식학급여학생수,고등학교과정복식학급학생수,고등학교과정3학년여학생수,고등학교과정3학년학생수,고등학교과정2학년여학생수,고등학교과정2학년학생수,고등학교과정1학년여학생수,고등학교과정1학년학생수,중학교과정복식학급여학생수,중학교과정복식학급학생수,중학교과정3학년여학생수,중학교과정3학년학생수,여자입학대상자수,적령아동입학대상자수,기타입학지원자수,졸업생여자입학지원자수,졸업생입학지원자수,재학생여자입학지원자수,재학생입학지원자수,여자입학지원자수,입학지원자수,야간입학정원수,주간입학정원수,입학정원수,조기입학신청여아수,조기입학신청자수,여자유예과령아동입학대상자수,유예과령아동입학대상자수,여자적령아동입학대상자수,주간기타입학생수,주간졸업생여자입학생수,유초중등학생_3학년야간여학생수,유초중등학생_3학년야간학생수,유초중등학생_2학년야간여학생수,유초중등학생_2학년야간학생수,유초중등학생_1학년야간여학생수,유초중등학생_1학년야간학생수,유초중등학생_3학년주간여학생수,유초중등학생_3학년주간학생수,유초중등학생_2학년주간여학생수,유초중등학생_2학년주간학생수,유초중등학생_1학년주간여학생수,유초중등학생_1학년주간학생수,순회학급학생수,특수학급여학생수,유초중등학생_유치원과정학생수,유초중등학생_유치원과정여학생수,중학교과정1학년학생수,초등학교과정복식학급여학생수,초등학교과정복식학급학생수,초등학교과정6학년여학생수,초등학교과정6학년학생수,초등학교과정5학년여학생수,초등학교과정5학년학생수,초등학교과정4학년여학생수,초등학교과정4학년학생수,초등학교과정3학년여학생수,초등학교과정3학년학생수,초등학교과정2학년여학생수,초등학교과정2학년학생수,초등학교과정1학년여학생수,초등학교과정1학년학생수,특수학급학생수,복식학급여학생수,7세이상여자원아수",,Y,,3,out_of_scope_initial,catalogued_not_downloaded,
"교육통계(12종, 106테이블)",9,교육통계,공통(통합),0005,유초중등시설현황,,EDSS file data,EDSS open data (source custodian recorded by domain),https://www.edmgr.kr/edss/es/opd/odd/od/es_opd_oddod01_001,2009~2025,집계 또는 기관,"조사년도,학제명,시도명,학제유형명,중앙난방신재생에너지실수_2014년이후,지역난방면적_2014년이후,지역난방실수_2014년이후,탄류사용량,유류사용량,가스사용량,유초중등시설_학교용지대지면적,유초중등시설_학교용지체육장면적,학교용지농장면적,학교용지연습림면적,학교용지실습지기타면적,학교소유대지면적,학교소유체육장면적,학교소유농장면적,학교소유연습림면적,학교소유실습지기타면적,공공소유면적,개인소유면적,유초중등시설_정규교실수,심야전력사용량,일반전력사용량,공유면적,유초중등시설_기타교사용도면적,기숙사사택공간면적,식당공간면적,조리실공간면적,보건위생공간면적,체육집회공간면적,유초중등시설_관리지원공간면적,유초중등시설_교수학습공간면적,대용교실수,가교실수,신재생에너지사용량_2014년이후,냉방면적,비난방영역면적,중앙난방면적,심야난방면적,일반난방면적,화석연료난방면적,유류난방면적,가스난방면적,지하수사용량,상수도사용량,집단에너지사용량,개별난방전기면적_2014년이후,개별난방전기실수_2014년이후,개별난방신재생에너지면적_2014년이후,개별난방신재생에너지실수_2014년이후,중앙난방가스면적_2014년이후,중앙난방가스실수_2014년이후,중앙난방유류면적_2014년이후,중앙난방유류실수_2014년이후,중앙난방탄류면적_2014년이후,중앙난방탄류실수_2014년이후,중앙난방기타면적_2014년이후,중앙난방전기실수_2014년이후,중앙난방신재생에너지면적_2014년이후",,Y,,3,out_of_scope_initial,catalogued_not_downloaded,
"교육통계(12종, 106테이블)",10,교육통계,공통(통합),0006,유초중등사무직원현황,,EDSS file data,EDSS open data (source custodian recorded by domain),https://www.edmgr.kr/edss/es/opd/odd/od/es_opd_oddod01_001,2009~2025,집계 또는 기관,"조사년도,학제명,시도명,학제유형명,일반직6급여자사무직원수,일반직7급사무직원수,일반직7급여자사무직원수,일반직8급사무직원수,일반직8급여자사무직원수,일반직9급사무직원수,일반직9급여자사무직원수,기능직사무직원수,기능직여자사무직원수,별정직사무직원수,별정직여자사무직원수,기타사무직원수,기타여자사무직원수,일반직6급사무직원수,일반직5급여자사무직원수,일반직5급사무직원정원수,일반직6급사무직원정원수,일반직7급사무직원정원수,일반직8급사무직원정원수,일반직9급사무직원정원수,기능직사무직원정원수,별정직사무직원정원수,기타사무직원정원수,유초중등사무직원_사무직원수,유초중등사무직원_여자사무직원수,일반직5급사무직원수",,Y,,3,out_of_scope_initial,catalogued_not_downloaded,
"교육통계(12종, 106테이블)",11,교육통계,공통(통합),0007,유초중등교원현황,,EDSS file data,EDSS open data (source custodian recorded by domain),https://www.edmgr.kr/edss/es/opd/odd/od/es_opd_oddod01_001,2009~2025,집계 또는 기관,"조사년도,학제명,시도명,학제유형명,휴직여자수석교사수,보직교사수,여자보직교사수,휴직보직교사수,휴직여자보직교사수,교사수,여자교사수,휴직교사수,휴직여자교사수,전문상담교사수,여자전문상담교사수,휴직전문상담교사수,휴직여자전문상담교사수,사서교사수,휴직수석교사수,여자수석교사수,수석교사수,휴직여자교감수,휴직교감수,여자교감수,교감수,휴직여자교장수,휴직교장수,여자교장수,교장수,유초중등교원_여자교원수,유초중등교원_교원수,여자사서교사수,휴직사서교사수,여자시간강사수,시간강사수,여자기간제교사수,기간제교사수,휴직여자영양교사수,휴직영양교사수,여자영양교사수,영양교사수,휴직여자보건교사수,휴직보건교사수,여자보건교사수,보건교사수,휴직여자실기교사수,휴직실기교사수,여자실기교사수,실기교사수,휴직여자사서교사수",,Y,,3,out_of_scope_initial,catalogued_not_downloaded,
"교육통계(12종, 106테이블)",12,교육통계,공통(통합),0008,도서관운영현황,,EDSS file data,EDSS open data (source custodian recorded by domain),https://www.edmgr.kr/edss/es/opd/odd/od/es_opd_oddod01_001,2009~2025,집계 또는 기관,"조사년도,학제명,시도명,도서관예산운영비,도서관예산자료구입비,도서관비도서수,도서관도서수,도서관예산액,도서관연간이용도서수,도서관연간이용자수,도서관장서수,도서관좌석수,도서관직원수,도서관수",,Y,,3,out_of_scope_initial,catalogued_not_downloaded,
"교육통계(12종, 106테이블)",13,교육통계,공통(통합),0009,고등학교휴학사유별현황,,EDSS file data,EDSS open data (source custodian recorded by domain),https://www.edmgr.kr/edss/es/opd/odd/od/es_opd_oddod01_001,2009~2025,집계 또는 기관,"조사년도,학제명,시도명,학년구분명,기타여학생수,기타남학생수,군입대여학생수,군입대남학생수,가사여학생수,가사남학생수,품행여학생수,품행남학생수,학교부적응여학생수,남학생수,고등학교휴학사유별_여학생수,질병건강남학생수,질병건강여학생수,학교부적응남학생수",,Y,,3,out_of_scope_initial,catalogued_not_downloaded,
"교육통계(12종, 106테이블)",14,교육통계,학교총개황,0011,학교총개황,,EDSS file data,EDSS open data (source custodian recorded by domain),https://www.edmgr.kr/edss/es/opd/odd/od/es_opd_oddod01_001,2009~2025,집계 또는 기관,"학제유형그룹명, 학제유형명, 학제명, 세부학교종류명, 시도명, 학교설립그룹명, 학교설립명, 주야구분명, 남녀공학구분명, 교원수, 학생수, 학교용지체육장면적, 학교용지대지면적, 학교수, 교수학습공간면적, 사무직원수, 입학생수, 학과수, 관리지원공간면적, 대학원대학교수, 졸업생수, 여자교원수, 여자사무직원수, 여자입학생수, 여자졸업생수, 여학생수, 기타교사용도면적, 심화과정학과수, 박사과정학과수, 학급수, 분교학교수, 학사심화과정입학생수, 학사심화과정여자입학생수, 전체학교수",,Y,,3,out_of_scope_initial,catalogued_not_downloaded,
"교육통계(12종, 106테이블)",15,교육통계,교육(공유)재산현황,0020,공유재산현황,,EDSS file data,EDSS open data (source custodian recorded by domain),https://www.edmgr.kr/edss/es/opd/odd/od/es_opd_oddod01_001,2009~2013,집계 또는 기관,"조사년도,학제명,시도명,재산구분대분류명,재산구분중분류명,재산구분소분류명,단위구분명,재산산정금액,교육재산대지면적,필지수동수",,N,,3,out_of_scope_initial,catalogued_not_downloaded,
"교육통계(12종, 106테이블)",16,교육통계,학교,0101,선박보유현황_학교,,EDSS file data,EDSS open data (source custodian recorded by domain),https://www.edmgr.kr/edss/es/opd/odd/od/es_opd_oddod01_001,2009~2013,집계 또는 기관,"조사년도,학제명,시도명,선박재질명,선박용도명,구입년도,선박일련번호,경과년수,선박톤수,선원수",,N,,3,out_of_scope_initial,catalogued_not_downloaded,
"교육통계(12종, 106테이블)",17,교육통계,학교,0102,독서실개황_학교,,EDSS file data,EDSS open data (source custodian recorded by domain),https://www.edmgr.kr/edss/es/opd/odd/od/es_opd_oddod01_001,2009~2019,집계 또는 기관,"조사년도,학제명,시도명,사설학원종류명,도서실수,남자수강자수,여자수강자수,남자이수자수,여자이수자수,독서실개황_남자직원수,독서실개황_여자직원수,월평균수강금액,독서실개황_정원수,독서실개황_열람실수,독서실개황_열람좌석수",,N,,3,out_of_scope_initial,catalogued_not_downloaded,
"교육통계(12종, 106테이블)",18,교육통계,학교,0103,독서실시설현황_학교,,EDSS file data,EDSS open data (source custodian recorded by domain),https://www.edmgr.kr/edss/es/opd/odd/od/es_opd_oddod01_001,2009~2013,집계 또는 기관,"조사년도,학제명,시도명,기타시설수,보유장서수,독서실시설_열람좌석수,사무실수,독서실시설_열람실수",,N,,3,out_of_scope_initial,catalogued_not_downloaded,
"교육통계(12종, 106테이블)",19,교육통계,학교,0104,방송고설치운영현황_학교,,EDSS file data,EDSS open data (source custodian recorded by domain),https://www.edmgr.kr/edss/es/opd/odd/od/es_opd_oddod01_001,2009~2025,집계 또는 기관,"조사년도,설립일자,방송고설치운영_2학년학급수,방송고설치운영_3학년학급수,방송고설치운영_1학년남학생수,방송고설치운영_1학년여학생수,방송고설치운영_2학년남학생수,방송고설치운영_2학년여학생수,방송고설치운영_3학년남학생수,방송고설치운영_3학년여학생수,방송고설치운영_남자입학생수,방송고설치운영_여자입학생수,방송고설치운영_남자졸업생수,방송고설치운영_여자졸업생수,방송고설치운영_1학년학급수,방송고설치운영_정원수",,Y,,3,out_of_scope_initial,catalogued_not_downloaded,
"교육통계(12종, 106테이블)",20,교육통계,학교,0105,건물현황_학교,,EDSS file data,EDSS open data (source custodian recorded by domain),https://www.edmgr.kr/edss/es/opd/odd/od/es_opd_oddod01_001,2009~2025,집계 또는 기관,"조사년도,학제명,시도명,건물구조명,건물유형명,건물용도명,자체임대구분명,등재유무명,안전성등급명,건물구조정렬순서,건물용도정렬순서,건물유형정렬순서,자체임대구분정렬순서,등재유무정렬순서,안전성등급정렬순서,BTL사업년도(2014년이후),구조보강년도(2014년이후),내진구조보강년도(2014년이후),건물복합화여부(2014년이후),건물명,건축년도,건물번호,건물층수,건물_건물면적,건물연면적,건물지하층수_2014년이후,건물지상층수_2014년이후",,Y,,3,out_of_scope_initial,catalogued_not_downloaded,
"교육통계(12종, 106테이블)",21,교육통계,학교,0106,냉난방현황_학교,,EDSS file data,EDSS open data (source custodian recorded by domain),https://www.edmgr.kr/edss/es/opd/odd/od/es_opd_oddod01_001,2009~2025,집계 또는 기관,"조사년도,학제명,시도명,냉방방식명,중앙난방연료명,중앙난방방열기종류명,중앙난방방식명,개별난방신재생에너지명,신재생에너지명,중앙난방신재생에너지명,시설건물번호,건물명,중앙난방심야전기사용여부_2014년이후,개별난방심야전기사용여부_2014년이후,바닥난방실수,바닥난방면적,냉방실수,중앙난방면적,중앙난방실수,비난방실수,개별난방신재생에너지면적_2014년이후,개별난방전기실수_2014년이후,개별난방전기면적_2014년이후,개별난방신재생에너지실수_2014년이후,중앙난방가스면적_2014년이후,중앙난방가스실수_2014년이후,중앙난방유류면적_2014년이후,중앙난방유류실수_2014년이후,중앙난방탄류면적_2014년이후,중앙난방탄류실수_2014년이후,중앙난방기타면적_2014년이후,중앙난방전기실수_2014년이후,중앙난방신재생에너지면적_2014년이후,중앙난방신재생에너지실수_2014년이후,지역난방면적_2014년이후,지역난방실수_2014년이후,신재생에너지면적_2015년이후,신재생에너지실수_2015년이후,일반전기난방실수,심야전기난방실수,가스난방면적,탄류난방실수,유류난방실수,가스난방실수,냉난방_건물면적,냉방면적,비난방면적,일반전기난방면적,심야전기난방면적,탄류난방면적,유류난방면적",,Y,,3,out_of_scope_initial,catalogued_not_downloaded,
"교육통계(12종, 106테이블)",22,교육통계,학교,0107,에너지사용량_학교,,EDSS file data,EDSS open data (source custodian recorded by domain),https://www.edmgr.kr/edss/es/opd/odd/od/es_opd_oddod01_001,2009~2025,집계 또는 기관,"조사년도,학제명,시도명,연중최고사용량,심야전력사용량,심야전력요금,난방용가스사용량,난방용가스요금,유류사용량,유류요금,탄류사용량,탄류요금,집단에너지사용량,집단에너지요금,상수도사용량,상수도요금,지하수사용량,신재생에너지사용량_2014년이후,일반전력요금,일반전력사용량,2차변압기용량,수전전압,수전설비용량,2차변압기대수",,Y,,3,out_of_scope_initial,catalogued_not_downloaded,
"교육통계(12종, 106테이블)",23,교육통계,학교,0108,외국인학교개황_학교,,EDSS file data,EDSS open data (source custodian recorded by domain),https://www.edmgr.kr/edss/es/opd/odd/od/es_opd_oddod01_001,2010~2025,집계 또는 기관,"조사년도,학제명,설립구분명,초등학교과정여학생수,중학교과정남학생수,중학교과정여학생수,고등학교과정남학생수,고등학교과정여학생수,교원수,외국인학교개황_남자교원수,외국인학교개황_여자교원수,직원수,외국인학교개황_남자직원수,외국인학교개황_여자직원수,초등학교과정남학생수,유치원과정여학생수,유치원과정남학생수,학교수,학급수,유치원과정학급수,초등학교과정학급수,중학교과정학급수,고등학교과정학급수,외국인학교개황_학생수",학제 단위,N,,3,out_of_scope_initial,catalogued_not_downloaded,
"교육통계(12종, 106테이블)",24,교육통계,학교,0109,외국인학교국적별학생현황_학교,,EDSS file data,EDSS open data (source custodian recorded by domain),https://www.edmgr.kr/edss/es/opd/odd/od/es_opd_oddod01_001,2010~2019,집계 또는 기관,"조사년도,학제명,설립구분명,학생과정구분명,내국인수,이중국적소지자수,외국국적소지자수",학제 단위,N,,3,out_of_scope_initial,catalogued_not_downloaded,
"교육통계(12종, 106테이블)",25,교육통계,학교,0110,외국인학교직위별교원현황_학교,,EDSS file data,EDSS open data (source custodian recorded by domain),https://www.edmgr.kr/edss/es/opd/odd/od/es_opd_oddod01_001,2010~2025,집계 또는 기관,"조사년도,학제명,설립구분명,교원직위명,외국인학교직위별교원_여자교원수,외국인학교직위별교원_남자교원수",학제 단위,N,,3,out_of_scope_initial,catalogued_not_downloaded,
"교육통계(12종, 106테이블)",26,교육통계,학교,0111,산업체부설중고현황_학교,,EDSS file data,EDSS open data (source custodian recorded by domain),https://www.edmgr.kr/edss/es/opd/odd/od/es_opd_oddod01_001,2009~2014,집계 또는 기관,"조사년도,학제명,시도명,산업체부설중고_2학년남학생수,산업체부설중고_1학년남학생수,산업체부설중고_1학년여학생수,산업체부설중고_2학년여학생수,산업체부설중고_3학년남학생수,산업체부설중고_3학년여학생수,산업체부설중고_남자교원수,산업체부설중고_여자교원수,남자사무직원수,여자사무직원수,산업체부설중고_남자입학생수,산업체부설중고_남자졸업생수,산업체부설중고_여자입학생수,산업체부설중고_여자졸업생수,정규교실수,가교실및대용교실수,산업체부설중고_3학년학급수,산업체부설중고_2학년학급수,산업체부설중고_1학년학급수,설립일자",,N,,3,out_of_scope_initial,catalogued_not_downloaded,
"교육통계(12종, 106테이블)",27,교육통계,학교,0112,재량활동선택교과목개설현황_중_학교,,EDSS file data,EDSS open data (source custodian recorded by domain),https://www.edmgr.kr/edss/es/opd/odd/od/es_opd_oddod01_001,2009~2012,집계 또는 기관,"조사년도,학제명,시도명,학년구분명,선택교과여학생수,선택교과남학생수,선택교과학급수",,Y,,3,out_of_scope_initial,catalogued_not_downloaded,
"교육통계(12종, 106테이블)",28,교육통계,학교,0113,검정고시현황_학교,,EDSS file data,EDSS open data (source custodian recorded by domain),https://www.edmgr.kr/edss/es/opd/odd/od/es_opd_oddod01_001,2009~2025,집계 또는 기관,"조사년도,학제명,시도명,성별명,검정고시구분명,합격자수,지원자수",,Y,,3,out_of_scope_initial,catalogued_not_downloaded,
"교육통계(12종, 106테이블)",29,교육통계,학교,0114,실용도별현황_학교,,EDSS file data,EDSS open data (source custodian recorded by domain),https://www.edmgr.kr/edss/es/opd/odd/od/es_opd_oddod01_001,2009~2025,집계 또는 기관,"조사년도,학제명,시도명,시설용도구분명,건물구조명,건물명,시설건물번호,시설수,실용도별_건물면적",,Y,,3,out_of_scope_initial,catalogued_not_downloaded,
"교육통계(12종, 106테이블)",30,교육통계,학교,0115,학교용지현황_학교,,EDSS file data,EDSS open data (source custodian recorded by domain),https://www.edmgr.kr/edss/es/opd/odd/od/es_opd_oddod01_001,2009~2025,대학·학교,"조사년도,학제명,시도명,소유구분명,위치구분명,공동사용학교명(2018년이후),공동사용여부(2018년이후),학교용지대지면적,학교용지체육장면적,학교용지농장면적,학교용지연습림면적,학교용지실습지기타면적,학교용지건폐율,학교용지용적률",,Y,,3,out_of_scope_initial,catalogued_not_downloaded,
"교육통계(12종, 106테이블)",31,교육통계,학교,0116,학교운영위원회구성현황_학교,,EDSS file data,EDSS open data (source custodian recorded by domain),https://www.edmgr.kr/edss/es/opd/odd/od/es_opd_oddod01_001,2009~2014,집계 또는 기관,"조사년도,학제명,시도명,위원구분명,학부모위원선출방식명,부위원장직업공무원수,위원장직업주부수,위원장직업자영업수,위원장직업회사원수,위원장직업교원수,위원장직업공무원수,위원직업기타수,위원직업농어업수,위원직업주부수,위원직업자영업수,위원직업회사원수,위원직업교원수,위원장직업농어업수,위원장직업기타수,부위원장직업교원수,부위원장직업회사원수,부위원장직업자영업수,부위원장직업주부수,부위원장직업농어업수,부위원장직업기타수,위원직업전문직수,위원장직업전문직수,부위원장직업전문직수,위원직업공무원수,60대여자위원수,60대남자위원수,50대여자위원수,50대남자위원수,40대여자위원수,40대남자위원수,30대여자위원수,30대남자위원수,20대여자위원수,20대남자위원수",,Y,,3,out_of_scope_initial,catalogued_not_downloaded,
"교육통계(12종, 106테이블)",32,교육통계,학교,0117,학생귀국현황_학교,,EDSS file data,EDSS open data (source custodian recorded by domain),https://www.edmgr.kr/edss/es/opd/odd/od/es_opd_oddod01_001,2009~2025,집계 또는 기관,"조사년도,학제명,시도명,출국원인명,국가명,체류기간명,상반기귀국유학생수,하반기귀국유학생수,상반기귀국남자유학생수_2014년이후,상반기귀국여자유학생수_2014년이후,하반기귀국남자유학생수_2014년이후,하반기귀국여자유학생수_2014년이후",,Y,,3,out_of_scope_initial,catalogued_not_downloaded,
"교육통계(12종, 106테이블)",33,교육통계,학교,0119,졸업후상황_특수_학교,,EDSS file data,EDSS open data (source custodian recorded by domain),https://www.edmgr.kr/edss/es/opd/odd/od/es_opd_oddod01_001,2009~2025,집계 또는 기관,"조사년도,학제명,시도명,성별명,졸업후상황명,졸업후상황_특수_학생수",,N,,3,out_of_scope_initial,catalogued_not_downloaded,
"교육통계(12종, 106테이블)",34,교육통계,학교,0120,학생유학현황_학교,,EDSS file data,EDSS open data (source custodian recorded by domain),https://www.edmgr.kr/edss/es/opd/odd/od/es_opd_oddod01_001,2009~2025,집계 또는 기관,"조사년도,학제명,시도명,유학원인명,국가명,하반기여자유학생수_2014년이후,하반기남자유학생수_2014년이후,상반기여자유학생수_2014년이후,상반기남자유학생수_2014년이후,하반기유학생수,상반기유학생수",,Y,,3,out_of_scope_initial,catalogued_not_downloaded,
"교육통계(12종, 106테이블)",35,교육통계,학교,0121,학교체육시설현황_학교,,EDSS file data,EDSS open data (source custodian recorded by domain),https://www.edmgr.kr/edss/es/opd/odd/od/es_opd_oddod01_001,2009~2015,집계 또는 기관,"조사년도,학제명,시도명,체육시설명,수영장구분명,체육시설보유개수",,Y,,3,out_of_scope_initial,catalogued_not_downloaded,
"교육통계(12종, 106테이블)",36,교육통계,학교,0122,컴퓨터보유현황_학교,,EDSS file data,EDSS open data (source custodian recorded by domain),https://www.edmgr.kr/edss/es/opd/odd/od/es_opd_oddod01_001,2013~2025,집계 또는 기관,"조사년도,학제명,시도명,예산구분명,구입년도명,PC사양명,PC용도구분명,컴퓨터보유수",,Y,,3,out_of_scope_initial,catalogued_not_downloaded,
"교육통계(12종, 106테이블)",37,교육통계,학교,0123,유치원버스운영실태현황_학교,,EDSS file data,EDSS open data (source custodian recorded by domain),https://www.edmgr.kr/edss/es/opd/odd/od/es_opd_oddod01_001,2009~2013,집계 또는 기관,"조사년도,학제명,시도명,유상운송보험담보특별약관가입유무,책임보험가입유무,종합보험가입유무,경찰서신고여부,차량번호",,Y,,3,out_of_scope_initial,catalogued_not_downloaded,
"교육통계(12종, 106테이블)",38,교육통계,학교,0124,유치원비상재해시설현황_학교,,EDSS file data,EDSS open data (source custodian recorded by domain),https://www.edmgr.kr/edss/es/opd/odd/od/es_opd_oddod01_001,2018~2025,집계 또는 기관,"조사년도,학제명,시도명,비상재해시설명,조사일자,유치원건물번호,비상재해시설수",,Y,,3,out_of_scope_initial,catalogued_not_downloaded,
"교육통계(12종, 106테이블)",39,교육통계,학교,0125,유치원시설환경현황_학교,,EDSS file data,EDSS open data (source custodian recorded by domain),https://www.edmgr.kr/edss/es/opd/odd/od/es_opd_oddod01_001,2018~2025,집계 또는 기관,"조사년도,학제명,시도명,조사일자,체육장놀이터시설수",,Y,,3,out_of_scope_initial,catalogued_not_downloaded,
"교육통계(12종, 106테이블)",40,교육통계,학교,0126,유치원안전공제회및보험가입현황_학교,,EDSS file data,EDSS open data (source custodian recorded by domain),https://www.edmgr.kr/edss/es/opd/odd/od/es_opd_oddod01_001,2009~2013,집계 또는 기관,"조사년도,학제명,시도명,공제회가입유무,보험가입유무,상해보험1인당보험료,공제회1인당연회비",,Y,,3,out_of_scope_initial,catalogued_not_downloaded,
"교육통계(12종, 106테이블)",41,교육통계,학교,0127,유치원연령별학급현황_학교,,EDSS file data,EDSS open data (source custodian recorded by domain),https://www.edmgr.kr/edss/es/opd/odd/od/es_opd_oddod01_001,2018~2025,집계 또는 기관,"조사년도,학제명,시도명,조사일자,편성순회학급수,인가순회학급수,편성순회원아수,만3세편성정원수,만4세편성정원수,만5세편성정원수,만3세이상만4세미만편성정원수,만4세이상만5세미만편성정원수,만3세이상만5세미만편성정원수,편성정원수,편성특수정원수,만3세편성원아수,만4세편성원아수,만5세편성원아수,만3세이상만4세미만편성원아수,만4세이상만5세미만편성원아수,만3세이상만5세미만편성원아수,편성원아수,편성특수원아수,편성특수학급수,유치원연령별학급_편성학급수,만3세이상만5세미만편성학급수,인가학급수,인가특수학급수,인가정원수,만3세편성학급수,만4세편성학급수,만5세편성학급수,만3세이상만4세미만편성학급수,만4세이상만5세미만편성학급수",,Y,,3,out_of_scope_initial,catalogued_not_downloaded,
"교육통계(12종, 106테이블)",42,교육통계,학교,0128,유치원원아수별학급현황_학교,,EDSS file data,EDSS open data (source custodian recorded by domain),https://www.edmgr.kr/edss/es/opd/odd/od/es_opd_oddod01_001,2009~2017,집계 또는 기관,"조사년도,학제명,시도명,원아수구분명,3세학급수,4세학급수,5세학급수,6세학급수,7세학급수,혼합학급수,3세미만학급수",,Y,,3,out_of_scope_initial,catalogued_not_downloaded,
"교육통계(12종, 106테이블)",43,교육통계,학교,0129,유치원제공서비스현황_학교,,EDSS file data,EDSS open data (source custodian recorded by domain),https://www.edmgr.kr/edss/es/opd/odd/od/es_opd_oddod01_001,2018~2025,집계 또는 기관,"조사년도,학제명,시도명,유치원제공서비스구분명,조사일자,유치원제공서비스수",,Y,,3,out_of_scope_initial,catalogued_not_downloaded,
"교육통계(12종, 106테이블)",44,교육통계,학교,0131,편성학급_학교,,EDSS file data,EDSS open data (source custodian recorded by domain),https://www.edmgr.kr/edss/es/opd/odd/od/es_opd_oddod01_001,2016~2025,집계 또는 기관,"조사년도,학제명,시도명,학년구분명,학생과정구분명,편성학급_편성학급수",,Y,,3,out_of_scope_initial,catalogued_not_downloaded,
"교육통계(12종, 106테이블)",45,교육통계,학생,0201,직업별학력별수강및이수현황_학생,,EDSS file data,EDSS open data (source custodian recorded by domain),https://www.edmgr.kr/edss/es/opd/odd/od/es_opd_oddod01_001,2009~2013,집계 또는 기관,"조사년도,학제명,시도명,사설학원분야명,사설학원종류명,수강자이수자구분명,직업별학력별수강및이수_남학생수,직업별학력별수강및이수_여학생수",,N,,3,out_of_scope_initial,catalogued_not_downloaded,
"교육통계(12종, 106테이블)",46,교육통계,학생,0202,이수기간별직업별수강및이수현황_학생,,EDSS file data,EDSS open data (source custodian recorded by domain),https://www.edmgr.kr/edss/es/opd/odd/od/es_opd_oddod01_001,2009~2013,집계 또는 기관,"조사년도,학제명,시도명,수강자이수자구분명,수강기간구분명,직업구분명,사설학원분야명,사설학원종류명,이수기간별직업별수강및이수_남학생수,이수기간별직업별수강및이수_여학생수",,N,,3,out_of_scope_initial,catalogued_not_downloaded,
"교육통계(12종, 106테이블)",47,교육통계,학생,0203,고등학교휴학현황_학생,,EDSS file data,EDSS open data (source custodian recorded by domain),https://www.edmgr.kr/edss/es/opd/odd/od/es_opd_oddod01_001,2009~2025,집계 또는 기관,"조사년도,학제명,시도명,학년구분명,휴학사유명,고등학교휴학_남학생수,고등학교휴학_여학생수",,Y,,3,out_of_scope_initial,catalogued_not_downloaded,
"교육통계(12종, 106테이블)",48,교육통계,학생,0204,입학현황_학생,,EDSS file data,EDSS open data (source custodian recorded by domain),https://www.edmgr.kr/edss/es/opd/odd/od/es_opd_oddod01_001,2009~2025,대학·학과,"조사년도,학제명,시도명,성별명,주야구분명,입학구분명,학과명,지원입학구분명,입학_학생수",,Y,,3,out_of_scope_initial,catalogued_not_downloaded,
"교육통계(12종, 106테이블)",49,교육통계,학생,0205,입학정원_학생,,EDSS file data,EDSS open data (source custodian recorded by domain),https://www.edmgr.kr/edss/es/opd/odd/od/es_opd_oddod01_001,2009~2025,대학·학과,"조사년도,학제명,시도명,주야구분명,학과명,정원수",,Y,,3,out_of_scope_initial,catalogued_not_downloaded,
"교육통계(12종, 106테이블)",50,교육통계,학생,0206,취업현황_분야별_학생,,EDSS file data,EDSS open data (source custodian recorded by domain),https://www.edmgr.kr/edss/es/opd/odd/od/es_opd_oddod01_001,2009~2013,대학·학과,"조사년도,학제명,시도명,주야구분명,취업경로구분명,학과명,취업_분야별_여자취업자수,취업_분야별_남자취업자수",,Y,,3,out_of_scope_initial,catalogued_not_downloaded,
"교육통계(12종, 106테이블)",51,교육통계,학생,0207,취업현황_산업체별_학생,,EDSS file data,EDSS open data (source custodian recorded by domain),https://www.edmgr.kr/edss/es/opd/odd/od/es_opd_oddod01_001,2009~2019,대학·학과,"조사년도,학제명,시도명,주야구분명,산업체별취업구분명,학과명,취업_산업체별_여자취업자수,취업_산업체별_남자취업자수",,Y,,3,out_of_scope_initial,catalogued_not_downloaded,
"교육통계(12종, 106테이블)",52,교육통계,학생,0208,취업현황_직업별_학생,,EDSS file data,EDSS open data (source custodian recorded by domain),https://www.edmgr.kr/edss/es/opd/odd/od/es_opd_oddod01_001,2009~2019,대학·학과,"조사년도,학제명,시도명,주야구분명,학과명,직업별취업구분명,취업_직업별_남자취업자수,취업_직업별_여자취업자수",,Y,,3,out_of_scope_initial,catalogued_not_downloaded,
"교육통계(12종, 106테이블)",53,교육통계,학생,0210,학생변동현황_학생,,EDSS file data,EDSS open data (source custodian recorded by domain),https://www.edmgr.kr/edss/es/opd/odd/od/es_opd_oddod01_001,2009~2025,집계 또는 기관,"조사년도,학제명,시도명,성별명,주야구분명,학년구분명,유학감소수,사망감소수,조기졸업감소수,조기진급감소수,유급감소수,조기입학감소수,면제자기타감소수,면제자학교장직권감소수,면제자보호자신청감소수,학업중단부적응감소수,학업중단품행감소수,학업중단가사감소수,학업중단기타감소수,변동후학생수,유예자미인정유학외감소수,유학파견동행감소수,유예자감소수,면제자감소수,자퇴감소수,퇴학감소수,학업중단제적감소수_2014년이후,휴학감소수_2014년이후,수료감소수_2014년이후,유예자기타감소수,유예자미인정유학감소수,조사년도진급예정학생수,유예자학교장직권감소수,유예자보호신청감소수,졸업감소수,고등학교복학증가수,도내전입증가수,도외전입증가수,유급증가수,조기진급증가수,조기입학증가수,편입증가수,재입학증가수,입학증가수,조사년도3월학생수,학업중단질병감소수,도내전출감소수,도외전출감소수,이민감소수",,Y,,3,out_of_scope_initial,catalogued_not_downloaded,
"교육통계(12종, 106테이블)",54,교육통계,학생,0211,의무취학현황_학생,,EDSS file data,EDSS open data (source custodian recorded by domain),https://www.edmgr.kr/edss/es/opd/odd/od/es_opd_oddod01_001,2009~2025,집계 또는 기관,"조사년도,학제명,시도명,성별명,대상자입학생구분명,적령아동수,유예및과령아동수,1월조기입학생수,2월조기입학생수,3월이후조기입학생수,기타입학생수",,Y,,3,out_of_scope_initial,catalogued_not_downloaded,
"교육통계(12종, 106테이블)",55,교육통계,학생,0212,의무취학대상중미취학현황_학생,,EDSS file data,EDSS open data (source custodian recorded by domain),https://www.edmgr.kr/edss/es/opd/odd/od/es_opd_oddod01_001,2009~2025,집계 또는 기관,"조사년도,학제명,시도명,성별명,의무취학대상구분명,발육부진유예수,장애유예수,해외출국유예수,거주지불명유예수,가정사정유예수,기타유예수,질병면제수,장애면제수,해외면제수,기타면제수,불취학자수,대안학교입학생수,외국인학교입학생수,질병유예수,미취학자수",,Y,,3,out_of_scope_initial,catalogued_not_downloaded,
"교육통계(12종, 106테이블)",56,교육통계,학생,0213,졸업후상황_초등_학생,,EDSS file data,EDSS open data (source custodian recorded by domain),https://www.edmgr.kr/edss/es/opd/odd/od/es_opd_oddod01_001,2009~2025,집계 또는 기관,"조사년도,학제명,시도명,성별명,졸업후상황명,졸업후상황_초등_학생수",,Y,,3,out_of_scope_initial,catalogued_not_downloaded,
"교육통계(12종, 106테이블)",57,교육통계,학생,0214,졸업후상황_학생,,EDSS file data,EDSS open data (source custodian recorded by domain),https://www.edmgr.kr/edss/es/opd/odd/od/es_opd_oddod01_001,2009~2025,대학·학과,"조사년도,학제명,시도명,성별명,졸업후상황명,주야구분명,학과명,학생과정구분명,졸업후상황_학생수",,Y,,3,out_of_scope_initial,catalogued_not_downloaded,
"교육통계(12종, 106테이블)",58,교육통계,학생,0215,장학금현황_학생,,EDSS file data,EDSS open data (source custodian recorded by domain),https://www.edmgr.kr/edss/es/opd/odd/od/es_opd_oddod01_001,2013,집계 또는 기관,"조사년도,학제명,시도명,장학금주체구분명,지원금액,지원인원수,지원횟수",,Y,,3,out_of_scope_initial,catalogued_not_downloaded,
"교육통계(12종, 106테이블)",59,교육통계,학생,0216,장학금급여및학비감면현황_학생,,EDSS file data,EDSS open data (source custodian recorded by domain),https://www.edmgr.kr/edss/es/opd/odd/od/es_opd_oddod01_001,2009~2013,집계 또는 기관,"조사년도,학제명,시도명,장학금학비감면구분명,1학년학생수,1학년학비감면금액,2학년학생수,2학년학비감면금액,3학년학생수,3학년학비감면금액,장학금및학비감면총금액",,Y,,3,out_of_scope_initial,catalogued_not_downloaded,
"교육통계(12종, 106테이블)",60,교육통계,학생,0217,장학금및학비지원현황_학생,,EDSS file data,EDSS open data (source custodian recorded by domain),https://www.edmgr.kr/edss/es/opd/odd/od/es_opd_oddod01_001,2013,집계 또는 기관,"조사년도,학제명,시도명,장학금주체구분명,학비지원1분류명,학비지원2분류명,학비지원3분류명,입학금지원인원수,입학금지원금액,입학금수업료지원인원수,입학금수업료지원입학금액,입학금수업료지원수업료금액,학교운영지원비지원인원수,학교운영지원비지원금액,입학금수업료학교운영지원비지원인원수,입학금수업료학교운영지원비지원입학금액,입학금수업료학교운영지원비지원수업료금액,입학금수업료학교운영지원비지원학교운영지원비금액",,Y,,3,out_of_scope_initial,catalogued_not_downloaded,
"교육통계(12종, 106테이블)",61,교육통계,학생,0218,연령별학생현황_학생,,EDSS file data,EDSS open data (source custodian recorded by domain),https://www.edmgr.kr/edss/es/opd/odd/od/es_opd_oddod01_001,2009~2025,대학·학과,"조사년도,학제명,시도명,성별명,주야구분명,일반특수구분명,학급명,학과명,인가구분명,학년구분명,부제구분명,학생연령명,학생과정구분명,장애학생구분명,단식복식구분명,특수학교과정구분명,연령별학생_학생수",,Y,,3,out_of_scope_initial,catalogued_not_downloaded,
"교육통계(12종, 106테이블)",62,교육통계,학생,0219,근로청소년대상특별학급학생현황_학생,,EDSS file data,EDSS open data (source custodian recorded by domain),https://www.edmgr.kr/edss/es/opd/odd/od/es_opd_oddod01_001,2009~2020,대학·학과,"조사년도,학제명,시도명,주야구분명,근로청소년특별학급학과명,설치운영일자,2학년학급수,산업체수,1학년학급수,1학년남학생수,1학년여학생수,2학년남학생수,2학년여학생수,3학년학급수,3학년남학생수,3학년여학생수,담당교원수,남자졸업생수,여자졸업생수",,Y,,3,out_of_scope_initial,catalogued_not_downloaded,
"교육통계(12종, 106테이블)",63,교육통계,학생,0220,다문화가정_학생,,EDSS file data,EDSS open data (source custodian recorded by domain),https://www.edmgr.kr/edss/es/opd/odd/od/es_opd_oddod01_001,2016~2025,집계 또는 기관,"조사년도,학제명,시도명,성별명,가정구분명,출생구분명,다문화가정학생교육과정명,부모출신국가명,학년구분명,다문화가정_학생수",,Y,,3,out_of_scope_initial,catalogued_not_downloaded,
"교육통계(12종, 106테이블)",64,교육통계,학생,0223,연령별취원대상현황_학생,,EDSS file data,EDSS open data (source custodian recorded by domain),https://www.edmgr.kr/edss/es/opd/odd/od/es_opd_oddod01_001,2009~2013,집계 또는 기관,"조사년도,학제명,시도명,지역행정구분명,7세취원대상자수,6세취원대상자수,5세취원대상자수,4세취원대상자수,3세취원대상자수",,N,,3,out_of_scope_initial,catalogued_not_downloaded,
"교육통계(12종, 106테이블)",65,교육통계,학생,0224,외국인유학생현황_학생,,EDSS file data,EDSS open data (source custodian recorded by domain),https://www.edmgr.kr/edss/es/opd/odd/od/es_opd_oddod01_001,2017~2025,집계 또는 기관,"조사년도,학제명,시도명,출신국가명,조사일자,여자외국인유학생수,남자외국인유학생수",,Y,,3,out_of_scope_initial,catalogued_not_downloaded,
"교육통계(12종, 106테이블)",66,교육통계,학생,0225,유치원수료현황_학생,,EDSS file data,EDSS open data (source custodian recorded by domain),https://www.edmgr.kr/edss/es/opd/odd/od/es_opd_oddod01_001,2009~2025,집계 또는 기관,"조사년도,학제명,시도명,여자수료자수,남자수료자수",,Y,,3,out_of_scope_initial,catalogued_not_downloaded,
"교육통계(12종, 106테이블)",67,교육통계,학생,0226,유치원신입및재취원현황_학생,,EDSS file data,EDSS open data (source custodian recorded by domain),https://www.edmgr.kr/edss/es/opd/odd/od/es_opd_oddod01_001,2009~2025,집계 또는 기관,"조사년도,학제명,시도명,여자재취원자수,남자재취원자수,여자신입원아수,남자신입원아수",,Y,,3,out_of_scope_initial,catalogued_not_downloaded,
"교육통계(12종, 106테이블)",68,교육통계,학생,0227,유치원연령별원아현황_학생,,EDSS file data,EDSS open data (source custodian recorded by domain),https://www.edmgr.kr/edss/es/opd/odd/od/es_opd_oddod01_001,2009~2025,집계 또는 기관,"조사년도,학제명,시도명,성별명,4세원아수,3세원아수,5세원아수,6세원아수,7세이상원아수,3세미만원아수",,Y,,3,out_of_scope_initial,catalogued_not_downloaded,
"교육통계(12종, 106테이블)",69,교육통계,학생,0230,학업중단학생현황_학생,,EDSS file data,EDSS open data (source custodian recorded by domain),https://www.edmgr.kr/edss/es/opd/odd/od/es_opd_oddod01_001,2013~2025,집계 또는 기관,"조사년도,학제명,시도명,주야구분명,학년구분명,성별명,학적변동구분명,장학통계원자료취합여부,학업중단학생_학생수",,Y,,3,out_of_scope_initial,catalogued_not_downloaded,
"교육통계(12종, 106테이블)",70,교육통계,학생,0231,청소년육성단체조직현황_학생,,EDSS file data,EDSS open data (source custodian recorded by domain),https://www.edmgr.kr/edss/es/opd/odd/od/es_opd_oddod01_001,2009~2015,집계 또는 기관,"조사년도,학제명,시도명,단체구분명,여자지도자수,남자지도자수,청소년육성단체여학생수,청소년육성단체남학생수",,Y,,3,out_of_scope_initial,catalogued_not_downloaded,
"교육통계(12종, 106테이블)",71,교육통계,교직원,0301,교원자격증발급현황_교직원,,EDSS file data,EDSS open data (source custodian recorded by domain),https://www.edmgr.kr/edss/es/opd/odd/od/es_opd_oddod01_001,2009~2025,집계 또는 기관,"조사년도,학제명,시도명,시군명,특수학교교장수,특수학교교감수,특수1급정교사교원수,특수2급정교사교원수,특수준교사교원수,유치원원장수,유치원원감수,유치원1급정교사교원수,유치원2급정교사교원수,유치원준교사교원수,전문상담교사수,사서교사수,실기교사수,보건교사수,영양교사수,기타수석교사수_2014년이후,초등학교수석교사수_2014년이후,유치원수석교사수_2014년이후,중등학교수석교사수_2014년이후,특수학교수석교사수_2014년이후,초등준교사교원수,초등2급정교사교원수,중등학교교장수,중등학교교감수,중등1급정교사교원수,중등2급정교사교원수,중등준교사교원수,초등학교교장수,초등학교교감수,초등1급정교사교원수",,N,,3,out_of_scope_initial,catalogued_not_downloaded,
"교육통계(12종, 106테이블)",72,교육통계,교직원,0302,교원연수현황_교직원,,EDSS file data,EDSS open data (source custodian recorded by domain),https://www.edmgr.kr/edss/es/opd/odd/od/es_opd_oddod01_001,2009~2025,집계 또는 기관,"조사년도,학제명,시도명,시군명,연수종류명,연수원구분명,유치원연수인원수,중등연수인원수,초등연수인원수",,N,,3,out_of_scope_initial,catalogued_not_downloaded,
"교육통계(12종, 106테이블)",73,교육통계,교직원,0303,사무직원현황_교직원,,EDSS file data,EDSS open data (source custodian recorded by domain),https://www.edmgr.kr/edss/es/opd/odd/od/es_opd_oddod01_001,2009~2025,집계 또는 기관,"조사년도,학제명,시도명,통합직급명,통합직렬명,기관구분명,직종명,계약형태명,호봉명,발령일자,현직급임용일자,사무직원연령_2014년이후",,Y,,3,out_of_scope_initial,catalogued_not_downloaded,
"교육통계(12종, 106테이블)",74,교육통계,교직원,0304,일반직공무원현황_교직원,,EDSS file data,EDSS open data (source custodian recorded by domain),https://www.edmgr.kr/edss/es/opd/odd/od/es_opd_oddod01_001,2009~2025,집계 또는 기관,"조사년도,학제명,시도명,기관구분명,일반직직급명,일반직복수직렬명1,일반직복수직렬명2,일반직복수직렬명3,일반직직렬명,공무원구분명,일반직공무원_정원수",,Y,,3,out_of_scope_initial,catalogued_not_downloaded,
"교육통계(12종, 106테이블)",75,교육통계,교직원,0305,특정직공무원현황_교직원,,EDSS file data,EDSS open data (source custodian recorded by domain),https://www.edmgr.kr/edss/es/opd/odd/od/es_opd_oddod01_001,2009~2025,집계 또는 기관,"조사년도,학제명,시도명,기관구분명,특정직직급명,공무원구분명,특정직공무원_정원수",,Y,,3,out_of_scope_initial,catalogued_not_downloaded,
"교육통계(12종, 106테이블)",76,교육통계,교직원,0306,교원발령및부전공_교직원,,EDSS file data,EDSS open data (source custodian recorded by domain),https://www.edmgr.kr/edss/es/opd/odd/od/es_opd_oddod01_001,2009~2025,대학·학과,"조사년도,학제명,성별명,자격증분야발령명,자격증분야부전공명,1차부전공교과목명,2차부전공교과목명,발령교과목명,교원발령및부전공_교원수",,Y,,3,out_of_scope_initial,catalogued_not_downloaded,
"교육통계(12종, 106테이블)",77,교육통계,교직원,0307,교원현황_교직원,,EDSS file data,EDSS open data (source custodian recorded by domain),https://www.edmgr.kr/edss/es/opd/odd/od/es_opd_oddod01_001,2009~2025,집계 또는 기관,"조사년도,학제명,시도명,전임근무지근무년수,특수각종학교수업과정구분명,전임근무지직위명,현학교발령일자,기타학교교육경력년수,전체경력년수,기타경력년수,전문직교육경력년수,특수기타학교교육경력년수,고등학교교육경력년수,중학교교육경력년수,초등학교교육경력년수,유치원교육경력년수,창의적체험활동수업시간수,특별활동수업시간수,창의적재량수업시간수,교과재량수업시간수,전담교원여부,담임구분명(2018년이후),수업전담교원여부명(2018년이후),담임학년명,교육전문직경력년수_2014년이후,교사경력년수_2014년이후,교사여부,원어민교사유무,기간제근무종료일자,기간제근무시작일자,주간잡무처리시간수,담임학년코드,초빙유무,수업시간수,학령년수,전문상담교사자격유무,최상급자격증취득일자,휴직복직파견종료일자,휴직복직파견시작일자,기간제교사여부,기간제근로계약시간,교원_교원수",,Y,,3,out_of_scope_initial,catalogued_not_downloaded,
"교육통계(12종, 106테이블)",78,교육통계,교직원,0308,과목담당_교직원,,EDSS file data,EDSS open data (source custodian recorded by domain),https://www.edmgr.kr/edss/es/opd/odd/od/es_opd_oddod01_001,2009~2025,대학·학교,"조사년도,학제명,시도명,주담당과목여부,교과목시간배당수,나이스과목명,매핑여부,편제명,과목명,적용대상학교구분명,교육과정차수명,편제분류명5,편제분류명4,편제분류명3,편제분류명2,편제분류명1,과목구분명,성별명,분류코드설명,교과목명,과목분류명,교원수",,Y,,3,out_of_scope_initial,catalogued_not_downloaded,
"교육통계(12종, 106테이블)",79,교육통계,교직원,0309,교원연수이수_교직원,,EDSS file data,EDSS open data (source custodian recorded by domain),https://www.edmgr.kr/edss/es/opd/odd/od/es_opd_oddod01_001,2009~2025,집계 또는 기관,"조사년도,학제명,시도명,성별명,연수명,연수종류명,통계연수일련번호,연수일자,최근1년연수시간_2014년이후,최근1년연수횟수_2014년이후",,Y,,3,out_of_scope_initial,catalogued_not_downloaded,
"교육통계(12종, 106테이블)",80,교육통계,교직원,0310,기능직공무원현황_교직원,,EDSS file data,EDSS open data (source custodian recorded by domain),https://www.edmgr.kr/edss/es/opd/odd/od/es_opd_oddod01_001,2009~2013,집계 또는 기관,"조사년도,학제명,시도명,기관구분명,공무원구분명,기능직직급명,기능직직렬명,기능직공무원_정원수",,Y,,3,out_of_scope_initial,catalogued_not_downloaded,
"교육통계(12종, 106테이블)",81,교육통계,교직원,0311,유치원사무직원현황_교직원,,EDSS file data,EDSS open data (source custodian recorded by domain),https://www.edmgr.kr/edss/es/opd/odd/od/es_opd_oddod01_001,2009~2016,집계 또는 기관,"조사년도,학제명,시도명,사무직원정원수,남자사무직원수,여자사무직원수",,Y,,3,out_of_scope_initial,catalogued_not_downloaded,
"교육통계(12종, 106테이블)",82,교육통계,교직원,0312,재량활동담당교원현황_교직원,,EDSS file data,EDSS open data (source custodian recorded by domain),https://www.edmgr.kr/edss/es/opd/odd/od/es_opd_oddod01_001,2009~2013,집계 또는 기관,"조사년도,학제명,시도명,주재량활동과목여부,재량활동선택구분KEDI코드,재량활동수업시간수",,Y,,3,out_of_scope_initial,catalogued_not_downloaded,
"교육통계(12종, 106테이블)",83,교육통계,교직원,0313,교육전문직및교원현황_교직원,,EDSS file data,EDSS open data (source custodian recorded by domain),https://www.edmgr.kr/edss/es/opd/odd/od/es_opd_oddod01_001,2009~2025,집계 또는 기관,"조사년도,학제명,시도명,기관구분명,최종학력명,호봉명,출신별명,최상급자격증명,교원변동구분명,교원직위명,특수학교교육경력년수,고등학교교육경력년수,중학교교육경력년수,초등학교교육경력년수,유치원교육경력년수,학령년수,전문상담교사자격유무,기타학교교육경력년수,전문직교육경력년수,기타경력년수,전체경력년수,현직급임용일자,현학교발령일자,전임근무지명,전임근무지직위명,전임근무지근무년수,기간제교사여부,교사경력년수_2014년이후,교육전문직경력년수_2014년이후,최상급자격증취득후경과년수,최상급자격증취득일자,성별코드,휴직종료일자,휴직시작일자,연령",,N,,3,out_of_scope_initial,catalogued_not_downloaded,
"교육통계(12종, 106테이블)",84,교육통계,교육과정,0401,일반심화선택전문교과목개설현황_교육과정,,EDSS file data,EDSS open data (source custodian recorded by domain),https://www.edmgr.kr/edss/es/opd/odd/od/es_opd_oddod01_001,2009~2012,집계 또는 기관,"조사년도,학제명,시도명,선택교과목명,일반심화전문교과선택명,2학년학급수,1학년학급수,3학년학급수,1학년남학생수,1학년여학생수,2학년남학생수,2학년여학생수,3학년남학생수,3학년여학생수,1학년교과목수,2학년교과목수,3학년교과목수",,Y,,3,out_of_scope_initial,catalogued_not_downloaded,
"교육통계(12종, 106테이블)",85,교육통계,교육과정,0402,과목선택이수상황_교육과정,,EDSS file data,EDSS open data (source custodian recorded by domain),https://www.edmgr.kr/edss/es/opd/odd/od/es_opd_oddod01_001,2009~2013,집계 또는 기관,"조사년도,학제명,시도명,이수활동구분명,학생이수단위수,학교이수단위수,시도이수단위수,교육부이수단위수",,Y,,3,out_of_scope_initial,catalogued_not_downloaded,
"교육통계(12종, 106테이블)",86,교육통계,교육과정,0403,보통교과과정운영학급현황_교육과정,,EDSS file data,EDSS open data (source custodian recorded by domain),https://www.edmgr.kr/edss/es/opd/odd/od/es_opd_oddod01_001,2009~2013,집계 또는 기관,"조사년도,학제명,시도명,보통교과과정구분명,학년구분명,여학생수,남학생수,학급수",,Y,,3,out_of_scope_initial,catalogued_not_downloaded,
"교육통계(12종, 106테이블)",87,교육통계,재정,0501,각급학교납입금현황_재정,,EDSS file data,EDSS open data (source custodian recorded by domain),https://www.edmgr.kr/edss/es/opd/odd/od/es_opd_oddod01_001,2009~2025,집계 또는 기관,"조사년도,시도명,납입금적용지역명,학교운영지원비,수업료,입학금",,N,,3,out_of_scope_initial,catalogued_not_downloaded,
"교육통계(12종, 106테이블)",88,교육통계,재정,0502,국립학교회계예결산_재정,,EDSS file data,EDSS open data (source custodian recorded by domain),https://www.edmgr.kr/edss/es/opd/odd/od/es_opd_oddod01_001,2009~2025,집계 또는 기관,"조사년도,시도명,계정명,계정구분명,예결산구분명,국립학교회계예결산_예산금액,국립학교회계예결산_결산금액",,N,,3,out_of_scope_initial,catalogued_not_downloaded,
"교육통계(12종, 106테이블)",89,교육통계,재정,0503,학교법인세출예산결산_초중등_재정,,EDSS file data,EDSS open data (source custodian recorded by domain),https://www.edmgr.kr/edss/es/opd/odd/od/es_opd_oddod01_001,2009~2025,집계 또는 기관,"조사년도,시도명,예결산구분명,학교법인세출예산결산_초중등_이월금액,학교법인세출예산결산_초중등_인건비,전년도지출금액,사무비,재산조정비,전출금,투자금,상환금,수혜금,잡지출금액,예비비,이사회비",,N,,3,out_of_scope_initial,catalogued_not_downloaded,
"교육통계(12종, 106테이블)",90,교육통계,재정,0504,학교법인세입예산결산_초중등_재정,,EDSS file data,EDSS open data (source custodian recorded by domain),https://www.edmgr.kr/edss/es/opd/odd/od/es_opd_oddod01_001,2009~2025,집계 또는 기관,"조사년도,시도명,예결산구분명,재산수입금액,사업수입금액,투자사업금액,전년도수입금액,학교법인세입예산결산_초중등_이월금액,차입금액,기부원조금,잡수입금액",,N,,3,out_of_scope_initial,catalogued_not_downloaded,
"교육통계(12종, 106테이블)",91,교육통계,재정,0505,사립학교회계예결산_재정,,EDSS file data,EDSS open data (source custodian recorded by domain),https://www.edmgr.kr/edss/es/opd/odd/od/es_opd_oddod01_001,2009~2025,집계 또는 기관,"조사년도,시도명,계정명,계정구분명,세입세출구분명,예결산구분명,사립학교회계예결산_예산금액,사립학교회계예결산_결산금액",,N,,3,out_of_scope_initial,catalogued_not_downloaded,
"교육통계(12종, 106테이블)",92,교육통계,재정,0506,공립학교교비현황_재정,,EDSS file data,EDSS open data (source custodian recorded by domain),https://www.edmgr.kr/edss/es/opd/odd/od/es_opd_oddod01_001,2009~2013,집계 또는 기관,"조사년도,시도명,기타비용,시설사업비,경상비,공립학교교비_인건비",,N,,3,out_of_scope_initial,catalogued_not_downloaded,
"교육통계(12종, 106테이블)",93,교육통계,재정,0507,교육비특별회계예결산_재정,,EDSS file data,EDSS open data (source custodian recorded by domain),https://www.edmgr.kr/edss/es/opd/odd/od/es_opd_oddod01_001,"2009~2020, 2022~2025",집계 또는 기관,"조사년도,시도명,교비특회_예결산_예산금액,교비특회_예결산_결산금액",,N,,3,out_of_scope_initial,catalogued_not_downloaded,
"교육통계(12종, 106테이블)",94,교육통계,재정,0508,교육비특별회계세출_성질별_재정,,EDSS file data,EDSS open data (source custodian recorded by domain),https://www.edmgr.kr/edss/es/opd/odd/od/es_opd_oddod01_001,2009~2013,집계 또는 기관,"조사년도,시도명,학교인건비,학교경상비,학교사업비,학교채무상환금액,학교예비비및기타금액,학교물건비,학교이전지출금액,학교자산취득금액,학교회계전출금액,학교상환지출금액",,N,,3,out_of_scope_initial,catalogued_not_downloaded,
"교육통계(12종, 106테이블)",95,교육통계,재정,0509,공유재산증감내역_재정,,EDSS file data,EDSS open data (source custodian recorded by domain),https://www.edmgr.kr/edss/es/opd/odd/od/es_opd_oddod01_001,2009~2013,집계 또는 기관,"조사년도,시도명,시군명,재산구분대분류명,재산구분중분류명,재산구분소분류명,증감사유명,단위구분명,전년도말수량,전년도말금액,금년도수량,금년도금액",,N,,3,out_of_scope_initial,catalogued_not_downloaded,
"교육통계(12종, 106테이블)",96,교육통계,재정,0510,공립학교회계예결산_재정,,EDSS file data,EDSS open data (source custodian recorded by domain),https://www.edmgr.kr/edss/es/opd/odd/od/es_opd_oddod01_001,2009~2025,집계 또는 기관,"조사년도,시도명,계정명,계정구분명,예결산구분명,공립학교회계예결산_예산금액,공립학교회계예결산_결산금액",,N,,3,out_of_scope_initial,catalogued_not_downloaded,
"교육통계(12종, 106테이블)",97,교육통계,재정,0511,사립학교재정결함보조현황_재정,,EDSS file data,EDSS open data (source custodian recorded by domain),https://www.edmgr.kr/edss/es/opd/odd/od/es_opd_oddod01_001,2009~2013,집계 또는 기관,"조사년도,시도명,교육지원청명,시군명,지원년도,보조대상학교수,시설비,교육환경개선비,사립학교재정결함보조_인건비,관리운영비",,N,,3,out_of_scope_initial,catalogued_not_downloaded,
"교육통계(12종, 106테이블)",98,교육통계,기관,0601,자격연수실적_기관,,EDSS file data,EDSS open data (source custodian recorded by domain),https://www.edmgr.kr/edss/es/opd/odd/od/es_opd_oddod01_001,2009~2025,집계 또는 기관,"조사년도,시도명,중학교연수인원수,초등학교연수인원수,유치원연수인원수",,N,,3,out_of_scope_initial,catalogued_not_downloaded,
"교육통계(12종, 106테이블)",99,교육통계,기관,0602,법인및단체현황_기관,,EDSS file data,EDSS open data (source custodian recorded by domain),https://www.edmgr.kr/edss/es/opd/odd/od/es_opd_oddod01_001,2009~2013,집계 또는 기관,"조사년도,시도명,법인명,법인목적사업내용,법인특수관계내용,설립일자,법인식별번호,사업실적금액,사업실적장학금,기본재산현금금액,기본재산부동산금액,기본재산주식금액,이사임원수,감사임원수,사업실적학술연구비,사업실적기타사업비",,N,,3,out_of_scope_initial,catalogued_not_downloaded,
"교육통계(12종, 106테이블)",100,교육통계,기관,0603,도서관현황_기관,,EDSS file data,EDSS open data (source custodian recorded by domain),https://www.edmgr.kr/edss/es/opd/odd/od/es_opd_oddod01_001,2009~2025,집계 또는 기관,"조사년도,시도명,도서관항목구분명,고등학교도서관수,고등학교도서실수,중학교도서관수,초등학교도서관수,초등학교도서실수,기타학교도서관수,중학교도서실수",,Y,,3,out_of_scope_initial,catalogued_not_downloaded,
"교육통계(12종, 106테이블)",101,교육통계,기관,0604,공공도서관현황_기관,,EDSS file data,EDSS open data (source custodian recorded by domain),https://www.edmgr.kr/edss/es/opd/odd/od/es_opd_oddod01_001,2009~2020,집계 또는 기관,"조사년도,도서관명,설립일자,관장직위명,서양도서수,동양도서수,국내도서수,연간증가자료수,연속간행물자료수,시청각자료수,도서자료수,예산금액,이동도서관이용도서수,이동도서관이용자수,이동도서관차량수,연간도서대출이용자수,총류도서수,철학도서수,종교도서수,사회과학도서수,자연과학도서수,기술과학도서수,예술도서수,어학도서수,문학도서수,역사도서수,기타도서수,공공도서관연면적_2014년이후,연간순회문고이용도서수,연간도서관이용자수,연간도서열람이용자수,연간학생이용자수,연간일반이용자수,시청각실수,건물동수,열람석수,장서수,연건평수,대지면적",도서관 단위,N,,3,out_of_scope_initial,catalogued_not_downloaded,
"교육통계(12종, 106테이블)",102,교육통계,평생교육,0701,평생교육시설학교현황_평생교육,,EDSS file data,EDSS open data (source custodian recorded by domain),https://www.edmgr.kr/edss/es/opd/odd/od/es_opd_oddod01_001,2009~2025,집계 또는 기관,"조사년도,학제명,시도명,교육지원청명,평생교육11세이상15세이하남자수,평생교육6세이상10세이하여자수,평생교육6세이상10세이하남자수,평생교육5세이하여자수,평생교육5세이하남자수,여자기타수,남자기타수,여자정규입학탈락자수,남자정규입학탈락자수,여자전업주부수,남자전업주부수,평생교육11세이상15세이하여자수,평생교육16세이상20세이하남자수,평생교육16세이상20세이하여자수,평생교육21세이상25세이하남자수,평생교육21세이상25세이하여자수,평생교육26세이상35세이하남자수,평생교육26세이상35세이하여자수,평생교육35세이상45세이하남자수,평생교육35세이상45세이하여자수,평생교육46세이상남자수,평생교육46세이상여자수,남자성인및전업주부수,여자성인및전업주부수,여자성인수,남자성인수,여자출소자수,남자출소자수,여자근로청소년수,남자근로청소년수,여자중도탈락자수,남자중도탈락자수,여자사무직원수,남자사무직원수,여자교원수,남자교원수,학급수",,N,,3,out_of_scope_initial,catalogued_not_downloaded,
"교육통계(12종, 106테이블)",103,교육통계,평생교육,0702,사설학원개황_평생교육,,EDSS file data,EDSS open data (source custodian recorded by domain),https://www.edmgr.kr/edss/es/opd/odd/od/es_opd_oddod01_001,2009~2025,집계 또는 기관,"조사년도,시도명,사설학원분야명,사설학원종류명,남자수강자수,여자수강자수,남자이수자수,여자이수자수,남자강사수,여자강사수,남자직원수,여자직원수,월평균수강시간,월평균수강금액,정원수,사설학원개황_강의실수,열람좌석수,학원수",,N,,3,out_of_scope_initial,catalogued_not_downloaded,
"교육통계(12종, 106테이블)",104,교육통계,평생교육,0703,사설학원시설현황_평생교육,,EDSS file data,EDSS open data (source custodian recorded by domain),https://www.edmgr.kr/edss/es/opd/odd/od/es_opd_oddod01_001,2009~2013,집계 또는 기관,"조사년도,시도명,사설학원시설_강의실수,실험실습실수,교구보유수,사무실수,열람석수,보유장서수,기타시설수",,N,,3,out_of_scope_initial,catalogued_not_downloaded,
"교육통계(12종, 106테이블)",105,교육통계,기타,0801,검정고시실시과목_기타,,EDSS file data,EDSS open data (source custodian recorded by domain),https://www.edmgr.kr/edss/es/opd/odd/od/es_opd_oddod01_001,2009~2025,집계 또는 기관,"조사년도,시도명,검정고시실시년도,검정고시구분명,검정고시과목명,검정고시실시과목_합격자수",,N,,3,out_of_scope_initial,catalogued_not_downloaded,
"교육통계(12종, 106테이블)",106,교육통계,기타,0802,검정고시실시현황_기타,,EDSS file data,EDSS open data (source custodian recorded by domain),https://www.edmgr.kr/edss/es/opd/odd/od/es_opd_oddod01_001,2009~2025,집계 또는 기관,"조사년도,시도명,검정고시구분명,검정고시실시년도,검정고시실시_합격자수,지원자수",,N,,3,out_of_scope_initial,catalogued_not_downloaded,
"교육통계(12종, 106테이블)",107,교육통계,기타,0803,임용고시현황_유초특_기타,,EDSS file data,EDSS open data (source custodian recorded by domain),https://www.edmgr.kr/edss/es/opd/odd/od/es_opd_oddod01_001,2009~2025,집계 또는 기관,"조사년도,시도명,임용시험년도,임용고시실시일자,가산점0점인원수,가산점3점인원수,가산점6점인원수,가산점취업의사상자비대상자수,가산점취업의사상자수,여자선발예정인원수,남자지원자수,여자지원자수,24세이하인원수,25세이상29세이하인원수,30세이상34세이하인원수,35세이상39세이하인원수,40세이상인원수,자격준교사교원수,자격1급정교사교원수,자격2급정교사교원수,자격특수1급정교사교원수,남자선발예정인원수,자격특수2급정교사교원수,국가유공자가산점적용수,기타가산점적용수_2014년이후,남자임용고시지원자수_2014년이후,여자임용고시지원자수_2014년이후,여자임용합격자수,남자임용합격자수,가산점미적용수,영어가산점적용수,컴퓨터가산점적용수,지역가산점적용수",,N,,3,out_of_scope_initial,catalogued_not_downloaded,
"교육통계(12종, 106테이블)",108,교육통계,기타,0804,임용고시현황_중등_기타,,EDSS file data,EDSS open data (source custodian recorded by domain),https://www.edmgr.kr/edss/es/opd/odd/od/es_opd_oddod01_001,2009~2025,집계 또는 기관,"조사년도,시도명,교과목명,임용시험년도,임용고시실시일자,가산점취업의사상자비대상자수,가산점취업의사상자수,선발예정인원수,국공립지원자수,사립기타지원자수,사범계열남자임용합격자수,사범계열여자임용합격자수,기타계열남자임용합격자수,기타계열여자임용합격자수,남자임용지원자수,여자임용지원자수,남자임용고시응시자수2014년이후,여자임용고시응시자수_2014년이후",,N,,3,out_of_scope_initial,catalogued_not_downloaded,
"교육통계(12종, 106테이블)",109,교육통계,특수교육지원센터,0901,교원현황_특수교육지원센터,,EDSS file data,EDSS open data (source custodian recorded by domain),https://www.edmgr.kr/edss/es/opd/odd/od/es_opd_oddod01_001,2020~2025,집계 또는 기관,"조사년도,시도명,교사고용구분명,초등학교일반여자교사수,초등학교일반남자교사수,초등학교특수1급여자정교사수,초등학교특수1급남자정교사수,초등학교특수2급여자정교사수,초등학교특수2급남자정교사수,유치원일반여자교사수,유치원일반남자교사수,유치원특수1급여자정교사수,유치원특수1급남자정교사수,유치원특수2급여자정교사수,유치원특수2급남자정교사수,중고등학교일반여자교사수,중고등학교일반남자교사수,중고등학교특수1급여자정교사수,중고등학교특수1급남자정교사수,중고등학교특수2급여자정교사수,중고등학교특수2급남자정교사수",,N,,3,out_of_scope_initial,catalogued_not_downloaded,
"교육통계(12종, 106테이블)",110,교육통계,특수교육지원센터,0902,직원현황_특수교육지원센터,,EDSS file data,EDSS open data (source custodian recorded by domain),https://www.edmgr.kr/edss/es/opd/odd/od/es_opd_oddod01_001,2020~2025,집계 또는 기관,"조사년도,시도명,특수교육지원센터명,기타인력여자직원수,기타인력남자직원수,일반직여자직원수,일반직남자직원수,사회복무요원남자직원수,특수교육보조원여자직원수,특수교육보조원남자직원수,치료사여자직원,치료사남자직원수",,N,,3,out_of_scope_initial,catalogued_not_downloaded,
"교육통계(12종, 106테이블)",111,교육통계,특수교육지원센터,0902,직원현황_특수교육지원센터,,EDSS file data,EDSS open data (source custodian recorded by domain),https://www.edmgr.kr/edss/es/opd/odd/od/es_opd_oddod01_001,,집계 또는 기관,,,,,3,out_of_scope_initial,catalogued_not_downloaded,
"학교정보공시(6종, 77테이블)",5,학교정보공시,공통,0101,년별학교,,EDSS file data,EDSS open data (source custodian recorded by domain),https://www.edmgr.kr/edss/es/opd/odd/od/es_opd_oddod01_001,2009~2026,대학·학교,"공시년도,학교급명,시도교육청명,교육지원청명,읍면동명,시군구명,시도명,학교종류구분명,특수목적고등학교계열명,특수지등급명,행정구역명,계층구분명,주야구분명,계열구분명,고등학교구분명,고등학교일반실업구분명,도서벽지구분명,통합유형명,소재지구분명,남녀공학구분명,설립구분명,학교수",,Y,,3,out_of_scope_initial,catalogued_not_downloaded,
"학교정보공시(6종, 77테이블)",6,학교정보공시,공통,0102,년별조직,,EDSS file data,EDSS open data (source custodian recorded by domain),https://www.edmgr.kr/edss/es/opd/odd/od/es_opd_oddod01_001,2010~2026,대학·학교,"공시년도,학교급명,시도교육청명,교육지원청명,시도명,시군구명,읍면동명,행정구역명,소재지구분명,기관분류명,직속기관구분명,학교종류구분명,설립구분명,계층구분명,특수지등급명,도서벽지구분명,고등학교구분명,조직수",,Y,,3,out_of_scope_initial,catalogued_not_downloaded,
"학교정보공시(6종, 77테이블)",7,학교정보공시,학교현황,0201,공시공통사항_학교현황,,EDSS file data,EDSS open data (source custodian recorded by domain),https://www.edmgr.kr/edss/es/opd/odd/od/es_opd_oddod01_001,2009~2026,집계 또는 기관,"공시년도,학교급명,시도교육청명,공시차수,성취도수정여부,성취도수정표시여부,특수교사수,수업교사총수,총교사수,공시년도야간전체학생수,공시년도전체학생수,전년도야간전체학생수,전년도전체학생수",,Y,,3,out_of_scope_initial,catalogued_not_downloaded,
"학교정보공시(6종, 77테이블)",8,학교정보공시,학교현황,0202,교복구매현황,,EDSS file data,EDSS open data (source custodian recorded by domain),https://www.edmgr.kr/edss/es/opd/odd/od/es_opd_oddod01_001,2010~2025,집계 또는 기관,"공시년도시도교육청명,교복구분명,교복구매구분명,학교급명,공시차수,교복평균가격,구매학교수",,Y,,3,out_of_scope_initial,catalogued_not_downloaded,
"학교정보공시(6종, 77테이블)",9,학교정보공시,학교현황,0203,교사현황,,EDSS file data,EDSS open data (source custodian recorded by domain),https://www.edmgr.kr/edss/es/opd/odd/od/es_opd_oddod01_001,2009~2026,집계 또는 기관,"공시년도,시도교육청명,학교급명,공시차수,시청각공간수,수준별교실수,학생탈의실수,교사_학교사옥면적,학생샤워실수,학습지원기타교실수,멀티미디어교실수,컴퓨터교실수,교과교실수,남자화장실수,여자화장실수,공용화장실수,기타시설수,기숙사수,교사_학교수,일반교실수,교사_도서관수,기타교실수,특별교실수,교원시설수,관리공간수,체육공간수,보건실수,화장실수,급식공간수",,Y,,3,out_of_scope_initial,catalogued_not_downloaded,
"학교정보공시(6종, 77테이블)",10,학교정보공시,학교현황,0204,교육운영특색사업계획,,EDSS file data,EDSS open data (source custodian recorded by domain),https://www.edmgr.kr/edss/es/opd/odd/od/es_opd_oddod01_001,2009~2026,집계 또는 기관,"공시년도,시도교육청명,학교급명,영어교육프로그램여부,수준별이동수업실시여부,자율학교여부,교과교실제도여부,공시차수,교육운영특색_학교수",,Y,,3,out_of_scope_initial,catalogued_not_downloaded,
"학교정보공시(6종, 77테이블)",11,학교정보공시,학교현황,0205,급식비집행실적,,EDSS file data,EDSS open data (source custodian recorded by domain),https://www.edmgr.kr/edss/es/opd/odd/od/es_opd_oddod01_001,2009~2026,집계 또는 기관,"공시년도,시도교육청명,학교급명,공시차수,급식시설설비유지금액,급식인건비,운영비기타금액,학생1인당급식비평균,급식비지원학생수,급식비지원금액,집행잔액,급식식품비,시설설비금액,기타지원금액,보호자지원금액,학교자체지원금액,자치단체지원금액,교육청지원금액,급식비지원학교수",,Y,,3,out_of_scope_initial,catalogued_not_downloaded,
"학교정보공시(6종, 77테이블)",12,학교정보공시,학교현황,0206,급식실시현황,,EDSS file data,EDSS open data (source custodian recorded by domain),https://www.edmgr.kr/edss/es/opd/odd/od/es_opd_oddod01_001,2009~2026,집계 또는 기관,"공시년도,시도교육청명,학교급명,배식방법명,업체명,공시차수,조리보조원수,조리사수,영양사수,급식실시_학교수,급식학생수",,Y,,3,out_of_scope_initial,catalogued_not_downloaded,
"학교정보공시(6종, 77테이블)",13,학교정보공시,학교현황,0207,급식사고발생및처리현황,,EDSS file data,EDSS open data (source custodian recorded by domain),https://www.edmgr.kr/edss/es/opd/odd/od/es_opd_oddod01_001,2010~2014,집계 또는 기관,"공시년도,시도교육청명,학교급명,공시차수,급식사고발생유무,급식사고발생일자,입력일련번호,급식사고귀책사유내용,급식사고처리현황내용,급식사고발생건수,급식사고학생수",,Y,,3,out_of_scope_initial,catalogued_not_downloaded,
"학교정보공시(6종, 77테이블)",14,학교정보공시,학교현황,0208,동아리활동현황,,EDSS file data,EDSS open data (source custodian recorded by domain),https://www.edmgr.kr/edss/es/opd/odd/od/es_opd_oddod01_001,2009~2013,집계 또는 기관,"공시년도,시도교육청명,학교급명,공시차수,동아리_자원봉사자및외부강사수,동아리참여교사수,동아리활동_참여학생수,동아리수,동아리활동_학교수",,Y,,3,out_of_scope_initial,catalogued_not_downloaded,
"학교정보공시(6종, 77테이블)",15,학교정보공시,학교현황,0208,동아리활동현황,,EDSS file data,EDSS open data (source custodian recorded by domain),https://www.edmgr.kr/edss/es/opd/odd/od/es_opd_oddod01_001,2014~2026,집계 또는 기관,"공시년도,시도교육청명,공시차수,학교급명,창의적체험활동예산지원금액,창의적체험활동외부강사수,창의적체험활동지도교사수,동아리활동예산지원금액,자원봉사자및외부강사수_2014,지도교사수,학생자율동아리참여학생수,학생자율동아리수,창의적체험활동참여학생수,창의적체험활동동아리수,동아리활동_2014_학교수",,Y,,3,out_of_scope_initial,catalogued_not_downloaded,
"학교정보공시(6종, 77테이블)",16,학교정보공시,학교현황,0209,수업일수및시수현황,,EDSS file data,EDSS open data (source custodian recorded by domain),https://www.edmgr.kr/edss/es/opd/odd/od/es_opd_oddod01_001,2009~2026,집계 또는 기관,"공시년도,시도교육청명,학교급명,공시학년명,주야과정구분명,공시차수,주총수업시수,수업일수",,Y,,3,out_of_scope_initial,catalogued_not_downloaded,
"학교정보공시(6종, 77테이블)",17,학교정보공시,학교현황,0211,안전관리교육현황,,EDSS file data,EDSS open data (source custodian recorded by domain),https://www.edmgr.kr/edss/es/opd/odd/od/es_opd_oddod01_001,2009~2014,집계 또는 기관,"공시년도,학교급명,시도교육청명,안전교육실시건수,안전교육내용,점검일자,입력일련번호",,Y,,3,out_of_scope_initial,catalogued_not_downloaded,
"학교정보공시(6종, 77테이블)",18,학교정보공시,학교현황,0211,안전관리교육현황,,EDSS file data,EDSS open data (source custodian recorded by domain),https://www.edmgr.kr/edss/es/opd/odd/od/es_opd_oddod01_001,2015~2016,집계 또는 기관,"공시년도,학교급명,시도교육청명,외부안전교육시간,내부안전교육시간,공시차수,안전교육구분명",,Y,,3,out_of_scope_initial,catalogued_not_downloaded,
"학교정보공시(6종, 77테이블)",19,학교정보공시,학교현황,0212,안전관리점검현황,,EDSS file data,EDSS open data (source custodian recorded by domain),https://www.edmgr.kr/edss/es/opd/odd/od/es_opd_oddod01_001,2009~2026,집계 또는 기관,"공시년도,시도교육청명,학교급명,점검대장명,점검결과코드,비고사항내용,점검일자,입력일련번호,공시차수,점검건수",,Y,,3,out_of_scope_initial,catalogued_not_downloaded,
"학교정보공시(6종, 77테이블)",20,학교정보공시,학교현황,0213,안전교육계획및실시현황,,EDSS file data,EDSS open data (source custodian recorded by domain),https://www.edmgr.kr/edss/es/opd/odd/od/es_opd_oddod01_001,2017~2025,집계 또는 기관,"공시년도,학교급명,시도교육청명,학기명,응급처치교육횟수,직업안전교육횟수,재난안전교육횟수,약물및사이버중독예방교육횟수,폭력예방및신변보호교육횟수,교통안전교육횟수,생활안전교육횟수,응급처치교육시수,직업안전교육시수,재난안전교육시수,약물및사이버중독예방교육시수,폭력예방및신변보호교육시수,교통안전교육시수,생활안전교육시수",,Y,,3,out_of_scope_initial,catalogued_not_downloaded,
"학교정보공시(6종, 77테이블)",21,학교정보공시,학교현황,0214,우리학교최고,,EDSS file data,EDSS open data (source custodian recorded by domain),https://www.edmgr.kr/edss/es/opd/odd/od/es_opd_oddod01_001,2009~2015,집계 또는 기관,"공시년도,시도교육청명,학교급명,공시차수,관리자지정유무,우리학교최고내용,우리학교최고제목명,우리학교최고_학교수",,Y,,3,out_of_scope_initial,catalogued_not_downloaded,
"학교정보공시(6종, 77테이블)",22,학교정보공시,학교현황,0215,장애인편의시설현황,,EDSS file data,EDSS open data (source custodian recorded by domain),https://www.edmgr.kr/edss/es/opd/odd/od/es_opd_oddod01_001,2016~2026,집계 또는 기관,"공시년도,시도교육청명,학교급명,공시차수,경보및피난시설설치여부명,복도손잡이유무명,출입문설치유무명,장애인주차구역지정여부명,장애인화장실설치여부명,승강기경사로휠체어리프트유무명,장애인용대변기설치여부명,장애인용소변기설치여부명,유도및안내설비여부명,주출입구접근로설치여부명,주출입구높이차이제거여부명,점자블록설치여부명,장애편의_학교수",,Y,,3,out_of_scope_initial,catalogued_not_downloaded,
"학교정보공시(6종, 77테이블)",23,학교정보공시,학교현황,0216,학교도서관현황,,EDSS file data,EDSS open data (source custodian recorded by domain),https://www.edmgr.kr/edss/es/opd/odd/od/es_opd_oddod01_001,2009~2026,집계 또는 기관,"공시년도,시도교육청명,학교급명,공시차수,전년도도서관운영비,자료구입비용,도서관운영비,도서관개관일수,일평균도서관개관시간수,학교_도서관수,도서관좌석수,자격증보유도서관직원수,자격증미보유도서관직원수,전년도자료구입비용,연간증가자료수,학생수,도서관대출자료수,도서관대여학생수,도서관총개방일수,도서관총방문자수,도서관보유장서총수,일반장서수,비도서자료수,도서관자원봉사자수,도서관직원수",,Y,,3,out_of_scope_initial,catalogued_not_downloaded,
"학교정보공시(6종, 77테이블)",24,학교정보공시,학교현황,0217,학교시설개방현황,,EDSS file data,EDSS open data (source custodian recorded by domain),https://www.edmgr.kr/edss/es/opd/odd/od/es_opd_oddod01_001,2009~2026,집계 또는 기관,"공시년도,시도교육청명,학교급명,공시차수,운동장개방여부,강당개방여부,체육관개방여부,시청각실개방여부,특별교실개방여부,일반교실개방여부,강당사용요금,체육관사용요금,운동장사용요금,시청각실사용요금,특별교실사용요금,일반교실사용요금,학교시설개방_학교수",,Y,,3,out_of_scope_initial,catalogued_not_downloaded,
"학교정보공시(6종, 77테이블)",25,학교정보공시,학교현황,0218,학교용지현황,,EDSS file data,EDSS open data (source custodian recorded by domain),https://www.edmgr.kr/edss/es/opd/odd/od/es_opd_oddod01_001,2009~2026,집계 또는 기관,"공시년도,시도교육청명,학교급명,통합사용여부,공시차수,학교용지_학교사옥면적,부속토지면적,체육장면적,학교대지면적,학교용지_학교수",,Y,,3,out_of_scope_initial,catalogued_not_downloaded,
"학교정보공시(6종, 77테이블)",26,학교정보공시,학교현황,0219,학교운영위원회구성현황,,EDSS file data,EDSS open data (source custodian recorded by domain),https://www.edmgr.kr/edss/es/opd/odd/od/es_opd_oddod01_001,2009~2026,집계 또는 기관,"공시년도,시도교육청명,학교급명,운영위원연령,직책구분명,성별명,경력구분코드,위원구분코드,입력일련번호,공시차수,임기종료일자,임기시작일자,운영위원수",,Y,,3,out_of_scope_initial,catalogued_not_downloaded,
"학교정보공시(6종, 77테이블)",27,학교정보공시,학교현황,0220,학교운영위원회심의결과,,EDSS file data,EDSS open data (source custodian recorded by domain),https://www.edmgr.kr/edss/es/opd/odd/od/es_opd_oddod01_001,2009~2014,집계 또는 기관,"공시년도,시도교육청명,학교급명,안건명,심의일자,입력일련번호,공시차수,학교운영위원회참여인원수",,Y,,3,out_of_scope_initial,catalogued_not_downloaded,
"학교정보공시(6종, 77테이블)",28,학교정보공시,학교현황,0221,학교폭력가해및피해학생조치현황,,EDSS file data,EDSS open data (source custodian recorded by domain),https://www.edmgr.kr/edss/es/opd/odd/od/es_opd_oddod01_001,2010~2012,집계 또는 기관,"공시년도,시도교육청명,학교급명,공시차수,학교폭력조치구분명,학교폭력학생수",,Y,,3,out_of_scope_initial,catalogued_not_downloaded,
"학교정보공시(6종, 77테이블)",29,학교정보공시,학교현황,0222,학교폭력가해학생선도교육조치현황,,EDSS file data,EDSS open data (source custodian recorded by domain),https://www.edmgr.kr/edss/es/opd/odd/od/es_opd_oddod01_001,2012~2026,집계 또는 기관,"공시년도,시도교육청명,학교급명,학기구분명,공시차수,구분코드,가해학생퇴학처분건수,가해학생전출건수,선도교육조치_가해학생학급교체건수,가해학생출석정지건수,가해학생심리치료건수,가해학생사회봉사건수,가해학생학교봉사건수,가해학생접촉협박금지건수,가해학생서면사죄건수",,Y,,3,out_of_scope_initial,catalogued_not_downloaded,
"학교정보공시(6종, 77테이블)",30,학교정보공시,학교현황,0223,학교폭력가해학생특별교육현황,,EDSS file data,EDSS open data (source custodian recorded by domain),https://www.edmgr.kr/edss/es/opd/odd/od/es_opd_oddod01_001,2012~2026,집계 또는 기관,"공시년도,시도교육청명,공시차수,학기구분명,학교급명,가해학생보호자교육실시건수,가해학생교육실시건수,가해학생교육대상건수,학폭가해학생_학교수",,Y,,3,out_of_scope_initial,catalogued_not_downloaded,
"학교정보공시(6종, 77테이블)",31,학교정보공시,학교현황,0224,학교폭력대책자치위원회개최및심의결과,,EDSS file data,EDSS open data (source custodian recorded by domain),https://www.edmgr.kr/edss/es/opd/odd/od/es_opd_oddod01_001,2012~2026,집계 또는 기관,"공시년도,시도교육청명,학교급명,학기구분명,공시차수,심의결과_가해자조치건수,심의결과_가해학생수,심의결과_피해자조치건수,심의결과_피해학생수,학교폭력심의건수,학교폭력대책자치위원회개최건수,심의결과_학교수",,Y,,3,out_of_scope_initial,catalogued_not_downloaded,
"학교정보공시(6종, 77테이블)",32,학교정보공시,학교현황,0225,학교폭력대책자치위원회구성현황,,EDSS file data,EDSS open data (source custodian recorded by domain),https://www.edmgr.kr/edss/es/opd/odd/od/es_opd_oddod01_001,2012~2023,집계 또는 기관,"공시년도,공시차수,학기구분명,학교급명,시도교육청명,학교폭력대책자치위원기타위원수,학교폭력대책자치위원의료인수,학교폭력대책자치위원경찰수,학교폭력대책자치위원법조인수,학교폭력대책자치위원학부모수,학교폭력대책자치위원교원수,학교폭력대책자치위원총위원수,학폭대책자치위원회_학교수",,Y,,3,out_of_scope_initial,catalogued_not_downloaded,
"학교정보공시(6종, 77테이블)",33,학교정보공시,학교현황,0226,학교폭력대책자치위원회심의결과(구),,EDSS file data,EDSS open data (source custodian recorded by domain),https://www.edmgr.kr/edss/es/opd/odd/od/es_opd_oddod01_001,2009~2013,집계 또는 기관,"공시년도,시도교육청명,학교급명,학기자료구분코드,공시차수,심의결과_구_피해학생수,심의결과_구_가해학생수,심의결과_구_피해자조치건수,심의결과_구_가해자조치건수,심의결과_구_폭력심의건수",,Y,,3,out_of_scope_initial,catalogued_not_downloaded,
"학교정보공시(6종, 77테이블)",34,학교정보공시,학교현황,0227,학교폭력대책자치위원회폭력유형별심의현황,,EDSS file data,EDSS open data (source custodian recorded by domain),https://www.edmgr.kr/edss/es/opd/odd/od/es_opd_oddod01_001,2012~2025,집계 또는 기관,"공시년도,시도교육청명,학교급명,학기구분명,공시차수,기타폭력건수,정보통신폭력사례건수,따돌림건수,강제심부름건수,공갈죄건수,명예훼손건수,약취건수,협박건수,감금건수,폭력건수,상해건수,학폭유형별심의_학교수",,Y,,3,out_of_scope_initial,catalogued_not_downloaded,
"학교정보공시(6종, 77테이블)",35,학교정보공시,학교현황,0228,학교폭력신고센터신고처리현황,,EDSS file data,EDSS open data (source custodian recorded by domain),https://www.edmgr.kr/edss/es/opd/odd/od/es_opd_oddod01_001,2012,집계 또는 기관,"공시년도,시도교육청명,학교급명,공시차수,자치위원회심의건수,학교자체종결건수,폭력처리건수,폭력통보건수,학폭신고센터신고처리_학교수",,Y,,3,out_of_scope_initial,catalogued_not_downloaded,
"학교정보공시(6종, 77테이블)",36,학교정보공시,학교현황,0229,학교폭력실태조사참여현황,,EDSS file data,EDSS open data (source custodian recorded by domain),https://www.edmgr.kr/edss/es/opd/odd/od/es_opd_oddod01_001,2012~2025,집계 또는 기관,"공시년도,시도교육청명,학교급명,조사회차,공시차수,학교폭력피해응답학생수,실태조사_참여학생수,전체학생수,학폭실태조사참여_학교수",,Y,,3,out_of_scope_initial,catalogued_not_downloaded,
"학교정보공시(6종, 77테이블)",37,학교정보공시,학교현황,0230,학교폭력실태조사피해현황,,EDSS file data,EDSS open data (source custodian recorded by domain),https://www.edmgr.kr/edss/es/opd/odd/od/es_opd_oddod01_001,2012~2025,집계 또는 기관,"공시년도,시도교육청명,학교급명,조사회차,공시차수,설문응답명,설문항목명,총응답건수",,Y,,3,out_of_scope_initial,catalogued_not_downloaded,
"학교정보공시(6종, 77테이블)",38,학교정보공시,학교현황,0231,학교폭력예방교육실적_교직원및학부모대상,,EDSS file data,EDSS open data (source custodian recorded by domain),https://www.edmgr.kr/edss/es/opd/odd/od/es_opd_oddod01_001,2012~2026,집계 또는 기관,"공시년도,시도교육청명,구분코드,공시차수,학기구분명,학교급명,학교폭력예방교육참여인원수,학교폭력예방교육참여횟수",,Y,,3,out_of_scope_initial,catalogued_not_downloaded,
"학교정보공시(6종, 77테이블)",39,학교정보공시,학교현황,0232,학교폭력예방교육실적_학생대상,,EDSS file data,EDSS open data (source custodian recorded by domain),https://www.edmgr.kr/edss/es/opd/odd/od/es_opd_oddod01_001,2012~2026,집계 또는 기관,"공시년도,시도교육청명,학교급명,공시차수,학기구분명,비정규교과수업시간수,정규교과수업시간수,학폭예방교육실적_학교수",,Y,,3,out_of_scope_initial,catalogued_not_downloaded,
"학교정보공시(6종, 77테이블)",40,학교정보공시,학교현황,0233,학교폭력예방교육현황(구),,EDSS file data,EDSS open data (source custodian recorded by domain),https://www.edmgr.kr/edss/es/opd/odd/od/es_opd_oddod01_001,2010~2013,집계 또는 기관,"공시년도,시도교육청명,학교급명,공시차수,교직원예방연수총시간수,학생예방교육평균시수,학폭예방교육현황_구_학교수",,Y,,3,out_of_scope_initial,catalogued_not_downloaded,
"학교정보공시(6종, 77테이블)",41,학교정보공시,학교현황,0234,학교폭력예방프로그램운영,,EDSS file data,EDSS open data (source custodian recorded by domain),https://www.edmgr.kr/edss/es/opd/odd/od/es_opd_oddod01_001,2012,집계 또는 기관,"공시년도,시도교육청명,학교급명,공시차수,학생자치법정여부,또래조정여부,또래상담여부,기타여부,학폭예방프로그램_학교수",,Y,,3,out_of_scope_initial,catalogued_not_downloaded,
"학교정보공시(6종, 77테이블)",42,학교정보공시,학교현황,0234,학교폭력예방프로그램운영,,EDSS file data,EDSS open data (source custodian recorded by domain),https://www.edmgr.kr/edss/es/opd/odd/od/es_opd_oddod01_001,2013~2026,집계 또는 기관,"공시년도,시도교육청명,구분명,구분코드,공시차수,학기구분명,학교급명,기타인원수,자치법정인원수,또래상담인원수,또래조정인원수,예방프로그램_2013이후_학교수",,Y,,3,out_of_scope_initial,catalogued_not_downloaded,
"학교정보공시(6종, 77테이블)",43,학교정보공시,학교현황,0235,학교폭력유형별심의현황,,EDSS file data,EDSS open data (source custodian recorded by domain),https://www.edmgr.kr/edss/es/opd/odd/od/es_opd_oddod01_001,2010~2013,집계 또는 기관,"공시년도,시도교육청명,학교급명,공시차수,학교폭력유형명,심의결과_폭력심의건수",,Y,,3,out_of_scope_initial,catalogued_not_downloaded,
"학교정보공시(6종, 77테이블)",44,학교정보공시,학교현황,0236,학교폭력피해학생보호조치현황,,EDSS file data,EDSS open data (source custodian recorded by domain),https://www.edmgr.kr/edss/es/opd/odd/od/es_opd_oddod01_001,2012~2026,집계 또는 기관,"공시년도,시도교육청명,학기구분명,학교급명,구분코드,공시차수,피해학생보호조치기타건수,보호조치_가해학생학급교체건수,치료요양건수,일시보호건수,심리상담건수",,Y,,3,out_of_scope_initial,catalogued_not_downloaded,
"학교정보공시(6종, 77테이블)",45,학교정보공시,학교현황,0237,학년별학급별학생현황_고,,EDSS file data,EDSS open data (source custodian recorded by domain),https://www.edmgr.kr/edss/es/opd/odd/od/es_opd_oddod01_001,2009~2026,대학·학과,"공시년도,시도교육청명,학교급명,공시학년명,주야과정구분명,계열구분명,학과명,반명,공시차수,고등_여학생수,고등_남학생수,고등_학급수,고등_학교수",,Y,,3,out_of_scope_initial,catalogued_not_downloaded,
"학교정보공시(6종, 77테이블)",46,학교정보공시,학교현황,0238,학년별학급별학생현황_중,,EDSS file data,EDSS open data (source custodian recorded by domain),https://www.edmgr.kr/edss/es/opd/odd/od/es_opd_oddod01_001,2009~2026,집계 또는 기관,"공시년도,시도교육청명,학교급명,공시학년명,반명,공시차수,주야과정구분명,중등_여학생수,중등_남학생수,중등_학급수,중등_학교수",,Y,,3,out_of_scope_initial,catalogued_not_downloaded,
"학교정보공시(6종, 77테이블)",47,학교정보공시,학교현황,0239,학년별학급별학생현황_초,,EDSS file data,EDSS open data (source custodian recorded by domain),https://www.edmgr.kr/edss/es/opd/odd/od/es_opd_oddod01_001,2009~2026,집계 또는 기관,"공시년도,시도교육청명,학교급명,공시학년명,공시차수,반명,초등_여학생수,초등_남학생수,초등_학급수,초등_학교수",,Y,,3,out_of_scope_initial,catalogued_not_downloaded,
"학교정보공시(6종, 77테이블)",48,학교정보공시,학교현황,0241,학생교육활동지원시설현황,,EDSS file data,EDSS open data (source custodian recorded by domain),https://www.edmgr.kr/edss/es/opd/odd/od/es_opd_oddod01_001,2009~2026,집계 또는 기관,"공시년도,시도교육청명,학교급명,공시차수,통합사용여부,수영장유무,진로상담실운영여부,기타공간수,기숙사수용학생수,수영장수,진로상담실수,영어체험교실수,매점수,도서실수,기숙사방수,강당수,체육관수,교육활동지원시설_학교수",,Y,,3,out_of_scope_initial,catalogued_not_downloaded,
"학교정보공시(6종, 77테이블)",49,학교정보공시,학교현황,0242,학생학부모상담실적,,EDSS file data,EDSS open data (source custodian recorded by domain),https://www.edmgr.kr/edss/es/opd/odd/od/es_opd_oddod01_001,2009~2026,집계 또는 기관,"공시년도,시도교육청명,공시차수,학교급명,외부상담전문가운영여부코드,내부상담전문가운영여부코드,진로상담외부전문가수,진로상담전문교사수,학부모상담실적_학교수",,Y,,3,out_of_scope_initial,catalogued_not_downloaded,
"학교정보공시(6종, 77테이블)",50,학교정보공시,학교현황,0243,환경위생관리현황,,EDSS file data,EDSS open data (source custodian recorded by domain),https://www.edmgr.kr/edss/es/opd/odd/od/es_opd_oddod01_001,2009~2026,집계 또는 기관,"공시년도,시도교육청명,학교급명,석면적합여부,이산화탄소적합여부,포름알데히드적합여부,조도비적합여부,전체휘발성유기화학물적합여부,공시차수,정수기검사일자,상수도지하수검사일자,미세먼지검사일자,소음검사일자,조도검사일자,칠판책상검사일자,환기검사일자,공시점검장소명,점검대상일련번호,이산화탄소1000미실시사유내용,반기구분코드,이산화탄소1500미실시사유내용,점검대상구분코드,책상조도2차수결과수치,칠판조도2차수결과수치,책상조도비2차수결과수치,환기결과수치,칠판면결과수치,책상면결과수치,조도비결과수치,미세먼지결과수치,이산화탄소결과수치,포름알데히드결과수치,전체휘발성유기화학물결과수치,석면결과수치,소음결과수치,환경위생_학교수,조도수치값,이산화탄소1000결과2차수수치,이산화탄소1000결과수치,이산화탄소1500결과2차수수치,이산화탄소1500결과수치,자연환기결과수치",,Y,,3,out_of_scope_initial,catalogued_not_downloaded,
"학교정보공시(6종, 77테이블)",51,학교정보공시,학생현황,0301,공시공통사항_학생현황,,EDSS file data,EDSS open data (source custodian recorded by domain),https://www.edmgr.kr/edss/es/opd/odd/od/es_opd_oddod01_001,2009~2026,집계 또는 기관,"공시년도,학교급명,시도교육청명,특수교사수,수업교사총수,총교사수,공시년도야간전체학생수,공시년도전체학생수,전년도야간전체학생수,전년도전체학생수",,Y,,3,out_of_scope_initial,catalogued_not_downloaded,
"학교정보공시(6종, 77테이블)",52,학교정보공시,학생현황,0302,교과별학업성취도_계열별,,EDSS file data,EDSS open data (source custodian recorded by domain),https://www.edmgr.kr/edss/es/opd/odd/od/es_opd_oddod01_001,2009~2026,대학·학교,"공시년도,시도교육청명,학교급명,주야과정구분명,고등학교구분명,남녀공학구분명,공시학년명,과목명,과목구분명,학기명,편제명,편제분류명5,특수목적고등학교계열명,교육과정차수명,확정단위수,공시차수,성취도평가남자표준편차_집계안함,성취도평가여자표준편차_집계안함,성취도평가A등급학생수_집계안함,성취도평가B등급학생수_집계안함,성취도평가C등급학생수_집계안함,성취도평가D등급학생수_집계안함,성취도평가E등급학생수_집계안함,성취도평가F등급학생수_집계안함,성취도평가표준편차_집계안함,계열별_성취도평가E등급비율1/2이상,계열별_성취도평가E등급비율1/3이상,계열별_성취도평가평균점수0점이상학교수,계열별_성취도평가평균점수50점이하학교수",,Y,,3,out_of_scope_initial,catalogued_not_downloaded,-공시내용: 단위학교별 평가계획에 의거하여 실시한 지필평가와 수행평가를 합산한 학기말 성적 결과
"학교정보공시(6종, 77테이블)",53,학교정보공시,학생현황,0303,교과별학업성취도_사용자별,,EDSS file data,EDSS open data (source custodian recorded by domain),https://www.edmgr.kr/edss/es/opd/odd/od/es_opd_oddod01_001,"2009~2019, 2021~2022",대학·학과,"공시년도,시도교육청명,학교급명,교육지원청명,주야과정구분명,계열구분명,고등학교구분명,학과명,남녀공학구분명,교육과정차수명,학기명,반명,과목명,과목구분명,공시학년명,특수목적고등학교계열명,편제명,편제분류명5,확정단위수,공시차수,석차묶음일련번호,성취도평가남자표준편차_집계안함,성취도평가여자표준편차_집계안함,성취도평가A등급학생수_집계안함,성취도평가B등급학생수_집계안함,성취도평가C등급학생수_집계안함,성취도평가D등급학생수_집계안함,성취도평가E등급학생수_집계안함,성취도평가F등급학생수_집계안함,성취도평가표준편차_집계안함,사용자_성취도평가E등급비율1/2이상,사용자_성취도평가E등급비율1/3이상,사용자_성취도평가평균점수0점이상학교수,사용자별_성취도평가평균점수50점이하학교수",,Y,,3,out_of_scope_initial,catalogued_not_downloaded,-공시내용: 단위학교별 평가계획에 의거하여 실시한 지필평가와 수행평가를 합산한 학기말 성적 결과 70%는 ~2019년
"학교정보공시(6종, 77테이블)",54,학교정보공시,학생현황,0304,교과별학업성취도_학과별,,EDSS file data,EDSS open data (source custodian recorded by domain),https://www.edmgr.kr/edss/es/opd/odd/od/es_opd_oddod01_001,2009~2026,대학·학과,"공시년도,시도교육청명,학교급명,교육과정차수명,주야과정구분명,공시학년명,특수목적고등학교계열명,학기명,계열구분명,고등학교구분명,학과명,남녀공학구분명,확정단위수,편제분류명5,편제명,과목명,공시차수,성취도평가표준편차_집계안함,성취도평가A등급학생수_집계안함,성취도평가B등급학생수_집계안함,성취도평가C등급학생수_집계안함,성취도평가D등급학생수_집계안함,성취도평가E등급학생수_집계안함,성취도평가F등급학생수_집계안함,성취도평가여자표준편차_집계안함,성취도평가남자표준편차_집계안함,학과별_성취도평가E등급비율1/2이상,학과별_성취도평가E등급비율1/3이상,학과별_성취도평가평균점수0점이상학교수,학과별_성취도평가평균점수50점이하학교수",,Y,,3,out_of_scope_initial,catalogued_not_downloaded,-공시내용: 단위학교별 평가계획에 의거하여 실시한 지필평가와 수행평가를 합산한 학기말 성적 결과
"학교정보공시(6종, 77테이블)",55,학교정보공시,학생현황,0305,교과별학업성취도_학년별,,EDSS file data,EDSS open data (source custodian recorded by domain),https://www.edmgr.kr/edss/es/opd/odd/od/es_opd_oddod01_001,2009~2026,대학·학교,"공시년도,시도교육청명,학교급명,고등학교구분명,남녀공학구분명,계열구분명,특수목적고등학교계열명,주야과정구분명,공시학년명,학기명,편제명,편제분류명5,교육과정차수명,성취도평가남자표준편차_집계안함,성취도평가여자표준편차_집계안함,성취도평가A등급학생수_집계안함,성취도평가B등급학생수_집계안함,성취도평가C등급학생수_집계안함,성취도평가D등급학생수_집계안함,성취도평가E등급학생수_집계안함,성취도평가F등급학생수_집계안함,성취도평가표준편차_집계안함,확정단위수,공시차수,학년별_성취도평가E등급비율1/2이상,학년별_성취도평가E등급비율1/3이상,학년별_성취도평가평균점수0점이상학교수,학년별_성취도평가평균점수50점이하학교수",,Y,,3,out_of_scope_initial,catalogued_not_downloaded,-공시내용: 단위학교별 평가계획에 의거하여 실시한 지필평가와 수행평가를 합산한 학기말 성적 결과
"학교정보공시(6종, 77테이블)",56,학교정보공시,학생현황,0306,보건실이용현황,,EDSS file data,EDSS open data (source custodian recorded by domain),https://www.edmgr.kr/edss/es/opd/odd/od/es_opd_oddod01_001,2009~2026,집계 또는 기관,"공시년도,시도교육청명,학교급명,공시차수,연간1인당보건실이용건수,보건실이용률,주간평균보건실이용학생수,전체보건실이용학생수,보건실이용_학교수",,Y,,3,out_of_scope_initial,catalogued_not_downloaded,
"학교정보공시(6종, 77테이블)",57,학교정보공시,학생현황,0307,위기극복학생현황,,EDSS file data,EDSS open data (source custodian recorded by domain),https://www.edmgr.kr/edss/es/opd/odd/od/es_opd_oddod01_001,2010~2013,집계 또는 기관,"공시년도,학교급명,시도교육청명,위기극복미담사례요약내용,위기극복학생수,위기극복학생_학교수",,Y,,3,out_of_scope_initial,catalogued_not_downloaded,
"학교정보공시(6종, 77테이블)",58,학교정보공시,학생현황,0308,입학생현황_중고,,EDSS file data,EDSS open data (source custodian recorded by domain),https://www.edmgr.kr/edss/es/opd/odd/od/es_opd_oddod01_001,2009~2026,집계 또는 기관,"공시년도,시도교육청명,학교급명,주야과정구분명,공시차수,편입재입학여학생수,정원제외입학여학생수,입학생_중고_기타여학생수,외국학교수학여학생수,검정고시이수여학생수,전년도여자졸업생수,금년도여자졸업생수,편입재입학남학생수,정원제외입학남학생수,입학생_중고_기타남학생수,외국학교수학남학생수,검정고시이수남학생수,전년도남자졸업생수,금년도남자졸업생수",,Y,,3,out_of_scope_initial,catalogued_not_downloaded,
"학교정보공시(6종, 77테이블)",59,학교정보공시,학생현황,0309,입학생현황_초,,EDSS file data,EDSS open data (source custodian recorded by domain),https://www.edmgr.kr/edss/es/opd/odd/od/es_opd_oddod01_001,2009~2026,집계 또는 기관,"공시년도,시도교육청명,학교급명,공시차수,조기입학여아수,유예및과령여아수,적령여아수,조기입학남아수,유예및과령남아수,적령남아수,입학생_초_학교수",,Y,,3,out_of_scope_initial,catalogued_not_downloaded,
"학교정보공시(6종, 77테이블)",60,학교정보공시,학생현황,0311,장학금수혜현황_학생현황,,EDSS file data,EDSS open data (source custodian recorded by domain),https://www.edmgr.kr/edss/es/opd/odd/od/es_opd_oddod01_001,2009~2026,집계 또는 기관,"공시년도,시도교육청명,학교급명,공시차수,1분기학비감면인원수,2분기학비감면인원수,3분기학비감면인원수,4분기학비감면인원수,1분기학비감면금액,2분기학비감면금액,3분기학비감면금액,4분기학비감면금액,1분기장학금액,2분기장학금액,3분기장학금액,4분기장학금액,장학금액,장학금수혜_학생수,장학금인원수,학비감면금액,학비감면인원수,1분기장학금인원수,2분기장학금인원수,3분기장학금인원수,4분기장학금인원수",,Y,,3,out_of_scope_initial,catalogued_not_downloaded,
"학교정보공시(6종, 77테이블)",61,학교정보공시,학생현황,0312,전출입및학업중단현황,,EDSS file data,EDSS open data (source custodian recorded by domain),https://www.edmgr.kr/edss/es/opd/odd/od/es_opd_oddod01_001,2009~2012,집계 또는 기관,"공시년도,시도교육청명,학교급명,공시학년명,학교과정구분명,주야과정구분명,2012년이전_면제학업중단학생수,2012년이전_기타학업중단학생수,부적응학업중단학생수_2012년이전,2012년이전_품행학업중단학생수,2012년이전_가사학업중단학생수,2012년이전_질병학업중단학생수,전출입학업중단_12년이전_학생수,전출입학업중단_12년이전_전출학생수,전출입학업중단_12년이전_공시차수,학업중단학생수,전출입학업중단_12년이전_전입학생수",,Y,,3,out_of_scope_initial,catalogued_not_downloaded,
"학교정보공시(6종, 77테이블)",62,학교정보공시,학생현황,0313,전출입및학업중단현황_고특,,EDSS file data,EDSS open data (source custodian recorded by domain),https://www.edmgr.kr/edss/es/opd/odd/od/es_opd_oddod01_001,2013~2026,집계 또는 기관,"공시년도,시도교육청명,학교급명,학교과정구분명,공시학년명,주야구분명,공시차수,제적학생수,고특_해외출국학업중단학생수,고특_기타학업중단학생수,고특_품행학업중단학생수,유예학업중단학생수,고특_면제학업중단학생수,전출입학업중단_고특_학생수,고특_부적응학업중단학생수,고특_가사학업중단학생수,고특_질병학업중단학생수,전출입학업중단_고특_전출학생수,전출입학업중단_고특_전입학생수",,Y,,3,out_of_scope_initial,catalogued_not_downloaded,
"학교정보공시(6종, 77테이블)",63,학교정보공시,학생현황,0314,전출입및학업중단현황_초중특,,EDSS file data,EDSS open data (source custodian recorded by domain),https://www.edmgr.kr/edss/es/opd/odd/od/es_opd_oddod01_001,2013~2026,집계 또는 기관,"공시년도,시도교육청명,학교급명,공시학년명,학교과정구분명,주야과정구분명,공시차수,전출입학업중단_초중특_학생수,면제기타학업중단학생수,초중특_해외출국학업중단학생수,면제질병학업중단학생수,유예기타학업중단학생수,미인정유학학업중단학생수,장기결석학업중단학생수,발육부진학업중단학생수,유예질병학업중단학생수,전출입학업중단_초중특_전출학생수,전출입학업중단_초중특_전입학생수",,Y,,3,out_of_scope_initial,catalogued_not_downloaded,
"학교정보공시(6종, 77테이블)",64,학교정보공시,학생현황,0315,졸업생진로현황_고,,EDSS file data,EDSS open data (source custodian recorded by domain),https://www.edmgr.kr/edss/es/opd/odd/od/es_opd_oddod01_001,2009~2025,집계 또는 기관,"공시년도,시도교육청명,학교급명,주야구분명,졸업생진로_고_최종학년여학생수,졸업생진로_고_여자졸업생수,전문대학진학여학생수,대학진학여학생수,국외전문대학진학여학생수,국외대학진학여학생수,졸업생진로_고_취업여학생수,졸업생진로_고_기타진로여학생수,졸업생진로_고_기타진로남학생수,졸업생진로_고_취업남학생수,졸업생진로_고_공시차수,졸업생진로_고_최종학년남학생수,졸업생진로_고_남자졸업생수,전문대학진학남학생수,대학진학남학생수,국외전문대학진학남학생수,국외대학진학남학생수",,Y,,3,out_of_scope_initial,catalogued_not_downloaded,
"학교정보공시(6종, 77테이블)",65,학교정보공시,학생현황,0316,졸업생진로현황_마이스터및특성화고,,EDSS file data,EDSS open data (source custodian recorded by domain),https://www.edmgr.kr/edss/es/opd/odd/od/es_opd_oddod01_001,2011~2025,대학·학과,"공시년도,시도교육청명,학교급명,주야과정구분명,계열구분명,학과명,성별명,공시차수,미상수,마이스터및특성화고_기타학업중단학생수,취업불가능수,입대학생수,취업학업수,취업자수,비동일계열진학자수,동일계열진학자수,졸업학생수,최종학년학생수",,Y,,3,out_of_scope_initial,catalogued_not_downloaded,
"학교정보공시(6종, 77테이블)",66,학교정보공시,학생현황,0317,졸업생진로현황_중,,EDSS file data,EDSS open data (source custodian recorded by domain),https://www.edmgr.kr/edss/es/opd/odd/od/es_opd_oddod01_001,2009~2025,집계 또는 기관,"공시년도,시도교육청명,학교급명,주야과정구분명,공시차수,미진학여학생수,졸업생진로_중_기타진로여학생수,전문계열진학여학생수,일반계열진학여학생수,특수과학고진학여학생수,특성화고진학여학생수,일반고진학여학생수,미진학미상남학생수,미진학무직업남학생수,졸업생진로_중_취업남학생수,자율공립고진학남학생수,자율사립고진학남학생수,특수직업고진학남학생수,특수외국어고진학여학생수,특수예술고진학여학생수,특수직업고진학여학생수,자율사립고진학여학생수,자율공립고진학여학생수,졸업생진로_중_취업여학생수,미진학무직업여학생수,미진학미상여학생수,무직및미상남학생수,무직및미상여학생수,특수예술고진학남학생수,특수외국어고진학남학생수,졸업생진로_중_최종학년남학생수,졸업생진로_중_남자졸업생수,일반계열진학남학생수,전문계열진학남학생수,졸업생진로_중_기타진로남학생수,미진학남학생수,졸업생진로_중_여자졸업생수,졸업생진로_중_최종학년여학생수,특수과학고진학남학생수,특성화고진학남학생수,일반고진학남학생수,종합고진학여학생수,종합고진학남학생수",,Y,,3,out_of_scope_initial,catalogued_not_downloaded,
"학교정보공시(6종, 77테이블)",67,학교정보공시,학생현황,0318,종목별평균기록통계,,EDSS file data,EDSS open data (source custodian recorded by domain),https://www.edmgr.kr/edss/es/opd/odd/od/es_opd_oddod01_001,2010~2026,집계 또는 기관,"공시년도,시도교육청명,공시학년명,학교급명,성별명,체지방률,체지방BMI수치값,순발력제자리멀리뛰기수치값,순발력50M달리기수치값,근지구력악력수치값,근지구력윗몸말아올리기횟수,근지구력팔굽혀펴기횟수,종합유연성평균수치값,유연성앉아윗몸앞으로굽히기수치값,심폐지구력스텝검사수치값,심폐지구력오래달리기걷기수치값,심폐지구력왕복오래달리기수치값,공시차수",,Y,,3,out_of_scope_initial,catalogued_not_downloaded,
"학교정보공시(6종, 77테이블)",68,학교정보공시,학생현황,0319,학생체력현황,,EDSS file data,EDSS open data (source custodian recorded by domain),https://www.edmgr.kr/edss/es/opd/odd/od/es_opd_oddod01_001,2010~2026,집계 또는 기관,"공시년도,시도교육청명,학교급명,공시학년명,성별명,공시차수,5등급학생수,4등급학생수,3등급학생수,2등급학생수,1등급학생수",,Y,,3,out_of_scope_initial,catalogued_not_downloaded,
"학교정보공시(6종, 77테이블)",69,학교정보공시,교직원현황,0401,과목별교원현황,,EDSS file data,EDSS open data (source custodian recorded by domain),https://www.edmgr.kr/edss/es/opd/odd/od/es_opd_oddod01_001,2009~2026,대학·학교,"공시년도,시도교육청명,학교급명,적용대상학교구분명,교육과정차수명,편제명,편제분류명1,편제분류명2,편제분류명3,편제분류명4,편제분류명5,과목명,과목구분명,공시차수,상위편제명,과목별교원_여자교원수,과목별교원_남자교원수",,Y,,3,out_of_scope_initial,catalogued_not_downloaded,
"학교정보공시(6종, 77테이블)",70,학교정보공시,교직원현황,0402,교과별교원현황,,EDSS file data,EDSS open data (source custodian recorded by domain),https://www.edmgr.kr/edss/es/opd/odd/od/es_opd_oddod01_001,2011~2026,대학·학교,"공시년도,시도교육청명,학교급명,적용대상학교구분명,초등전담교원교과목명,교육과정차수명,편제분류명1,편제분류명2,편제분류명3,편제분류명4,편제분류명5,편제명,상위편제명,공시차수,교과별교원_여자교원수,교과별교원_남자교원수",,Y,,3,out_of_scope_initial,catalogued_not_downloaded,
"학교정보공시(6종, 77테이블)",71,학교정보공시,교직원현황,0403,교원별세부현황,,EDSS file data,EDSS open data (source custodian recorded by domain),https://www.edmgr.kr/edss/es/opd/odd/od/es_opd_oddod01_001,2009~2026,집계 또는 기관,"공시년도,시도교육청명,학교급명,성별명,입력일련번호,휴직여부,원어민교사여부,재직경력사항내용,공시차수,교원수",,Y,,3,out_of_scope_initial,catalogued_not_downloaded,
"학교정보공시(6종, 77테이블)",72,학교정보공시,교직원현황,0404,교원단체가입현황,,EDSS file data,EDSS open data (source custodian recorded by domain),https://www.edmgr.kr/edss/es/opd/odd/od/es_opd_oddod01_001,2009~2014,집계 또는 기관,"공시년도,시도교육청명,학교급명,공시차수,대한민국교원조합비정규직인원수,대한민국교원조합정규직인원수,자유교원조합비정규직인원수,한국교원노동조합비정규직인원수,전국교직원노동조합비정규직인원수,한국교원단체총연합회비정규직인원수,자유교원조합인원수,한국교원노동조합인원수,전국교직원노동조합인원수,한국교원단체총연합회인원수,교원단체가입_학교수",,Y,,3,out_of_scope_initial,catalogued_not_downloaded,
"학교정보공시(6종, 77테이블)",73,학교정보공시,교직원현황,0405,사무직노동조합가입현황,,EDSS file data,EDSS open data (source custodian recorded by domain),https://www.edmgr.kr/edss/es/opd/odd/od/es_opd_oddod01_001,2009~2014,집계 또는 기관,"공시년도,시도교육청명,학교급명,공시차수,전국기능직공무원노동조합비정규직인원수,전국공공서비스노동조합비정규직인원수,기타비정규직인원수,전국교육기관공무원노동조합연맹정규직인원수,전국교육기관공무원노동조합연맹비정규직인원수,한국공무원노동조합연맹정규직인원수,한국공무원노동조합연맹비정규직인원수,전국민주공무원노동조합비정규직인원수,전국공무원노동조합비정규직인원수,정규직기타인원수,전국공공서비스노동조합정규직인원수,전국기능직공무원노동조합정규직인원수,전국민주공무원노동조합정규직인원수,전국공무원노동조합정규직인원수,사무직노동조합가입_학교수",,Y,,3,out_of_scope_initial,catalogued_not_downloaded,
"학교정보공시(6종, 77테이블)",74,학교정보공시,교직원현황,0406,사무직현황,,EDSS file data,EDSS open data (source custodian recorded by domain),https://www.edmgr.kr/edss/es/opd/odd/od/es_opd_oddod01_001,2009~2013,집계 또는 기관,"공시년도,학교급명,시도교육청명,공시차수,비정규직여자직원수,정규직기타여자직원수,정규기능직여자직원수,사무직_정규일반직여자직원수,비정규직남자직원수,정규직기타남자직원수,정규기능직남자직원수,사무직_정규일반직남자직원수,사무직_학교수",,Y,,3,out_of_scope_initial,catalogued_not_downloaded,
"학교정보공시(6종, 77테이블)",75,학교정보공시,교직원현황,0406,사무직현황,,EDSS file data,EDSS open data (source custodian recorded by domain),https://www.edmgr.kr/edss/es/opd/odd/od/es_opd_oddod01_001,2014~2026,집계 또는 기관,"공시년도,시도교육청명,학교급명,공시차수,별정직여자직원수,기간제계약직여자직원수,무기계약직여자직원수,사무직_2014_정규일반직여자직원수,별정직남자직원수,기간제계약직남자직원수,무기계약직남자직원수,사무직_2014_정규일반직남자직원수,사무직_2014_학교수,기간제+무기계약직남자직원수,기간제+무기계약직여자직원수",,Y,,3,out_of_scope_initial,catalogued_not_downloaded,
"학교정보공시(6종, 77테이블)",76,학교정보공시,교직원현황,0407,성과급지급현황,,EDSS file data,EDSS open data (source custodian recorded by domain),https://www.edmgr.kr/edss/es/opd/odd/od/es_opd_oddod01_001,2010~2016,집계 또는 기관,"공시년도,시도교육청명,학교급명,차등지급률,공시차수,성과급지급_학교수",,Y,,3,out_of_scope_initial,catalogued_not_downloaded,
"학교정보공시(6종, 77테이블)",77,학교정보공시,교직원현황,0408,직위별자격별교원현황,,EDSS file data,EDSS open data (source custodian recorded by domain),https://www.edmgr.kr/edss/es/opd/odd/od/es_opd_oddod01_001,2009~2026,집계 또는 기관,"공시년도,시도교육청명,학교급명,성별명,수석교사수,교장자격교원수,교감자격교원수,정교사1급자격교원수,준교사자격교원수,전문상담교사자격교원수,사서교사자격교원수,보건교사자격교원수,실기교사자격교원수,영양교사자격교원수,기타교사자격교원수,정교사2급자격교원수,특수1정자격교원수,특수2정자격교원수,수석교사자격교원수,원어민강사수,강사수,교원수,교장교원수,교감교원수,보직교사수,일반교사수,특수교사수,전문상담교사수,사서교사수,실기교사수,보건교사수,영양교사수,기간제교사수,전일제강사수",,Y,,3,out_of_scope_initial,catalogued_not_downloaded,
"학교정보공시(6종, 77테이블)",78,학교정보공시,교직원현황,0409,초등담임교사현황,,EDSS file data,EDSS open data (source custodian recorded by domain),https://www.edmgr.kr/edss/es/opd/odd/od/es_opd_oddod01_001,2009~2026,집계 또는 기관,"공시년도,시도교육청명,학교급명,담임교사구분코드,공시차수,초등담임교사_여자교원수,초등담임교사_남자교원수",,Y,,3,out_of_scope_initial,catalogued_not_downloaded,
"학교정보공시(6종, 77테이블)",79,학교정보공시,교육과정,0501,자유학기제운영현황,,EDSS file data,EDSS open data (source custodian recorded by domain),https://www.edmgr.kr/edss/es/opd/odd/od/es_opd_oddod01_001,2017~2026,집계 또는 기관,"공시년도,시도교육청명,학교급명,공시학년명,학기명,입력일련번호,공시차수,자유학기진로조사활동시간,자유학기동아리활동시간,자유학기예술체육활동시간,자유학기주제선택활동시간,교과활동시간",,Y,,3,out_of_scope_initial,catalogued_not_downloaded,
"학교정보공시(6종, 77테이블)",80,학교정보공시,교육과정,0502,방과후학교운영및지원현황,,EDSS file data,EDSS open data (source custodian recorded by domain),https://www.edmgr.kr/edss/es/opd/odd/od/es_opd_oddod01_001,2009~2014,집계 또는 기관,"공시년도,시도교육청명,학교급명,상반기특수학급강좌수,상반기특수학급학생수,상반기특수학교강좌수,상반기특수학교학생수,상반기기타강좌수,하반기교과학생수,하반기특기적성강좌수,하반기특기적성학생수,하반기초등보육강좌수,하반기초등보육학생수,하반기특수학급강좌수,하반기특수학급학생수,하반기특수학교강좌수,하반기특수학교학생수,하반기기타강좌수,하반기기타학생수,방과후학교지원학생수,방과후학교지원금액,수익자부담금액,하반기교과강좌수,상반기기타학생수,공시차수,방과후학교운영지원_학교수,상반기교과강좌수,상반기교과학생수,상반기특기적성강좌수,상반기특기적성학생수,상반기초등보육학급수,상반기초등보육강좌수,상반기초등보육학생수",,Y,,3,out_of_scope_initial,catalogued_not_downloaded,
"학교정보공시(6종, 77테이블)",81,학교정보공시,교육과정,0502,방과후학교운영및지원현황,,EDSS file data,EDSS open data (source custodian recorded by domain),https://www.edmgr.kr/edss/es/opd/odd/od/es_opd_oddod01_001,2015~2026,집계 또는 기관,"공시년도,시도교육청명,학교급명,공시차수,초등돌봄교실학생특수교육대상학생수,초등돌봄교실오후참여학생수,초등돌봄교실저녁운영교실수,초등돌봄교실저녁참여학생수,특수종일학급수,특수종일참여학생수,방과후학교수익자부담금액,방과후학교수익자부담제외금액,초등돌봄교실수익자부담금액,초등돌봄교실수익자부담제외금액,초등돌봄교실오후운영교실수,방과후학교참여학생수,초등돌봄교실방과후학교연계참여학생수,방과후학교운영지원_2015이후_학교수,방과후학교교과강좌수,방과후학교교과학생수,방과후학교특기적성강좌수,방과후학교특기적성학생수,방과후학교패키지강좌수,방과후학교패키지학생수,초등돌봄교실방과후학교연계운영교실수",,Y,,3,out_of_scope_initial,catalogued_not_downloaded,
"학교정보공시(6종, 77테이블)",82,학교정보공시,재정,0601,사립학교회계예결산서,,EDSS file data,EDSS open data (source custodian recorded by domain),https://www.edmgr.kr/edss/es/opd/odd/od/es_opd_oddod01_001,2009~2026,집계 또는 기관,"공시년도,시도교육청명,학교급명,설립구분명,회계년도,세입세출구분명,계정코드,계정명,예결산구분,예결산금액",,Y,,3,out_of_scope_initial,catalogued_not_downloaded,"계정명 제공,단위: 천원"
"학교정보공시(6종, 77테이블)",83,학교정보공시,재정,0602,학교발전기금,,EDSS file data,EDSS open data (source custodian recorded by domain),https://www.edmgr.kr/edss/es/opd/odd/od/es_opd_oddod01_001,2009~2016,집계 또는 기관,"공시년도,시도교육청명,학교급명,공시차수,발전기금지출금액,발전기금지출건수,발전기금접수금액,발전기금접수건수",,Y,,3,out_of_scope_initial,catalogued_not_downloaded,
"학교정보공시(6종, 77테이블)",84,학교정보공시,재정,0602,학교발전기금,,EDSS file data,EDSS open data (source custodian recorded by domain),https://www.edmgr.kr/edss/es/opd/odd/od/es_opd_oddod01_001,2017~2026,집계 또는 기관,"공시년도,시도교육청명,학교급명,공시차수,학생복지및자치활동지원금액,학교체육학예활동금액,교육용기자재및도서구입금액,학교교육시설보수확충금액,수목시설및재산금액,수목시설및재산건수,도서및물품금액,도서및물품건수,현금및유가증권금액,현금및유가증권건수",,Y,,3,out_of_scope_initial,catalogued_not_downloaded,
"학교정보공시(6종, 77테이블)",85,학교정보공시,재정,0603,학교회계예결산서,,EDSS file data,EDSS open data (source custodian recorded by domain),https://www.edmgr.kr/edss/es/opd/odd/od/es_opd_oddod01_001,2009~2026,집계 또는 기관,"공시년도,시도교육청명,학교급명,설립구분명,회계년도,세입세출구분명,계정코드,계정명,예결산구분,예결산금액",,Y,,3,out_of_scope_initial,catalogued_not_downloaded,"계정명 제공,단위: 천원"
"특수교육(3종, 38테이블)",5,특수교육통계,일반학교,0101,학급및학생현황_일반학교,,EDSS file data,EDSS open data (source custodian recorded by domain),https://www.edmgr.kr/edss/es/opd/odd/od/es_opd_oddod01_001,2016~2025,집계 또는 기관,"학년도,학교급명,시도교육청명,교육지원청명,시도명,시군구명,읍면동명,기관분류명,직속기관구분명,학교종류구분명,계층구분명,특수지등급명,도서벽지구분명,통계설립구분명,전공과개설여부,특수교육지원센터설치여부,교부금대상여부,순회학생수,순회여학생수,전공과학급수,전공과학생수,전공과여학생수,특수학급학교수,통합학급학교수,특수교육학교수,전공과학교수,학급및학생_순회학급수,특수교육여학생수,특수학급수,특수학급학생수,특수학급여학생수,통합학급수,통합학급학생수,통합학급여학생수,특수교육학급수,특수교육학생수",,Y,,3,out_of_scope_initial,catalogued_not_downloaded,
"특수교육(3종, 38테이블)",6,특수교육통계,일반학교,0102,일반학급장애인등록현황_일반학교,,EDSS file data,EDSS open data (source custodian recorded by domain),https://www.edmgr.kr/edss/es/opd/odd/od/es_opd_oddod01_001,2016~2025,집계 또는 기관,"학년도,시도교육청명,시도명,시군구명,학교급명,통계설립구분명,장애등급구분명,일반학급장애인등록_6급학생수,일반학급장애인등록_5급학생수,일반학급장애인등록_4급학생수,일반학급장애인등록_3급학생수,일반학급장애인등록_2급학생수,일반학급장애인등록_1급학생수",,Y,,3,out_of_scope_initial,catalogued_not_downloaded,
"특수교육(3종, 38테이블)",7,특수교육통계,일반학교,0103,일반학급졸업생진로현황_고등학교_일반학교,,EDSS file data,EDSS open data (source custodian recorded by domain),https://www.edmgr.kr/edss/es/opd/odd/od/es_opd_oddod01_001,2016~2025,집계 또는 기관,"학년도,시도교육청명,시도명,시군구명,학교급명,통계설립구분명,일반졸업생고등_이료여자취업자수,일반졸업생고등_이료취업자수,일반_식품가공제과제빵여자취업자수,일반고등_식품가공제과제빵취업자수,일반고등_정보통신기술여자취업자수,일반고등_정보통신기술취업자수,일반졸업생고등_농림어업여자취업자수,일반졸업생고등_농림어업취업자수,일반졸업생고등_제품제조여자취업자수,일반졸업생고등_제품제조취업자수,일반졸업생고등_보건의료여자취업자수,일반졸업생고등_보건의료취업자수,일반_급여150만원이상여자취업자수,일반_급여150만원이상취업자수,일반졸업생고등_영업판매취업자수,일반졸업생고등_영업판매여자취업자수,일반졸업생고등_청소세탁취업자수,일반졸업생고등_청소세탁여자취업자수,일반고등_식음료서비스취업자수,일반고등_식음료서비스여자취업자수,일반졸업생고등_문화예술취업자수,일반졸업생고등_문화예술여자취업자수,일반졸업생고등_사무보조취업자수,일반졸업생고등_사무보조여자취업자수,일반졸업생고등_사서보조취업자수,일반졸업생고등_사서보조여자취업자수,일반졸업생고등_기타취업자수,일반졸업생고등_기타여자취업자수,일반_급여100~150만원여자취업자수,일반_급여100~150만원취업자수,일반졸업생고등_졸업생수,일반졸업생고등_여자졸업생수,일반졸업생고등_전공과진학자수,일반졸업생고등_전공과여자진학자수,일반졸업생고등_전문대학진학자수,일반졸업생고등_전문대학여자진학자수,일반졸업생고등_대학진학자수,일반졸업생고등_대학여자진학자수,일반졸업생고등_일반고용취업자수,일반졸업생고등_일반고용여자취업자수,일반졸업생고등_지원고용취업자수,일반졸업생고등_지원고용여자취업자수,일반_급여50~100만원여자취업자수,일반_급여50~100만원취업자수,일반_급여50만원미만여자취업자수,일반졸업생고등_비정규직여자취업자수,일반졸업생고등_비정규직취업자수,일반졸업생고등_정규직여자취업자수,일반졸업생고등_정규직취업자수,일반_직업교육연계무관직종여자취업자수,일반_직업교육연계무관직종취업자수,일반_직업교육연계유관직종여자취업자수,일반_직업교육연계유관직종취업자수,일반졸업생고등_보호고용여자취업자수,일반졸업생고등_보호고용취업자수",,Y,,3,out_of_scope_initial,catalogued_not_downloaded,
"특수교육(3종, 38테이블)",8,특수교육통계,일반학교,0104,일반학급졸업생진로현황_일반학교,,EDSS file data,EDSS open data (source custodian recorded by domain),https://www.edmgr.kr/edss/es/opd/odd/od/es_opd_oddod01_001,2016~2025,집계 또는 기관,"학년도,시도교육청명,시도명,시군구명,학교급명,통계설립구분명,졸업생진로_특성학교일반학급진학여학생수,졸업생진로_특성학교일반학급진학학생수,졸업생진로_특성학교특수학급진학여학생수,졸업생진로_특성학교특수학급진학학생수,졸업생진로_일반학교일반학급진학여학생수,졸업생진로_일반학교일반학급진학학생수,졸업생진로_일반학교특수학급진학여학생수,졸업생진로_일반학교특수학급진학학생수,졸업생진로_특수학교진학여학생수,졸업생진로_특수학교진학학생수,졸업생진로_여자졸업생수,졸업생진로_졸업생수",,Y,,3,out_of_scope_initial,catalogued_not_downloaded,
"특수교육(3종, 38테이블)",9,특수교육통계,일반학교,0105,전공과개설현황_일반학교,,EDSS file data,EDSS open data (source custodian recorded by domain),https://www.edmgr.kr/edss/es/opd/odd/od/es_opd_oddod01_001,2016~2025,집계 또는 기관,"학년도,시도교육청명,시도명,시군구명,학교급명,전공과개설여부,교육과정명,개설일자,일련번호,여학생수,남학생수,3년차학급수,2년차학급수,1년차학급수",,Y,,3,out_of_scope_initial,catalogued_not_downloaded,
"특수교육(3종, 38테이블)",10,특수교육통계,일반학교,0106,특수교육담당전문직현황_일반학교,,EDSS file data,EDSS open data (source custodian recorded by domain),https://www.edmgr.kr/edss/es/opd/odd/od/es_opd_oddod01_001,2016~2025,집계 또는 기관,"학년도,시도교육청명,시도명,시군구명,학교급명,교육지원청특수및기타겸임파견교사수,교육지원청특수교육전담파견교사수,교육지원청특수교육자격미소지장학사수,교육지원청특수교육자격소지장학사수,교육지원청특수및기타겸임장학사수,교육지원청특수교육전담장학사수,특수및기타겸임파견교사수,특수교육전담파견교사수,특수교육자격미소지장학사수,특수교육전담장학관수,특수및기타겸임장학관수,특수교육자격소지장학관수,특수교육자격미소지장학관수,특수교육전담장학사수,특수및기타겸임장학사수,특수교육자격소지장학사수",,Y,,3,out_of_scope_initial,catalogued_not_downloaded,
"특수교육(3종, 38테이블)",11,특수교육통계,일반학교,0107,특수교육보조인력운영현황_일반학교,,EDSS file data,EDSS open data (source custodian recorded by domain),https://www.edmgr.kr/edss/es/opd/odd/od/es_opd_oddod01_001,2016~2025,집계 또는 기관,"학년도,시도교육청명,시도명,시군구명,학교급명,일반학급유급국고지방비여자인력수,일반학급유급자치단체인력수,일반학급유급자치단체여자인력수,일반학급유급기타인력수,일반학급유급기타여자인력수,일반학급공공근로인력수,일반학급공공근로여자인력수,일반학급사회복무요원인력수,일반학급무급자원봉사인력수,일반학급무급자원봉사여자인력수,일반학급무급기타인력수,일반학급무급기타여자인력수,특수학급공공근로여자인력수,특수학급공공근로인력수,특수학급유급기타여자인력수,특수학교유급국고지방비인력수,특수학교유급국고지방비여자인력수,특수학교유급자치단체인력수,특수학교유급자치단체여자인력수,특수학교유급기타인력수,특수학교유급기타여자인력수,특수학교공공근로인력수,특수학교공공근로여자인력수,특수학교사회복무요원인력수,특수학교무급자원봉사인력수,특수학교무급자원봉사여자인력수,특수학교무급기타인력수,특수학교무급기타여자인력수,특수학급유급국고지방비인력수,특수학급유급국고지방비여자인력수,특수학급유급자치단체인력수,특수학급유급자치단체여자인력수,특수학급유급기타인력수,특수학급사회복무요원인력수,특수학급무급자원봉사인력수,특수학급무급자원봉사여자인력수,특수학급무급기타인력수,특수학급무급기타여자인력수,일반학급유급국고지방비인력수",,Y,,3,out_of_scope_initial,catalogued_not_downloaded,
"특수교육(3종, 38테이블)",12,특수교육통계,일반학교,0108,특수학급교원현황_일반학교,,EDSS file data,EDSS open data (source custodian recorded by domain),https://www.edmgr.kr/edss/es/opd/odd/od/es_opd_oddod01_001,2016~2025,집계 또는 기관,"학년도,시도교육청명,시도명,시군구명,학교급명,통계설립구분명,전공과재활복지1급정교사수,전공과일반여자교사수,전공과일반교사수,전공과특수2급여자정교사수,전공과특수2급정교사수,전공과특수1급여자정교사수,전공과재활복지2급여자정교사수,전공과재활복지준교사수,전공과재활복지여자준교사수,전공과치료교육1급정교사수,전공과치료교육1급여자정교사수,전공과치료교육2급정교사수,전공과치료교육2급여자정교사수,전공과치료교육준교사수,전공과치료교육여자준교사수,전공과특수1급정교사수,치료교육여자준교사수,치료교육준교사수,특수1급정교사수,특수1급여자정교사수,특수2급정교사수,특수2급여자정교사수,일반교사수,일반여자교사수,재활복지1급정교사수,재활복지1급여자정교사수,재활복지2급정교사수,재활복지2급여자정교사수,재활복지준교사수,재활복지여자준교사수,치료교육1급정교사수,치료교육1급여자정교사수,치료교육2급정교사수,치료교육2급여자정교사수,전공과재활복지2급정교사수,전공과재활복지1급여자정교사수",,Y,,3,out_of_scope_initial,catalogued_not_downloaded,
"특수교육(3종, 38테이블)",13,특수교육통계,일반학교,0109,특수학급순회교육현황_일반학교,,EDSS file data,EDSS open data (source custodian recorded by domain),https://www.edmgr.kr/edss/es/opd/odd/od/es_opd_oddod01_001,2016~2025,집계 또는 기관,"학년도,시도교육청명,시도명,시군구명,학교급명,통계설립구분명,파견학급수,겸임가정학생수,파견학교여학생수,파견학교학생수,순회가정학생수,순회가정여학생수,순회시설학생수,겸임가정여학생수,겸임시설학생수,겸임시설여학생수,겸임병원학생수,겸임병원여학생수,겸임학교학생수,겸임학교여학생수,순회교사수,순회여자교사수,파견교사수,파견여자교사수,겸임교사수,겸임여자교사수,특수학급순회교육_순회학급수,순회시설여학생수,순회병원학생수,순회병원여학생수,순회학교학생수,순회학교여학생수,파견가정학생수,파견가정여학생수,파견시설학생수,파견시설여학생수,파견병원학생수,파견병원여학생수",,Y,,3,out_of_scope_initial,catalogued_not_downloaded,
"특수교육(3종, 38테이블)",14,특수교육통계,일반학교,0110,특수학급장애인등록현황_일반학교,,EDSS file data,EDSS open data (source custodian recorded by domain),https://www.edmgr.kr/edss/es/opd/odd/od/es_opd_oddod01_001,2016~2025,집계 또는 기관,"학년도,시도교육청명,시도명,시군구명,학교급명,전공과6급학생수,전공과5급학생수,전공과4급학생수,전공과3급학생수,전공과2급학생수,전공과1급학생수,특수학급장애인등록_6급학생수,특수학급장애인등록_5급학생수,특수학급장애인등록_1급학생수,특수학급장애인등록_2급학생수,특수학급장애인등록_3급학생수,특수학급장애인등록_4급학생수",,Y,,3,out_of_scope_initial,catalogued_not_downloaded,
"특수교육(3종, 38테이블)",15,특수교육통계,일반학교,0111,특수학급졸업생진로현황_일반학교,,EDSS file data,EDSS open data (source custodian recorded by domain),https://www.edmgr.kr/edss/es/opd/odd/od/es_opd_oddod01_001,2016~2025,집계 또는 기관,"학년도,시도교육청명,시군구명,시도명,학교급명,통계설립구분명,특수학급졸업_특성학교일반학급진학여학생수,특수학급졸업_특성학교일반학급진학학생수,특수학급졸업_특성학교특수학급진학여학생수,특수학급졸업_특성학교특수학급진학학생수,특수학급졸업_일반학교일반학급진학여학생수,특수학급졸업_일반학교일반학급진학학생수,특수학급졸업_일반학교특수학급진학여학생수,특수학급졸업_일반학교특수학급진학학생수,특수학급졸업_특수학교진학여학생수,특수학급졸업_특수학교진학학생수,특수학급졸업_여자졸업생수,특수학급졸업_졸업생수",,Y,,3,out_of_scope_initial,catalogued_not_downloaded,
"특수교육(3종, 38테이블)",16,특수교육통계,일반학교,0112,특수학급졸업생진로현황_고등학교_일반학교,,EDSS file data,EDSS open data (source custodian recorded by domain),https://www.edmgr.kr/edss/es/opd/odd/od/es_opd_oddod01_001,2016~2025,집계 또는 기관,"학년도,시도교육청명,시도명,시군구명,학교급명,통계설립구분명,장애영역구분명,특수고등_식음료서비스여자취업자수,특수졸업생고등_문화예술취업자수,특수졸업생고등_문화예술여자취업자수,특수졸업생고등_사무보조취업자수,특수졸업생고등_사무보조여자취업자수,특수졸업생고등_사서보조취업자수,특수졸업생고등_사서보조여자취업자수,특수졸업생고등_기타취업자수,특수고등_식음료서비스취업자수,특수졸업생고등_청소세탁여자취업자수,특수졸업생고등_청소세탁취업자수,특수졸업생고등_영업판매여자취업자수,특수졸업생고등_영업판매취업자수,특수졸업생고등_이료여자취업자수,특수졸업생고등_이료취업자수,특수_식품가공제과제빵여자취업자수,특수고등_식품가공제과제빵취업자수,특수고등_정보통신기술여자취업자수,특수졸업생고등_기타여자취업자수,전공과이수자수,전공과비정규직취업자수,전공과정규직여자취업자수,전공과정규직취업자수,전공과직업교육연계무관직종여자취업자수,전공과직업교육연계무관직종취업자수,전공과직업교육연계유관직종여자취업자수,전공과직업교육연계유관직종취업자수,전공과보호고용여자취업자수,전공과보호고용취업자수,전공과지원고용여자취업자수,전공과지원고용취업자수,전공과일반고용여자취업자수,전공과일반고용취업자수,전공과대학여자진학자수,전공과대학진학자수,전공과전문대학여자진학자수,전공과전문대학진학자수,전공과여자이수자수,특수고등_정보통신기술취업자수,특수졸업생고등_농림어업여자취업자수,특수졸업생고등_농림어업취업자수,특수졸업생고등_보호고용여자취업자수,특수졸업생고등_보호고용취업자수,특수졸업생고등_지원고용여자취업자수,특수졸업생고등_지원고용취업자수,특수졸업생고등_일반고용여자취업자수,특수졸업생고등_일반고용취업자수,특수학급졸업_고등_대학여자진학자수,특수학급졸업_고등_대학진학자수,특수학급졸업_고등_전문대학여자진학자수,특수학급졸업_고등_전문대학진학자수,특수학급졸업_고등_전공과여자진학자수,특수학급졸업_고등_전공과진학자수,특수학급졸업_고등_여자졸업생수,특수학급졸업_고등_졸업생수,특수_직업교육연계유관직종취업자수,특수_직업교육연계유관직종여자취업자수,특수졸업생고등_제품제조여자취업자수,특수졸업생고등_제품제조취업자수,특수졸업생고등_보건의료여자취업자수,특수졸업생고등_보건의료취업자수,특수_급여150만원이상여자취업자수,특수_급여150만원이상취업자수,특수_급여100~150만원여자취업자수,특수_급여100~150만원취업자수,특수_급여50~100만원여자취업자수,특수_급여50~100만원취업자수,특수_급여50만원미만여자취업자수,특수졸업생고등_비정규직여자취업자수,특수졸업생고등_비정규직취업자수,특수졸업생고등_정규직여자취업자수,특수졸업생고등_정규직취업자수,특수_직업교육연계무관직종여자취업자수,특수_직업교육연계무관직종취업자수,전공과비정규직여자취업자수,전공과급여수준50만원미만취업자수,전공과영업판매취업자수,전공과영업판매여자취업자수,전공과청소세탁취업자수,전공과청소세탁여자취업자수,전공과식음료서비스취업자수,전공과식음료서비스여자취업자수,전공과문화예술취업자수,전공과문화예술여자취업자수,전공과사무보조취업자수,전공과사무보조여자취업자수,전공과사서보조취업자수,전공과사서보조여자취업자수,전공과기타취업자수,전공과기타여자취업자수,전공과이료여자취업자수,전공과이료취업자수,전공과식품가공제과제빵여자취업자수,전공과급여수준50만원미만여자취업자수,전공과급여수준50만원이상100만원미만취업자수,전공과급여수준50만원이상100만원미만여자취업자수,전공과급여수준100만원이상150만원미만취업자수,전공과급여수준100만원이상150만원미만여자취업자수,전공과급여수준150만원이상취업자수,전공과급여수준150만원이상여자취업자수,전공과보건의료취업자수,전공과보건의료여자취업자수,전공과제품제조취업자수,전공과제품제조여자취업자수,전공과농림어업취업자수,전공과농림어업여자취업자수,전공과정보통신기술취업자수,전공과정보통신기술여자취업자수,전공과식품가공제과제빵취업자수",,Y,,3,out_of_scope_initial,catalogued_not_downloaded,
"특수교육(3종, 38테이블)",17,특수교육통계,일반학교,0113,일반학급중복장애현황_일반학교,,EDSS file data,EDSS open data (source custodian recorded by domain),https://www.edmgr.kr/edss/es/opd/odd/od/es_opd_oddod01_001,2016~2025,집계 또는 기관,"학년도,시도교육청명,학교급명,통계설립구분명,장애영역구분명,일반학급중복장애_발달지체학생수,일반학급중복장애_건강장애학생수,일반학급중복장애_학습장애학생수,일반학급중복장애_의사소통장애학생수,일반학급중복장애_자폐장애학생수,일반학급중복장애_정서행동장애학생수,일반학급중복장애_지체장애학생수,일반학급중복장애_정신지체학생수,일반학급중복장애_청각장애학생수,일반학급중복장애_시각장애학생수",,Y,,3,out_of_scope_initial,catalogued_not_downloaded,
"특수교육(3종, 38테이블)",18,특수교육통계,일반학교,0114,통합학급교원현황_일반학교,,EDSS file data,EDSS open data (source custodian recorded by domain),https://www.edmgr.kr/edss/es/opd/odd/od/es_opd_oddod01_001,2016~2019,집계 또는 기관,"학년도,시도교육청명,학교급명,통계설립구분명,연수미이수여자교사수,연수미이수교사수,연수시간1시간이상14시간이하여자교사수,연수시간1시간이상14시간이하교사수,연수시간15시간이상29시간이하여자교사수,연수시간15시간이상29시간이하교사수,연수시간30시간이상59시간이하여자교사수,연수시간30시간이상59시간이하교사수,연수시간60시간이상여자교사수,연수시간60시간이상교사수,특수교사자격증보유여자교사수,특수교사자격증보유교사수",,Y,,3,out_of_scope_initial,catalogued_not_downloaded,
"특수교육(3종, 38테이블)",19,특수교육통계,일반학교,0115,특수학급중복장애현황_일반학교,,EDSS file data,EDSS open data (source custodian recorded by domain),https://www.edmgr.kr/edss/es/opd/odd/od/es_opd_oddod01_001,2016~2025,집계 또는 기관,"학년도,시도교육청명,학교급명,통계설립구분명,장애영역구분명,전공과시각장애학생수,전공과청각장애학생수,전공과정신지체학생수,전공과지체장애학생수,전공과정서행동장애학생수,전공과자폐장애학생수,전공과의사소통장애학생수,전공과학습장애학생수,전공과건강장애학생수,전공과발달지체학생수,특수학급중복장애_발달지체학생수,특수학급중복장애_건강장애학생수,특수학급중복장애_시각장애학생수,특수학급중복장애_청각장애학생수,특수학급중복장애_정신지체학생수,특수학급중복장애_지체장애학생수,특수학급중복장애_정서행동장애학생수,특수학급중복장애_자폐장애학생수,특수학급중복장애_의사소통장애학생수,특수학급중복장애_학습장애학생수",,Y,,3,out_of_scope_initial,catalogued_not_downloaded,
"특수교육(3종, 38테이블)",20,특수교육통계,일반학교,0116,특수학급학년및장애영역별현황_일반학교,,EDSS file data,EDSS open data (source custodian recorded by domain),https://www.edmgr.kr/edss/es/opd/odd/od/es_opd_oddod01_001,2016~2025,집계 또는 기관,"학년도,시도교육청명,학교급명,통계설립구분명,장애영역구분명,전공과1년차학생수,전공과1년차여학생수,전공과2년차학생수,전공과2년차여학생수,전공과3년차학생수,전공과3년차여학생수",,Y,,3,out_of_scope_initial,catalogued_not_downloaded,
"특수교육(3종, 38테이블)",21,특수교육통계,일반학교,0201,특수학교현황_특수학교,,EDSS file data,EDSS open data (source custodian recorded by domain),https://www.edmgr.kr/edss/es/opd/odd/od/es_opd_oddod01_001,2016~2025,집계 또는 기관,"학년도,시도교육청명,시도명,시군구명,학교급명,학교종류구분명,홈페이지URL,도로명상세주소,도로명주소,학교장명,인가일자,개교일자,교장실전화번호,행정실전화번호,교무실전화번호,팩스번호,우편번호,교사대지면적,체육장면적,부속토지용지면적,교사연면적,기숙사면적,기숙사실수,기숙사수용학생수,기숙사수용여학생수,기숙사생활지도원수,기숙사여자생활지도원수",,Y,,3,out_of_scope_initial,catalogued_not_downloaded,
"특수교육(3종, 38테이블)",22,특수교육통계,특수학교,0202,교직원현황_특수학교,,EDSS file data,EDSS open data (source custodian recorded by domain),https://www.edmgr.kr/edss/es/opd/odd/od/es_opd_oddod01_001,2016~2025,집계 또는 기관,"학년도,시도교육청명,시도명,시군구명,학교급명,통계설립구분명,학교종류구분명,교감수,여자교장수,교장수,초등학교특수2급정교사수,초등학교특수2급여자정교사수,초등학교일반교사수,치료교육1급여자정교사수,치료교육1급정교사수,재활복지여자준교사수,재활복지준교사수,재활복지2급여자정교사수,재활복지2급정교사수,재활복지1급여자정교사수,재활복지1급정교사수,중고등학교일반여자교사수,중고등학교일반교사수,중고등학교특수2급여자정교사수,중고등학교특수2급정교사수,중고등학교특수1급여자정교사수,중고등학교특수1급정교사수,초등학교일반여자교사수,이료2급여자정교사수,이료2급정교사수,이료1급여자정교사수,이료1급정교사수,직업기타여자교사수,직업기타교사수,직업실기여자교사수,직업실기교사수,직업여자준교사수,직업준교사수,직업2급여자정교사수,직업2급정교사수,직업1급여자정교사수,직업1급정교사수,치료교육여자준교사수,이료준교사수,이료여자준교사수,보건교사수,행정직여자직원수,행정직직원수,일반직여자직원수,일반직직원수,진로전담여자교사수,진로전담교사수,여자상담교사수,상담교사수,여자사서교사수,사서교사수,여자영양교사수,영양교사수,여자보건교사수,치료교육준교사수,치료교육2급여자정교사수,치료교육2급정교사수,초등학교특수1급여자정교사수,초등학교특수1급정교사수,유치원일반여자교사수,유치원일반교사수,유치원특수2급여자정교사수,유치원특수2급정교사수,유치원특수1급여자정교사수,유치원특수1급정교사수,여자교감수",,Y,,3,out_of_scope_initial,catalogued_not_downloaded,
"특수교육(3종, 38테이블)",23,특수교육통계,특수학교,0203,순회교육현황_특수학교,,EDSS file data,EDSS open data (source custodian recorded by domain),https://www.edmgr.kr/edss/es/opd/odd/od/es_opd_oddod01_001,2016~2025,집계 또는 기관,"학년도,시도교육청명,시도명,시군구명,학교급명,학교종류구분명,통계설립구분명,시설고등학교여학생수,병원영아수,병원여자영아수,병원유치원학생수,병원유치원여학생수,병원초등학교학생수,병원초등학교여학생수,병원중학교학생수,병원중학교여학생수,병원고등학교학생수,병원고등학교여학생수,순회교사수,순회여자교사수,파견교사수,파견여자교사수,순회교육_특수학교_순회학급수,파견학급수,시설고등학교학생수,시설중학교여학생수,시설중학교학생수,가정영아수,가정여자영아수,가정유치원학생수,가정유치원여학생수,가정초등학교학생수,가정초등학교여학생수,가정중학교학생수,가정중학교여학생수,시설초등학교여학생수,시설초등학교학생수,시설유치원여학생수,시설유치원학생수,시설여자영아수,시설영아수,가정고등학교여학생수,가정고등학교학생수",,Y,,3,out_of_scope_initial,catalogued_not_downloaded,
"특수교육(3종, 38테이블)",24,특수교육통계,특수학교,0204,장애인등록현황_특수학교,,EDSS file data,EDSS open data (source custodian recorded by domain),https://www.edmgr.kr/edss/es/opd/odd/od/es_opd_oddod01_001,2016~2025,집계 또는 기관,"학년도,시도교육청명,시도명,시군구명,학교급명,학교종류구분명,통계설립구분명,장애등급구분명,중학교1급학생수,중학교2급학생수,중학교3급학생수,중학교4급학생수,중학교5급학생수,중학교6급학생수,고등학교1급학생수,고등학교2급학생수,고등학교3급학생수,고등학교4급학생수,고등학교5급학생수,고등학교6급학생수,전공과1급학생수,전공과2급학생수,전공과3급학생수,전공과4급학생수,전공과5급학생수,전공과6급학생수,초등학교6급학생수,초등학교5급학생수,1급영아수,2급영아수,3급영아수,4급영아수,5급영아수,6급영아수,유치원1급학생수,초등학교4급학생수,초등학교3급학생수,초등학교2급학생수,초등학교1급학생수,유치원6급학생수,유치원5급학생수,유치원4급학생수,유치원3급학생수,유치원2급학생수",,Y,,3,out_of_scope_initial,catalogued_not_downloaded,
"특수교육(3종, 38테이블)",25,특수교육통계,특수학교,0205,전공과개설현황_특수학교,,EDSS file data,EDSS open data (source custodian recorded by domain),https://www.edmgr.kr/edss/es/opd/odd/od/es_opd_oddod01_001,2016~2025,집계 또는 기관,"학년도,시도교육청명,시도명,시군구명,학교급명,학교종류구분명,통계설립구분명,전공과개설여부,교육과정명,전공과인가일자,3년차학급수,2년차학급수,1년차학급수",,Y,,3,out_of_scope_initial,catalogued_not_downloaded,
"특수교육(3종, 38테이블)",26,특수교육통계,특수학교,0206,졸업생진로현황_특수학교,,EDSS file data,EDSS open data (source custodian recorded by domain),https://www.edmgr.kr/edss/es/opd/odd/od/es_opd_oddod01_001,2016~2025,집계 또는 기관,"학년도,시도교육청명,시도명,시군구명,학교급명,통계설립구분명,학교종류구분명,초등학교일반학교일반학급진학여학생수,중학교졸업생수,중학교여자졸업생수,중학교특수학교진학학생수,중학교특수학교진학여학생수,중학교일반학교특수학급진학학생수,중학교일반학교특수학급진학여학생수,중학교일반학교일반학급진학학생수,중학교일반학교일반학급진학여학생수,중학교특성학교특수학급진학학생수,중학교특성학교특수학급진학여학생수,중학교특성학교일반학급진학학생수,중학교특성학교일반학급진학여학생수,초등학교일반학교일반학급진학학생수,초등학교일반학교특수학급진학여학생수,초등학교일반학교특수학급진학학생수,유치원졸업생수,유치원여자졸업생수,유치원특수학교진학학생수,유치원특수학교진학여학생수,유치원일반학교특수학급진학학생수,유치원일반학교특수학급진학여학생수,유치원일반학교일반학급진학학생수,유치원일반학교일반학급진학여학생수,초등학교졸업생수,초등학교여자졸업생수,초등학교특수학교진학학생수,초등학교특수학교진학여학생수",,Y,,3,out_of_scope_initial,catalogued_not_downloaded,
"특수교육(3종, 38테이블)",27,특수교육통계,특수학교,0207,졸업생진로현황_고등학교_특수학교,,EDSS file data,EDSS open data (source custodian recorded by domain),https://www.edmgr.kr/edss/es/opd/odd/od/es_opd_oddod01_001,2016~2025,집계 또는 기관,"학년도,시도교육청명,시도명,시군구명,학교급명,학교종류구분명,통계설립구분명,전공과농림어업여자취업자수,전공과농림어업취업자수,전공과제품제조여자취업자수,전공과제품제조취업자수,전공과보건의료여자취업자수,기타취업자수,사서보조여자취업자수,급여수준50만원미만취업자수,비정규직여자취업자수,비정규직취업자수,정규직여자취업자수,정규직취업자수,직업교육연계무관직종여자취업자수,전공과직업교육연계무관직종취업자수,전공과직업교육연계무관직종여자취업자수,전공과정규직취업자수,전공과정규직여자취업자수,전공과비정규직취업자수,전공과비정규직여자취업자수,전공과급여수준50만원미만취업자수,전공과급여수준50만원미만여자취업자수,전공과급여수준50만원이상100만원미만취업자수,전공과급여수준50만원이상100만원미만여자취업자수,전공과급여수준100만원이상150만원미만취업자수,전공과급여수준100만원이상150만원미만여자취업자수,전공과직업교육연계유관직종여자취업자수,전공과직업교육연계유관직종취업자수,전공과보호고용여자취업자수,전공과보호고용취업자수,전공과지원고용여자취업자수,전공과지원고용취업자수,전공과일반고용여자취업자수,전공과일반고용취업자수,전공과대학여자진학자수,전공과대학진학자수,전공과전문대학여자진학자수,전공과전문대학진학자수,전공과여자이수자수,전공과이수자수,기타여자취업자수,전공과급여수준150만원이상취업자수,전공과급여수준150만원이상여자취업자수,전공과보건의료취업자수,전공과기타여자취업자수,전공과기타취업자수,전공과사서보조여자취업자수,전공과사서보조취업자수,전공과사무보조여자취업자수,전공과사무보조취업자수,전공과문화예술여자취업자수,전공과문화예술취업자수,전공과식음료서비스여자취업자수,전공과식음료서비스취업자수,전공과청소세탁여자취업자수,전공과청소세탁취업자수,전공과영업판매여자취업자수,전공과영업판매취업자수,전공과이료여자취업자수,전공과이료취업자수,전공과식품가공제과제빵여자취업자수,전공과식품가공제과제빵취업자수,전공과정보통신기술여자취업자수,전공과정보통신기술취업자수,직업교육연계무관직종취업자수,직업교육연계유관직종여자취업자수,직업교육연계유관직종취업자수,보호고용여자취업자수,보호고용취업자수,지원고용여자취업자수,지원고용취업자수,일반고용여자취업자수,일반고용취업자수,대학여자진학자수,대학진학자수,전문대학여자진학자수,전문대학진학자수,전공과여자진학자수,전공과진학자수,여자졸업생수,졸업생수,급여수준50만원미만여자취업자수,급여수준50만원이상100만원미만취업자수,급여수준50만원이상100만원미만여자취업자수,사서보조취업자수,사무보조여자취업자수,사무보조취업자수,문화예술여자취업자수,문화예술취업자수,식음료서비스여자취업자수,식음료서비스취업자수,청소세탁여자취업자수,청소세탁취업자수,영업판매여자취업자수,영업판매취업자수,이료여자취업자수,이료취업자수,식품가공제과제빵여자취업자수,식품가공제과제빵취업자수,급여수준100만원이상150만원미만취업자수,급여수준100만원이상150만원미만여자취업자수,급여수준150만원이상취업자수,급여수준150만원이상여자취업자수,보건의료취업자수,보건의료여자취업자수,제품제조취업자수,제품제조여자취업자수,농림어업취업자수,농림어업여자취업자수,정보통신기술취업자수,정보통신기술여자취업자수",,Y,,3,out_of_scope_initial,catalogued_not_downloaded,
"특수교육(3종, 38테이블)",28,특수교육통계,특수학교,0208,중복장애현황_특수학교,,EDSS file data,EDSS open data (source custodian recorded by domain),https://www.edmgr.kr/edss/es/opd/odd/od/es_opd_oddod01_001,2016~2025,집계 또는 기관,"학년도,시도교육청명,시도명,시군구명,학교급명,학교종류구분명,통계설립구분명,장애영역구분명,고등학교정서행동장애학생수,고등학교지체장애학생수,고등학교정신지체학생수,고등학교청각장애학생수,고등학교시각장애학생수,중학교발달지체학생수,중학교건강장애학생수,중학교학습장애학생수,중학교의사소통장애학생수,중학교자폐장애학생수,중학교정서행동장애학생수,중학교지체장애학생수,중학교정신지체학생수,중학교청각장애학생수,중학교시각장애학생수,고등학교자폐장애학생수,고등학교의사소통장애학생수,전공과발달지체학생수,전공과건강장애학생수,전공과학습장애학생수,전공과의사소통장애학생수,전공과자폐장애학생수,전공과정서행동장애학생수,전공과지체장애학생수,전공과정신지체학생수,전공과청각장애학생수,전공과시각장애학생수,고등학교발달지체학생수,고등학교건강장애학생수,고등학교학습장애학생수,초등학교발달지체학생수,초등학교건강장애학생수,유치원시각장애학생수,발달지체영아수,건강장애영아수,학습장애영아수,의사소통장애영아수,자폐장애영아수,정서행동장애영아수,지체장애영아수,정신지체영아수,청각장애영아수,시각장애영아수,유치원청각장애학생수,유치원정신지체학생수,초등학교학습장애학생수,초등학교의사소통장애학생수,초등학교자폐장애학생수,초등학교정서행동장애학생수,초등학교지체장애학생수,초등학교정신지체학생수,초등학교청각장애학생수,초등학교시각장애학생수,유치원발달지체학생수,유치원건강장애학생수,유치원학습장애학생수,유치원의사소통장애학생수,유치원자폐장애학생수,유치원정서행동장애학생수,유치원지체장애학생수",,Y,,3,out_of_scope_initial,catalogued_not_downloaded,
"특수교육(3종, 38테이블)",29,특수교육통계,특수학교,0209,통학현황_특수학교,,EDSS file data,EDSS open data (source custodian recorded by domain),https://www.edmgr.kr/edss/es/opd/odd/od/es_opd_oddod01_001,2016~2025,집계 또는 기관,"학년도,시도교육청명,시도명,시군구명,학교급명,학교종류구분명,통계설립구분명,기숙사학생수,기숙사여학생수,순회학생수,순회여학생수,통학시간30분미만학생수,통학시간1시간미만학생수,통학시간2시간미만학생수,통학시간2시간이상학생수,도보여학생수,도보학생수,통학버스수,통학버스학생수,통학버스여학생수,자가용학생수,자가용여학생수,대중교통학생수,대중교통여학생수",,Y,,3,out_of_scope_initial,catalogued_not_downloaded,
"특수교육(3종, 38테이블)",30,특수교육통계,특수학교,0210,특수교육담당전문직현황_특수학교,,EDSS file data,EDSS open data (source custodian recorded by domain),https://www.edmgr.kr/edss/es/opd/odd/od/es_opd_oddod01_001,2016~2025,집계 또는 기관,"학년도,시도교육청명,시도명,시군구명,학교급명,학교종류구분명,교육지원청특수및기타겸임파견교사수,교육지원청특수교육전담파견교사수,교육지원청특수교육자격미소지장학사수,교육지원청특수교육자격소지장학사수,교육지원청특수및기타겸임장학사수,교육지원청특수교육전담장학사수,특수및기타겸임파견교사수,특수교육전담파견교사수,특수교육자격미소지장학사수,특수교육전담장학관수,특수및기타겸임장학관수,특수교육자격소지장학관수,특수교육자격미소지장학관수,특수교육전담장학사수,특수및기타겸임장학사수,특수교육자격소지장학사수",,Y,,3,out_of_scope_initial,catalogued_not_downloaded,
"특수교육(3종, 38테이블)",31,특수교육통계,특수학교,0211,특수교육보조인력운영현황_특수학교,,EDSS file data,EDSS open data (source custodian recorded by domain),https://www.edmgr.kr/edss/es/opd/odd/od/es_opd_oddod01_001,2016~2025,집계 또는 기관,"학년도,시도교육청명,시도명,시군구명,학교급명,학교종류구분명,일반학급유급국고지방비여자인력수,일반학급유급자치단체인력수,일반학급유급자치단체여자인력수,일반학급유급기타인력수,일반학급유급기타여자인력수,일반학급공공근로인력수,일반학급공공근로여자인력수,일반학급사회복무요원인력수,일반학급무급자원봉사인력수,일반학급무급자원봉사여자인력수,일반학급무급기타인력수,일반학급무급기타여자인력수,특수학급공공근로여자인력수,특수학급공공근로인력수,특수학급유급기타여자인력수,특수학교유급국고지방비인력수,특수학교유급국고지방비여자인력수,특수학교유급자치단체인력수,특수학교유급자치단체여자인력수,특수학교유급기타인력수,특수학교유급기타여자인력수,특수학교공공근로인력수,특수학교공공근로여자인력수,특수학교사회복무요원인력수,특수학교무급자원봉사인력수,특수학교무급자원봉사여자인력수,특수학교무급기타인력수,특수학교무급기타여자인력수,특수학급유급국고지방비인력수,특수학급유급국고지방비여자인력수,특수학급유급자치단체인력수,특수학급유급자치단체여자인력수,특수학급유급기타인력수,특수학급사회복무요원인력수,특수학급무급자원봉사인력수,특수학급무급자원봉사여자인력수,특수학급무급기타인력수,특수학급무급기타여자인력수,일반학급유급국고지방비인력수",,Y,,3,out_of_scope_initial,catalogued_not_downloaded,
"특수교육(3종, 38테이블)",32,특수교육통계,특수학교,0212,학급현황_특수학교,,EDSS file data,EDSS open data (source custodian recorded by domain),https://www.edmgr.kr/edss/es/opd/odd/od/es_opd_oddod01_001,2016~2025,집계 또는 기관,"학년도,시도교육청명,시도명,시군구명,학교급명,학교종류구분명,학급_특수학교_순회학급수,영아입급학급수,전공과학급수,고등학교학급수,중학교학급수,초등학교학급수,유치원학급수,영아학급수",,Y,,3,out_of_scope_initial,catalogued_not_downloaded,
"특수교육(3종, 38테이블)",33,특수교육통계,특수학교,0213,학년및장애영역별현황_특수학교,,EDSS file data,EDSS open data (source custodian recorded by domain),https://www.edmgr.kr/edss/es/opd/odd/od/es_opd_oddod01_001,2016~2025,집계 또는 기관,"학년도,시도교육청명,시도명,시군구명,학교급명,학교종류구분명,장애영역구분명,초등학교5학년학생수,초등학교5학년여학생수,초등학교6학년학생수,초등학교6학년여학생수,중학교1학년학생수,중학교1학년여학생수,중학교2학년학생수,중학교2학년여학생수,중학교3학년학생수,중학교3학년여학생수,고등학교1학년학생수,고등학교1학년여학생수,고등학교2학년학생수,고등학교2학년여학생수,고등학교3학년학생수,고등학교3학년여학생수,전공과1년차학생수,전공과1년차여학생수,전공과2년차학생수,전공과2년차여학생수,전공과3년차학생수,전공과3년차여학생수,초등학교4학년여학생수,초등학교4학년학생수,0세영아수,0세여자영아수,1세영아수,1세여자영아수,2세영아수,2세여자영아수,유치원학생수,유치원여학생수,3세원아수,초등학교3학년여학생수,초등학교3학년학생수,초등학교2학년여학생수,초등학교2학년학생수,초등학교1학년여학생수,초등학교1학년학생수,5세이상여자원아수,5세이상원아수,4세여자원아수,4세원아수,3세여자원아수",,Y,,3,out_of_scope_initial,catalogued_not_downloaded,
"특수교육(3종, 38테이블)",34,특수교육통계,특수교육지원센터,0301,순회교육현황,,EDSS file data,EDSS open data (source custodian recorded by domain),https://www.edmgr.kr/edss/es/opd/odd/od/es_opd_oddod01_001,2016~2025,집계 또는 기관,"학년도,시도교육청명,시도명,시군구명,학교급명,학교고등학교학생수,학교중학교여학생수,학교중학교학생수,학교초등학교여학생수,학교초등학교학생수,학교유치원여학생수,학교유치원학생수,학교여자영아수,가정영아수,가정여자영아수,가정유치원학생수,가정유치원여학생수,가정초등학교학생수,가정초등학교여학생수,가정중학교학생수,가정중학교여학생수,가정고등학교학생수,가정고등학교여학생수,시설영아수,시설여자영아수,병원유치원여학생수,병원유치원학생수,병원여자영아수,병원영아수,시설고등학교여학생수,시설고등학교학생수,시설중학교여학생수,시설중학교학생수,시설초등학교여학생수,시설초등학교학생수,시설유치원여학생수,시설유치원학생수,병원초등학교학생수,학교영아수,병원고등학교여학생수,병원고등학교학생수,병원중학교여학생수,학교고등학교여학생수,특수교사수,특수여자교사수,특수강사수,특수여자강사수,재활복지교사수,재활복지여자교사수,재활복지강사수,재활복지여자강사수,치료교육교사수,치료교육여자교사수,치료교육강사수,치료교육여자강사수,병원중학교학생수,병원초등학교여학생수",,Y,,3,out_of_scope_initial,catalogued_not_downloaded,
"특수교육(3종, 38테이블)",35,특수교육통계,특수교육지원센터,0302,장애영아현황,,EDSS file data,EDSS open data (source custodian recorded by domain),https://www.edmgr.kr/edss/es/opd/odd/od/es_opd_oddod01_001,2016~2025,집계 또는 기관,"학년도,시도교육청명,시군구명,시도명,학교급명,장애영역구분명,순회2세여자영아수,순회2세영아수,순회1세여자영아수,순회1세영아수,순회0세여자영아수,순회0세영아수,특수교육지원센터2세여자영아수,특수교육지원센터2세영아수,특수교육지원센터1세여자영아수,특수교육지원센터1세영아수,특수교육지원센터0세여자영아수,특수교육지원센터0세영아수",,Y,,3,out_of_scope_initial,catalogued_not_downloaded,
"특수교육(3종, 38테이블)",36,특수교육통계,특수교육지원센터,0303,장애인등록현황,,EDSS file data,EDSS open data (source custodian recorded by domain),https://www.edmgr.kr/edss/es/opd/odd/od/es_opd_oddod01_001,2016~2025,집계 또는 기관,"학년도,시도교육청명,시군구명,시도명,학교급명,장애등급구분명,6급학생수,5급학생수,4급학생수,3급학생수,2급학생수,1급학생수",,Y,,3,out_of_scope_initial,catalogued_not_downloaded,
"특수교육(3종, 38테이블)",37,특수교육통계,특수교육지원센터,0304,중복장애현황,,EDSS file data,EDSS open data (source custodian recorded by domain),https://www.edmgr.kr/edss/es/opd/odd/od/es_opd_oddod01_001,2016~2025,집계 또는 기관,"학년도,시도교육청명,시군구명,시도명,학교급명,장애영역구분명,발달지체학생수,건강장애학생수,학습장애학생수,의사소통장애학생수,자폐장애학생수,정서행동장애학생수,지체장애학생수,정신지체학생수,청각장애학생수,시각장애학생수",,Y,,3,out_of_scope_initial,catalogued_not_downloaded,
"특수교육(3종, 38테이블)",38,특수교육통계,특수교육지원센터,0305,특수교육담당전문직현황,,EDSS file data,EDSS open data (source custodian recorded by domain),https://www.edmgr.kr/edss/es/opd/odd/od/es_opd_oddod01_001,2016~2025,집계 또는 기관,"학년도,시도교육청명,시도명,시군구명,학교급명,교육지원청특수및기타겸임파견교사수,교육지원청특수교육전담파견교사수,교육지원청특수교육자격미소지장학사수,교육지원청특수교육자격소지장학사수,교육지원청특수및기타겸임장학사수,교육지원청특수교육전담장학사수,특수및기타겸임파견교사수,특수교육전담파견교사수,특수교육_특수교육자격미소지장학사수,특수교육전담장학관수,특수및기타겸임장학관수,특수교육자격소지장학관수,특수교육_특수교육자격미소지장학관수,특수교육전담장학사수,특수및기타겸임장학사수,특수교육자격소지장학사수",,Y,,3,out_of_scope_initial,catalogued_not_downloaded,
"특수교육(3종, 38테이블)",39,특수교육통계,특수교육지원센터,0306,특수교육보조인력운영현황,,EDSS file data,EDSS open data (source custodian recorded by domain),https://www.edmgr.kr/edss/es/opd/odd/od/es_opd_oddod01_001,2016~2025,집계 또는 기관,"학년도,시도교육청명,시도명,시군구명,학교급명,일반학급유급국고지방비여자인력수,일반학급유급자치단체인력수,일반학급유급자치단체여자인력수,일반학급유급기타인력수,일반학급유급기타여자인력수,일반학급공공근로인력수,일반학급공공근로여자인력수,일반학급사회복무요원인력수,일반학급무급자원봉사인력수,일반학급무급자원봉사여자인력수,일반학급무급기타인력수,일반학급무급기타여자인력수,특수학급공공근로여자인력수,특수학급공공근로인력수,특수학급유급기타여자인력수,특수학교유급국고지방비인력수,특수학교유급국고지방비여자인력수,특수학교유급자치단체인력수,특수학교유급자치단체여자인력수,특수학교유급기타인력수,특수학교유급기타여자인력수,특수학교공공근로인력수,특수학교공공근로여자인력수,특수학교사회복무요원인력수,특수학교무급자원봉사인력수,특수학교무급자원봉사여자인력수,특수학교무급기타인력수,특수학교무급기타여자인력수,특수학급유급국고지방비인력수,특수학급유급국고지방비여자인력수,특수학급유급자치단체인력수,특수학급유급자치단체여자인력수,특수학급유급기타인력수,특수학급사회복무요원인력수,특수학급무급자원봉사인력수,특수학급무급자원봉사여자인력수,특수학급무급기타인력수,특수학급무급기타여자인력수,일반학급유급국고지방비인력수",,Y,,3,out_of_scope_initial,catalogued_not_downloaded,
"특수교육(3종, 38테이블)",40,특수교육통계,특수교육지원센터,0307,특수교육인력현황,,EDSS file data,EDSS open data (source custodian recorded by domain),https://www.edmgr.kr/edss/es/opd/odd/od/es_opd_oddod01_001,2016~2025,집계 또는 기관,"학년도,시도교육청명,시도명,시군구명,고용구분명,학교급명,초등학교특수2급정교사수,초등학교특수2급여자정교사수,초등학교일반교사수,재활복지여자준교사수,재활복지준교사수,재활복지2급여자정교사수,재활복지2급정교사수,재활복지1급여자정교사수,재활복지1급정교사수,중고등학교일반여자교사수,중고등학교일반교사수,중고등학교특수2급여자정교사수,중고등학교특수2급정교사수,중고등학교특수1급여자정교사수,중고등학교특수1급정교사수,초등학교일반여자교사수,이료1급정교사수,직업실기여자교사수,직업실기교사수,직업여자준교사수,직업준교사수,직업2급여자정교사수,직업2급정교사수,직업1급여자정교사수,직업1급정교사수,치료교육여자준교사수,치료교육준교사수,치료교육2급여자정교사수,치료교육2급정교사수,이료1급여자정교사수,이료2급정교사수,이료2급여자정교사수,이료준교사수,이료여자준교사수,행정직직원수,행정직여자직원수,기타치료사수,기타여자치료사수,기타보조원수,기타여자보조원수,기타직원수,기타여자직원수,치료교육1급여자정교사수,치료교육1급정교사수,유치원특수1급정교사수,유치원특수1급여자정교사수,유치원특수2급정교사수,유치원특수2급여자정교사수,유치원일반교사수,유치원일반여자교사수,초등학교특수1급정교사수,초등학교특수1급여자정교사수",,Y,,3,out_of_scope_initial,catalogued_not_downloaded,
"특수교육(3종, 38테이블)",41,특수교육통계,특수교육지원센터,0308,특수교육지원센터담당전문직현황,,EDSS file data,EDSS open data (source custodian recorded by domain),https://www.edmgr.kr/edss/es/opd/odd/od/es_opd_oddod01_001,2016~2025,집계 또는 기관,"학년도,시도교육청명,시도명,시군구명,학교급명,지원센터_특수및기타겸임파견교사수,지원센터_특수교육전담파견교사수,지원센터_특수교육자격미소지장학사수,지원센터_특수교육자격소지장학사수,지원센터_특수및기타겸임장학사수,지원센터_특수교육전담장학사수,지원센터_특수교육자격미소지장학관수,지원센터_특수교육자격소지장학관수,지원센터_특수및기타겸임장학관수,지원센터_특수교육전담장학관수",,Y,,3,out_of_scope_initial,catalogued_not_downloaded,
"특수교육(3종, 38테이블)",42,특수교육통계,특수교육지원센터,0309,특수교육지원센터현황,,EDSS file data,EDSS open data (source custodian recorded by domain),https://www.edmgr.kr/edss/es/opd/odd/od/es_opd_oddod01_001,2016~2025,집계 또는 기관,"학년도,시도교육청명,학교급명,시군구명,시도명,영아학급수",,Y,,3,out_of_scope_initial,catalogued_not_downloaded,
"고등교육통계(7종, 102테이블)",5,고등교육통계,통합,0101,고등교육학교개황,전체,EDSS file data,EDSS open data (source custodian recorded by domain),https://www.edmgr.kr/edss/es/opd/odd/od/es_opd_oddod01_001,2009~2025,대학·학교,"조사년도,학교구분명,시도명,지역명,본분교명,학제유형명,학사심화과정2학년재적학생수,학사심화과정1학년재적여학생수,학사심화과정1학년재적학생수,학사심화과정재적여학생수,학사심화과정재적학생수,6학년재적여학생수,6학년재적학생수,5학년재적여학생수,5학년재적학생수,4학년재적여학생수,4학년재적학생수,3학년재적여학생수,3학년재적학생수,2학년재적여학생수,학사심화과정2학년재적여학생수,학사심화과정3학년재적학생수,학사심화과정3학년재적여학생수,학사심화과정4학년재적학생수,학사심화과정4학년재적여학생수,고등교육학교_입학생수,고등교육학교_학사심화과정입학생수,고등교육학교_여자입학생수,고등교육학교_학사심화과정여자입학생수,고등교육학교_졸업생수,고등교육학교_여자졸업생수,고등교육학교_교원수,고등교육학교_여자교원수,고등교육학교_사무직원수,고등교육학교_여자사무직원수,고등교육학교_건물면적,2학년재적학생수,1학년재적여학생수,고등교육학교_학교수,주간학교수,야간학교수,주야간학교수,남자학교수,여자학교수,공학학교수,고등교육학교_분교학교수,주간분교학교수,야간분교학교수,주야간분교학교수,남자분교학교수,여자분교학교수,1학년재적학생수,고등교육학교_재적여학생수,고등교육학교_재적학생수,고등교육학교_박사과정학과수,고등교육학교_심화과정학과수,고등교육학교_학과수,공학대학원대학교수,여자대학원대학교수,남자대학원대학교수,주야간대학원대학교수,야간대학원대학교수,주간대학원대학교수,대학원대학교수,공학분교학교수",,Y,,1,primary,catalogued_not_downloaded,
"고등교육통계(7종, 102테이블)",6,고등교육통계,통합,0102,대학교개황,대학,EDSS file data,EDSS open data (source custodian recorded by domain),https://www.edmgr.kr/edss/es/opd/odd/od/es_opd_oddod01_001,2009~2025,대학·학교,"조사년도,학교구분명,시도명,학제유형명,대학교개황_재적여학생수,대학교개황_야간5학년재적여학생수,대학교개황_야간5학년재적학생수,대학교개황_야간4학년재적여학생수,대학교개황_야간4학년재적학생수,대학교개황_야간3학년재적여학생수,대학교개황_야간3학년재적학생수,대학교개황_야간2학년재적여학생수,대학교개황_야간2학년재적학생수,대학교개황_야간1학년재적여학생수,대학교개황_야간1학년재적학생수,대학교개황_야간여자휴학생수,대학교개황_야간휴학생수,대학교개황_야간여자재학생수,대학교개황_야간재학생수,대학교개황_야간6학년재적학생수,대학교개황_야간6학년재적여학생수,대학교개황_입학생수,대학교개황_여자입학생수,대학교개황_졸업생수,대학교개황_여자졸업생수,대학교개황_취업자수,대학교개황_여자취업자수,대학교개황_교원정원수,대학교개황_교원수,대학교개황_여자교원수,대학교개황_사무직원정원수,대학교개황_사무직원수,대학교개황_여자사무직원수,대학교개황_건물면적,대학교개황_주간6학년재적여학생수,대학교개황_주간6학년재적학생수,대학교개황_학교수,대학교개황_분교학교수,대학교개황_학과수,대학교개황_입학정원수,대학교개황_주간입학정원수,대학교개황_야간입학정원수,대학교개황_재적학생수,대학교개황_재학생수,대학교개황_여자재학생수,대학교개황_휴학생수,대학교개황_여자휴학생수,대학교개황_주간5학년재적여학생수,대학교개황_주간5학년재적학생수,대학교개황_주간4학년재적여학생수,대학교개황_주간4학년재적학생수,대학교개황_주간3학년재적여학생수,대학교개황_주간3학년재적학생수,대학교개황_주간2학년재적여학생수,대학교개황_주간2학년재적학생수,대학교개황_주간1학년재적여학생수,대학교개황_주간1학년재적학생수,대학교개황_주간여자휴학생수,대학교개황_주간휴학생수,대학교개황_주간여자재학생수,대학교개황_주간재학생수",,Y,,3,primary,catalogued_not_downloaded,
"고등교육통계(7종, 102테이블)",7,고등교육통계,통합,0103,대학교학생개황,대학원,EDSS file data,EDSS open data (source custodian recorded by domain),https://www.edmgr.kr/edss/es/opd/odd/od/es_opd_oddod01_001,2009~2025,대학·학과,"조사년도,학교구분명,학과계열구분명,학제유형명,학제유형그룹명,단과대학명,학과명,수업형태명,학과특성명,대학교학생_야간6학년재적학생수,대학교학생_야간5학년재적여학생수,대학교학생_야간5학년재적학생수,대학교학생_야간4학년재적여학생수,대학교학생_야간4학년재적학생수,대학교학생_야간3학년재적여학생수,대학교학생_야간3학년재적학생수,대학교학생_야간2학년재적여학생수,대학교학생_야간2학년재적학생수,대학교학생_야간1학년재적여학생수,대학교학생_야간1학년재적학생수,대학교학생_야간여자휴학생수,대학교학생_야간휴학생수,대학교학생_야간여자재학생수,대학교학생_야간재학생수,대학교학생_야간6학년재적여학생수,대학교학생_입학지원자수,대학교학생_여자국가기술자격취득자수,대학교학생_국가기술자격취득자수,대학교학생_입대학생수,대학교학생_여자취업불가능자수,대학교학생_취업불가능수,대학교학생_여자외국인유학생수,대학교학생_외국인유학생수,대학교학생개황_여자취업자수,대학교학생개황_취업자수,대학교학생_여자졸업생수,대학교학생_졸업생수,대학교학생_여자입학생수,대학교학생_입학생수,대학교학생_여자입학지원자수,대학교학생_주간6학년재적여학생수,대학교학생_주간6학년재적학생수,대학교학생_주간5학년재적여학생수,대학교학생_재적여학생수,대학교학생_재적학생수,대학교학생_야간입학정원수,대학교학생_주간입학정원수,대학교학생_입학정원수,대학교학생_학과수,대학교학생_재학생수,대학교학생_여자재학생수,대학교학생_주간5학년재적학생수,대학교학생_주간4학년재적여학생수,대학교학생_주간4학년재적학생수,대학교학생_주간3학년재적여학생수,대학교학생_주간3학년재적학생수,대학교학생_주간2학년재적여학생수,대학교학생_주간2학년재적학생수,대학교학생_주간1학년재적여학생수,대학교학생_주간1학년재적학생수,대학교학생_주간여자휴학생수,대학교학생_주간휴학생수,대학교학생_주간여자재학생수,대학교학생_주간재학생수,대학교학생_여자휴학생수,대학교학생_휴학생수",,Y,,1,primary,catalogued_not_downloaded,
"고등교육통계(7종, 102테이블)",8,고등교육통계,통합,0104,대학원개황,전문대학,EDSS file data,EDSS open data (source custodian recorded by domain),https://www.edmgr.kr/edss/es/opd/odd/od/es_opd_oddod01_001,2009~2025,대학·학교,"조사년도,학교구분명,시도명,대학원개황_학교수,대학원개황_야간석사과정재적여학생수,대학원_야간석사과정재학생수,대학원_야간석사과정여자재학생수,대학원개황_야간석사과정휴학생수,대학원개황_야간석사과정여자휴학생수,대학원개황_야간박사과정재적학생수,대학원개황_야간박사과정재적여학생수,대학원_야간박사과정재학생수,대학원_야간박사과정여자재학생수,대학원개황_야간박사과정휴학생수,대학원개황_야간박사과정여자휴학생수,대학원개황_입학생수,대학원개황_여자입학생수,대학원개황_졸업생수,대학원개황_여자졸업생수,대학원개황_석사과정졸업생수,대학원개황_석사과정여자졸업생수,대학원개황_박사과정졸업생수,대학원개황_박사과정여자졸업생수,대학원개황_교원정원수,대학원개황_교원수,대학원개황_여자교원수,대학원개황_사무직원정원수,대학원개황_사무직원수,대학원개황_여자사무직원수,대학원개황_야간석사과정재적학생수,대학원개황_주간박사과정여자휴학생수,대학원개황_주간박사과정휴학생수,대학원대학수,대학원개황_학과수,대학원개황_박사과정학과수,대학원개황_석사과정입학정원수,대학원개황_주간석사과정입학정원수,대학원개황_야간석사과정입학정원수,대학원개황_주야간석사과정입학정원수,대학원개황_박사과정입학정원수,대학원개황_주간박사과정입학정원수,대학원개황_야간박사과정입학정원수,대학원개황_재적학생수,대학원개황_재적여학생수,대학원_재학생수,대학원_여자재학생수,대학원_주간박사과정여자재학생수,대학원_주간박사과정재학생수,대학원개황_주간박사과정재적여학생수,대학원개황_주간박사과정재적학생수,대학원개황_주간석사과정여자휴학생수,대학원개황_주간석사과정휴학생수,대학원_주간석사과정여자재학생수,대학원_주간석사과정재학생수,대학원개황_주간석사과정재적여학생수,대학원개황_주간석사과정재적학생수,대학원개황_여자휴학생수,대학원개황_휴학생수",,Y,,3,primary,catalogued_not_downloaded,
"고등교육통계(7종, 102테이블)",9,고등교육통계,통합,0105,대학원학생개황,대학,EDSS file data,EDSS open data (source custodian recorded by domain),https://www.edmgr.kr/edss/es/opd/odd/od/es_opd_oddod01_001,2009~2025,대학·학교,"조사년도,학교구분명,학과계열구분명,야간박사과정남자입학생수,야간박사과정여자입학생수,주야간박사과정입학생수,주야간박사과정남자입학생수,주야간박사과정여자입학생수,대학원학생_재적학생수,재적남학생수,야간석사과정남자재학생수,대학원_야간석사과정여자재학생수,대학원_주간박사과정재학생수,주간박사과정남자재학생수,대학원_주간박사과정여자재학생수,대학원_야간박사과정재학생수,야간박사과정남자재학생수,대학원_야간박사과정여자재학생수,대학원학생_휴학생수,남자휴학생수,대학원학생_여자휴학생수,석사과정휴학생수,대학원_야간석사과정재학생수,대학원_주간석사과정여자재학생수,주간석사과정남자재학생수,대학원_주간석사과정재학생수,박사과정여자재학생수,박사과정남자재학생수,박사과정재학생수,석사과정여자재학생수,석사과정남자재학생수,석사과정재학생수,대학원_여자재학생수,남자재학생수,대학원_재학생수,대학원학생_야간박사과정재적여학생수,야간박사과정재적남학생수,석사과정남자휴학생수,석사과정여자휴학생수,박사과정휴학생수,대학원학생_박사과정학과수,석사과정학과수,대학원학생_학과수,대학원학생_박사과정여자졸업생수,박사과정남자졸업생수,대학원학생_박사과정졸업생수,대학원학생_석사과정여자졸업생수,석사과정남자졸업생수,대학원학생_석사과정졸업생수,대학원학생_여자졸업생수,남자졸업생수,대학원학생_졸업생수,대학원학생_야간박사과정여자휴학생수,대학원_야간박사과정남자휴학생수,대학원학생_야간박사과정휴학생수,대학원학생_주간박사과정여자휴학생수,주간박사과정남자휴학생수,대학원학생_주간박사과정휴학생수,대학원학생_야간석사과정여자휴학생수,야간석사과정남자휴학생수,대학원학생_야간석사과정휴학생수,대학원학생_주간석사과정여자휴학생수,주간석사과정남자휴학생수,대학원학생_주간석사과정휴학생수,박사과정여자휴학생수,박사과정남자휴학생수,대학원학생_야간박사과정재적학생수,대학원학생_주간박사과정재적여학생수,야간석사과정남자입학생수,야간석사과정입학생수,주간석사과정여자입학생수,주간석사과정남자입학생수,주간석사과정입학생수,박사과정여자입학생수,박사과정남자입학생수,박사과정입학생수,석사과정여자입학생수,석사과정남자입학생수,석사과정입학생수,대학원학생_여자입학생수,남자입학생수,대학원학생_입학생수,주야간박사과정입학정원수,대학원학생_야간박사과정입학정원수,대학원학생_주야간석사과정입학정원수,대학원학생_야간석사과정입학정원수,대학원학생_주간석사과정입학정원수,대학원학생_박사과정입학정원수,대학원학생_석사과정입학정원수,대학원학생_입학정원수,야간석사과정여자입학생수,주야간석사과정입학생수,주야간석사과정남자입학생수,주간박사과정재적남학생수,대학원학생_주간박사과정재적학생수,대학원학생_야간석사과정재적여학생수,야간석사과정재적남학생수,대학원학생_야간석사과정재적학생수,대학원학생_주간석사과정재적여학생수,주간석사과정재적남학생수,대학원학생_주간석사과정재적학생수,박사과정재적여학생수,박사과정재적남학생수,박사과정재적학생수,석사과정재적여학생수,석사과정재적남학생수,석사과정재적학생수,대학원학생_재적여학생수,주야간석사과정여자입학생수,주간박사과정입학생수,주간박사과정남자입학생수,주간박사과정여자입학생수,야간박사과정입학생수,대학원학생_주간박사과정입학정원수",,Y,,1,primary,catalogued_not_downloaded,
"고등교육통계(7종, 102테이블)",10,고등교육통계,통합,0106,전문대학개황,대학원,EDSS file data,EDSS open data (source custodian recorded by domain),https://www.edmgr.kr/edss/es/opd/odd/od/es_opd_oddod01_001,2009~2025,대학·학교,"조사년도,학교구분명,시도명,전문대_야간학사심화과정2학년재적학생수,전문대학_야간학사심화과정1학년재적여학생수,전문대_야간학사심화과정1학년재적학생수,전문대학_야간학사심화과정재적여학생수,전문대학_야간학사심화과정재적학생수,전문대_야간4학년재적여학생수,전문대_야간4학년재적학생수,전문대_야간3학년재적여학생수,전문대_야간3학년재적학생수,전문대_야간2학년재적여학생수,전문대_야간2학년재적학생수,전문대_야간1학년재적여학생수,전문대_야간1학년재적학생수,전문대_야간여자휴학생수,전문대_야간휴학생수,전문대_야간여자재학생수,전문대학_야간학사심화과정2학년재적여학생수,전문대_야간학사심화과정3학년재적학생수,전문대학_야간학사심화과정3학년재적여학생수,전문대_건물면적,전문대_여자사무직원수,전문대_사무직원수,전문대_사무직원정원수,전문대_여자교원수,전문대_교원수,전문대_교원정원수,전문대_여자졸업생수,전문대_졸업생수,전문대_학사심화과정여자입학생수,전문대_학사심화과정입학생수,전문대_여자입학생수,전문대_입학생수,전문대학_야간학사심화과정4학년재적여학생수,전문대_야간학사심화과정4학년재적학생수,전문대_야간재학생수,전문대학_주간학사심화과정4학년재적여학생수,전문대_주간여자재학생수,전문대_주간재학생수,전문대_여자휴학생수,전문대_휴학생수,전문대_여자재학생수,전문대_재학생수,전문대_재적여학생수,전문대_재적학생수,전문대_학사심화과정입학정원수,전문대_입학정원수,전문대_심화과정학과수,전문대_학과수,전문대_학교수,전문대_주간휴학생수,전문대_주간여자휴학생수,전문대_주간1학년재적학생수,전문대_주간학사심화과정4학년재적학생수,전문대학_주간학사심화과정3학년재적여학생수,전문대_주간학사심화과정3학년재적학생수,전문대학_주간학사심화과정2학년재적여학생수,전문대_주간학사심화과정2학년재적학생수,전문대학_주간학사심화과정1학년재적여학생수,전문대_주간학사심화과정1학년재적학생수,전문대학_주간학사심화과정재적여학생수,전문대학_주간학사심화과정재적학생수,전문대_주간4학년재적여학생수,전문대_주간4학년재적학생수,전문대_주간3학년재적여학생수,전문대_주간3학년재적학생수,전문대_주간2학년재적여학생수,전문대_주간2학년재적학생수,전문대_주간1학년재적여학생수",,Y,,3,primary,catalogued_not_downloaded,
"고등교육통계(7종, 102테이블)",11,고등교육통계,통합,0107,전문대학학생개황,전문대학,EDSS file data,EDSS open data (source custodian recorded by domain),https://www.edmgr.kr/edss/es/opd/odd/od/es_opd_oddod01_001,2009~2025,대학·학과,"조사년도,학교구분명,학과명,학과특성명,단과대학명,학과계열구분명,수업형태명,전문대_야간학사심화과정1학년재적학생수,전문대_야간학사심화과정1학년재적여학생수,전문대_야간학사심화과정2학년재적학생수,전문대_야간학사심화과정2학년재적여학생수,전문대_야간학사심화과정3학년재적학생수,전문대_야간학사심화과정3학년재적여학생수,전문대_야간학사심화과정4학년재적학생수,전문대_야간학사심화과정4학년재적여학생수,전문대_야간학사심화과정재적여학생수,전문대_야간학사심화과정재적학생수,전문대_야간4학년재적여학생수,전문대_야간4학년재적학생수,전문대_야간3학년재적여학생수,전문대_야간3학년재적학생수,전문대_야간2학년재적여학생수,전문대_야간2학년재적학생수,전문대_야간1학년재적여학생수,전문대_야간1학년재적학생수,전문대_야간여자휴학생수,전문대_입학지원자수,전문대_여자입학지원자수,학사심화과정입학지원자수,전문대_여자국가기술자격취득자수,전문대_국가기술자격취득자수,전문대_입대학생수,전문대_여자취업불가능자수,전문대_취업불가능수,전문대_여자외국인유학생수,전문대_외국인유학생수,전문대_여자취업자수,전문대_취업자수,진학여학생수,진학학생수,전문대_여자졸업생수,전문대_졸업생수,전문대_학사심화과정여자입학생수,전문대_학사심화과정입학생수,전문대_여자입학생수,전문대_입학생수,학사심화과정여자입학지원자수,전문대_야간휴학생수,전문대_야간여자재학생수,전문대_주간재학생수,전문대_여자휴학생수,전문대_휴학생수,전문대_여자재학생수,전문대_재학생수,전문대_재적여학생수,전문대_재적학생수,전문대_학사심화과정입학정원수,전문대_입학정원수,전문대_심화과정학과수,전문대_학과수,전문대_주간여자재학생수,전문대_주간휴학생수,전문대_주간여자휴학생수,전문대_야간재학생수,전문대_주간학사심화과정4학년재적여학생수,전문대_주간학사심화과정4학년재적학생수,전문대_주간학사심화과정3학년재적여학생수,전문대_주간학사심화과정3학년재적학생수,전문대_주간학사심화과정2학년재적여학생수,전문대_주간학사심화과정2학년재적학생수,전문대_주간학사심화과정1학년재적여학생수,전문대_주간학사심화과정1학년재적학생수,전문대_주간학사심화과정재적여학생수,전문대_주간학사심화과정재적학생수,전문대_주간4학년재적여학생수,전문대_주간4학년재적학생수,전문대_주간3학년재적여학생수,전문대_주간3학년재적학생수,전문대_주간2학년재적여학생수,전문대_주간2학년재적학생수,전문대_주간1학년재적여학생수,전문대_주간1학년재적학생수",,Y,,3,primary,catalogued_not_downloaded,
"고등교육통계(7종, 102테이블)",12,고등교육통계,학생,0201,계열별입학정원현황_대학원,대학원,EDSS file data,EDSS open data (source custodian recorded by domain),https://www.edmgr.kr/edss/es/opd/odd/od/es_opd_oddod01_001,2009~2025,대학·학교,"조사년도,학교구분명,석박사구분명,본분교명,계열별입학정원_대학원_입학정원수",,Y,,3,primary,catalogued_not_downloaded,
"고등교육통계(7종, 102테이블)",13,고등교육통계,학생,0202,교육대학대학원학급편성기준,대학,EDSS file data,EDSS open data (source custodian recorded by domain),https://www.edmgr.kr/edss/es/opd/odd/od/es_opd_oddod01_001,2009~2013,대학·학교,"조사년도,학교구분명,계열구분명,본분교명,대학원학급수,대학원학생수,학부학급수,학부학생수",,Y,,3,primary,catalogued_not_downloaded,
"고등교육통계(7종, 102테이블)",14,고등교육통계,학생,0203,국가별외국인유학생현황,전체,EDSS file data,EDSS open data (source custodian recorded by domain),https://www.edmgr.kr/edss/es/opd/odd/od/es_opd_oddod01_001,2009~2013,대학·학교,"조사년도,학교구분명,국가명,성별명,수산해양계열학생수,가정계열학생수,의학계열학생수,예능계열학생수,체육계열학생수,교환연수학생수,방문연수학생수,국가별외국인유학생_기타연수학생수,국가별외국인_TOPIK4급이상학생수,농업계열학생수,간호계열학생수,보건계열학생수,이학계열학생수,공학계열학생수,인문사회계열학생수,국가별외국인유학생_어학연수학생수",,Y,,3,primary,catalogued_not_downloaded,
"고등교육통계(7종, 102테이블)",15,고등교육통계,학생,0203,국가별외국인유학생현황,전체,EDSS file data,EDSS open data (source custodian recorded by domain),https://www.edmgr.kr/edss/es/opd/odd/od/es_opd_oddod01_001,2014~2022,대학·학교,"조사년도,학교구분명,계열구분명,국가명,성별명,학위과정구분명,계열종류구분명,재외동포여부,국가별외국인유학생_인원수",,Y,,3,primary,catalogued_not_downloaded,
"고등교육통계(7종, 102테이블)",16,고등교육통계,학생,0204,국가별외국인유학생현황_대학원,대학원,EDSS file data,EDSS open data (source custodian recorded by domain),https://www.edmgr.kr/edss/es/opd/odd/od/es_opd_oddod01_001,2009~2013,대학·학교,"조사년도,학교구분명,본분교명,국가명,성별명,박사자연계열학생수,박사의학계열학생수,통합인문사회계열학생수,통합공학계열학생수,통합예체능계열학생수,통합자연계열학생수,통합의학계열학생수,국가별외국인유학_대학원_어학연수학생수,국가별외국인유학생_대학원_기타연수학생수,국가별외국인_대학원_TOPIK4급이상학생수,박사예체능계열학생수,박사공학계열학생수,석사인문사회계열학생수,석사공학계열학생수,석사예체능계열학생수,석사자연계열학생수,석사의학계열학생수,박사인문사회계열학생수",,Y,,3,primary,catalogued_not_downloaded,
"고등교육통계(7종, 102테이블)",17,고등교육통계,학생,0205,모집및입학정원현황,대학,EDSS file data,EDSS open data (source custodian recorded by domain),https://www.edmgr.kr/edss/es/opd/odd/od/es_opd_oddod01_001,2014~2025,대학·학과,"조사년도,학교구분명,학위과정구분명,단과대학명,학과명,학과특성명,수업연한명,정원구분명,모집및입학정원_입학생수,모집및입학정원_입학정원수,모집인원수",,Y,,3,primary,catalogued_not_downloaded,
"고등교육통계(7종, 102테이블)",18,고등교육통계,학생,0206,박사및명예박사학위수여상황,대학원,EDSS file data,EDSS open data (source custodian recorded by domain),https://www.edmgr.kr/edss/es/opd/odd/od/es_opd_oddod01_001,2009~2025,대학·학교,"조사년도,학교구분명,학위종별명,대학원학위명,학위수여현원수,누계학위수여인원수",,Y,,3,primary,catalogued_not_downloaded,
"고등교육통계(7종, 102테이블)",19,고등교육통계,학생,0207,산업체위탁생제적현황,전문대학,EDSS file data,EDSS open data (source custodian recorded by domain),https://www.edmgr.kr/edss/es/opd/odd/od/es_opd_oddod01_001,2009~2013,대학·학과,"본분교명, 학교구분명, 단과대학명, 학과명, 학과특성명, 전문대학학년명, 제적사유명,산업체위탁생제적_제적학생수",,Y,,3,primary,catalogued_not_downloaded,
"고등교육통계(7종, 102테이블)",20,고등교육통계,학생,0208,시간제등록과정,전문대학/대학,EDSS file data,EDSS open data (source custodian recorded by domain),https://www.edmgr.kr/edss/es/opd/odd/od/es_opd_oddod01_001,2009~2025,대학·학교,"조사년도,학교구분명,성별명,전문대학계열명,시간제학점구분명,전체재적학생수",,Y,,3,primary,catalogued_not_downloaded,
"고등교육통계(7종, 102테이블)",21,고등교육통계,학생,0209,연령별신입생현황_대학원,대학원,EDSS file data,EDSS open data (source custodian recorded by domain),https://www.edmgr.kr/edss/es/opd/odd/od/es_opd_oddod01_001,2009~2025,대학·학과,"조사년도,학교구분명,석박사구분명,성별명,단과대학명,학과명,학과특성명,대학원연령명,연령별신입생_대학원_입학생수",,Y,,3,primary,catalogued_not_downloaded,
"고등교육통계(7종, 102테이블)",22,고등교육통계,학생,0210,연령별입학현황,전문대학/대학,EDSS file data,EDSS open data (source custodian recorded by domain),https://www.edmgr.kr/edss/es/opd/odd/od/es_opd_oddod01_001,2009~2025,대학·학과,"조사년도,학교구분명,성별명,단과대학명,학과명,학과특성명,수업연한명,대학교연령명,연령별입학_입학생수",,Y,,3,primary,catalogued_not_downloaded,
"고등교육통계(7종, 102테이블)",23,고등교육통계,학생,0211,연령별재적학생현황,전문대학/대학,EDSS file data,EDSS open data (source custodian recorded by domain),https://www.edmgr.kr/edss/es/opd/odd/od/es_opd_oddod01_001,2009~2025,대학·학과,"조사년도,학교구분명,성별명,단과대학명,학과명,학과특성명,대학교연령명,연령별재적학생_재적학생수",,Y,,3,primary,catalogued_not_downloaded,
"고등교육통계(7종, 102테이블)",24,고등교육통계,학생,0212,연령별재적학생현황_대학원,대학원,EDSS file data,EDSS open data (source custodian recorded by domain),https://www.edmgr.kr/edss/es/opd/odd/od/es_opd_oddod01_001,2009~2025,대학·학과,"조사년도,학교구분명,성별명,학위과정구분명,단과대학명,학과명,학과특성명,수업연한명,대학교연령명,연령별재적학생_대학원_재적학생수",,Y,,3,primary,catalogued_not_downloaded,
"고등교육통계(7종, 102테이블)",25,고등교육통계,학생,0213,연령별재적학생현황_대학원_공동운영,대학원,EDSS file data,EDSS open data (source custodian recorded by domain),https://www.edmgr.kr/edss/es/opd/odd/od/es_opd_oddod01_001,2010~2013,대학·학교,"조사년도,학교구분명,국내외구분명,본분교명,연령별_대학원_공동운영_재적학생수",,Y,,3,primary,catalogued_not_downloaded,
"고등교육통계(7종, 102테이블)",26,고등교육통계,학생,0214,연령별졸업생현황,전문대학/대학,EDSS file data,EDSS open data (source custodian recorded by domain),https://www.edmgr.kr/edss/es/opd/odd/od/es_opd_oddod01_001,2009~2025,대학·학과,"조사년도,학교구분명,성별명,단과대학명,학과명,학과특성명,대학교연령명,연령별졸업생_졸업생수",,Y,,3,primary,catalogued_not_downloaded,
"고등교육통계(7종, 102테이블)",27,고등교육통계,학생,0215,연령별졸업생현황_공동운영,대학원,EDSS file data,EDSS open data (source custodian recorded by domain),https://www.edmgr.kr/edss/es/opd/odd/od/es_opd_oddod01_001,2010~2022,대학·학과,"조사년도,학교구분명,성별명,학위과정구분명,단과대학명,학과명,학과특성명,수업연한명,대학교연령명,연령별졸업생_공동운영_졸업생수",,Y,,3,primary,catalogued_not_downloaded,
"고등교육통계(7종, 102테이블)",28,고등교육통계,학생,0216,연령별졸업생현황_대학원,대학원,EDSS file data,EDSS open data (source custodian recorded by domain),https://www.edmgr.kr/edss/es/opd/odd/od/es_opd_oddod01_001,2009~2025,대학·학과,"조사년도,학교구분명,성별명,학위과정구분명,단과대학명,학과명,학과특성명,수업연한명,대학교연령명,연령별졸업생_대학원_졸업생수",,Y,,3,primary,catalogued_not_downloaded,
"고등교육통계(7종, 102테이블)",29,고등교육통계,학생,0217,연령별편입생현황,전문대학/대학,EDSS file data,EDSS open data (source custodian recorded by domain),https://www.edmgr.kr/edss/es/opd/odd/od/es_opd_oddod01_001,2009~2025,대학·학과,"조사년도,학교구분명,성별명,단과대학명,학과명,학과특성명,대학교연령명,연령별편입생_편입생수",,Y,,3,primary,catalogued_not_downloaded,
"고등교육통계(7종, 102테이블)",30,고등교육통계,학생,0218,외국인학위취득현황_대학원_공동운영,대학원,EDSS file data,EDSS open data (source custodian recorded by domain),https://www.edmgr.kr/edss/es/opd/odd/od/es_opd_oddod01_001,2010~2022,대학·학과,"조사년도,학교구분명,석박사구분명,성별명,단과대학명,학과명,학과특성명,외국인학위취득자수",,Y,,3,primary,catalogued_not_downloaded,
"고등교육통계(7종, 102테이블)",31,고등교육통계,학생,0219,유학형태별_외국인유학생현황,전문대학/대학,EDSS file data,EDSS open data (source custodian recorded by domain),https://www.edmgr.kr/edss/es/opd/odd/od/es_opd_oddod01_001,2009~2013,대학·학교,"조사년도,학교구분명,외국인유학생형태명,유학생_기숙사미수용여학생수,장학금혜택학생수,장학금혜택수혜금액,외국유학생_1년이하교육이수학생수,2년제이상교육이수학생수,1년~2년교육이수학생수,졸업후본국귀국학생수,졸업후국내취업학생수,졸업후국내편입생수,졸업후미상학생수,유학생_기숙사미수용남학생수,유학생_기숙사수용여학생수,유학형태별외국인유학_어학연수남학생수,유학형태별외국인유학생_어학연수여학생수,대학과정남학생수,대학과정여학생수,기타연수남학생수,기타연수여학생수,유학생_기숙사수용남학생수",,Y,,3,primary,catalogued_not_downloaded,
"고등교육통계(7종, 102테이블)",32,고등교육통계,학생,0219,유학형태별_외국인유학생현황,전문대학/대학,EDSS file data,EDSS open data (source custodian recorded by domain),https://www.edmgr.kr/edss/es/opd/odd/od/es_opd_oddod01_001,2014~2022,대학·학교,"조사년도,학교구분명,외국인유학생형태명,기타연수여학생수,장학금혜택남학생수,장학금혜택여학생수,장학금혜택수혜금액,1년이하교육이수학생수,2년제이상교육이수학생수,1년이하2년이상교육이수학생수,졸업후본국귀국학생수,졸업후국내취업학생수,졸업후국내편입생수,졸업후미상학생수,기타연수남학생수,방문연수여학생수,방문연수남학생수,대학과정남학생수,대학과정여학생수,공동운영교육과정남학생수,공동운영교육과정여학생수,유학형태별외국인유학생_어학연수남학생수,유학형태별외국인유학생_어학연수여학생수,교환연수남학생수,교환연수여학생수",,Y,,3,primary,catalogued_not_downloaded,
"고등교육통계(7종, 102테이블)",33,고등교육통계,학생,0220,장학금급여및학비감면현황,전문대학/대학/대학원,EDSS file data,EDSS open data (source custodian recorded by domain),https://www.edmgr.kr/edss/es/opd/odd/od/es_opd_oddod01_001,2009~2013,대학·학과,"조사년도,학교구분명,본분교명,단과대학명,학과명,학과특성명,학기구분명,내부장학금수혜남학생수,수업료및입학금전액감면금액,수업료및입학금전액감면여학생수,수업료및입학금전액감면남학생수,수업료및입학금일부감면금액,수업료및입학금일부감면여학생수,수업료및입학금일부감면남학생수,장학금기타감면금액,장학금기타감면여학생수,장학금기타감면남학생수,입학금전액감면금액,입학금전액감면여학생수,입학금전액감면남학생수,입학금일부감면금액,입학금일부감면여학생수,입학금일부감면남학생수,기성회비전액감면금액,기성회비전액감면여학생수,내부장학금수혜여학생수,내부장학금액,근로장학금수혜남학생수,교직원장학금액,교직원장학금수혜여학생수,교직원장학금수혜남학생수,기타장학금액,기타장학금수혜여학생수,기타장학금수혜남학생수,봉사장학금액,봉사장학금수혜여학생수,봉사장학금수혜남학생수,저소득층장학금액,저소득층장학금수혜여학생수,저소득층장학금수혜남학생수,성적우수장학금액,성적우수장학금수혜여학생수,성적우수장학금수혜남학생수,근로장학금액,근로장학금수혜여학생수,기성회비전액감면남학생수,기성회비일부감면금액,정부교외장학금수혜여학생수,정부교외장학금수혜남학생수,장학금급여및학비감면_여자재학생수,장학금급여및학비감면_남자재학생수,정부교외장학금액,지방교외장학금수혜남학생수,지방교외장학금수혜여학생수,기성회비일부감면여학생수,기성회비일부감면남학생수,수업료전액감면금액,수업료전액감면여학생수,수업료전액감면남학생수,수업료일부감면금액,수업료일부감면여학생수,수업료일부감면남학생수,학비전액감면금액,학비전액감면여학생수,학비전액감면남학생수,학비일부감면금액,학비일부감면여학생수,학비일부감면남학생수,기타교외장학금액,기타교외장학금수혜여학생수,기타교외장학금수혜남학생수,지방교외장학금액",,Y,,3,primary,catalogued_not_downloaded,
"고등교육통계(7종, 102테이블)",34,고등교육통계,학생,0221,재적학생현황_대학원,대학원,EDSS file data,EDSS open data (source custodian recorded by domain),https://www.edmgr.kr/edss/es/opd/odd/od/es_opd_oddod01_001,2009~2025,대학·학과,"조사년도,학교구분명,석박사구분명,성별명,단과대학명,학과명,학과특성명,재적학생_대학원_재적학생수,재적학생_대학원_휴학생수,재적학생_대학원_재학생수",,Y,,3,primary,catalogued_not_downloaded,
"고등교육통계(7종, 102테이블)",35,고등교육통계,학생,0222,재적학생현황_대학원_공동운영,대학원,EDSS file data,EDSS open data (source custodian recorded by domain),https://www.edmgr.kr/edss/es/opd/odd/od/es_opd_oddod01_001,2010~2013,대학·학교,"조사년도,학교구분명,본분교명,국내외구분명,전체재학생수,재적_대학원_공동운영_휴학생수,대학원_공동운영_재적학생수",,Y,,3,primary,catalogued_not_downloaded,
"고등교육통계(7종, 102테이블)",36,고등교육통계,학생,0223,재적학생현황_정원외전형별,전문대학/대학,EDSS file data,EDSS open data (source custodian recorded by domain),https://www.edmgr.kr/edss/es/opd/odd/od/es_opd_oddod01_001,2009~2013,대학·학과,"조사년도,학교구분명,단과대학명,학과명,학과특성명,학년명,전형구분명,재적학생_정원외전형별_재적학생수,재적학생_정원외전형별_휴학생수,정원외전형별_재학생수",,Y,,3,primary,catalogued_not_downloaded,
"고등교육통계(7종, 102테이블)",37,고등교육통계,학생,0223,재적학생현황_정원외전형별,전문대학/대학,EDSS file data,EDSS open data (source custodian recorded by domain),https://www.edmgr.kr/edss/es/opd/odd/od/es_opd_oddod01_001,2014~2022,대학·학과,"조사년도,학교구분명,단과대학명,학과명,학과특성명,학년명,전형구분명,재적학생_정원외전형별_재적학생수,재적학생_정원외전형별_휴학생수,정원외전형별_재학생수",,Y,,3,primary,catalogued_not_downloaded,
"고등교육통계(7종, 102테이블)",38,고등교육통계,학생,0224,재적학생현황_학과별정원내,전문대학/대학,EDSS file data,EDSS open data (source custodian recorded by domain),https://www.edmgr.kr/edss/es/opd/odd/od/es_opd_oddod01_001,2009~2013,대학·학과,"조사년도,학교구분명,단과대학명,학과명,학과특성명,재적학생_학과별정원내_유급학생수,재적학생_학과별정원내_당초입학생수,재적학생_학과별정원내_입학생수,재적학생_학과별정원내_입학정원수,재적학생_학과별정원내_여자휴학생수,재적_학과별정원내_남자휴학생수,재적학생_학과별정원내_제적학생수,재적_학과별정원내_금학기휴학생수,재적학생_학과별정원내_여자재학생수,재적학생_학과별정원내_남자재학생수,재적_학과별정원내_금학기편입생수,재적_학과별정원내_편입생수,재적_학과별정원내_금학기전과학생수,재적_학과별정원내_어학연수남학생수,재적학생_학과별정원내_어학연수여학생수,재적_학과별정원내_취업준비남학생수,재적_학과별정원내_취업준비여학생수,재적학생_학과별정원내_입대학생수,재적_학과별정원내_미등록남학생수,재적학생_학과별정원내_미등록여학생수,재적_학과별정원내_경제사정남학생수,재적학생_학과별정원내_경제사정여학생수,재적_학과별정원내_개인사정남학생수,재적학생_학과별정원내_개인사정여학생수,재적학생_학과별정원내_전과학생수,학과별정원내_금학기재입학학생수,재입학생수,재적_학과별정원내_금학기복학생수,재적_학과별정원내_복학생수,재적_학과별정원내_금학기유급학생수",,Y,,3,primary,catalogued_not_downloaded,
"고등교육통계(7종, 102테이블)",39,고등교육통계,학생,0224,재적학생현황_학과별정원내,전문대학/대학,EDSS file data,EDSS open data (source custodian recorded by domain),https://www.edmgr.kr/edss/es/opd/odd/od/es_opd_oddod01_001,2014~2022,대학·학과,"조사년도,학교구분명,학위과정구분명,단과대학명,학과명,학과특성명,수업연한명,재적_학과별정원내_남자재학생수,재적_학과별정원내_여자재학생수,재적_학과별정원내_금학기휴학생수,재적_학과별정원내_남자휴학생수,재적_학과별정원내_여자휴학생수,재적학생_학과별정원내_어학연수남학생수,재적_학과별정원내_어학연수여학생수,재적학생_학과별정원내_취업준비남학생수,재적_학과별정원내_취업준비여학생수,재적_학과별정원내_입대학생수,재적학생_학과별정원내_미등록남학생수,재적_학과별정원내_미등록여학생수,재적학생_학과별정원내_경제사정남학생수,재적_학과별정원내_경제사정여학생수,재적학생_학과별정원내_개인사정남학생수,재적_학과별정원내_개인사정여학생수,재적_학과별정원내_금학기편입생수,재적_학과별정원내_편입생수,재적_학과별정원내_금학기전과학생수,재적_학과별정원내_당초입학생수,재적_학과별정원내_유급학생수,재적_학과별정원내_금학기유급학생수,재적_학과별정원내_복학생수,재적_학과별정원내_금학기복학생수,재적_학과별정원내_재입학생수,재적_학과별정원내_금학기재입학학생수,재적_학과별정원내_전과학생수",,Y,,3,primary,catalogued_not_downloaded,
"고등교육통계(7종, 102테이블)",40,고등교육통계,학생,0225,재적학생현황_학과별정원외,전문대학/대학,EDSS file data,EDSS open data (source custodian recorded by domain),https://www.edmgr.kr/edss/es/opd/odd/od/es_opd_oddod01_001,2009~2013,대학·학과,"조사년도,학교구분명,단과대학명,학과명,학과특성명,재적_학과별정원외_금학기전과학생수,재적_학과별정원외_편입생수,재적_학과별정원외_금학기편입생수,재적학생_학과별정원외_남자재학생수,재적학생_학과별정원외_여자재학생수,재적_학과별정원외_금학기휴학생수,재적학생_학과별정원외_제적학생수,재적_학과별정원외_남자휴학생수,재적학생_학과별정원외_여자휴학생수,재적_학과별정원외_어학연수남학생수,재적학생_학과별정원외_어학연수여학생수,재적_학과별정원외_취업준비남학생수,재적_학과별정원외_취업준비여학생수,재적학생_학과별정원외_입대학생수,재적_학과별정원외_미등록남학생수,재적학생_학과별정원외_미등록여학생수,재적_학과별정원외_경제사정남학생수,재적학생_학과별정원외_경제사정여학생수,재적_학과별정원외_개인사정남학생수,재적학생_학과별정원외_개인사정여학생수,재적학생_학과별정원외_전과학생수,학과별정원외_금학기재입학학생수,재입학학생수,재적_학과별정원외_금학기복학생수,재적_학과별정원외_복학생수,재적_학과별정원외_금학기유급학생수,재적학생_학과별정원외_유급학생수,재적학생_학과별정원외_당초입학생수,재적학생_학과별정원외_입학생수,재적학생_학과별정원외_입학정원수",,Y,,3,primary,catalogued_not_downloaded,
"고등교육통계(7종, 102테이블)",41,고등교육통계,학생,0225,재적학생현황_학과별정원외,전문대학/대학,EDSS file data,EDSS open data (source custodian recorded by domain),https://www.edmgr.kr/edss/es/opd/odd/od/es_opd_oddod01_001,2014~2022,대학·학과,"조사년도,학교구분명,학위과정구분명,단과대학명,학과명,학과특성명,수업연한명,재적_학과별정원외_남자재학생수,재적_학과별정원외_여자재학생수,재적_학과별정원외_금학기휴학생수,재적_학과별정원외_남자휴학생수,재적_학과별정원외_여자휴학생수,재적학생_학과별정원외_어학연수남학생수,재적_학과별정원외_어학연수여학생수,재적학생_학과별정원외_취업준비남학생수,재적_학과별정원외_취업준비여학생수,재적_학과별정원외_입대학생수,재적학생_학과별정원외_미등록남학생수,재적_학과별정원외_미등록여학생수,재적학생_학과별정원외_경제사정남학생수,재적_학과별정원외_경제사정여학생수,재적학생_학과별정원외_개인사정남학생수,재적_학과별정원외_개인사정여학생수,재적_학과별정원외_금학기편입생수,재적_학과별정원외_편입생수,재적_학과별정원외_금학기전과학생수,재적_학과별정원외_당초입학생수,재적_학과별정원외_유급학생수,재적_학과별정원외_금학기유급학생수,재적_학과별정원외_복학생수,재적_학과별정원외_금학기복학생수,재적_학과별정원외_재입학생수,재적_학과별정원외_금학기재입학학생수,재적_학과별정원외_전과학생수",,Y,,3,primary,catalogued_not_downloaded,
"고등교육통계(7종, 102테이블)",42,고등교육통계,학생,0226,재학생해외연수일반현황,전문대학/대학,EDSS file data,EDSS open data (source custodian recorded by domain),https://www.edmgr.kr/edss/es/opd/odd/od/es_opd_oddod01_001,2009~2025,대학·학교,"조사년도,학교구분명,전문대학계열명,기타지원금액,지방자치단체지원금액,대학지원금액,국고지원금액,연수기간1년초과학생수,연수기간7개월이상12개월이하학생수,연수기간4개월이상6개월이하학생수,연수기간2개월이상3개월이하학생수,연수기간1개월이내학생수,기타지역연수학생수,중국연수학생수,일본연수학생수,기타영어권지역연수학생수,캐나다연수학생수,호주연수학생수,미국연수학생수",,Y,,3,primary,catalogued_not_downloaded,
"고등교육통계(7종, 102테이블)",43,고등교육통계,학생,0227,전문대학_자격증취득현황,전문대학/대학,EDSS file data,EDSS open data (source custodian recorded by domain),https://www.edmgr.kr/edss/es/opd/odd/od/es_opd_oddod01_001,2009~2022,대학·학교,"조사년도,학교구분명,성별명,전문대학계열명,위탁생복수자격취득자수,정원내외복수자격취득자수,위탁생민간자격취득자수,정원내외민간자격취득자수,위탁생국가자격취득자수,정원내외국가자격취득자수",,Y,,3,primary,catalogued_not_downloaded,
"고등교육통계(7종, 102테이블)",44,고등교육통계,학생,0228,졸업후상황,전문대학/대학,EDSS file data,EDSS open data (source custodian recorded by domain),https://www.edmgr.kr/edss/es/opd/odd/od/es_opd_oddod01_001,2009~2022,대학·학과,"조사년도,학교구분명,성별명,단과대학명,학과명,학과특성명,졸업후상태구분명,졸업후상황_학생수",,Y,,3,primary,catalogued_not_downloaded,
"고등교육통계(7종, 102테이블)",45,고등교육통계,학생,0229,졸업후상황_공동운영,전문대학/대학,EDSS file data,EDSS open data (source custodian recorded by domain),https://www.edmgr.kr/edss/es/opd/odd/od/es_opd_oddod01_001,2010~2013,대학·학과,"조사년도,학교구분명,성별명,단과대학명,학과명,학과특성명,졸업후상황_공동운영_졸업생수",,Y,,3,primary,catalogued_not_downloaded,
"고등교육통계(7종, 102테이블)",46,고등교육통계,학생,0229,졸업후상황_공동운영,전문대학/대학,EDSS file data,EDSS open data (source custodian recorded by domain),https://www.edmgr.kr/edss/es/opd/odd/od/es_opd_oddod01_001,2014~2025,대학·학과,"조사년도,학교구분명,성별명,학위과정구분명,단과대학명,학과명,학과특성명,수업연한명,국내외구분명,졸업후상황_공동운영_4학년재학생수,졸업후상황_공동운영_5학년재학생수,졸업후상황_공동운영_6학년재학생수,7학년재학생수,졸업후상황_공동운영_2학년휴학생수,졸업후상황_공동운영_3학년휴학생수,졸업후상황_공동운영_4학년휴학생수,졸업후상황_공동운영_5학년휴학생수,졸업후상황_공동운영_6학년휴학생수,졸업후상황_공동운영_졸업생수,졸업후상황_공동운영_3학년재학생수,졸업후상황_공동운영_2학년재학생수,졸업후상황_공동운영_1학년재학생수",,Y,,3,primary,catalogued_not_downloaded,
"고등교육통계(7종, 102테이블)",47,고등교육통계,학생,0230,지원자및입학현황,전문대학/대학,EDSS file data,EDSS open data (source custodian recorded by domain),https://www.edmgr.kr/edss/es/opd/odd/od/es_opd_oddod01_001,2009~2025,대학·학과,"조사년도,학교구분명,성별명,단과대학명,학과명,학과특성명,지원자입학생종류명,지원자입학생구분명,지원자및입학_학생수",,Y,,3,primary,catalogued_not_downloaded,
"고등교육통계(7종, 102테이블)",48,고등교육통계,학생,0231,지원자및입학현황_대학원,대학원,EDSS file data,EDSS open data (source custodian recorded by domain),https://www.edmgr.kr/edss/es/opd/odd/od/es_opd_oddod01_001,2009~2013,대학·학과,"조사년도,학교구분명,석박사구분명,성별명,단과대학명,학과명,학과특성명,지원자및입학_대학원_입학생수,지원자수",,Y,,3,primary,catalogued_not_downloaded,
"고등교육통계(7종, 102테이블)",49,고등교육통계,학생,0231,지원자및입학현황_대학원,대학원,EDSS file data,EDSS open data (source custodian recorded by domain),https://www.edmgr.kr/edss/es/opd/odd/od/es_opd_oddod01_001,2014~2025,대학·학과,"조사년도,학교구분명,석박사구분명,성별명,학위과정구분명,단과대학명,학과명,학과특성명,수업연한명,정원외입학생수,정원외지원자수,정원내입학생수,정원내지원자수",,Y,,3,primary,catalogued_not_downloaded,
"고등교육통계(7종, 102테이블)",50,고등교육통계,학생,0232,직업별신입및편입생현황,전문대학/대학,EDSS file data,EDSS open data (source custodian recorded by domain),https://www.edmgr.kr/edss/es/opd/odd/od/es_opd_oddod01_001,2009~2022,대학·학과,조사년도 학교구분명 성별명 단과대학명 학과명 학과특성명 수업형태명 직업별신입및편입생_편입생수 신입생수,,Y,,3,primary,catalogued_not_downloaded,
"고등교육통계(7종, 102테이블)",51,고등교육통계,학생,0233,직업별학생현황_방송통신대,전문대학,EDSS file data,EDSS open data (source custodian recorded by domain),https://www.edmgr.kr/edss/es/opd/odd/od/es_opd_oddod01_001,2009~2022,대학·학과,"조사년도,학교구분명,성별명,단과대학명,학과명,학과특성명,수업형태명,직업별학생_방송통신대_학생수",,Y,,3,primary,catalogued_not_downloaded,
"고등교육통계(7종, 102테이블)",52,고등교육통계,학생,0234,학과별외국인유학생현황,전문대학/대학,EDSS file data,EDSS open data (source custodian recorded by domain),https://www.edmgr.kr/edss/es/opd/odd/od/es_opd_oddod01_001,2010~2013,대학·학과,"조사년도,학교구분명,단과대학명,학과명,학과특성명,학과별외국인유학생_재적학생수,학과별외국인유학생_휴학생수,학과별외국인유학생_재학생수",,Y,,3,primary,catalogued_not_downloaded,
"고등교육통계(7종, 102테이블)",53,고등교육통계,학생,0234,학과별외국인유학생현황,전문대학/대학,EDSS file data,EDSS open data (source custodian recorded by domain),https://www.edmgr.kr/edss/es/opd/odd/od/es_opd_oddod01_001,2014~2022,대학·학과,"조사년도,학교구분명,학위과정구분명,단과대학명,학과명,학과특성명,수업연한명,재적구분명,5학년남학생수,6학년남학생수,1학년여학생수,2학년여학생수,3학년여학생수,4학년여학생수,5학년여학생수,6학년여학생수,남자졸업생수,여자졸업생수,4학년남학생수,3학년남학생수,2학년남학생수,1학년남학생수",,Y,,3,primary,catalogued_not_downloaded,
"고등교육통계(7종, 102테이블)",54,고등교육통계,학생,0235,학과별외국인유학생현황_대학원,대학원,EDSS file data,EDSS open data (source custodian recorded by domain),https://www.edmgr.kr/edss/es/opd/odd/od/es_opd_oddod01_001,2010~2013,대학·학과,"조사년도,학교구분명,단과대학명,학과명,학과특성명,학과별외국인유학생_대학원_재학생수,학과별외국인유학생_대학원_재적학생수,학과별외국인유학생_대학원_휴학생수",,Y,,3,primary,catalogued_not_downloaded,
"고등교육통계(7종, 102테이블)",55,고등교육통계,학생,0235,학과별외국인유학생현황_대학원,대학원,EDSS file data,EDSS open data (source custodian recorded by domain),https://www.edmgr.kr/edss/es/opd/odd/od/es_opd_oddod01_001,2014~2022,대학·학과,조사년도학위과정구분명 단과대학명 학과명 학과특성명 수업연한명 재적구분명 석박사통합과정여자재학생수 박사과정여자재학생수 석사과정여자재학생수 석박사통합과정남자재학생수 박사과정남자재학생수 석사과정남자재학생수,,Y,,3,primary,catalogued_not_downloaded,
"고등교육통계(7종, 102테이블)",56,고등교육통계,학생,0236,학교본분교현황,전체,EDSS file data,EDSS open data (source custodian recorded by domain),https://www.edmgr.kr/edss/es/opd/odd/od/es_opd_oddod01_001,2009~2025,대학·학교,"조사년도,학교구분명,대학원대학수,분교학교수,본교학교수,학교수",,Y,,3,primary,catalogued_not_downloaded,
"고등교육통계(7종, 102테이블)",57,고등교육통계,학생,0237,학교재적학생현황,전체,EDSS file data,EDSS open data (source custodian recorded by domain),https://www.edmgr.kr/edss/es/opd/odd/od/es_opd_oddod01_001,2009~2013,대학·학과,"조사년도,학교구분명,학과명,단과대학명,학과특성명,1학년재학생수,학교재적학생_여자재학생수,학교재적학생_재학생수,학교재적학생_6학년여자휴학생수,6학년휴학생수,학교재적학생_5학년여자휴학생수,5학년휴학생수,학교재적학생_4학년여자휴학생수,4학년휴학생수,학교재적학생_3학년여자휴학생수,3학년휴학생수,학교재적학생_2학년여자휴학생수,학교재적학생_1학년여자재학생수,2학년재학생수,학교재적학생_2학년여자재학생수,3학년재학생수,학교재적학생_3학년여자재학생수,4학년재학생수,학교재적학생_4학년여자재학생수,5학년재학생수,학교재적학생_5학년여자재학생수,6학년재학생수,학교재적학생_6학년여자재학생수,국내입학정원수,국외입학정원수,2학년휴학생수,학교재적학생_1학년여자휴학생수,학과수,박사과정학과수,학교재적학생_재적학생수,학교재적_재적여학생수,1학년재적학생수,학교재적학생_1학년재적여학생수,2학년재적학생수,1학년휴학생수,학교재적학생_여자휴학생수,학교재적학생_휴학생수,학교재적_6학년재적여학생수,6학년재적학생수,학교재적_5학년재적여학생수,5학년재적학생수,학교재적_4학년재적여학생수,4학년재적학생수,학교재적_3학년재적여학생수,3학년재적학생수,학교재적_2학년재적여학생수",,Y,,3,primary,catalogued_not_downloaded,
"고등교육통계(7종, 102테이블)",58,고등교육통계,학생,0237,학교재적학생현황,전체,EDSS file data,EDSS open data (source custodian recorded by domain),https://www.edmgr.kr/edss/es/opd/odd/od/es_opd_oddod01_001,2014~2025,대학·학과,"조사년도,학교구분명,학위과정구분명,단과대학명,학과명,학과특성명,수업연한명,학교재적학생_재학생수,6학년여자휴학생수,학교재적학생_6학년휴학생수,5학년여자휴학생수,학교재적학생_5학년휴학생수,4학년여자휴학생수,학교재적학생_4학년휴학생수,3학년여자휴학생수,학교재적학생_3학년휴학생수,2학년여자휴학생수,학교재적학생_2학년휴학생수,1학년여자휴학생수,학교재적학생_여자재학생수,학교재적학생_1학년재학생수,1학년여자재학생수,학교재적학생_2학년재학생수,2학년여자재학생수,학교재적학생_3학년재학생수,3학년여자재학생수,학교재적학생_4학년재학생수,4학년여자재학생수,학교재적학생_5학년재학생수,5학년여자재학생수,학교재적학생_6학년재학생수,6학년여자재학생수,1학년휴학생수,학교재적학생_여자휴학생수,학과수,박사과정학과수,학교재적학생_재적학생수,재적여학생수,1학년재적학생수,학교재적학생_휴학생수,6학년재적여학생수,6학년재적학생수,5학년재적여학생수,5학년재적학생수,4학년재적여학생수,4학년재적학생수,3학년재적여학생수,3학년재적학생수,2학년재적여학생수,2학년재적학생수,1학년재적여학생수",,Y,,3,primary,catalogued_not_downloaded,
"고등교육통계(7종, 102테이블)",59,고등교육통계,학생,0238,학년별재적학생현황_공동운영,전문대학/대학,EDSS file data,EDSS open data (source custodian recorded by domain),https://www.edmgr.kr/edss/es/opd/odd/od/es_opd_oddod01_001,2010~2013,대학·학과,"조사년도,학교구분명,본분교명,국내외구분명,전공명,학년별재적_공동운영_6학년여자휴학생수,6학년남자휴학생수,학년별재적_공동운영_5학년여자휴학생수,5학년남자휴학생수,학년별재적_공동운영_4학년여자휴학생수,4학년남자휴학생수,학년별재적_공동운영_3학년여자휴학생수,3학년남자휴학생수,학년별재적_공동운영_2학년여자휴학생수,2학년남자휴학생수,학년별재적_공동운영_1학년여자휴학생수,1학년남자휴학생수,학년별재적_공동운영_여자휴학생수,재적남학생수,학년별_공동운영_재적여학생수,1학년재적남학생수,학년별재적_공동운영_1학년재적여학생수,2학년재적남학생수,학년별_공동운영_2학년재적여학생수,3학년재적남학생수,학년별_공동운영_3학년재적여학생수,4학년재적남학생수,학년별_공동운영_4학년재적여학생수,5학년재적남학생수,학년별_공동운영_5학년재적여학생수,6학년재적남학생수,학년별_공동운영_6학년재적여학생수,학년별재적_공동운영_남자휴학생수,학년별재적_공동운영_6학년여자재학생수,학년별재적학생_공동운영_입학정원수,6학년남자재학생수,학년별재적_공동운영_5학년여자재학생수,5학년남자재학생수,학년별재적_공동운영_4학년여자재학생수,4학년남자재학생수,학년별재적_공동운영_3학년여자재학생수,3학년남자재학생수,학년별재적_공동운영_2학년여자재학생수,2학년남자재학생수,학년별재적_공동운영_1학년여자재학생수,1학년남자재학생수,학년별재적_공동운영_여자재학생수,학년별재적_공동운영_남자재학생수",,Y,,3,primary,catalogued_not_downloaded,
"고등교육통계(7종, 102테이블)",60,고등교육통계,학생,0239,학부편제정원및재학생현황_일반및산업대학,대학,EDSS file data,EDSS open data (source custodian recorded by domain),https://www.edmgr.kr/edss/es/opd/odd/od/es_opd_oddod01_001,2009~2013,대학·학교,"조사년도,학교구분명,계열구분명,학부편제_일반및산업대학_재학생수,5년전입학정원수,4년전입학정원수,3년전입학정원수,2년전입학정원수,1년전입학정원수,일반및산업대학_입학정원수",,Y,,3,primary,catalogued_not_downloaded,
"고등교육통계(7종, 102테이블)",61,고등교육통계,학생,0240,학생동태현황_제적사유별,전문대학/대학,EDSS file data,EDSS open data (source custodian recorded by domain),https://www.edmgr.kr/edss/es/opd/odd/od/es_opd_oddod01_001,2011~2022,대학·학과,"조사년도,학교구분명,성별명,학과명,단과대학명,제적사유명,학과특성명,학생동태_제적사유별_제적학생수",,Y,,3,primary,catalogued_not_downloaded,
"고등교육통계(7종, 102테이블)",62,고등교육통계,학생,0241,학생동태현황_제적사유별_대학원,대학원,EDSS file data,EDSS open data (source custodian recorded by domain),https://www.edmgr.kr/edss/es/opd/odd/od/es_opd_oddod01_001,2011~2022,대학·학과,"조사년도,학교구분명,석박사구분명,성별명,단과대학명,학과명,학과특성명,제적사유명,제적사유별_대학원_제적학생수",,Y,,3,primary,catalogued_not_downloaded,
"고등교육통계(7종, 102테이블)",63,고등교육통계,학생,0242,학생변동상황,전문대학/대학,EDSS file data,EDSS open data (source custodian recorded by domain),https://www.edmgr.kr/edss/es/opd/odd/od/es_opd_oddod01_001,2009~2013,대학·학과,"조사년도,학교구분명,성별명,단과대학명,학과명,학과특성명,학생변동상황_휴학생수,학생변동상황_복학생수,학생변동상황_제적학생수,학생변동상황_복적학생수,학생변동상황_편입생수,학생변동상황_전출학생수,학생변동상황_입대학생수,학생변동상황_일반휴학생수,학생변동상황_기타학생수",,Y,,3,primary,catalogued_not_downloaded,
"고등교육통계(7종, 102테이블)",64,고등교육통계,학생,0242,학생변동상황,전문대학/대학,EDSS file data,EDSS open data (source custodian recorded by domain),https://www.edmgr.kr/edss/es/opd/odd/od/es_opd_oddod01_001,2014~2022,대학·학과,"조사년도,학교구분명,성별명,단과대학명,학과명,학과특성명,수업형태명,학생변동상황_입대학생수,학생변동상황_일반휴학생수,학생변동상황_복학생수,학생변동상황_재입학생수,학생변동상황_편입생수",,Y,,3,primary,catalogued_not_downloaded,
"고등교육통계(7종, 102테이블)",65,고등교육통계,학생,0243,학생변동상황_대학원,대학원,EDSS file data,EDSS open data (source custodian recorded by domain),https://www.edmgr.kr/edss/es/opd/odd/od/es_opd_oddod01_001,2009~2013,대학·학과,"조사년도,학교구분명,석박사구분명,성별명,단과대학명,학과명,학과특성명,수업형태명,학생변동상황_대학원_휴학생수,학생변동상황_대학원_복학생수,학생변동상황_대학원_제적학생수,학생변동상황_대학원_복적학생수,학생변동상황_대학원_편입생수,학생변동상황_대학원_전출학생수,학생변동상황_대학원_입대학생수,학생변동상황_대학원_일반휴학생수,학생변동상황_대학원_기타학생수",,Y,,3,primary,catalogued_not_downloaded,
"고등교육통계(7종, 102테이블)",66,고등교육통계,학생,0243,학생변동상황_대학원,대학원,EDSS file data,EDSS open data (source custodian recorded by domain),https://www.edmgr.kr/edss/es/opd/odd/od/es_opd_oddod01_001,2014~2022,대학·학과,"조사년도,학교구분명,석박사구분명,성별명,단과대학명,학과명,학과특성명,정원구분명,수업형태명,학생변동상황_대학원_편입생수,학생변동상황_대학원_재입학생수,학생변동상황_대학원_복학생수,학생변동상황_대학원_일반휴학생수,학생변동상황_대학원_입대학생수",,Y,,3,primary,catalogued_not_downloaded,
"고등교육통계(7종, 102테이블)",67,고등교육통계,학생,0244,학생제적현황_제적사유별,전문대학/대학,EDSS file data,EDSS open data (source custodian recorded by domain),https://www.edmgr.kr/edss/es/opd/odd/od/es_opd_oddod01_001,2014~2025,대학·학과,"조사년도,학교구분명,성별명,단과대학명,학과명,학과특성명,제적사유명,학생제적_사유별_제적학생수",,Y,,3,primary,catalogued_not_downloaded,
"고등교육통계(7종, 102테이블)",68,고등교육통계,학생,0245,학생제적현황_제적사유별_대학원,대학원,EDSS file data,EDSS open data (source custodian recorded by domain),https://www.edmgr.kr/edss/es/opd/odd/od/es_opd_oddod01_001,2014~2025,대학·학과,"조사년도,학교구분명,석박사구분명,성별명,단과대학명,학과명,학과특성명,제적사유명,학생제적_사유별_대학원_제적학생수",,Y,,3,primary,catalogued_not_downloaded,
"고등교육통계(7종, 102테이블)",69,고등교육통계,학생,0246,학생편제정원현황_대학원,대학원,EDSS file data,EDSS open data (source custodian recorded by domain),https://www.edmgr.kr/edss/es/opd/odd/od/es_opd_oddod01_001,2009~2013,대학·학교,"조사년도,학교구분명,본분교명,계열구분명,3년전8학기편제정원학생수,2년전8학기편제정원학생수,1년전8학기편제정원학생수,금년도8학기편제정원학생수,2년전6학기편제정원학생수,1년전6학기편제정원학생수,금년도6학기편제정원학생수,2년전5학기편제정원학생수,1년전5학기편제정원학생수,금년도5학기편제정원학생수,1년전4학기편제정원학생수,금년도4학기편제정원학생수",,Y,,3,primary,catalogued_not_downloaded,
"고등교육통계(7종, 102테이블)",70,고등교육통계,학생,0246,학생편제정원현황_대학원,대학원,EDSS file data,EDSS open data (source custodian recorded by domain),https://www.edmgr.kr/edss/es/opd/odd/od/es_opd_oddod01_001,2014~2025,대학·학교,"조사년도,학교구분명,본분교명,계열구분명,학기통합명,인원구분명,학생편제정원_대학원_인원수",,Y,,3,primary,catalogued_not_downloaded,
"고등교육통계(7종, 102테이블)",71,고등교육통계,학생,0247,산학협동과정입학정원현황_대학원,대학원,EDSS file data,EDSS open data (source custodian recorded by domain),https://www.edmgr.kr/edss/es/opd/odd/od/es_opd_oddod01_001,2009~2025,대학·학과,"조사년도,학교구분명,시도명,학위과정구분명,단과대학명,학과명,학과특성명,수업연한명,산학협동과정_대학원_입학정원수",,Y,,3,primary,catalogued_not_downloaded,
"고등교육통계(7종, 102테이블)",72,고등교육통계,학생,0248,학위취득및취득후상황_대학원,대학원,EDSS file data,EDSS open data (source custodian recorded by domain),https://www.edmgr.kr/edss/es/opd/odd/od/es_opd_oddod01_001,2009~2013,대학·학과,"조사년도,학교구분명,석박사구분명,성별명,단과대학명,학과명,학과특성명,대학원_학위취득자수,진학자수,취업자수,학위취득및취득후상황_대학원_입대학생수,외국유학생수,취업불가능자수,기타수,미상수,제외인정자수,무직자수",,Y,,3,primary,catalogued_not_downloaded,
"고등교육통계(7종, 102테이블)",73,고등교육통계,학생,0248,학위취득및취득후상황_대학원,대학원,EDSS file data,EDSS open data (source custodian recorded by domain),https://www.edmgr.kr/edss/es/opd/odd/od/es_opd_oddod01_001,2014~2022,대학·학과,"조사년도,학교구분명,석박사구분명,성별명,학위과정구분명,단과대학명,학과명,학과특성명,수업연한명,정원외학위취득자수,진학자수,취업자수,학위취득및취득후상황_대학원_입대학생수,외국유학생수,취업불가능자수,기타수,미상수,제외인정자수,무직자수,정원내학위취득자수",,Y,,3,primary,catalogued_not_downloaded,
"고등교육통계(7종, 102테이블)",74,고등교육통계,학생,0249,학위취득상황_대학원_공동운영,대학원,EDSS file data,EDSS open data (source custodian recorded by domain),https://www.edmgr.kr/edss/es/opd/odd/od/es_opd_oddod01_001,2010~2025,대학·학과,"조사년도,학교구분명,석박사구분명,성별명,학위과정구분명,단과대학명,학과명,학과특성명,수업연한명,국내외구분명,학위취득자수",,Y,,3,primary,catalogued_not_downloaded,
"고등교육통계(7종, 102테이블)",75,고등교육통계,교직원,0301,총원장및전임교원현황,전체,EDSS file data,EDSS open data (source custodian recorded by domain),https://www.edmgr.kr/edss/es/opd/odd/od/es_opd_oddod01_001,2009~2013,대학·학과,"조사년도,학교구분명,보직여부,연금가입여부,타대학근무경험여부,본교출신여부,임상강의여부,징계기간월수,징계사유내용,징계처분년도,안식년횟수,안식년기간월수,현직위승진일자,임용종료일자,임용시작일자,본대학근무년수,사외이사회사명,사외이사기간월수,주당전공실기수업시간,주당전공이론수업시간,최근근무대학근무기간월수,기금교수여부,학위취득년도,출신학과명,겸직기간월수,타대학근무년수,산업체근무년수,파견연장기간월수,담당과목명,일련번호,주당교양수업시간,주당전공수업시간,파견당초기간월수,파견직위명,파견사유내용,복직일자,퇴직일자,휴직횟수,휴직기간월수,휴직일자,재임용횟수,재임용일자,신규채용여부,성별명,학위취득국가명,국가명,대학교연령명,전임교원직위명,학과명,학위과정구분명,전공명,시도명,기준소득월액구간명,호봉명,교원동태구분명,총원장및전임교원_교원수",,Y,,3,primary,catalogued_not_downloaded,
"고등교육통계(7종, 102테이블)",76,고등교육통계,교직원,0301,총원장및전임교원현황,전체,EDSS file data,EDSS open data (source custodian recorded by domain),https://www.edmgr.kr/edss/es/opd/odd/od/es_opd_oddod01_001,2014~2025,대학·학과,"조사년도,학교구분명,성별명,학위취득국가명,국가명,대학교연령명,전임교원직위명,학과명,겸직기관명,사외이사기간월수,사외이사회사명,보직여부,연금가입여부,타대학근무경험여부,본교출신여부,임상강의여부,징계기간월수,징계사유내용,징계처분년도,안식년횟수,안식년기간월수,현직위승진일자,임용종료일자,겸직기간월수,동일전공여부,주당전공실기수업시간,주당전공이론수업시간,최근근무대학근무기간월수,기금교수여부,학위취득년도,임용시작일자,본대학근무년수,주당전공수업시간,주당교양수업시간,담당과목명,타대학근무년수,산업체근무년수,파견연장기간월수,파견당초기간월수,파견직위명,파견사유내용,복직일자,퇴직일자,휴직횟수,휴직기간월수,휴직일자,재임용횟수,재임용일자,신규채용여부,단과대학명,학위과정구분명,전공명,시도명,기준소득월액구간명,호봉명,교원동태구분명,주당학점인정강의수업시간,교원수",,Y,,3,primary,catalogued_not_downloaded,
"고등교육통계(7종, 102테이블)",77,고등교육통계,교직원,0302,겸임및초빙교원현황,전체,EDSS file data,EDSS open data (source custodian recorded by domain),https://www.edmgr.kr/edss/es/opd/odd/od/es_opd_oddod01_001,2009~2013,대학·학과,"조사년도,학교구분명,본직담당업무명,타대학근무담당시간,직장건강보험가입여부,본교출신여부,임용시작일자,주당전공수업시간,주당교양수업시간,일련번호,성별명,대학교연령명,전임교원직위명,학과명,학위과정구분명,임용여부명,재원구분명,전공명,연간보수액구간명,담당과목명,겸임및초빙교원_주당전공이론수업시간,겸임및초빙교원_주당전공실기수업시간",,Y,,3,primary,catalogued_not_downloaded,
"고등교육통계(7종, 102테이블)",78,고등교육통계,교직원,0302,겸임및초빙교원현황,전체,EDSS file data,EDSS open data (source custodian recorded by domain),https://www.edmgr.kr/edss/es/opd/odd/od/es_opd_oddod01_001,2014~2025,대학·학과,"조사년도,학교구분명,성별명,학위취득국가명,대학교연령명,학과명,타대학근무담당시간,타대학강의여부,본직전화번호,최종학위취득년도,최종학위전공명,본직담당업무명,단과대학명,학위과정구분명,임용여부명,재원구분명,전공명,교원직위명,연간보수액구간명,건수",,Y,,3,primary,catalogued_not_downloaded,
"고등교육통계(7종, 102테이블)",79,고등교육통계,교직원,0303,기타교원현황,전체,EDSS file data,EDSS open data (source custodian recorded by domain),https://www.edmgr.kr/edss/es/opd/odd/od/es_opd_oddod01_001,2009~2013,대학·학과,"조사년도,학교구분명,성별명,국가명,출신학교국가명,대학교연령명,학과명,임용종료일자,연금가입여부,직장건강보험가입여부,본교출신여부,담당과목명,일련번호,학위과정구분명,임용여부명,재원구분명,전공명,시도명,연간보수액구간명,기타교원_주당전공이론수업시간,기타교원_주당전공실기수업시간,기타교원_주당전공수업시간,기타교원_주당교양수업시간",,Y,,3,primary,catalogued_not_downloaded,"(겸임,초빙교원,시간강사 제외한 비전임 교원)"
"고등교육통계(7종, 102테이블)",80,고등교육통계,교직원,0303,기타교원현황,전체,EDSS file data,EDSS open data (source custodian recorded by domain),https://www.edmgr.kr/edss/es/opd/odd/od/es_opd_oddod01_001,2014~2022,대학·학과,"조사년도,학교구분명,성별명,국가명,출신학교국가명,대학교연령명,전임교원직위명,학과명,임용종료일자,연금가입여부,직장건강보험가입여부,임용시작일자,개인번호,담당과목명,본교출신여부,단과대학명,학위과정구분명,임용여부명,재원구분명,전공명,시도명,연간보수액구간명,기타교원_주당교양수업시간,기타교원_주당전공수업시간,기타교원_주당전공이론수업시간,기타교원_주당전공실기수업시간,연간보수금액",,Y,,3,primary,catalogued_not_downloaded,
"고등교육통계(7종, 102테이블)",81,고등교육통계,교직원,0304,재직교원정현원현황,전체,EDSS file data,EDSS open data (source custodian recorded by domain),https://www.edmgr.kr/edss/es/opd/odd/od/es_opd_oddod01_001,2014~2022,대학·학교,"조사년도,학교구분명,시도명,교원직위명,여자외국인교원수,남자외국인교원수,여자교원수,남자교원수,재직교원정현원_정원수",,Y,,3,primary,catalogued_not_downloaded,
"고등교육통계(7종, 102테이블)",82,고등교육통계,교직원,0305,직원현황_교직원,전체,EDSS file data,EDSS open data (source custodian recorded by domain),https://www.edmgr.kr/edss/es/opd/odd/od/es_opd_oddod01_001,2009~2023,대학·학교,"조사년도,학교구분명,직종명,직종상세명,시도명,부설및병설학교현원수,대학교여자현원수,대학교남자현원수,직원_정원수",,Y,,3,primary,catalogued_not_downloaded,
"고등교육통계(7종, 102테이블)",83,고등교육통계,교직원,0306,시간강사인원현황,전체,EDSS file data,EDSS open data (source custodian recorded by domain),https://www.edmgr.kr/edss/es/opd/odd/od/es_opd_oddod01_001,2009~2013,대학·학교,"조사년도,학교구분명,시도명,계약기간1년이상시간강사수,계약기간1년시간강사수,계약기간6개월이내시간강사수,겸업시간강사수,전업시간강사수,박사시간강사수,박사수료시간강사수,석사이하시간강사수,의학환산인원수,의학주당담당시간수,1개학교출강시간강사수,2개학교출강시간강사수,3개학교이상출강시간강사수,30세이하시간강사수,31세이상40세이하시간강사수,40세초과시간강사수,시간당보수시간강사수,정액제시간강사수,주당3시간미만시간강사수,주당3시간이상6시간이하시간강사수,주당7시간이상9시간이하시간강사수,주당9시간초과시간강사수,의학여자시간강사수,의학남자시간강사수,인문사회남자시간강사수,인문사회여자시간강사수,인문사회주당담당시간수,인문사회환산인원수,자연과학남자시간강사수,자연과학여자시간강사수,자연과학주당담당시간수,자연과학환산인원수,공학남자시간강사수,공학여자시간강사수,공학주당담당시간수,공학환산인원수,예체능남자시간강사수,예체능여자시간강사수,예체능주당담당시간수,예체능환산인원수",,Y,,3,primary,catalogued_not_downloaded,
"고등교육통계(7종, 102테이블)",84,고등교육통계,교직원,0306,시간강사인원현황,전체,EDSS file data,EDSS open data (source custodian recorded by domain),https://www.edmgr.kr/edss/es/opd/odd/od/es_opd_oddod01_001,2014~2022,대학·학과,"조사년도,학교구분명,시도명,성별명,단과대학명,주당3시간미만시간강사수,정액제시간강사수,시간당보수시간강사수,3개학교이상출강시간강사수,2개학교출강시간강사수,1개학교출강시간강사수,겸업시간강사수,전업시간강사수,의학주당전공통합수업시간수,의학주당전공실기수업시간수,의학주당전공이론수업시간수,의학주당교양수업시간수,주당3시간이상6시간이하시간강사수,주당7시간이상9시간이하시간강사수,주당9시간초과시간강사수,석사이하시간강사수,박사수료시간강사수,박사시간강사수,30세이하시간강사수,31세이상40세이하시간강사수,40세초과시간강사수,계약기간6개월이내시간강사수,계약기간1년시간강사수,계약기간1년이상시간강사수,의학시간강사수,예체능주당전공통합수업시간수,예체능주당전공실기수업시간수,인문사회시간강사수,인문사회주당교양수업시간수,인문사회주당전공이론수업시간수,인문사회주당전공실기수업시간수,인문사회주당전공통합수업시간수,자연과학시간강사수,예체능주당전공이론수업시간수,예체능주당교양수업시간수,예체능시간강사수,공학주당전공통합수업시간수,공학주당전공실기수업시간수,공학주당전공이론수업시간수,공학주당교양수업시간수,공학시간강사수,자연과학주당전공통합수업시간수,자연과학주당전공실기수업시간수,자연과학주당전공이론수업시간수,자연과학주당교양수업시간수",,Y,,3,primary,catalogued_not_downloaded,
"고등교육통계(7종, 102테이블)",85,고등교육통계,교직원,0307,전임교원출신현황,전체,EDSS file data,EDSS open data (source custodian recorded by domain),https://www.edmgr.kr/edss/es/opd/odd/od/es_opd_oddod01_001,2009~2013,대학·학교,"조사년도,학교구분명,시도명,전임교원출신_전임교원수",,Y,,3,primary,catalogued_not_downloaded,
"고등교육통계(7종, 102테이블)",86,고등교육통계,교직원,0307,전임교원출신현황,전체,EDSS file data,EDSS open data (source custodian recorded by domain),https://www.edmgr.kr/edss/es/opd/odd/od/es_opd_oddod01_001,2014~2025,대학·학과,"조사년도,학교구분명,시도명,성별명,전임교원직위명,학과명,동일전공여부,본교출신여부,전공명,전임교원출신_전임교원수",,Y,,3,primary,catalogued_not_downloaded,
"고등교육통계(7종, 102테이블)",87,고등교육통계,교직원,0308,외국인전임교원현황_전공계열별,전체,EDSS file data,EDSS open data (source custodian recorded by domain),https://www.edmgr.kr/edss/es/opd/odd/od/es_opd_oddod01_001,2009~2013,대학·학교,"조사년도,학교구분명,본분교명,전임교원직위명,성별명,계열구분명,외국인전임교원_전공계열별_전임교원수",,Y,,3,primary,catalogued_not_downloaded,
"고등교육통계(7종, 102테이블)",88,고등교육통계,교직원,0309,외국인전임교원현황_국가별,전체,EDSS file data,EDSS open data (source custodian recorded by domain),https://www.edmgr.kr/edss/es/opd/odd/od/es_opd_oddod01_001,2009~2013,대학·학교,"조사년도,학교구분명,계열구분명,성별명,겸임초빙구분명,비전임교직원구분명,외국인비전임교원_전공계열별_비전임교원수",,Y,,3,primary,catalogued_not_downloaded,
"고등교육통계(7종, 102테이블)",89,고등교육통계,교직원,0310,외국인비전임교원현황_전공계열별,전체,EDSS file data,EDSS open data (source custodian recorded by domain),https://www.edmgr.kr/edss/es/opd/odd/od/es_opd_oddod01_001,2009~2013,대학·학교,"조사년도,학교구분명,본분교명,전임교원직위명,성별명,계열구분명,외국인전임교원_전공계열별_전임교원수",,Y,,3,primary,catalogued_not_downloaded,
"고등교육통계(7종, 102테이블)",90,고등교육통계,교직원,0311,외국인비전임교원현황_국가별,전체,EDSS file data,EDSS open data (source custodian recorded by domain),https://www.edmgr.kr/edss/es/opd/odd/od/es_opd_oddod01_001,2009~2013,대학·학교,"조사년도,학교구분명,성별명,겸임초빙구분명,비전임교직원구분명,외국인교원국가명,외국인비전임교원_국가별_비전임교원수",,Y,,3,primary,catalogued_not_downloaded,
"고등교육통계(7종, 102테이블)",91,고등교육통계,교직원,0312,교원주당수업시수현황_과목및시간,전체,EDSS file data,EDSS open data (source custodian recorded by domain),https://www.edmgr.kr/edss/es/opd/odd/od/es_opd_oddod01_001,2009~2013,대학·학교,"조사년도,학교구분명,시도명,계열구분명,학기구분명,교원주당수업시수_주당전공수업시간,교원주당수업시수_주당전공실기수업시간,교원주당수업시수_주당전공이론수업시간,교원주당수업시수_주당교양수업시간,주당전공개설과목수,주당전공실기개설과목수,주당전공이론개설과목수,주당교양개설과목수",,Y,,3,primary,catalogued_not_downloaded,
"고등교육통계(7종, 102테이블)",92,고등교육통계,교직원,0312,교원주당수업시수현황_과목및시간,전체,EDSS file data,EDSS open data (source custodian recorded by domain),https://www.edmgr.kr/edss/es/opd/odd/od/es_opd_oddod01_001,2014~2022,대학·학교,"조사년도,학교구분명,시도명,계열구분명,교원교양전공구분명,학기구분명,주당수업시간,주당개설과목수",,Y,,3,primary,catalogued_not_downloaded,
"고등교육통계(7종, 102테이블)",93,고등교육통계,교직원,0313,교원주당수업시수현황_인원,전체,EDSS file data,EDSS open data (source custodian recorded by domain),https://www.edmgr.kr/edss/es/opd/odd/od/es_opd_oddod01_001,2009~2013,대학·학교,"조사년도,학교구분명,시도명,교원구분명,학기구분명,주당전공수강학생수,주당전공실시수강학생수,주당전공이론수강학생수,주당교양수강학생수",,Y,,3,primary,catalogued_not_downloaded,
"고등교육통계(7종, 102테이블)",94,고등교육통계,교직원,0313,교원주당수업시수현황_인원,전체,EDSS file data,EDSS open data (source custodian recorded by domain),https://www.edmgr.kr/edss/es/opd/odd/od/es_opd_oddod01_001,2014~2022,대학·학교,"조사년도,학교구분명,시도명,계열구분명,학기구분명,교원교양전공구분명,주당수강학생수",,Y,,3,primary,catalogued_not_downloaded,
"고등교육통계(7종, 102테이블)",95,고등교육통계,교직원,0314,교원급여및수업시수현황,전체,EDSS file data,EDSS open data (source custodian recorded by domain),https://www.edmgr.kr/edss/es/opd/odd/od/es_opd_oddod01_001,2009~2014,대학·학교,"조사년도,학교구분명,시도명,교원직위구분명,평균주당수업시수,최저주당수업시수,최고주당수업시수,평균연간급여액,최저연간급여액,최고연간급여액,교원급여및수업시수_전임교원수",,Y,,3,primary,catalogued_not_downloaded,
"고등교육통계(7종, 102테이블)",96,고등교육통계,교직원,0315,교원현황_대학원대학,대학,EDSS file data,EDSS open data (source custodian recorded by domain),https://www.edmgr.kr/edss/es/opd/odd/od/es_opd_oddod01_001,2014~2022,대학·학교,"조사년도,학교구분명,시도명,계열구분명,대학원대학_시간강사환산인원수,대학원대학_비전임교원환산인원수,대학원대학_정원대비재학겸임초빙교원수,대학원대학_정원대비편제겸임초빙교원수,대학원대학_재학초빙교원인정인원수,대학원대학_편제초빙교원인정인원수,대학원대학_재학겸임교원인정인원수,대학원대학_편제겸임교원인정인원수,대학원대학_초빙교원환산인원수,대학원대학_겸임교원환산인원수,대학원대학_재학학부학생수,대학원대학_편제학부학생수",,Y,,3,primary,catalogued_not_downloaded,
"고등교육통계(7종, 102테이블)",97,고등교육통계,교직원,0316,교원현황_일반대학,일반대학,EDSS file data,EDSS open data (source custodian recorded by domain),https://www.edmgr.kr/edss/es/opd/odd/od/es_opd_oddod01_001,2014~2022,대학·학교,"조사년도,학교구분명,계열구분명,시도명,시간강사환산인원수,비전임교원환산인원수,정원대비재학겸임초빙교원수,정원대비편제겸임초빙교원수,재학초빙교원인정인원수,편제초빙교원인정인원수,재학겸임교원인정인원수,편제겸임교원인정인원수,초빙교원환산인원수,겸임교원환산인원수,재학학부학생수,편제학부학생수",,Y,,3,primary,catalogued_not_downloaded,
"고등교육통계(7종, 102테이블)",98,고등교육통계,교직원,0317,교원현황_산업대학,산업대학,EDSS file data,EDSS open data (source custodian recorded by domain),https://www.edmgr.kr/edss/es/opd/odd/od/es_opd_oddod01_001,2014~2022,대학·학교,"조사년도,학교구분명,시도명,계열구분명,시간강사환산인원수,비전임교원환산인원수,정원대비재학겸임초빙교원수,정원대비편제겸임초빙교원수,재학초빙교원인정인원수,편제초빙교원인정인원수,재학겸임교원인정인원수,편제겸임교원인정인원수,초빙교원환산인원수,겸임교원환산인원수,재학학부학생수,편제학부학생수",,Y,,3,primary,catalogued_not_downloaded,"17, 18, 19년 데이터 없음"
"고등교육통계(7종, 102테이블)",99,고등교육통계,교직원,0318,교원현황_전문대_위탁생미포함,전문대학,EDSS file data,EDSS open data (source custodian recorded by domain),https://www.edmgr.kr/edss/es/opd/odd/od/es_opd_oddod01_001,2009~2013,대학·학교,"조사년도,학교구분명,시도명,계열구분명,초빙교원인정재학생인원수,전임편제정원교원확보율,전임및재학생교원확보율,겸임포함편제정원교원확보율,겸임포함재학생교원확보율,초빙포함편제정원교원확보율,초빙포함재학생교원확보율,전문대_위탁생미포함_초빙포함편제정원교원1인당학생수,전문대_위탁생미포함_초빙포함재학생교원1인당학생수,전문대_위탁생미포함_전임편제정원교원1인당학생수,전문대_위탁생미포함_전임및재학생교원1인당학생수,전문대_위탁생미포함_겸임포함편제정원교원1인당학생수,전문대_위탁생미포함_겸임포함재학생교원1인당학생수,초빙교원인정편제인원수,겸임교원인정재학생인원수,전문대_위탁생미포함_편제겸임교원인정인원수,전문대_위탁생미포함_편제학생수,전문대_위탁생미포함_편제교원법정정원수,겸임포함재학생교원1인당학생수_2014년이후,전문대_위탁생미포함_겸임교원환산인원수,전문대_위탁생미포함_초빙교원환산인원수",,Y,,3,primary,catalogued_not_downloaded,
"고등교육통계(7종, 102테이블)",100,고등교육통계,교직원,0318,교원현황_전문대_위탁생미포함,전문대학,EDSS file data,EDSS open data (source custodian recorded by domain),https://www.edmgr.kr/edss/es/opd/odd/od/es_opd_oddod01_001,2014~2016,대학·학교,"조사년도,학교구분명,시도명,계열구분명,전문대_위탁생미포함_재학초빙포함교원확보율,전문대_위탁생미포함_초빙포함편제정원교원1인당학생수,전문대_위탁생미포함_초빙포함재학생교원1인당학생수,전문대_위탁생미포함_전임편제정원교원1인당학생수,전문대_위탁생미포함_전임및재학생교원1인당학생수,겸임포함편제정원교원1인당학생수,겸임포함재학생교원1인당학생수,전문대_위탁생미포함_편제겸임교원인정인원수,전문대_위탁생미포함_재학겸임교원인정인원수,전문대_위탁생미포함_편제초빙교원인정인원수,전문대_위탁생미포함_재학초빙교원인정인원수,전문대_위탁생미포함_편제초빙포함교원확보율,전문대_위탁생미포함_재학겸임포함교원확보율,전문대_위탁생미포함_편제학생수,전문대_위탁생미포함_편제교원법정정원수,전문대_위탁생미포함_위탁생포함재학생교원법정정원수,전문대_위탁생미포함_겸임교원환산인원수,전문대_위탁생미포함_초빙교원환산인원수,전문대_위탁생미포함_편제전임교원확보율,전문대_위탁생미포함_재학전임교원확보율,전문대_위탁생미포함_편제겸임포함교원확보율",,Y,,3,primary,catalogued_not_downloaded,
"고등교육통계(7종, 102테이블)",101,고등교육통계,교직원,0319,교원현황_전문대_위탁생포함,전문대학,EDSS file data,EDSS open data (source custodian recorded by domain),https://www.edmgr.kr/edss/es/opd/odd/od/es_opd_oddod01_001,2009~2013,대학·학교,"조사년도,학교구분명,시도명,계열구분명,전문대_재학초빙교원인정인원수,전문대_편제전임교원확보율,전문대_재학전임교원확보율,전문대_편제겸임포함교원확보율,전문대_재학겸임포함교원확보율,전문대_편제초빙포함교원확보율,전문대_재학초빙포함교원확보율,전문대_초빙포함편제정원교원1인당학생수,전문대_초빙포함재학생교원1인당학생수,전문대_전임편제정원교원1인당학생수,전문대_전임및재학생교원1인당학생수,겸임포함편제정원교원1인당학생수,겸임포함재학생교원1인당학생수,전문대_편제초빙교원인정인원수,전문대_재학겸임교원인정인원수,전문대_편제겸임교원인정인원수,전문대_편제학생수,전문대_편제교원법정정원수,위탁생포함재학생교원법정정원수,전문대_겸임교원환산인원수,전문대_초빙교원환산인원수",,Y,,3,primary,catalogued_not_downloaded,
"고등교육통계(7종, 102테이블)",102,고등교육통계,교직원,0319,교원현황_전문대_위탁생포함,전문대학,EDSS file data,EDSS open data (source custodian recorded by domain),https://www.edmgr.kr/edss/es/opd/odd/od/es_opd_oddod01_001,2014~2016,대학·학교,"조사년도,학교구분명,시도명,계열구분명,전문대_위탁생포함_위탁생포함재학생교원법정정원수,전문대_위탁생포함_겸임교원환산인원수,전문대_위탁생포함_초빙교원환산인원수,전문대_위탁생포함_편제전임교원확보율,전문대_위탁생포함_재학전임교원확보율,전문대_위탁생포함_편제겸임포함교원확보율,전문대_위탁생포함_재학초빙포함교원확보율,전문대_위탁생포함_초빙포함편제정원교원1인당학생수,전문대_위탁생포함_초빙포함재학생교원1인당학생수,전문대_위탁생포함_전임편제정원교원1인당학생수,전문대_위탁생포함_전임및재학생교원1인당학생수,겸임포함편제정원교원1인당학생수,겸임포함재학생교원1인당학생수,전문대_위탁생포함_편제겸임교원인정인원수,전문대_위탁생포함_재학겸임교원인정인원수,전문대_위탁생포함_편제초빙교원인정인원수,전문대_위탁생포함_재학초빙교원인정인원수,전문대_위탁생포함_편제초빙포함교원확보율,전문대_위탁생포함_재학겸임포함교원확보율,전문대_위탁생포함_편제학생수,전문대_위탁생포함_편제교원법정정원수",,Y,,3,primary,catalogued_not_downloaded,
"고등교육통계(7종, 102테이블)",103,고등교육통계,교직원,0320,교원현황_전문대_학과별,전문대학,EDSS file data,EDSS open data (source custodian recorded by domain),https://www.edmgr.kr/edss/es/opd/odd/od/es_opd_oddod01_001,2009~2022,대학·학과,"조사년도,학교구분명,학과명,계열구분명,시도명,전문대_학과별_편제겸임포함교원확보율,전문대_학과별_재학겸임포함교원확보율,전문대_학과별_편제초빙포함교원확보율,전문대_학과별_재학초빙포함교원확보율,편제전임교원1인당학생수,재학전임교원1인당학생수,편제겸임포함교원1인당학생수,재학겸임포함교원1인당학생수,편제초빙포함교원1인당학생수,재학초빙포함교원1인당학생수,전문대_학과별_재학전임교원확보율,전문대_학과별_편제전임교원확보율,전문대_학과별_편제학생수,전문대_학과별_편제교원법정정원수,위탁생포함재학교원법정정원수,전문대_학과별_겸임교원환산인원수,전문대_학과별_초빙교원환산인원수",,Y,,3,primary,catalogued_not_downloaded,
"고등교육통계(7종, 102테이블)",104,고등교육통계,교직원,0321,교수교육훈련현황,대학,EDSS file data,EDSS open data (source custodian recorded by domain),https://www.edmgr.kr/edss/es/opd/odd/od/es_opd_oddod01_001,2009~2013,대학·학교,"조사년도,학교구분명,시도명,교수교육_교외국외프로그램참가인원수,교수교육_교외국내프로그램참가인원수,교수교육_교내국외프로그램참가인원수,교수교육_교내국내프로그램참가인원수",,Y,,3,primary,catalogued_not_downloaded,
"고등교육통계(7종, 102테이블)",105,고등교육통계,교직원,0321,교수교육훈련현황,대학,EDSS file data,EDSS open data (source custodian recorded by domain),https://www.edmgr.kr/edss/es/opd/odd/od/es_opd_oddod01_001,2014~2022,대학·학교,"조사년도,학교구분명,시도명,교수교직원구분명,교외국외프로그램참가인원수,교외국내프로그램참가인원수,교내국외프로그램참가인원수,교내국내프로그램참가인원수",,Y,,3,primary,catalogued_not_downloaded,
"고등교육통계(7종, 102테이블)",106,고등교육통계,교직원,0322,교원자격증발급현황,대학,EDSS file data,EDSS open data (source custodian recorded by domain),https://www.edmgr.kr/edss/es/opd/odd/od/es_opd_oddod01_001,2015~2025,대학·학교,"조사년도,학교구분명,학생수",,Y,,3,primary,catalogued_not_downloaded,
"고등교육통계(7종, 102테이블)",107,고등교육통계,교직원,0323,국립대학배정정원및채용현황,대학,EDSS file data,EDSS open data (source custodian recorded by domain),https://www.edmgr.kr/edss/es/opd/odd/od/es_opd_oddod01_001,2009~2022,대학·학교,"조사년도,학교구분명,배정인원수,미채용인원수,채용인원수",,Y,,3,primary,catalogued_not_downloaded,
"고등교육통계(7종, 102테이블)",108,고등교육통계,교직원,0324,직원연수및교육훈련실적_교원제외,대학,EDSS file data,EDSS open data (source custodian recorded by domain),https://www.edmgr.kr/edss/es/opd/odd/od/es_opd_oddod01_001,2009~2013,대학·학교,"조사년도,학교구분명,교원제외_교외국외프로그램참가인원수,교원제외_교외국내프로그램참가인원수,교원제외_교내국외프로그램참가인원수,교원제외_교내국내프로그램참가인원수",,Y,,3,primary,catalogued_not_downloaded,
"고등교육통계(7종, 102테이블)",109,고등교육통계,교직원,0325,전임교원재임용현황,전문대학,EDSS file data,EDSS open data (source custodian recorded by domain),https://www.edmgr.kr/edss/es/opd/odd/od/es_opd_oddod01_001,2009~2012,대학·학교,"조사년도,학교구분명,전임교원재임용_기타탈락인원수,전임교원재임용_자격미달탈락인원수,전임교원재임용_해외연수탈락인원수,전임교원재임용_연구실적물부족탈락인원수,전임강사재임용대상인원수,조교수재임용대상인원수,부교수재임용대상인원수,교수재임용대상인원수",,Y,,3,primary,catalogued_not_downloaded,
"고등교육통계(7종, 102테이블)",110,고등교육통계,교직원,0326,전임교원승진현황,전문대학,EDSS file data,EDSS open data (source custodian recorded by domain),https://www.edmgr.kr/edss/es/opd/odd/od/es_opd_oddod01_001,2009~2012,대학·학교,"조사년도,학교구분명,전임교원승진_기타탈락인원수,전임교원승진_자격미달탈락인원수,전임교원승진_해외연수탈락인원수,전임교원승진_연구실적물부족탈락인원수,전임강사승진대상인원수,조교수승진대상인원수,부교수승진대상인원수,교수승진대상인원수",,Y,,3,primary,catalogued_not_downloaded,
"고등교육통계(7종, 102테이블)",111,고등교육통계,교직원,0327,교직원연수현황,전문대학,EDSS file data,EDSS open data (source custodian recorded by domain),https://www.edmgr.kr/edss/es/opd/odd/od/es_opd_oddod01_001,2009~2015,대학·학교,"조사년도,학교구분명,시도명,교직원연수종류구분명,교직원연수직업구분명,교직원연수주관구분명,교직원연수횟수,지출경비,교직원연수시간,참여인원수",,Y,,3,primary,catalogued_not_downloaded,
"고등교육통계(7종, 102테이블)",112,고등교육통계,교직원,0328,전임교원임면현황,전문대학,EDSS file data,EDSS open data (source custodian recorded by domain),https://www.edmgr.kr/edss/es/opd/odd/od/es_opd_oddod01_001,2009~2012,대학·학교,"조사년도,학교구분명,전임교원직위명,학기구분명,교직원임용상태명,전임교원임면_교원수",,Y,,3,primary,catalogued_not_downloaded,
"고등교육통계(7종, 102테이블)",113,고등교육통계,교육,0401,개설교과현황,전체,EDSS file data,EDSS open data (source custodian recorded by domain),https://www.edmgr.kr/edss/es/opd/odd/od/es_opd_oddod01_001,2009~2013,대학·학교,"조사년도,학교구분명,전문대학계열명,전문대학학년명,시도명,총개설강좌수,총개설시수,전임교원담당시수,겸임초빙담당시수,시간강사담당시수,개설교과_총수강학생수,개설강좌당최대수강학생수,개설강좌당최소수강학생수,시수,학점수,교과목수",,Y,,3,primary,catalogued_not_downloaded,
"고등교육통계(7종, 102테이블)",114,고등교육통계,교육,0401,개설교과현황,전체,EDSS file data,EDSS open data (source custodian recorded by domain),https://www.edmgr.kr/edss/es/opd/odd/od/es_opd_oddod01_001,2014~2022,대학·학교,"조사년도,학교구분명,시도명,전문대학계열명,전문대학학년명,계열구분명,개설학과여부,조교직원외부직원담당시수,강사담당시수,총장및학장담당시수,시수,개설교과_총개설강좌수,전임교원담당시수,겸임초빙담당시수,기타교원담당시수,시간강사담당시수,개설교과_총수강학생수,개설강좌당최대수강학생수,개설강좌당최소수강학생수,학점수,교과목수",,Y,,3,primary,catalogued_not_downloaded,
"고등교육통계(7종, 102테이블)",115,고등교육통계,교육,0402,교양강좌개설및수강현황,전문대학,EDSS file data,EDSS open data (source custodian recorded by domain),https://www.edmgr.kr/edss/es/opd/odd/od/es_opd_oddod01_001,2009~2013,대학·학교,"조사년도,학교구분명,시도명,교원구분명,학기구분명,교양강좌개설및수강_전체재적학생수,교양강좌개설및수강_강좌수,교양강좌개설및수강_과목수",,Y,,3,primary,catalogued_not_downloaded,
"고등교육통계(7종, 102테이블)",116,고등교육통계,교육,0402,교양강좌개설및수강현황,전문대학,EDSS file data,EDSS open data (source custodian recorded by domain),https://www.edmgr.kr/edss/es/opd/odd/od/es_opd_oddod01_001,2014~2025,대학·학교,"조사년도,학교구분명,시도명,강좌종류명,교원구분명,학기구분명,개설학과여부,교양강좌개설및수강_총수강학생수,교양강좌개설및수강_강좌수,교양강좌개설및수강_과목수",,Y,,3,primary,catalogued_not_downloaded,
"고등교육통계(7종, 102테이블)",117,고등교육통계,교육,0403,대학전공강좌개설및수강현황,대학,EDSS file data,EDSS open data (source custodian recorded by domain),https://www.edmgr.kr/edss/es/opd/odd/od/es_opd_oddod01_001,2009~2013,대학·학교,"조사년도,학교구분명,시도명,계열구분명,강좌유형명,교원구분명,학기구분명,대학전공강좌개설및수강_전체재적학생수,대학전공강좌개설및수강_강좌수,대학전공강좌개설및수강_과목수",,Y,,3,primary,catalogued_not_downloaded,
"고등교육통계(7종, 102테이블)",118,고등교육통계,교육,0403,대학전공강좌개설및수강현황,대학,EDSS file data,EDSS open data (source custodian recorded by domain),https://www.edmgr.kr/edss/es/opd/odd/od/es_opd_oddod01_001,2014~2025,대학·학교,"조사년도,학교구분명,시도명,계열구분명,강좌종류명,교원구분명,학기구분명,대학전공강좌개설및수강_총수강학생수,대학전공강좌개설및수강_강좌수,대학전공강좌개설및수강_과목수",,Y,,3,primary,catalogued_not_downloaded,
"고등교육통계(7종, 102테이블)",119,고등교육통계,교육,0404,사이버강좌개설및수강현황,대학/대학원,EDSS file data,EDSS open data (source custodian recorded by domain),https://www.edmgr.kr/edss/es/opd/odd/od/es_opd_oddod01_001,2009~2013,대학·학교,"조사년도,학교구분명,시도명,학기구분명,사이버강좌_전체재적학생수,사이버강좌_과목수",,Y,,3,primary,catalogued_not_downloaded,
"고등교육통계(7종, 102테이블)",120,고등교육통계,교육,0404,사이버강좌개설및수강현황,대학/대학원,EDSS file data,EDSS open data (source custodian recorded by domain),https://www.edmgr.kr/edss/es/opd/odd/od/es_opd_oddod01_001,2014~2025,대학·학교,"조사년도,학교구분명,시도명,학기구분명,사이버강좌_총수강학생수,사이버강좌_총개설강좌수,사이버강좌_총개설과목수",,Y,,3,primary,catalogued_not_downloaded,
"고등교육통계(7종, 102테이블)",121,고등교육통계,교육,0405,사이버강좌개설및수강현황_전문대학,전문대학,EDSS file data,EDSS open data (source custodian recorded by domain),https://www.edmgr.kr/edss/es/opd/odd/od/es_opd_oddod01_001,2009~2013,대학·학교,"조사년도,학교구분명,시도명,사이버강좌_전문대_총수강학생수,총개설학점수,총개설과목수",,Y,,3,primary,catalogued_not_downloaded,
"고등교육통계(7종, 102테이블)",122,고등교육통계,교육,0405,사이버강좌개설및수강현황_전문대학,전문대학,EDSS file data,EDSS open data (source custodian recorded by domain),https://www.edmgr.kr/edss/es/opd/odd/od/es_opd_oddod01_001,2014~2022,대학·학교,"조사년도,학교구분명,교양전공구분명,시도명,사이버강좌_전문대_총수강학생수,총개설학점수,사이버강좌_전문대_총개설과목수",,Y,,3,primary,catalogued_not_downloaded,
"고등교육통계(7종, 102테이블)",123,고등교육통계,교육,0406,산학연교류현황,대학,EDSS file data,EDSS open data (source custodian recorded by domain),https://www.edmgr.kr/edss/es/opd/odd/od/es_opd_oddod01_001,2009~2014,대학·학교,"조사년도,학교구분명,시도명,산학연교류단체명,교수교류인원수,학생교류인원수,교류기관수",,Y,,3,primary,catalogued_not_downloaded,
"고등교육통계(7종, 102테이블)",124,고등교육통계,교육,0407,학점교류현황,대학,EDSS file data,EDSS open data (source custodian recorded by domain),https://www.edmgr.kr/edss/es/opd/odd/od/es_opd_oddod01_001,2009~2023,대학·학교,"조사년도,학교구분명,국가명,시도명,자대학타대학학점교류학생수,타대학자대학학점교류학생수",,Y,,3,primary,catalogued_not_downloaded,
"고등교육통계(7종, 102테이블)",125,고등교육통계,교육,0409,교직강좌개설및수강현황,대학,EDSS file data,EDSS open data (source custodian recorded by domain),https://www.edmgr.kr/edss/es/opd/odd/od/es_opd_oddod01_001,2009~2013,대학·학교,"조사년도,학교구분명,교원구분명,학기구분명,교직강좌개설및수강_전체재적학생수,교직강좌개설및수강_강좌수,교직강좌개설및수강_과목수",,Y,,3,primary,catalogued_not_downloaded,
"고등교육통계(7종, 102테이블)",126,고등교육통계,행정,0501,동아리활동현황,전체,EDSS file data,EDSS open data (source custodian recorded by domain),https://www.edmgr.kr/edss/es/opd/odd/od/es_opd_oddod01_001,2009~2013,대학·학교,"조사년도,학교구분명,동아리구분명,지원금,동아리실수,참여학생수,지도교수수,동아리수",,Y,,3,primary,catalogued_not_downloaded,
"고등교육통계(7종, 102테이블)",127,고등교육통계,행정,0502,학생회현황,대학,EDSS file data,EDSS open data (source custodian recorded by domain),https://www.edmgr.kr/edss/es/opd/odd/od/es_opd_oddod01_001,2009~2013,대학·학교,"조사년도,학교구분명,학생회지원금,학생1인당학생회비_평균,학생1인당학생회비_합계",,Y,,3,primary,catalogued_not_downloaded,
"고등교육통계(7종, 102테이블)",128,고등교육통계,행정,0502,학생회현황,대학,EDSS file data,EDSS open data (source custodian recorded by domain),https://www.edmgr.kr/edss/es/opd/odd/od/es_opd_oddod01_001,2014,대학·학교,"조사년도,학교구분명,학생회지원금,학생1인당학생회비",,Y,,3,primary,catalogued_not_downloaded,
"고등교육통계(7종, 102테이블)",129,고등교육통계,시설,0601,계열별부속시설현황_건물시설,전체,EDSS file data,EDSS open data (source custodian recorded by domain),https://www.edmgr.kr/edss/es/opd/odd/od/es_opd_oddod01_001,2009~2013,대학·학교,"조사년도,학교구분명,본분교명,건물시설대분류명,건물시설소분류명,계열별부속시설_건물시설_건물연면적,계열별부속시설_건물시설_건물면적,건물동수",,Y,,3,primary,catalogued_not_downloaded,
"고등교육통계(7종, 102테이블)",130,고등교육통계,시설,0601,계열별부속시설현황_건물시설,전체,EDSS file data,EDSS open data (source custodian recorded by domain),https://www.edmgr.kr/edss/es/opd/odd/od/es_opd_oddod01_001,2014,대학·학교,"조사년도,학교구분명,건물시설계열명,건물시설구분명,본분교명,의료시설수,건물연면적,건물면적,건물동수",,Y,,3,primary,catalogued_not_downloaded,
"고등교육통계(7종, 102테이블)",131,고등교육통계,시설,0602,계열별부속시설현황_지적시설,전체,EDSS file data,EDSS open data (source custodian recorded by domain),https://www.edmgr.kr/edss/es/opd/odd/od/es_opd_oddod01_001,2009~2013,대학·학교,"조사년도,학교구분명,본분교명,지적시설계열명,지적시설구분명,차용건수,학교소유건수,기준면적",,Y,,3,primary,catalogued_not_downloaded,
"고등교육통계(7종, 102테이블)",132,고등교육통계,시설,0603,구조별건물면적정보,전체,EDSS file data,EDSS open data (source custodian recorded by domain),https://www.edmgr.kr/edss/es/opd/odd/od/es_opd_oddod01_001,2009~2013,대학·학교,"조사년도,시도명,고등교육건물구조명,구내구외구분명,안전성등급명,학교구분명,본분교명,건물명,건물번호,준공년도,등기여부,정밀안전진단여부,구조별건물면적정보_건물면적",,Y,,3,primary,catalogued_not_downloaded,
"고등교육통계(7종, 102테이블)",133,고등교육통계,시설,0604,대학부설평생교육원기관현황,전체,EDSS file data,EDSS open data (source custodian recorded by domain),https://www.edmgr.kr/edss/es/opd/odd/od/es_opd_oddod01_001,2009~2013,집계 또는 기관,"조사년도,시도명,설립일자,기관일련번호,건수",,Y,,3,primary,catalogued_not_downloaded,
"고등교육통계(7종, 102테이블)",134,고등교육통계,산학협동,0701,산학협동현황_인적교류,전문대학,EDSS file data,EDSS open data (source custodian recorded by domain),https://www.edmgr.kr/edss/es/opd/odd/od/es_opd_oddod01_001,2009~2015,대학·학교,"조사년도,학교구분명,본분교명,시도명,장학금기타금액,장학금혜택학생수,장학금기탁업체수,계약업체수,위탁교육위탁업체수,수익사업참여교수수,수익사업수익금액,수익사업건수,연구개발참여교수수,연구개발실적건수,산학협동지원금액,산학협동체결업체수",,Y,,3,primary,catalogued_not_downloaded,
"고등교육통계(7종, 102테이블)",135,고등교육통계,산학협동,0702,산학연관협동실적,전문대학,EDSS file data,EDSS open data (source custodian recorded by domain),https://www.edmgr.kr/edss/es/opd/odd/od/es_opd_oddod01_001,2009~2015,대학·학교,"조사년도,학교구분명,시도명,본분교명,취업자수,매출액,업체수,참여교수수",,Y,,3,primary,catalogued_not_downloaded,
"고등교육통계(7종, 102테이블)",136,고등교육통계,산학협동,0703,산학협동현황,전문대학,EDSS file data,EDSS open data (source custodian recorded by domain),https://www.edmgr.kr/edss/es/opd/odd/od/es_opd_oddod01_001,2009~2015,대학·학교,"조사년도,학교구분명,본분교명,시도명,장학금기타금액,장학금혜택학생수,장학금기탁업체수,계약업체수,위탁교육위탁업체수,수익사업참여교수수,수익사업수익금액,수익사업건수,연구개발참여교수수,연구개발실적건수,산학협동지원금액,산학협동체결업체수",,Y,,3,primary,catalogued_not_downloaded,
"고등교육통계(7종, 102테이블)",137,고등교육통계,산학협동,0704,산학협동현황_현장실습및취업,전문대학,EDSS file data,EDSS open data (source custodian recorded by domain),https://www.edmgr.kr/edss/es/opd/odd/od/es_opd_oddod01_001,2009~2015,대학·학교,"조사년도,학교구분명,시도명,본분교명,현장실습비,실습업체취업학생수,실습업체수,참여학생수,졸업생수",,Y,,3,primary,catalogued_not_downloaded,
"대학정보공시(13종, 130테이블)",4,대학정보공시,교육과정편성 및 운영 등에 관한 사항,0101,교양과목성적평가분포,전체,EDSS file data,EDSS open data (source custodian recorded by domain),https://www.edmgr.kr/edss/es/opd/odd/od/es_opd_oddod01_001,2009~2025,대학·학교,"조사년도,학교구분명,학기구분명,학점점수구간명,적용년도,교양과목성적평가분포_학생수",,Y,,3,primary,catalogued_not_downloaded,
"대학정보공시(13종, 130테이블)",5,대학정보공시,교육과정편성 및 운영 등에 관한 사항,0102,교직과목성적평가분포,전체,EDSS file data,EDSS open data (source custodian recorded by domain),https://www.edmgr.kr/edss/es/opd/odd/od/es_opd_oddod01_001,2009~2025,대학·학교,"조사년도,학교구분명,학기구분명,학점점수구간명,적용년도,교직과목성적평가분포_학생수",,Y,,3,primary,catalogued_not_downloaded,
"대학정보공시(13종, 130테이블)",6,대학정보공시,교육과정편성 및 운영 등에 관한 사항,0103,전공과목성적평가분포,전체,EDSS file data,EDSS open data (source custodian recorded by domain),https://www.edmgr.kr/edss/es/opd/odd/od/es_opd_oddod01_001,2009~2025,대학·학과,"조사년도,학교구분명,학점점수구간명,적용년도,학점기준코드,단과대학명,주야간계절구분명,학과특성명,전공과목성적평가분포_학생수",,Y,,3,primary,catalogued_not_downloaded,
"대학정보공시(13종, 130테이블)",7,대학정보공시,교육과정편성 및 운영 등에 관한 사항,0104,졸업생졸업성적분포,전체,EDSS file data,EDSS open data (source custodian recorded by domain),https://www.edmgr.kr/edss/es/opd/odd/od/es_opd_oddod01_001,2010~2023,대학·학과,"조사년도,학교구분명,주야간계절구분명,학과한글명,학과특성명,단과대학명,학점점수구간명,학점기준코드,적용년도,추가여부,만점점수,평점평균점수,졸업생졸업성적분포_학생수",,Y,,3,primary,catalogued_not_downloaded,
"대학정보공시(13종, 130테이블)",8,대학정보공시,학생의 선발방법 및 일정에 관한 사항,0201,대학입학전형기본계획,대학,EDSS file data,EDSS open data (source custodian recorded by domain),https://www.edmgr.kr/edss/es/opd/odd/od/es_opd_oddod01_001,2009~2012,대학·학교,"조사년도,학교구분명,인터넷원서접수일자내용,창구원서접수일자내용,논술등필답고사일자내용,면접구술고사일자내용,교직적성인성검사일자내용,실기실험고사일자내용,합격자발표일자내용,모집단위내용,원서교부일자내용,일련번호,적용년도,전형소분류명,정원구분명,모집시기명,전형유형명,대학입학전형기본계획_모집인원수,대학입학전형기본계획_수정횟수",,Y,,3,primary,catalogued_not_downloaded,
"대학정보공시(13종, 130테이블)",9,대학정보공시,학생의 선발방법 및 일정에 관한 사항,0202,대학입학전형기본계획_전문대학,전문대학,EDSS file data,EDSS open data (source custodian recorded by domain),https://www.edmgr.kr/edss/es/opd/odd/od/es_opd_oddod01_001,2009~2012,대학·학교,"조사년도,학교구분명,전문대학전형유형명,합격자등록기간내용,합격자발표일자내용,실기실험고사일자내용,면접구술고사일자내용,창구원서접수일자내용,인터넷원서접수일자내용,적용년도,일련번호,모집시기명,대학입학전형기본계획_전문대_전형수수료,대학입학전형기본계획_전문대_수정횟수",,Y,,3,primary,catalogued_not_downloaded,
"대학정보공시(13종, 130테이블)",10,대학정보공시,학생의 선발방법 및 일정에 관한 사항,0203,대학입학전형시행계획,대학,EDSS file data,EDSS open data (source custodian recorded by domain),https://www.edmgr.kr/edss/es/opd/odd/od/es_opd_oddod01_001,2009~2012,대학·학교,"조사년도,학교구분명,정원구분명,전형유형명,전형명,일련번호,전형소분류명,모집년도,주간모집인원수,야간모집인원수,수정횟수",,Y,,3,primary,catalogued_not_downloaded,
"대학정보공시(13종, 130테이블)",11,대학정보공시,학생의 선발방법 및 일정에 관한 사항,0204,대학입학전형시행계획_전문대학,전문대학,EDSS file data,EDSS open data (source custodian recorded by domain),https://www.edmgr.kr/edss/es/opd/odd/od/es_opd_oddod01_001,2009~2012,대학·학교,"조사년도,학교구분명,정원구분명,전문대학전형유형명,모집년도,일련번호,전문대_야간모집인원수,전문대_주간모집인원수",,Y,,3,primary,catalogued_not_downloaded,
"대학정보공시(13종, 130테이블)",12,대학정보공시,학생의 선발방법 및 일정에 관한 사항,0205,모집단위별모집인원현황,대학,EDSS file data,EDSS open data (source custodian recorded by domain),https://www.edmgr.kr/edss/es/opd/odd/od/es_opd_oddod01_001,2009~2012,대학·학교,"조사년도,학교구분명,모집시기명,모집단위내용,홈페이지URL,모집단위별모집인원_모집인원수,모집단위별모집인원_수정횟수,모집단위별모집인원_전형수수료",,Y,,3,primary,catalogued_not_downloaded,
"대학정보공시(13종, 130테이블)",13,대학정보공시,학생의 선발방법 및 일정에 관한 사항,0206,모집단위별모집인원현황_전문대학,전문대학,EDSS file data,EDSS open data (source custodian recorded by domain),https://www.edmgr.kr/edss/es/opd/odd/od/es_opd_oddod01_001,2009~2012,대학·학교,"조사년도,학교구분명,모집시기명,주야간계절구분명,모집단위내용,전문대_모집인원수,전문대_전형수수료,일련번호,적용년도,홈페이지URL",,Y,,3,primary,catalogued_not_downloaded,
"대학정보공시(13종, 130테이블)",14,대학정보공시,학생의 선발방법 및 일정에 관한 사항,0207,편입생모집내용,대학,EDSS file data,EDSS open data (source custodian recorded by domain),https://www.edmgr.kr/edss/es/opd/odd/od/es_opd_oddod01_001,2009~2012,대학·학교,"조사년도,학교구분명,편입생모집시기명,일련번호,기타학과구분모집계획내용,정원외학사편입모집계획내용,정원내일반편입모집계획내용,편입생모집내용_수정횟수,편입생모집내용_전형수수료,기타학과구분불가모집계획내용,모집단위내용,적용년도",,Y,,3,primary,catalogued_not_downloaded,
"대학정보공시(13종, 130테이블)",15,대학정보공시,"충원율, 재학생수 등 학생현황에 관한 사항",0301,입학전형유형별선발결과,대학/대학원대학,EDSS file data,EDSS open data (source custodian recorded by domain),https://www.edmgr.kr/edss/es/opd/odd/od/es_opd_oddod01_001,2009~2025,대학·학교,"조사년도,학교구분명,정원구분명,전형유형명,최종등록인원수,수시1모집인원수,일련번호,수시1등록인원수,적용년도,전형소분류명,추가모집인원수,추가등록인원수,최종모집인원수,정시가등록인원수,정시가모집인원수",,Y,,3,primary,catalogued_not_downloaded,
"대학정보공시(13종, 130테이블)",16,대학정보공시,"충원율, 재학생수 등 학생현황에 관한 사항",0302,입학전형유형별선발결과_전문대학,전문대학,EDSS file data,EDSS open data (source custodian recorded by domain),https://www.edmgr.kr/edss/es/opd/odd/od/es_opd_oddod01_001,2009~2025,대학·학교,"조사년도,학교구분명,정원구분명,일련번호,최종등록률,전문대_최종등록인원수,전문대_최종모집인원수,적용년도",,Y,,3,primary,catalogued_not_downloaded,
"대학정보공시(13종, 130테이블)",17,대학정보공시,"충원율, 재학생수 등 학생현황에 관한 사항",0303,기회균형선발결과,전문대학/대학/대학원대학,EDSS file data,EDSS open data (source custodian recorded by domain),https://www.edmgr.kr/edss/es/opd/odd/od/es_opd_oddod01_001,2009~2025,대학·학교,"조사년도,학교구분명,차상위계층인원수,한부모가족지원대상자수,단원고등학교출신학생수,균등기회대상자수,서해5도학생수,전문계고졸업재직자수,전체지원자수,장애인등특수교육대상자수,북한이탈주민자녀수,농어촌출신학생수,전문계고졸업생수,기초생활수급자수,기회균형선발결과_총입학생수,적용년도",,Y,,3,primary,catalogued_not_downloaded,
"대학정보공시(13종, 130테이블)",18,대학정보공시,"충원율, 재학생수 등 학생현황에 관한 사항",0304,기회균형선발결과상세,전문대학/대학/대학원대학,EDSS file data,EDSS open data (source custodian recorded by domain),https://www.edmgr.kr/edss/es/opd/odd/od/es_opd_oddod01_001,2009~2021,대학·학교,"조사년도,학교구분명,일련번호,독자기준수량,독자적기준명",,Y,,3,primary,catalogued_not_downloaded,
"대학정보공시(13종, 130테이블)",19,대학정보공시,"충원율, 재학생수 등 학생현황에 관한 사항",0305,신입생충원현황,전문대학/대학/대학원대학,EDSS file data,EDSS open data (source custodian recorded by domain),https://www.edmgr.kr/edss/es/opd/odd/od/es_opd_oddod01_001,2009~2025,대학·학과,"조사년도,학교구분명,주야간계절구분명,학과명,학과상태명,학과특성명,단과대학명,적용년도,학과구분불가정원외지원자수,학과구분불가정원외모집인원수,총지원자수,신입생충원_정원외여자입학생수,신입생충원_정원외남자입학생수,신입생충원_정원내여자입학생수,신입생충원_정원내남자입학생수,정원외지원자수,정원내지원자수,정원외모집인원수,정원내모집인원수,신입생충원_입학정원수",,Y,,1,primary,catalogued_not_downloaded,
"대학정보공시(13종, 130테이블)",20,대학정보공시,"충원율, 재학생수 등 학생현황에 관한 사항",0306,신입생충원현황_대학원,대학원,EDSS file data,EDSS open data (source custodian recorded by domain),https://www.edmgr.kr/edss/es/opd/odd/od/es_opd_oddod01_001,2009~2025,대학·학교,"조사년도,학교구분명,적용년도,학위과정구분명,신입생충원_대학원_입학정원수,박사과정남자입학생수,석박사통합과정남자입학생수,석사과정여자입학생수,박사과정여자입학생수,석박사통합과정여자입학생수,정원내남자지원자수,정원내여자지원자수,정원외남자지원자수,정원외여자지원자수,신입생충원_대학원_정원내남자입학생수,신입생충원_대학원_정원내여자입학생수,신입생충원_대학원_정원외남자입학생수,신입생충원_대학원_정원외여자입학생수,석사과정남자입학생수,석박사통합과정지원자수,지원자수,남자입학생수,여자입학생수,석사과정입학정원수,박사과정입학정원수,석박사통합과정입학정원수,석사과정지원자수,박사과정지원자수",,Y,,3,primary,catalogued_not_downloaded,
"대학정보공시(13종, 130테이블)",21,대학정보공시,"충원율, 재학생수 등 학생현황에 관한 사항",0307,재학생충원현황,전문대학/대학/대학원대학,EDSS file data,EDSS open data (source custodian recorded by domain),https://www.edmgr.kr/edss/es/opd/odd/od/es_opd_oddod01_001,2009~2025,대학·학교,"조사년도,학교구분명,교육부계열명,재학생충원기준년도명,적용년도,정원외재학생수,정원내재학생수,재학생충원_학생모집정지인원수,재학생충원_여자재학생수,재학생충원_남자재학생수,재학생충원_편제정원수",,Y,,3,primary,catalogued_not_downloaded,
"대학정보공시(13종, 130테이블)",22,대학정보공시,"충원율, 재학생수 등 학생현황에 관한 사항",0308,재학생충원현황_대학원,대학원,EDSS file data,EDSS open data (source custodian recorded by domain),https://www.edmgr.kr/edss/es/opd/odd/od/es_opd_oddod01_001,2009~2025,대학·학교,"조사년도,학교구분명,적용년도,교육부계열명,정원외석박사통합과정재학생수,정원외박사과정재학생수,정원외석사과정재학생수,석박사통합과정재학생수,박사과정재학생수,석사과정재학생수,재학생충원_대학원_학생모집정지인원수,재학생충원_대학원_편제정원수,재학생수",,Y,,3,primary,catalogued_not_downloaded,
"대학정보공시(13종, 130테이블)",23,대학정보공시,"충원율, 재학생수 등 학생현황에 관한 사항",0309,편입학선발결과,전체,EDSS file data,EDSS open data (source custodian recorded by domain),https://www.edmgr.kr/edss/es/opd/odd/od/es_opd_oddod01_001,2009~2025,대학·학교,"조사년도,학교구분명,학기구분명,편입생모집시기명,적용년도,일련번호,모집단위내용,정원내일반편입모집계획내용,정원외학사편입모집계획내용,정원외기타모집계획내용,정원외기타학과구분불가계획내용,정원내별도편입모집계획내용,정원외특별편입모집계획내용,정원외기타선발인원수,정원외기타학과구분불가지원자수,정원내별도편입지원자수,정원내별도편입선발인원수,정원내기타모집인원수,정원내기타지원자수,정원내기타등록인원수,정원외특별편입지원자수,정원외특별편입등록인원수,정원외학사편입선발인원수,정원내일반편입선발인원수,정원내일반편입지원자수,정원외학사편입지원자수,정원외기타지원자수",,Y,,3,primary,catalogued_not_downloaded,
"대학정보공시(13종, 130테이블)",24,대학정보공시,"충원율, 재학생수 등 학생현황에 관한 사항",0310,재적학생현황,전문대학/대학/대학원대학,EDSS file data,EDSS open data (source custodian recorded by domain),https://www.edmgr.kr/edss/es/opd/odd/od/es_opd_oddod01_001,2009~2025,대학·학과,"조사년도,학교구분명,주야간계절구분명,학과명,학과상태명,학과특성명,단과대학명,적용년도,재적학생_정원외여자휴학생수,재적학생_정원내여자휴학생수,재적학생_정원외남자휴학생수,재적학생_정원내남자휴학생수,재적학생_정원외여자재학생수,재적학생_정원내여자재학생수,재적학생_정원외남자재학생수,재적학생_정원내남자재학생수",,Y,,1,primary,catalogued_not_downloaded,
"대학정보공시(13종, 130테이블)",25,대학정보공시,"충원율, 재학생수 등 학생현황에 관한 사항",0311,재적학생현황_대학원,대학원,EDSS file data,EDSS open data (source custodian recorded by domain),https://www.edmgr.kr/edss/es/opd/odd/od/es_opd_oddod01_001,2009~2025,대학·학과,"조사년도,학교구분명,주야간계절구분명,학과명,학과상태명,학과특성명,단과대학명,학위과정구분명,적용년도,석박사통합과정남자재학생수,석박사통합과정여자재학생수,석박사통합과정남자휴학생수,석박사통합과정여자휴학생수,석박사통합과정남자재적학생수,석박사통합과정여자재적학생수,재적학생_대학원_정원내남자재학생수,재적학생_대학원_정원내여자재학생수,재적학생_대학원_정원내남자휴학생수,재적학생_대학원_정원내여자휴학생수,재적학생_대학원_정원외남자재학생수,재적학생_대학원_정원외여자재학생수,재적학생_대학원_정원외남자휴학생수,재적학생_대학원_정원외여자휴학생수,박사과정여자재적학생수,박사과정남자재적학생수,박사과정여자휴학생수,석사과정남자재학생수,석사과정여자재학생수,석사과정남자휴학생수,석사과정여자휴학생수,석사과정남자재적학생수,석사과정여자재적학생수,박사과정남자재학생수,박사과정여자재학생수,박사과정남자휴학생수",,Y,,3,primary,catalogued_not_downloaded,
"대학정보공시(13종, 130테이블)",26,대학정보공시,"충원율, 재학생수 등 학생현황에 관한 사항",0312,외국인유학생현황,전문대학/대학/대학원대학,EDSS file data,EDSS open data (source custodian recorded by domain),https://www.edmgr.kr/edss/es/opd/odd/od/es_opd_oddod01_001,2009~2025,대학·학교,"조사년도,학교구분명,국가명,적용년도,영어권외국인유학생,의학계열외국인학생수,기타교환학생외국인학생수,기타방문학생외국인학생수,외국인유학생_TOPIK4급이상학생수,외국인유학생_기숙사수용학생수,외국인유학생_기숙사미수용학생수,공동운영외국인학생수,TOEFL550점수준이상외국인학생수,기타연수생수,외국인유학생_어학연수생수,인문사회계열외국인학생수,자연과학계열외국인학생수,공학계열외국인학생수,예체능계열외국인학생수",,Y,,3,primary,catalogued_not_downloaded,
"대학정보공시(13종, 130테이블)",27,대학정보공시,"충원율, 재학생수 등 학생현황에 관한 사항",0313,외국인유학생현황_대학원,대학원,EDSS file data,EDSS open data (source custodian recorded by domain),https://www.edmgr.kr/edss/es/opd/odd/od/es_opd_oddod01_001,2009~2025,대학·학교,"조사년도,학교구분명,국가명,적용년도,영어권외국인유학생,기술계열석박사통합과정외국인수,예술계열석박사통합과정외국인수,의학계열석박사통합과정외국인수,외국인유학생_대학원_TOPIK4급이상학생수,외국인유학생_대학원_어학연수생수,교환학생기타연수생수,방문학생기타연수생수,공동학위복수학위등기타연수생수,외국인유학생_대학원_기숙사수용학생수,외국인유학생_대학원_기숙사미수용학생수,공동운영석사과정외국인학생수,공동운영박사과정외국인학생수,공동운영석박사통합과정외국인수,대학원_TOEFL550점수준이상외국인학생수,과학계열석박사통합과정외국인수,사회계열석박사통합과정외국인수,인문사회계열석사과정외국인수,자연과학계열석사과정외국인수,공학계열석사과정외국인학생수,예체능계열석사과정외국인학생수,인문사회계열박사과정외국인수,자연과학계열박사과정외국인수,공학계열박사과정외국인학생수,예체능계열박사과정외국인학생수,의학계열석사과정외국인학생수,의학계열박사과정외국인학생수",,Y,,3,primary,catalogued_not_downloaded,
"대학정보공시(13종, 130테이블)",28,대학정보공시,"충원율, 재학생수 등 학생현황에 관한 사항",0314,외국인유학생중도탈락현황,전문대학/대학/대학원대학,EDSS file data,EDSS open data (source custodian recorded by domain),https://www.edmgr.kr/edss/es/opd/odd/od/es_opd_oddod01_001,2010~2025,대학·학교,"조사년도,학교구분명,국가명,추가여부,적용년도,중도탈락방문외국인학생수,중도탈락교환외국인학생수,방문외국인학생수,교환외국인학생수,중도탈락공동운영외국인학생수,중도탈락학위과정외국인학생수,중도탈락기타연수생수,중도탈락어학연수생수,중도탈락외국인학생수,어학연수생수,외국인학생수",,Y,,3,primary,catalogued_not_downloaded,
"대학정보공시(13종, 130테이블)",29,대학정보공시,"충원율, 재학생수 등 학생현황에 관한 사항",0315,외국인유학생중도탈락현황_대학원,대학원,EDSS file data,EDSS open data (source custodian recorded by domain),https://www.edmgr.kr/edss/es/opd/odd/od/es_opd_oddod01_001,2010~2025,대학·학교,"조사년도,학교구분명,국가명,적용년도,추가여부,석사과정외국인학생수,박사과정외국인학생수,석박사통합과정외국인학생수,외국인어학연수생수,외국인기타연수생수,석사과정중도탈락자수,박사과정중도탈락자수,석박사통합과정중도탈락자수,대학원_중도탈락어학연수생수,대학원_중도탈락기타연수생수,대학원_중도탈락공동운영외국인학생수,대학원_중도탈락교환외국인학생수,대학원_중도탈락방문외국인학생수,의학계열중도탈락자수,인문사회계열중도탈락자수,자연과학계열중도탈락자수,공학계열중도탈락자수,예체능계열중도탈락자수",,Y,,3,primary,catalogued_not_downloaded,
"대학정보공시(13종, 130테이블)",30,대학정보공시,"충원율, 재학생수 등 학생현황에 관한 사항",0316,중도탈락학생현황,전문대학/대학/대학원대학,EDSS file data,EDSS open data (source custodian recorded by domain),https://www.edmgr.kr/edss/es/opd/odd/od/es_opd_oddod01_001,2009~2025,대학·학과,"조사년도,학교구분명,주야간계절구분명,학과명,학과상태명,학과특성명,학위과정구분명,단과대학명,적용년도,신입생재적학생수,신입생미등록중도탈락자수,신입생미복학중도탈락자수,신입생자퇴중도탈락자수,신입생학사경고중도탈락자수,신입생학생활동중도탈락자수,신입생유급제정중도탈락자수,신입생재학연한초과중도탈락자수,신입생기타중도탈락자수,중도탈락학생_기타중도탈락자수,중도탈락학생_재학연한초과중도탈락자수,중도탈락학생_유급제적중도탈락자수,중도탈락학생_학생활동중도탈락자수,중도탈락학생_학사경고중도탈락자수,중도탈락학생_자퇴중도탈락자수,중도탈락학생_미복학중도탈락자수,중도탈락학생_미등록중도탈락자수,중도탈락학생_재적학생수",,Y,,1,primary,catalogued_not_downloaded,
"대학정보공시(13종, 130테이블)",31,대학정보공시,"충원율, 재학생수 등 학생현황에 관한 사항",0317,중도탈락학생현황_대학원,대학원,EDSS file data,EDSS open data (source custodian recorded by domain),https://www.edmgr.kr/edss/es/opd/odd/od/es_opd_oddod01_001,2009~2025,대학·학과,"조사년도,학교구분명,학과명,학과상태명,학과특성명,단과대학명,학위과정구분명,적용년도,박사과정유급제적중도탈락자수,박사과정학생활동중도탈락자수,박사과정학사경고중도탈락자수,박사과정자퇴중도탈락자수,박사과정미복학중도탈락자수,박사과정미등록중도탈락자수,석사과정기타중도탈락자수,석사과정수업연한초과중도탈락자수,석사과정유급제적중도탈락자수,박사과정수업연한초과중도탈락자수,박사과정기타중도탈락자수,석박사통합과정미등록중도탈락자수,석박사통합과정미복학중도탈락자수,석박사통합과정자퇴중도탈락자수,석박사통합학사경고중도탈락자수,석박사통합학생활동중도탈락자수,석박사통합유급제적중도탈락자수,석박사수업연한초과중도탈락자수,석박사통합과정기타중도탈락자수,석사과정학생활동중도탈락자수,석사과정학사경고중도탈락자수,중도탈락_대학원_재적학생수,중도탈락_대학원_미등록중도탈락자수,중도탈락_대학원_미복학중도탈락자수,석사과정자퇴중도탈락자수,석사과정미복학중도탈락자수,석사과정미등록중도탈락자수,중도탈락_대학원_기타중도탈락자수,중도탈락_대학원_재학연한초과중도탈락자수,중도탈락_대학원_유급제적중도탈락자수,중도탈락_대학원_학생활동중도탈락자수,중도탈락_대학원_학사경고중도탈락자수,중도탈락_대학원_자퇴중도탈락자수",,Y,,3,primary,catalogued_not_downloaded,
"대학정보공시(13종, 130테이블)",32,대학정보공시,"충원율, 재학생수 등 학생현황에 관한 사항",0318,학사학위전공심화과정학생현황,전문대학,EDSS file data,EDSS open data (source custodian recorded by domain),https://www.edmgr.kr/edss/es/opd/odd/od/es_opd_oddod01_001,2009~2025,대학·학교,"조사년도,학교구분명,적용년도,학사학위전공심화과정_여자재학생수,학사학위전공심화과정_남자재학생수,학사학위전공심화과정_입학정원수",,Y,,3,primary,catalogued_not_downloaded,
"대학정보공시(13종, 130테이블)",33,대학정보공시,"충원율, 재학생수 등 학생현황에 관한 사항",0319,신입생의출신고등학교유형별현황,전문대학/대학,EDSS file data,EDSS open data (source custodian recorded by domain),https://www.edmgr.kr/edss/es/opd/odd/od/es_opd_oddod01_001,2010~2025,대학·학교,"조사년도,학교구분명,전형유형코드,전형유형명,전형명,공통세부유형코드,적용년도,일련번호,특별시지역학교출신입학생수,광역시특별자치시지역학교출신입학생수,중소도시지역학교출신입학생수,읍면지역학교출신입학생수,특수지역학교출신입학생수,기타지역학교출신입학생수,공립자율고학생수,기타외국인학교학생수,기타외국고등학교학생수,예술체육고학생수,전문계열학생수,전문계고학생수,영재학교학생수,대안학교학생수,기타학생수,산업수요맞춤형고등학교학생수,자율고학생수,검정고시학생수,외고국제고학생수,과학고학생수,일반고학생수,신입생출신고등학교유형별_총입학생수",,Y,,3,primary,catalogued_not_downloaded,
"대학정보공시(13종, 130테이블)",34,대학정보공시,졸업후진학및취업현황등학생의진로에관한사항,0401,졸업생현황,전문대학/대학,EDSS file data,EDSS open data (source custodian recorded by domain),https://www.edmgr.kr/edss/es/opd/odd/od/es_opd_oddod01_001,2009~2025,대학·학과,"조사년도,학교구분명,주야간계절구분명,학과명,학과상태명,학과특성명,학위과정구분명,단과대학명,적용년도,입학년월,졸업년월,일련번호,졸업소요시간,졸업생_여자졸업생수,졸업생_남자졸업생수",,Y,,3,primary,catalogued_not_downloaded,
"대학정보공시(13종, 130테이블)",35,대학정보공시,졸업후진학및취업현황등학생의진로에관한사항,0402,졸업생현황_일반대학원,일반대학원,EDSS file data,EDSS open data (source custodian recorded by domain),https://www.edmgr.kr/edss/es/opd/odd/od/es_opd_oddod01_001,2009~2023,대학·학과,"조사년도,학교구분명,주야간계절구분명,학과명,학과상태명,학위과정구분명,단과대학명,석사학위입학년월,박사학위입학년월,졸업년월,일련번호,적용년도,박사학위졸업소요시간,졸업_일반대학원_여자박사학위취득자수,졸업_일반대학원_남자박사학위취득자수,석사학위졸업소요시간,졸업_일반대학원_여자석사학위취득자수,졸업_일반대학원_남자석사학위취득자수",,Y,,3,primary,catalogued_not_downloaded,
"대학정보공시(13종, 130테이블)",36,대학정보공시,졸업후진학및취업현황등학생의진로에관한사항,0403,졸업생현황_전문대학원,전문대학원,EDSS file data,EDSS open data (source custodian recorded by domain),https://www.edmgr.kr/edss/es/opd/odd/od/es_opd_oddod01_001,2009~2023,대학·학과,"조사년도,학교구분명,주야간계절구분명,학과명,학과상태명,학위과정구분명,단과대학명,졸업년월,적용년도,졸업_전문대학원_여자박사학위취득자수,졸업_전문대학원_남자박사학위취득자수,졸업_전문대학원_여자석사학위취득자수,졸업_전문대학원_남자석사학위취득자수",,Y,,3,primary,catalogued_not_downloaded,
"대학정보공시(13종, 130테이블)",37,대학정보공시,졸업후진학및취업현황등학생의진로에관한사항,0404,졸업생현황_특수대학원,특수대학원,EDSS file data,EDSS open data (source custodian recorded by domain),https://www.edmgr.kr/edss/es/opd/odd/od/es_opd_oddod01_001,2013~2023,대학·학과,"조사년도,학교구분명,주야간계절구분명,학과명,학과상태명,학위과정구분명,단과대학명,졸업년월,적용년도,졸업_특수대학원_여자석사학위취득자수,졸업_특수대학원_남자석사학위취득자수",,Y,,3,primary,catalogued_not_downloaded,
"대학정보공시(13종, 130테이블)",38,대학정보공시,졸업후진학및취업현황등학생의진로에관한사항,0405,졸업생진학현황_일반대학원,대학,EDSS file data,EDSS open data (source custodian recorded by domain),https://www.edmgr.kr/edss/es/opd/odd/od/es_opd_oddod01_001,"2009~2019, 2021~2022",대학·학과,"조사년도,학교구분명,주야간계절구분명,학과명,학과특성명,학위과정구분명,단과대학명,적용년도,진학_일반대학원_국내대학원남자진학자수,진학_일반대학원_국내대학원여자진학자수,진학_일반대학원_국외전문대학남자진학자수,진학_일반대학원_국외전문대학여자진학자수,진학_일반대학원_국외대학남자진학자수,진학_일반대학원_국외대학여자진학자수,진학_일반대학원_국외대학원남자진학자수,진학_일반대학원_국외대학원여자진학자수,진학_일반대학원_기타남자진학자수,진학_일반대학원_기타여자진학자수,진학_일반대학원_국내대학여자진학자수,진학_일반대학원_국내대학남자진학자수,진학_일반대학원_국내전문대학여자진학자수,진학_일반대학원_남자졸업생수,진학_일반대학원_여자졸업생수,진학_일반대학원_국내전문대학남자진학자수",,Y,,3,primary,catalogued_not_downloaded,
"대학정보공시(13종, 130테이블)",39,대학정보공시,졸업후진학및취업현황등학생의진로에관한사항,0406,졸업생진학현황_전문대학원,전문대학,EDSS file data,EDSS open data (source custodian recorded by domain),https://www.edmgr.kr/edss/es/opd/odd/od/es_opd_oddod01_001,"2009~2015, 2017~2023",대학·학과,"조사년도,학교구분명,주야간계절구분명,학과명,학과특성명,학위과정구분명,단과대학명,졸업년월,적용년도,진학_전문대학원_국내대학원남자진학자수,진학_전문대학원_국내대학원여자진학자수,진학_전문대학원_국외전문대학남자진학자수,진학_전문대학원_국외전문대학여자진학자수,진학_전문대학원_국외대학남자진학자수,진학_전문대학원_국외대학여자진학자수,진학_전문대학원_국외대학원남자진학자수,진학_전문대학원_국외대학원여자진학자수,진학_전문대학원_기타남자진학자수,진학_전문대학원_기타여자진학자수,진학_전문대학원_국내대학여자진학자수,진학_전문대학원_국내대학남자진학자수,진학_전문대학원_남자졸업생수,진학_전문대학원_여자졸업생수,진학_전문대학원_국내전문대학남자진학자수,진학_전문대학원_국내전문대학여자진학자수",,Y,,3,primary,catalogued_not_downloaded,
"대학정보공시(13종, 130테이블)",40,대학정보공시,졸업후진학및취업현황등학생의진로에관한사항,0407,졸업생진학현황_일반대학원_대학원,일반대학원,EDSS file data,EDSS open data (source custodian recorded by domain),https://www.edmgr.kr/edss/es/opd/odd/od/es_opd_oddod01_001,"2009~2019, 2022",대학·학과,"조사년도,학교구분명,주야간계절구분명,학과명,학과특성명,학위과정구분명,단과대학명,적용년도,기타박사학위취득자수,국외대학원박사학위취득자수,국내대학원박사학위취득자수,박사학위취득자수,기타석사학위취득자수,국외대학원석사학위취득자수,국내대학원석사학위취득자수,석사학위취득자수",,Y,,3,primary,catalogued_not_downloaded,
"대학정보공시(13종, 130테이블)",41,대학정보공시,졸업후진학및취업현황등학생의진로에관한사항,0408,졸업생진학현황_전문대학원_대학원,전문대학원,EDSS file data,EDSS open data (source custodian recorded by domain),https://www.edmgr.kr/edss/es/opd/odd/od/es_opd_oddod01_001,2009~2023,대학·학과,"조사년도,학교구분명,주야간계절구분명,학과명,학과특성명,학위과정구분명,단과대학명,졸업년월,적용년도,박사학위진학자수,박사학위취득자수,진학_전문대학원_대학원_석사학위진학자수,석사학위취득자수",,Y,,3,primary,catalogued_not_downloaded,
"대학정보공시(13종, 130테이블)",42,대학정보공시,졸업후진학및취업현황등학생의진로에관한사항,0409,졸업생진학현황_특수대학원,특수대학원,EDSS file data,EDSS open data (source custodian recorded by domain),https://www.edmgr.kr/edss/es/opd/odd/od/es_opd_oddod01_001,2009~2023,대학·학과,"조사년도,학교구분명,주야간계절구분명,학과명,학과특성명,학위과정구분명,단과대학명,졸업년월,적용년도,진학_전문대학원_석사학위취득자수,진학_전문대학원_석사학위진학자수",,Y,,3,primary,catalogued_not_downloaded,
"대학정보공시(13종, 130테이블)",43,대학정보공시,졸업후진학및취업현황등학생의진로에관한사항,0410,졸업생취업현황,전문대학/대학,EDSS file data,EDSS open data (source custodian recorded by domain),https://www.edmgr.kr/edss/es/opd/odd/od/es_opd_oddod01_001,"2009~2019, 2022, 2024~2025",대학·학과,"조사년도,학교구분명,주야간계절구분명,학과명,학과상태명,학과특성명,학위과정구분명,단과대학명,적용년도,졸업생취업_여자기타취업자수,졸업생취업_남자기타취업자수,졸업생취업_여자1인창업자수,졸업생취업_남자1인창업자수,졸업생취업_여자교내취업자수,졸업생취업_남자교내취업자수,졸업생취업_2차유지취업률,졸업생취업_1차유지취업률,졸업생취업_여자해외취업자수,졸업생취업_남자해외취업자수,졸업생취업_건강보험직장가입제외대상자수,졸업생취업_기타여자진학자수,졸업생취업_기타남자진학자수,졸업생취업_여자건강보험직장가입제외대상자수,졸업생취업_남자영농업종사자수,졸업생취업_여자영농업종사자수,졸업생취업_남자입학당시기취업자수,졸업생취업_여자입학당시기취업자수,졸업생취업_남자개인창작활동종사자수,졸업생취업_여자개인창작활동종사자수,졸업생취업_1차유지취업자수,졸업생취업_2차유지취업자수,졸업생취업_3차유지취업자수,졸업생취업_4차유지취업자수,졸업생취업_여자1차유지취업자수,졸업생취업_여자2차유지취업자수,졸업생취업_여자3차유지취업자수,졸업생취업_여자4차유지취업자수,졸업생취업_건강보험대상자수,졸업생취업_미상여자수,졸업생취업_미상남자수,졸업생취업_전공일치수,졸업생취업_전공불일치수,졸업생취업_정규직수,졸업생취업_정규직대기발령수,졸업생취업_비정규직임시직수,졸업생취업_비정규직시간제일용직수,졸업생취업_비정규직무급가족종사자수,졸업생취업_자영업수,졸업생취업_여자미취업자수,졸업생취업_남자미취업자수,졸업생취업_여자외국인유학생수,졸업생취업_남자외국인유학생수,졸업생취업_여자취업불가능자수,졸업생취업_남자취업불가능자수,졸업생취업_입대자수,졸업생취업_여자진학자수,졸업생취업_남자진학자수,졸업생취업_여자취업자수,졸업생취업_남자취업자수,졸업생취업_여자졸업생수,졸업생취업_남자졸업생수",,Y,,3,primary,catalogued_not_downloaded,
"대학정보공시(13종, 130테이블)",44,대학정보공시,졸업후진학및취업현황등학생의진로에관한사항,0411,졸업생취업현황_일반대학원,일반대학원,EDSS file data,EDSS open data (source custodian recorded by domain),https://www.edmgr.kr/edss/es/opd/odd/od/es_opd_oddod01_001,"2009~2019, 2022",대학·학과,"조사년도,학교구분명,주야간계절구분명,학과명,학과상태명,학과특성명,학위과정구분명,단과대학명,적용년도,일반대학원_남자해외취업자수,일반대학원_여자건강보험직장가입제외대상자수,일반대학원_여자기타취업자수,일반대학원_남자기타취업자수,일반대학원_여자1인창업자수,일반대학원_남자1인창업자수,일반대학원_여자교내취업자수,일반대학원_남자교내취업자수,일반대학원_2차유지취업률,일반대학원_1차유지취업률,일반대학원_건강보험직장가입제외대상자수,일반대학원_기타여자진학자수,일반대학원_기타남자진학자수,일반대학원_여자해외취업자수,일반대학원_남자영농업종사자수,일반대학원_여자영농업종사자수,일반대학원_남자입학당시기취업자수,일반대학원_여자입학당시기취업자수,일반대학원_남자개인창작활동종사자수,일반대학원_여자개인창작활동종사자수,일반대학원_1차유지취업자수,일반대학원_2차유지취업자수,일반대학원_3차유지취업자수,일반대학원_4차유지취업자수,일반대학원_여자1차유지취업자수,일반대학원_여자2차유지취업자수,일반대학원_여자3차유지취업자수,일반대학원_여자4차유지취업자수,일반대학원_건강보험대상자수,일반대학원_미상여자수,일반대학원_미상남자수,일반대학원_전공일치수,일반대학원_전공불일치수,일반대학원_정규직수,일반대학원_정규직대기발령수,일반대학원_비정규직임시직수,일반대학원_비정규직시간제일용직수,일반대학원_비정규직무급가족종사자수,일반대학원_자영업수,일반대학원_여자미취업자수,일반대학원_남자미취업자수,일반대학원_여자외국인유학생수,일반대학원_남자외국인유학생수,일반대학원_여자취업불가능자수,일반대학원_남자취업불가능자수,일반대학원_입대자수,일반대학원_여자진학자수,일반대학원_남자진학자수,일반대학원_여자취업자수,일반대학원_남자취업자수,여자학위취득자수,남자학위취득자수",,Y,,3,primary,catalogued_not_downloaded,
"대학정보공시(13종, 130테이블)",45,대학정보공시,졸업후진학및취업현황등학생의진로에관한사항,0412,졸업생취업현황_전문대학원,전문대학원,EDSS file data,EDSS open data (source custodian recorded by domain),https://www.edmgr.kr/edss/es/opd/odd/od/es_opd_oddod01_001,2009~2023,대학·학과,"조사년도,학교구분명,주야간계절구분명,학과명,학과상태명,학과특성명,학위과정구분명,단과대학명,졸업년월,적용년도,전문대학원_박사학위취득자수,전문대학원_석사졸업미상수,전문대학원_석사학위취득자수,전문대학원_석사졸업취업자수,전문대학원_석사졸업진학자수,전문대학원_석사졸업입대자수,전문대학원_석사졸업무직자수,박사졸업취업자수,박사졸업진학자수,박사졸업입대자수,박사졸업무직자수,박사졸업미상수,전문대학원_석사졸업외국인유학생수,전문대학원_석사졸업취업불가능자수,전문대학원_석사졸업기타수,박사졸업외국인유학생수,박사졸업취업불가능자수,박사졸업기타수",,Y,,3,primary,catalogued_not_downloaded,
"대학정보공시(13종, 130테이블)",46,대학정보공시,졸업후진학및취업현황등학생의진로에관한사항,0413,졸업생취업현황_특수대학원,특수대학원,EDSS file data,EDSS open data (source custodian recorded by domain),https://www.edmgr.kr/edss/es/opd/odd/od/es_opd_oddod01_001,2009~2023,대학·학과,"조사년도,학교구분명,주야간계절구분명,학과명,학과상태명,학과특성명,학위과정구분명,단과대학명,졸업년월,적용년도,특수대학원_석사졸업기타수,특수대학원_석사졸업취업불가능자수,특수대학원_석사졸업외국인유학생수,특수대학원_석사졸업미상수,특수대학원_석사졸업무직자수,특수대학원_석사졸업입대자수,특수대학원_석사졸업진학자수,특수대학원_석사졸업취업자수,학위취득자수",,Y,,3,primary,catalogued_not_downloaded,
"대학정보공시(13종, 130테이블)",47,대학정보공시,전임교원현황에 대한 사항,0501,전체교원대비전임교원현황_전문대학,전문대학,EDSS file data,EDSS open data (source custodian recorded by domain),https://www.edmgr.kr/edss/es/opd/odd/od/es_opd_oddod01_001,2009~2025,대학·학과,"조사년도,학교구분명,학과한글명,단과대학명,적용년도,교원대비전임교원_남자명예교수비전임교원수,교원대비전임교원_여자명예교수비전임교원수,남자비전임겸임교원수,여자비전임겸임교원수,남자초빙교원비전임교원수,여자초빙교원비전임교원수,남자시간강사비전임교원수,여자시간강사비전임교원수,남자기타비전임교원수,여자기타비전임교원수,교원대비전임교원_전문_여자전임강사교원수,교원대비전임교원_전문_남자전임강사교원수,교원대비전임교원_전문_여자조교수전임교원수,교원대비전임교원_전문_남자교수전임교원수,교원대비전임교원_전문_여자교수전임교원수,교원대비전임교원_전문_남자부교수전임교원수,교원대비전임교원_전문_여자부교수전임교원수,교원대비전임교원_전문_남자조교수전임교원수",,Y,,3,primary,catalogued_not_downloaded,
"대학정보공시(13종, 130테이블)",48,대학정보공시,전임교원현황에 대한 사항,0502,전체교원대비전임교원현황,대학/대학원대학,EDSS file data,EDSS open data (source custodian recorded by domain),https://www.edmgr.kr/edss/es/opd/odd/od/es_opd_oddod01_001,2009~2025,대학·학과,"조사년도,학교구분명,학과한글명,단과대학명,적용년도,학부여자비전임겸임교원수,학부남자초빙비전임교원수,학부여자초빙비전임교원수,대학원여자전임강사전임교원수,대학원남자전임강사전임교원수,대학원여자조교수전임교원수,대학원남자조교수전임교원수,대학원여자부교수전임교원수,대학원남자부교수전임교원수,대학원여자교수전임교원수,대학원남자교수전임교원수,학부여자기타비전임교원수,대학원남자명예교수비전임교원수,대학원여자명예교수비전임교원수,대학원남자비전임겸임교원수,대학원여자비전임겸임교원수,대학원남자초빙비전임교원수,대학원여자초빙비전임교원수,대학원남자시간강사비전임교원수,대학원여자시간강사비전임교원수,대학원남자기타비전임교원수,대학원여자기타비전임교원수,학부남자기타비전임교원수,학부여자시간강사비전임교원수,학부남자시간강사비전임교원수,학부남자교수전임교원수,학부여자교수전임교원수,학부남자부교수전임교원수,학부여자부교수전임교원수,학부남자조교수전임교원수,학부여자조교수전임교원수,학부남자전임강사전임교원수,학부여자전임강사전임교원수,학부남자명예교수비전임교원수,학부여자명예교수비전임교원수,학부남자비전임겸임교원수",,Y,,1,primary,catalogued_not_downloaded,
"대학정보공시(13종, 130테이블)",49,대학정보공시,전임교원현황에 대한 사항,0503,전임교원1인당학생현황,대학/대학원대학,EDSS file data,EDSS open data (source custodian recorded by domain),https://www.edmgr.kr/edss/es/opd/odd/od/es_opd_oddod01_001,2009~2025,대학·학교,"조사년도,학교구분명,대학계열명,적용년도,대학원재학생기준법정정원교원수,대학원학생정원기준법정정원교원수,학부재학생기준법정정원교원수,학부학생정원기준법정정원교원수,재학생기준전임교원수,1인당학생_전임교원수,대학원재학생수,대학원편제정원수,1인당학생_학부재학생수,1인당학생_학부편제정원수",,Y,,1,primary,catalogued_not_downloaded,
"대학정보공시(13종, 130테이블)",50,대학정보공시,전임교원현황에 대한 사항,0504,전임교원1인당학생현황_전문대학,전문대학,EDSS file data,EDSS open data (source custodian recorded by domain),https://www.edmgr.kr/edss/es/opd/odd/od/es_opd_oddod01_001,2009~2025,대학·학교,"조사년도,학교구분명,대학계열명,적용년도,1인당학생_전문대학_전임교원수,1인당학생_전문대_학부재학생수,1인당학생_전문대학_학부편제정원수",,Y,,3,primary,catalogued_not_downloaded,
"대학정보공시(13종, 130테이블)",51,대학정보공시,전임교원현황에 대한 사항,0505,국가별 외국인전임교원현황,전문대학/대학/대학원대학,EDSS file data,EDSS open data (source custodian recorded by domain),https://www.edmgr.kr/edss/es/opd/odd/od/es_opd_oddod01_001,2009~2025,대학·학교,"조사년도,학교구분명,국가명,추가등록구분명,적용년도,국가별외국인_남자겸임교원수,국가별외국인_여자겸임교원수,국가별외국인_남자초빙교원수,국가별외국인_여자초빙교원수,국가별외국인_남자시간강사수,국가별외국인_여자시간강사수,국가별외국인_여자전임강사전임교원수,국가별외국인_남자전임강사전임교원수,국가별외국인_여자조교수전임교원수,국가별외국인_남자교수전임교원수,국가별외국인_여자교수전임교원수,국가별외국인_남자부교수전임교원수,국가별외국인_여자부교수전임교원수,국가별외국인_남자조교수전임교원수",,Y,,3,primary,catalogued_not_downloaded,
"대학정보공시(13종, 130테이블)",52,대학정보공시,전임교원현황에 대한 사항,0506,전공계열별외국인전임교원현황,전문대학/대학/대학원대학,EDSS file data,EDSS open data (source custodian recorded by domain),https://www.edmgr.kr/edss/es/opd/odd/od/es_opd_oddod01_001,2009~2025,대학·학교,"조사년도,학교구분명,대학계열명,적용년도,전공계열별외국인_여자전임강사교원수,전공계열별외국인_남자겸임교원수,전공계열별외국인_여자겸임교원수,전공계열별외국인_남자초빙교원수,전공계열별외국인_여자초빙교원수,전공계열별외국인_남자시간강사수,전공계열별외국인_여자시간강사수,전공계열별외국인_남자전임강사교원수,전공계열별외국인_여자조교수전임교원수,전공계열별외국인_남자교수전임교원수,전공계열별외국인_여자교수전임교원수,전공계열별외국인_남자부교수전임교원수,전공계열별외국인_여자부교수전임교원수,전공계열별외국인_남자조교수전임교원수",,Y,,3,primary,catalogued_not_downloaded,
"대학정보공시(13종, 130테이블)",53,대학정보공시,전임교원의 연구 성과에 관한 사항,0601,국내외학술지게재논문실적,전문대학/대학/대학원대학,EDSS file data,EDSS open data (source custodian recorded by domain),https://www.edmgr.kr/edss/es/opd/odd/od/es_opd_oddod01_001,2009~2025,대학·학과,"조사년도,학교구분명,학과한글명,적용년도,역서수_2017년이후_여자,저서수_2017년이후_남자,여자역서수,여자저서수,여자기타국제발간일반학술지등재건수,여자국제SCI급학술지등재건수,여자기타국내발간일반학술지등재건수,여자국내학술진흥재단등재건수,여자전임교원수,기타국제발간일반학술지등재건수_2017년이후_남자,국제SCOPUS학술지등재건수_2017년이후_남자,전임교원수_2017년이후_남자,국내학술진흥재단등재건수_2017년이후_남자,기타국내발간일반학술지등재건수_2017년이후_남자,국제SCI급학술지등재건수_2017년이후_남자",,Y,,1,primary,catalogued_not_downloaded,
"대학정보공시(13종, 130테이블)",54,대학정보공시,전임교원의 연구 성과에 관한 사항,0602,저역서실적,전문대학/대학/대학원대학,EDSS file data,EDSS open data (source custodian recorded by domain),https://www.edmgr.kr/edss/es/opd/odd/od/es_opd_oddod01_001,2009~2013,대학·학과,"조사년도,학교구분명,학과한글명,단과대학명,적용년도,총저역서수,역서수,저서수,전임교원수",,Y,,3,primary,catalogued_not_downloaded,
"대학정보공시(13종, 130테이블)",55,대학정보공시,예결산 내역 등 학교 및 법인의 회계에 관한 사항,0701,교비회계대차대조표,전문대학/대학/대학원대학,EDSS file data,EDSS open data (source custodian recorded by domain),https://www.edmgr.kr/edss/es/opd/odd/od/es_opd_oddod01_001,2009~2025,대학·학교,"조사년도,학교구분명,모계정명,계정명,교비회계대차대조표_금액비율,교비회계대차대조표_본예산금액",,Y,,3,primary,catalogued_not_downloaded,
"대학정보공시(13종, 130테이블)",56,대학정보공시,예결산 내역 등 학교 및 법인의 회계에 관한 사항,0702,교비회계운영계산서,전문대학/대학/대학원대학,EDSS file data,EDSS open data (source custodian recorded by domain),https://www.edmgr.kr/edss/es/opd/odd/od/es_opd_oddod01_001,2009~2025,대학·학교,"조사년도,학교구분명,모계정명,계정명,교비회계운영계산서_금액비율,교비회계운영계산서_본예산금액",,Y,,3,primary,catalogued_not_downloaded,
"대학정보공시(13종, 130테이블)",57,대학정보공시,예결산 내역 등 학교 및 법인의 회계에 관한 사항,0703,교비회계자금계산서,전문대학/대학/대학원대학,EDSS file data,EDSS open data (source custodian recorded by domain),https://www.edmgr.kr/edss/es/opd/odd/od/es_opd_oddod01_001,2009~2025,대학·학교,"조사년도,학교구분명,모계정명,계정명,교비회계자금계산서_본예산금액,교비회계자금계산서_금액비율,본결산금액",,Y,,3,primary,catalogued_not_downloaded,
"대학정보공시(13종, 130테이블)",58,대학정보공시,예결산 내역 등 학교 및 법인의 회계에 관한 사항,0704,교비회계자금예산서,전문대학/대학/대학원대학,EDSS file data,EDSS open data (source custodian recorded by domain),https://www.edmgr.kr/edss/es/opd/odd/od/es_opd_oddod01_001,2009~2025,대학·학교,"조사년도,학교구분명,모계정명,계정명,교비회계자금예산서_본예산금액,교비회계자금예산서_금액비율",,Y,,3,primary,catalogued_not_downloaded,
"대학정보공시(13종, 130테이블)",59,대학정보공시,예결산 내역 등 학교 및 법인의 회계에 관한 사항,0705,국공립대기성회계급여보조성인건비현황,전문대학/대학/대학원대학,EDSS file data,EDSS open data (source custodian recorded by domain),https://www.edmgr.kr/edss/es/opd/odd/od/es_opd_oddod01_001,2011~2014,대학·학교,"조사년도,학교구분명,적용년도,기타직원인건비,8급이하직원인건비,6급7급직원인건비,5급이상직원인건비,기타교원인건비,조교인건비,전임강사인건비,조교수인건비,부교수인건비,교수인건비",,Y,,3,primary,catalogued_not_downloaded,
"대학정보공시(13종, 130테이블)",60,대학정보공시,예결산 내역 등 학교 및 법인의 회계에 관한 사항,0706,국공립대대학회계결산_기성회계세출현황,전문대학/대학/대학원대학,EDSS file data,EDSS open data (source custodian recorded by domain),https://www.edmgr.kr/edss/es/opd/odd/od/es_opd_oddod01_001,2009~2025,대학·학교,"조사년도,학교구분명,모계정명,계정명,차액사유내용,적용년도,국공립_기성회계세출_본예산금액,기타경비,국공립_기성회계세출_수입대체경비,자본지출경비,경상이전비,국공립_기성회계세출_운영비,인건비",,Y,,3,primary,catalogued_not_downloaded,
"대학정보공시(13종, 130테이블)",61,대학정보공시,예결산 내역 등 학교 및 법인의 회계에 관한 사항,0707,국공립대대학회계예산_기성회계세입현황,전문대학/대학/대학원대학,EDSS file data,EDSS open data (source custodian recorded by domain),https://www.edmgr.kr/edss/es/opd/odd/od/es_opd_oddod01_001,2009~2025,대학·학교,"조사년도,학교구분명,모계정명,계정명,차액사유내용,적용년도,국공립_기성회계세입_본예산금액,개정후본예산금액_2018년이후,국공립_기성회계세입_수입대체경비,국공립_기성회계세입_잡수입금액,보조금액,국공립대학회계예산_기성_이월금액,회비",,Y,,3,primary,catalogued_not_downloaded,
"대학정보공시(13종, 130테이블)",62,대학정보공시,예결산 내역 등 학교 및 법인의 회계에 관한 사항,0708,국공립대발전기금회계결산_발전기금회계세출 현황,전문대학/대학/대학원대학,EDSS file data,EDSS open data (source custodian recorded by domain),https://www.edmgr.kr/edss/es/opd/odd/od/es_opd_oddod01_001,2009~2025,대학·학교,"조사년도,학교구분명,모계정명,계정명,차액사유내용,적용년도,국공립발전기금회계세출현황_본예산금액,예비비,차기이월금액,기본재산증자비,기타사업비,교육기자재및시설확충비,연구지원비,장학사업비,국공립발전기금회계세출현황_운영비",,Y,,3,primary,catalogued_not_downloaded,
"대학정보공시(13종, 130테이블)",63,대학정보공시,예결산 내역 등 학교 및 법인의 회계에 관한 사항,0709,국공립대발전기금회계예산_발전기금회계세입 현황,전문대학/대학/대학원대학,EDSS file data,EDSS open data (source custodian recorded by domain),https://www.edmgr.kr/edss/es/opd/odd/od/es_opd_oddod01_001,2009~2025,대학·학교,"조사년도,학교구분명,모계정명,계정명,차액사유내용,적용년도,국공립발전기금회계세입현황_본예산금액,국공립_발전기금회계세입_잡수입금액,법인세환급금액,기부금액,국공립발전기금회계예산_발전기금_이월금액",,Y,,3,primary,catalogued_not_downloaded,
"대학정보공시(13종, 130테이블)",64,대학정보공시,예결산 내역 등 학교 및 법인의 회계에 관한 사항,0710,국공립대일반회계세입현황,전문대학/대학/대학원대학,EDSS file data,EDSS open data (source custodian recorded by domain),https://www.edmgr.kr/edss/es/opd/odd/od/es_opd_oddod01_001,2009~2016,대학·학교,"조사년도,학교구분명,대분류국공립계정명,중분류국공립계정명,국공립계정명,적용년도,국공립대일반회계세입_당년예산금액,국공립대일반회계세입_전년도결산금액",,Y,,3,primary,catalogued_not_downloaded,
"대학정보공시(13종, 130테이블)",65,대학정보공시,예결산 내역 등 학교 및 법인의 회계에 관한 사항,0711,국공립대일반회계세출현황,전문대학/대학/대학원대학,EDSS file data,EDSS open data (source custodian recorded by domain),https://www.edmgr.kr/edss/es/opd/odd/od/es_opd_oddod01_001,2009~2016,대학·학교,"조사년도,학교구분명,모계정명,계정명,적용년도,국공립대일반회계세출_전년도결산금액,국공립대일반회계세출_당년예산금액",,Y,,3,primary,catalogued_not_downloaded,
"대학정보공시(13종, 130테이블)",66,대학정보공시,예결산 내역 등 학교 및 법인의 회계에 관한 사항,0712,기부금현황,전문대학/대학/대학원대학,EDSS file data,EDSS open data (source custodian recorded by domain),https://www.edmgr.kr/edss/es/opd/odd/od/es_opd_oddod01_001,2009~2025,대학·학교,"조사년도,학교구분명,기부금구분명,적용년도,전기말누계액,산학협력단회계금액,교비회계금액,법인회계금액",,Y,,3,primary,catalogued_not_downloaded,
"대학정보공시(13종, 130테이블)",67,대학정보공시,예결산 내역 등 학교 및 법인의 회계에 관한 사항,0713,등록금납부제도현황,전체,EDSS file data,EDSS open data (source custodian recorded by domain),https://www.edmgr.kr/edss/es/opd/odd/od/es_opd_oddod01_001,2010~2025,대학·학교,"조사년도,학교구분명,납부구분명,납부방법명,최초시행년도,추가여부,적용년도,신입생및편입생분납제한내용,장학금수혜학생분납제한내용,학자금대출학생분납제한내용,증명서발급제한분납제한내용,온라인신청제한분납제한내용,장학금지급제한분납제한내용,거래카드회사내용,실시여부,금년도계획여부,학교부담카드수수료율,분납개월수,분납횟수,이용학생수,이용금액",,Y,,3,primary,catalogued_not_downloaded,
"대학정보공시(13종, 130테이블)",68,대학정보공시,예결산 내역 등 학교 및 법인의 회계에 관한 사항,0714,등록금현황,전문대학/대학/대학원대학,EDSS file data,EDSS open data (source custodian recorded by domain),https://www.edmgr.kr/edss/es/opd/odd/od/es_opd_oddod01_001,2009~2025,대학·학과,"조사년도,학교구분명,주야간계절구분명,학과명,학과상태명,학과특성명,학위과정구분명,단과대학명,학년구분명,적용년도,등록금_전년도입학정원수,등록금_입학정원수,등록금_전학년도등록금,등록금_기성회비,등록금_수업료,등록금_입학금",,Y,,1,primary,catalogued_not_downloaded,
"대학정보공시(13종, 130테이블)",69,대학정보공시,예결산 내역 등 학교 및 법인의 회계에 관한 사항,0715,등록금현황_대학원,대학원,EDSS file data,EDSS open data (source custodian recorded by domain),https://www.edmgr.kr/edss/es/opd/odd/od/es_opd_oddod01_001,2009~2025,대학·학과,"조사년도,학교구분명,주야간계절구분명,학과명,학과상태명,학과특성명,학위과정구분명,단과대학명,대학원학기구분명,적용년도,등록금_전년도입학정원수,등록금_대학원_입학정원수,등록금_전학년도등록금,등록금_대학원_기성회비,등록금_대학원_수업료,등록금_대학원_입학금",,Y,,3,primary,catalogued_not_downloaded,
"대학정보공시(13종, 130테이블)",70,대학정보공시,예결산 내역 등 학교 및 법인의 회계에 관한 사항,0716,법인회계대차대조표,전문대학/대학/대학원대학,EDSS file data,EDSS open data (source custodian recorded by domain),https://www.edmgr.kr/edss/es/opd/odd/od/es_opd_oddod01_001,2009~2025,대학·학교,"조사년도,학교구분명,모계정명,계정명,법인회계대차대조표_금액비율,법인회계대차대조표_본예산금액",,Y,,3,primary,catalogued_not_downloaded,
"대학정보공시(13종, 130테이블)",71,대학정보공시,예결산 내역 등 학교 및 법인의 회계에 관한 사항,0717,법인회계운영계산서,전문대학/대학/대학원대학,EDSS file data,EDSS open data (source custodian recorded by domain),https://www.edmgr.kr/edss/es/opd/odd/od/es_opd_oddod01_001,2009~2025,대학·학교,"조사년도,학교구분명,모계정명,계정명,법인회계운영계산서_금액비율,법인회계운영계산서_본예산금액",,Y,,3,primary,catalogued_not_downloaded,
"대학정보공시(13종, 130테이블)",72,대학정보공시,예결산 내역 등 학교 및 법인의 회계에 관한 사항,0718,법인회계자금계산서,전문대학/대학/대학원대학,EDSS file data,EDSS open data (source custodian recorded by domain),https://www.edmgr.kr/edss/es/opd/odd/od/es_opd_oddod01_001,2009~2025,대학·학교,"조사년도,학교구분명,모계정명,계정명,법인회계자금계산서_본예산금액,법인회계자금계산서_금액비율",,Y,,3,primary,catalogued_not_downloaded,
"대학정보공시(13종, 130테이블)",73,대학정보공시,예결산 내역 등 학교 및 법인의 회계에 관한 사항,0719,법인회계자금예산서,전문대학/대학/대학원대학,EDSS file data,EDSS open data (source custodian recorded by domain),https://www.edmgr.kr/edss/es/opd/odd/od/es_opd_oddod01_001,2009~2025,대학·학교,"조사년도,학교구분명,모계정명,계정명,법인회계자금예산서_금액비율,법인회계자금예산서_본예산금액",,Y,,3,primary,catalogued_not_downloaded,
"대학정보공시(13종, 130테이블)",74,대학정보공시,예결산 내역 등 학교 및 법인의 회계에 관한 사항,0720,산학협력단운영수익현황,전문대학/대학/대학원대학,EDSS file data,EDSS open data (source custodian recorded by domain),https://www.edmgr.kr/edss/es/opd/odd/od/es_opd_oddod01_001,2011~2012,대학·학교,"조사년도,학교구분명,적용년도,총운영수익금액,운영외수익금액,전입및기부금수익금액,기부금수익금액,전입금수익금액,지원금수익금액,기타지원금금액,국공지원금금액,산학협력수익금액,기타산학협력수익금액,설비자산사용료수익금액,지적재산권운영이전수익금액,교육운영수익금액,산학협력연구수익금액",,Y,,3,primary,catalogued_not_downloaded,
"대학정보공시(13종, 130테이블)",75,대학정보공시,예결산 내역 등 학교 및 법인의 회계에 관한 사항,0721,산학협력단회계대차대조표,전문대학/대학/대학원대학,EDSS file data,EDSS open data (source custodian recorded by domain),https://www.edmgr.kr/edss/es/opd/odd/od/es_opd_oddod01_001,2009~2025,대학·학교,"조사년도,학교구분명,모계정명,계정명,산학협력단회계대차대조표_금액비율,산협단회계대차대조표_본예산금액",,Y,,3,primary,catalogued_not_downloaded,
"대학정보공시(13종, 130테이블)",76,대학정보공시,예결산 내역 등 학교 및 법인의 회계에 관한 사항,0722,산학협력단회계운영계산서,전문대학/대학/대학원대학,EDSS file data,EDSS open data (source custodian recorded by domain),https://www.edmgr.kr/edss/es/opd/odd/od/es_opd_oddod01_001,2009~2025,대학·학교,"조사년도,학교구분명,모계정명,계정명,산학협력단회계운영계산서_금액비율,산협단회계운영계산서_본예산금액",,Y,,3,primary,catalogued_not_downloaded,
"대학정보공시(13종, 130테이블)",77,대학정보공시,예결산 내역 등 학교 및 법인의 회계에 관한 사항,0723,산학협력단회계자금수지계산서,전문대학/대학/대학원대학,EDSS file data,EDSS open data (source custodian recorded by domain),https://www.edmgr.kr/edss/es/opd/odd/od/es_opd_oddod01_001,2009~2025,대학·학교,"조사년도,학교구분명,모계정명,계정명,산학협력단회계자금수지계산서_금액비율,산협단회계자금수지계산서_본예산금액",,Y,,3,primary,catalogued_not_downloaded,
"대학정보공시(13종, 130테이블)",78,대학정보공시,예결산 내역 등 학교 및 법인의 회계에 관한 사항,0724,산학협력단회계현금예산서,전문대학/대학/대학원대학,EDSS file data,EDSS open data (source custodian recorded by domain),https://www.edmgr.kr/edss/es/opd/odd/od/es_opd_oddod01_001,2009~2025,대학·학교,"조사년도,학교구분명,모계정명,계정명,산협단회계현금예산서_본예산금액,산학협력단회계현금예산서_금액비율",,Y,,3,primary,catalogued_not_downloaded,
"대학정보공시(13종, 130테이블)",79,대학정보공시,예결산 내역 등 학교 및 법인의 회계에 관한 사항,0725,예결산합산재무제표현황,전문대학/대학/대학원대학,EDSS file data,EDSS open data (source custodian recorded by domain),https://www.edmgr.kr/edss/es/opd/odd/od/es_opd_oddod01_001,2009~2025,대학·학교,"조사년도,학교구분명,수입구분명,적용년도,결산금액,추가경정예산금액,예산금액",,Y,,3,primary,catalogued_not_downloaded,
"대학정보공시(13종, 130테이블)",80,대학정보공시,예결산 내역 등 학교 및 법인의 회계에 관한 사항,0726,입학전형료수입현황,전문대학/대학/대학원대학,EDSS file data,EDSS open data (source custodian recorded by domain),https://www.edmgr.kr/edss/es/opd/odd/od/es_opd_oddod01_001,2010~2025,대학·학교,"조사년도,학교구분명,모계정명,계정명,적용년도,총입시수수료,응시인원수,모집인원수",,Y,,3,primary,catalogued_not_downloaded,
"대학정보공시(13종, 130테이블)",81,대학정보공시,예결산 내역 등 학교 및 법인의 회계에 관한 사항,0727,입학전형료지출현황,전문대학/대학/대학원대학,EDSS file data,EDSS open data (source custodian recorded by domain),https://www.edmgr.kr/edss/es/opd/odd/od/es_opd_oddod01_001,2010~2025,대학·학교,"조사년도,학교구분명,모계정명,계정명,적용년도,추가여부,기타특수과정전형금액,대학원전형금액,학부편입전형금액,학부정시전형금액,학부수시전형금액",,Y,,3,primary,catalogued_not_downloaded,
"대학정보공시(13종, 130테이블)",82,대학정보공시,예결산 내역 등 학교 및 법인의 회계에 관한 사항,0728,적립금현황,전문대학/대학/대학원대학,EDSS file data,EDSS open data (source custodian recorded by domain),https://www.edmgr.kr/edss/es/opd/odd/od/es_opd_oddod01_001,2009~2025,대학·학교,"조사년도,학교구분명,회계별구분명,특정기금구분명,적용년도,기타증감금액,당기적립금액,당기인출금액,전기말누계액",,Y,,3,primary,catalogued_not_downloaded,
"대학정보공시(13종, 130테이블)",83,대학정보공시,예결산 내역 등 학교 및 법인의 회계에 관한 사항,0729,총장이사장상근이사업무추진비사용현황,전문대학/대학/대학원대학,EDSS file data,EDSS open data (source custodian recorded by domain),https://www.edmgr.kr/edss/es/opd/odd/od/es_opd_oddod01_001,2021~2025,대학·학교,"조사년도,학교구분명,사용일자,사용장소명,사용구분명,적용년도,사용내용,집행년월,지출금액",,Y,,3,primary,catalogued_not_downloaded,
"대학정보공시(13종, 130테이블)",84,대학정보공시,등록금 및 학생 1인당 교육비의 산정근거에 관한 사항,0801,학생1인당교육비산정근거_국공립대학,국공립대학,EDSS file data,EDSS open data (source custodian recorded by domain),https://www.edmgr.kr/edss/es/opd/odd/od/es_opd_oddod01_001,2010~2025,대학·학교,"조사년도,학교구분명,산학협력단회계기준명,적용년도,기자재구입비,도서구입비,1인당교육비산정근거_국공립_재학생수,국공립_자본적지출금액,국공립_산학협력단회계금액,인당교육비산정근거_국공립_교비회계금액,국공립_발전기금회계금액,인당교육비산정근거_국공립_기성회계금액,인당교육비산정근거_국공립_일반회계금액",,Y,,3,primary,catalogued_not_downloaded,
"대학정보공시(13종, 130테이블)",85,대학정보공시,등록금 및 학생 1인당 교육비의 산정근거에 관한 사항,0802,학생1인당교육비산정근거_사립대학,사립대학,EDSS file data,EDSS open data (source custodian recorded by domain),https://www.edmgr.kr/edss/es/opd/odd/od/es_opd_oddod01_001,2010~2025,대학·학교,"조사년도,학교구분명,적용년도,기계기구구입금액,도서구입금액,1인당교육비산정근거_사립_재학생수,사립_자본적지출금액,사립_산학협력단회계금액,인당교육비산정근거_사립_교비회계금액,사립_발전기금회계금액,인당교육비산정근거_사립_기성회계금액,인당교육비산정근거_사립_일반회계금액",,Y,,3,primary,catalogued_not_downloaded,
"대학정보공시(13종, 130테이블)",86,대학정보공시,학교 발전계획 및 특성화계획,0901,학교특성화현황,전문대학/대학/대학원대학,EDSS file data,EDSS open data (source custodian recorded by domain),https://www.edmgr.kr/edss/es/opd/odd/od/es_opd_oddod01_001,2009~2020,대학·학과,"조사년도,학교구분명,주야간계절구분명,학과명,학과상태명,학과특성명,학위과정구분명,단과대학명,기준년도,재정지원사업내용,대학발전계획연계여부,특성화재정지원사업수혜여부,계획수립년도,특성화분야내용,대학자체특성화분야명,차수,총지원금액,수정횟수",,Y,,3,primary,catalogued_not_downloaded,
"대학정보공시(13종, 130테이블)",87,대학정보공시,"교원의 연구,학생에 대한 교육 및 산학협력 현황",1001,강좌당학생현황,전문대학/대학/대학원대학,EDSS file data,EDSS open data (source custodian recorded by domain),https://www.edmgr.kr/edss/es/opd/odd/od/es_opd_oddod01_001,2009~2025,대학·학교,"조사년도,학교구분명,학기구분명,적용년도,101명이상200명미만강좌수,81명이상100명미만강좌수,61명이상80명미만강좌수,51명이상60명미만강좌수,41명이상50명미만강좌수,31명이상40명미만강좌수,21명이상30명미만강좌수,200명이상강좌수,100명이상강좌수,50명이상100명미만강좌수,20명이상50명미만강좌수,20명미만강좌수",,Y,,3,primary,catalogued_not_downloaded,
"대학정보공시(13종, 130테이블)",88,대학정보공시,"교원의 연구,학생에 대한 교육 및 산학협력 현황",1002,공동활용연구장비운영현황,전문대학/대학,EDSS file data,EDSS open data (source custodian recorded by domain),https://www.edmgr.kr/edss/es/opd/odd/od/es_opd_oddod01_001,2011~2025,대학·학교,"조사년도,학교구분명,제작사명,모델명,장비명,장비위치명,장비ID,구입일자,적용년도,설비자산사용료기타금액,설비자산사용료산학협력단회계금액,설비자산사용료교비회계금액,설비자산사용료일반회계금액,수익금,구입가격",,Y,,3,primary,catalogued_not_downloaded,
"대학정보공시(13종, 130테이블)",89,대학정보공시,"교원의 연구,학생에 대한 교육 및 산학협력 현황",1003,교원강의담당비율,전체,EDSS file data,EDSS open data (source custodian recorded by domain),https://www.edmgr.kr/edss/es/opd/odd/od/es_opd_oddod01_001,2009~2025,대학·학과,"조사년도,학교구분명,주야간계절구분명,학과명,학과상태명,학과특성명,학위과정구분명,단과대학명,학기구분명,적용년도,기타비전임교원강의담당학점,시간강사강의담당학점,초빙교원강의담당학점,겸임교원강의담당학점,전임교원강의담당학점,총개설강의학점",,Y,,3,primary,catalogued_not_downloaded,
"대학정보공시(13종, 130테이블)",90,대학정보공시,"교원의 연구,학생에 대한 교육 및 산학협력 현황",1004,교원의창업및창업지원현황,전문대학/대학/대학원대학,EDSS file data,EDSS open data (source custodian recorded by domain),https://www.edmgr.kr/edss/es/opd/odd/od/es_opd_oddod01_001,2010~2025,대학·학교,"조사년도,학교구분명,휴직허용기간내용,휴직허용횟수내용,겸직허용횟수내용,겸직허용기간내용,교원창업특례여부,적용년도,기계재료업종창업수,전기전자업종창업수,정보통신업종창업수,생명식품업종창업수,화공섬유업종창업수,환경에너지업종창업수,공예디자인업종창업수,기타업종창업수,창업및창업지원_창업자수,교내창업기업수,교외창업기업수,교원휴겸직승인건수,교원창업기업자본금,창업및창업지원_매출고용발생기업수,창업및창업지원_교원창업및창업지원현황,교원창업지원_매출발생기업수_2017년이후,교원휴겸직창업수,휴겸직교원복귀수,교원창업자수,교내창업수,창업보육센터창업수,산업단지등외부창업수,소속대학기부기업수,실험실공장설치기업수,교원창업기업고용인원수,교원창업기업매출액",,Y,,3,primary,catalogued_not_downloaded,
"대학정보공시(13종, 130테이블)",91,대학정보공시,"교원의 연구,학생에 대한 교육 및 산학협력 현황",1005,기술이전수입료및계약실적,전문대학/대학/대학원대학,EDSS file data,EDSS open data (source custodian recorded by domain),https://www.edmgr.kr/edss/es/opd/odd/od/es_opd_oddod01_001,2009~2025,대학·학교,"조사년도,학교구분명,적용년도,기술이전수입료,계약건수",,Y,,3,primary,catalogued_not_downloaded,
"대학정보공시(13종, 130테이블)",92,대학정보공시,"교원의 연구,학생에 대한 교육 및 산학협력 현황",1006,기술지주회사운영현황,전문대학/대학,EDSS file data,EDSS open data (source custodian recorded by domain),https://www.edmgr.kr/edss/es/opd/odd/od/es_opd_oddod01_001,2011~2022,대학·학교,"조사년도,학교구분명,설립일자,지주회사입지구분명,기술지주회사ID,기술지주회사명,적용년도,자본금총액,고용인력수,지주회사배당수익금액,지주회사자본금현금금액,지주회사자본금현물금액,지주회사지분매각수익금액,산학협력단출자액,자회사수,자회사자본금총액,자회사인력수,자회사총매출액,총매출액",,Y,,3,primary,catalogued_not_downloaded,
"대학정보공시(13종, 130테이블)",93,대학정보공시,"교원의 연구,학생에 대한 교육 및 산학협력 현황",1007,대학강의공개실적,전체,EDSS file data,EDSS open data (source custodian recorded by domain),https://www.edmgr.kr/edss/es/opd/odd/od/es_opd_oddod01_001,"2010~2020, 2022~2025",대학·학교,"조사년도,학교구분명,적용년도,한국형온라인공개강좌(K-MOOC)강좌수,전체공개강좌수_차시,강의자료일부공개강좌회차수,강의자료일부공개강좌수,이러닝강의일부공개강좌회차수,이러닝강의일부공개강좌수,강의동영상일부공개강좌회차수,강의동영상일부공개강좌수,강의자료공개강좌회차수,강의자료공개강좌수,이러닝강의공개강좌회차수,이러닝강의공개강좌수,강의동영상공개강좌회차수,강의동영상공개강좌수",,Y,,3,primary,catalogued_not_downloaded,
"대학정보공시(13종, 130테이블)",94,대학정보공시,"교원의 연구,학생에 대한 교육 및 산학협력 현황",1008,대학원격강좌현황,전체,EDSS file data,EDSS open data (source custodian recorded by domain),https://www.edmgr.kr/edss/es/opd/odd/od/es_opd_oddod01_001,2012~2025,대학·학교,"조사년도,학교구분명,학기구분명,교과구분명,원격강좌학문분야명,개설강좌명,군복무자원격강좌실시여부,일련번호,일반인수강가능여부,협약기관명,적용년도,학점,수강료,수강인원수,본교수강인원수,타교수강인원수,일반수강인원수,군복무자수강인원수,본교수강료,타교수강료,일반수강료,군복무자수강료",,Y,,3,primary,catalogued_not_downloaded,
"대학정보공시(13종, 130테이블)",95,대학정보공시,"교원의 연구,학생에 대한 교육 및 산학협력 현황",1009,사회봉사과목수강현황,전체,EDSS file data,EDSS open data (source custodian recorded by domain),https://www.edmgr.kr/edss/es/opd/odd/od/es_opd_oddod01_001,"2016~2019, 2021~2025",대학·학교,"조사년도,학교구분명,학기구분명,사회봉사교과목구분명,강좌명,학점수,적용년도,사회봉사과목수강_이수학생수,총수강학생수",,Y,,3,primary,catalogued_not_downloaded,
"대학정보공시(13종, 130테이블)",96,대학정보공시,"교원의 연구,학생에 대한 교육 및 산학협력 현황",1010,산업체경력전임교원현황,전문대학/대학/대학원대학,EDSS file data,EDSS open data (source custodian recorded by domain),https://www.edmgr.kr/edss/es/opd/odd/od/es_opd_oddod01_001,2009~2025,대학·학과,"조사년도,학교구분명,학과한글명,단과대학명,적용년도,경력10년이상전임교원수,경력5년이상전임교원수,경력5년미만전임교원수,경력3년미만전임교원수,경력1년미만전임교원수,무경력교원수,비전임교원수,지정형전임교원수,채용형전임교원수",,Y,,3,primary,catalogued_not_downloaded,
"대학정보공시(13종, 130테이블)",97,대학정보공시,"교원의 연구,학생에 대한 교육 및 산학협력 현황",1011,산학협력단고용주체별인력현황,전문대학/대학,EDSS file data,EDSS open data (source custodian recorded by domain),https://www.edmgr.kr/edss/es/opd/odd/od/es_opd_oddod01_001,2011~2020,대학·학교,"조사년도,학교구분명,인력구분명,적용년도,평균근속개월수,산학협력단고용주체별인력_총인원수,근속년수6년초과인원수,근속년수4년이상6년미만인원수,근속년수2년이상4년미만인원수,근속년수2년이하인원수",,Y,,3,primary,catalogued_not_downloaded,
"대학정보공시(13종, 130테이블)",98,대학정보공시,"교원의 연구,학생에 대한 교육 및 산학협력 현황",1012,산학협력단담당업무별인력현황,전문대학/대학,EDSS file data,EDSS open data (source custodian recorded by domain),https://www.edmgr.kr/edss/es/opd/odd/od/es_opd_oddod01_001,2011~2021,대학·학교,"조사년도,학교구분명,인력구분명,적용년도,산학협력총인원수,산학협력기타인원수,산학협력창업보육인원수,산학협력기술이전사업화인원수,산학협력산학연계인원수,산학협력연구관리인원수,산학협력연구기획인원수",,Y,,3,primary,catalogued_not_downloaded,
"대학정보공시(13종, 130테이블)",99,대학정보공시,"교원의 연구,학생에 대한 교육 및 산학협력 현황",1013,산학협력단전문인력현황,전문대학/대학,EDSS file data,EDSS open data (source custodian recorded by domain),https://www.edmgr.kr/edss/es/opd/odd/od/es_opd_oddod01_001,2011~2014,대학·학교,"조사년도,학교구분명,근속년수구분명,적용년도,기타전문인력수,산학연협력전문코디네이터수,산학협력단전문인력_총인원수,기업기술가치평가사수,창업지도사수,기술거래사수,기술지도사수,경영지도자수,기술사수,변리사수,변호사수,공인회계사수,세무사수",,Y,,3,primary,catalogued_not_downloaded,
"대학정보공시(13종, 130테이블)",100,대학정보공시,"교원의 연구,학생에 대한 교육 및 산학협력 현황",1014,연구비수혜실적,전문대학/대학,EDSS file data,EDSS open data (source custodian recorded by domain),https://www.edmgr.kr/edss/es/opd/odd/od/es_opd_oddod01_001,2009~2025,대학·학교,"조사년도,학교구분명,적용년도,교외대응자금_2017년이후_남자,여자전임교원수,여자교내과제수,여자교내연구비,여자교외중앙정부과제수,여자교외중앙정부연구비,여자교외지방자치단체과제수,여자교외지방자치단체연구비,여자교외민간과제수,여자교외민간연구비,여자교외외국과제수,여자교외외국연구비,여자교내대응자금,여자교외대응자금,교내대응자금_2017년이후_남자,교외외국연구비_2017년이후_남자,교외외국과제수_2017년이후_남자,전임교원수_2017년이후_남자,교내과제수_2017년이후_남자,교내연구비_2017년이후_남자,교외중앙정부과제수_2017년이후_남자,교외중앙정부연구비_2017년이후_남자,교외지방자치단체과제수_2017년이후_남자,교외지방자치단체연구비_2017년이후_남자,교외민간과제수_2017년이후_남자,교외민간연구비_2017년이후_남자",,Y,,1,primary,catalogued_not_downloaded,
"대학정보공시(13종, 130테이블)",101,대학정보공시,"교원의 연구,학생에 대한 교육 및 산학협력 현황",1015,외국대학과교류현황,전체,EDSS file data,EDSS open data (source custodian recorded by domain),https://www.edmgr.kr/edss/es/opd/odd/od/es_opd_oddod01_001,2009~2025,대학·학교,"조사년도,학교구분명,국가명,대학명,적용년도,일련번호,유치인원수,파견인원수",,Y,,3,primary,catalogued_not_downloaded,
"대학정보공시(13종, 130테이블)",102,대학정보공시,"교원의 연구,학생에 대한 교육 및 산학협력 현황",1016,장학금수혜현황,전체,EDSS file data,EDSS open data (source custodian recorded by domain),https://www.edmgr.kr/edss/es/opd/odd/od/es_opd_oddod01_001,2009~2025,대학·학과,"조사년도,학교구분명,주야간계절구분명,학과명,학과상태명,학과특성명,학위과정구분명,단과대학명,학기구분명,적용년도,재난장학금액,장학금수혜_재학생수,장학금수혜_국가장학금인원수,장학금수혜_국가장학금액,장학금수혜_지방자치단체장학금인원수,장학금수혜_지방자치단체장학금액,장학금수혜_시설및기타장학금인원수,장학금수혜_시설및기타장학금액,장학금수혜_내부장학금인원수,장학금수혜_내부장학금액,근로장학금인원수,근로장학금액,장학금수혜_우수장학금인원수,장학금수혜_우수장학금액,장학금수혜_저소득장학금인원수,장학금수혜_저소득장학금액,장학금수혜_봉사장학금인원수,장학금수혜_봉사장학금액,장학금수혜_기타장학금인원수,장학금수혜_기타장학금액,장학금수혜_교직원장학금인원수,장학금수혜_교직원장학금액,교내외국인유학생장학금액,장학금수혜_정부학교학비감면금액,장학금수혜_정부학교학비감면인원수",,Y,,1,primary,catalogued_not_downloaded,
"대학정보공시(13종, 130테이블)",103,대학정보공시,"교원의 연구,학생에 대한 교육 및 산학협력 현황",1017,장학금수혜현황_대학원,대학원,EDSS file data,EDSS open data (source custodian recorded by domain),https://www.edmgr.kr/edss/es/opd/odd/od/es_opd_oddod01_001,2009~2025,대학·학과,"조사년도,학교구분명,주야간계절구분명,학과명,학과상태명,학과특성명,학위과정구분명,단과대학명,학기구분명,적용년도,재난장학금액,장학금수혜_대학원_내부장학금인원수,장학금수혜_대학원_내부장학금액,대학원_근로장학금인원수,대학원_근로장학금액,장학금수혜_대학원_우수장학금인원수,장학금수혜_대학원_우수장학금액,장학금수혜_대학원_저소득장학금인원수,장학금수혜_대학원_저소득장학금액,장학금수혜_대학원_봉사장학금인원수,장학금수혜_대학원_봉사장학금액,장학금수혜_대학원_기타장학금인원수,장학금수혜_대학원_기타장학금액,장학금수혜_대학원_교직원장학금인원수,장학금수혜_대학원_교직원장학금액,장학금수혜_대학원_정부학교학비감면금액,장학금수혜_대학원_정부학교학비감면인원수,장학금수혜_대학원_시설및기타장학금액,장학금수혜_대학원_재학생수,장학금수혜_대학원_국가장학금인원수,장학금수혜_대학원_국가장학금액,장학금수혜_대학원_지방자치단체장학금인원수,장학금수혜_대학원_지방자치단체장학금액,장학금수혜_대학원_시설및기타장학금인원수",,Y,,3,primary,catalogued_not_downloaded,
"대학정보공시(13종, 130테이블)",104,대학정보공시,"교원의 연구,학생에 대한 교육 및 산학협력 현황",1018,장학금수혜기준규정,전체,EDSS file data,EDSS open data (source custodian recorded by domain),https://www.edmgr.kr/edss/es/opd/odd/od/es_opd_oddod01_001,2012~2025,대학·학교,"조사년도,학교구분명,대학원10%규정준수금액,대학원총등록금수입금액,대학원10%규정준수인원수,학부10%규정준수금액,학부10%규정준수인원수,10%규정준수인원수,10%규정준수금액,30%규정준수인원수,30%규정준수금액,총등록금수입금액,학부30%규정준수인원수,학부30%규정준수금액,대학원30%규정준수인원수,대학원30%규정준수금액,학부총등록금수입금액",,Y,,3,primary,catalogued_not_downloaded,
"대학정보공시(13종, 130테이블)",105,대학정보공시,"교원의 연구,학생에 대한 교육 및 산학협력 현황",1019,창업교육지원현황,전체,EDSS file data,EDSS open data (source custodian recorded by domain),https://www.edmgr.kr/edss/es/opd/odd/od/es_opd_oddod01_001,2012~2025,대학·학교,"조사년도,학교구분명,창업휴학제도시행여부,창업대체학점인정제도시행여부,적용년도,창업강좌교양실습이수학생수,창업강좌전공이론강좌수,창업강좌전공이론이수학생수,창업강좌전공실습강좌수,창업강좌전공실습이수학생수,창업경진대회개최건수,창업경진대회참여인원수,창업캠프개최건수,창업캠프참여인원수,창업교육전담조직교직원수,창업교육전담조직교비지원예산금액,창업교육전담조직사업비지원예산금액,창업강좌교양실습강좌수,창업강좌교양이론이수학생수,교양과목강좌수,교양과목이수학생수,전공과목강좌수,전공과목이수학생수,실습과목강좌수,실습과목이수학생수,창업동아리수,창업동아리참여학생수,창업교육센터교직원수,창업교육센터창업강좌수,창업강좌교양이론강좌수",,Y,,3,primary,catalogued_not_downloaded,
"대학정보공시(13종, 130테이블)",106,대학정보공시,"교원의 연구,학생에 대한 교육 및 산학협력 현황",1020,캡스톤디자인운영현황,전문대학/대학/대학원대학,EDSS file data,EDSS open data (source custodian recorded by domain),https://www.edmgr.kr/edss/es/opd/odd/od/es_opd_oddod01_001,2011~2025,대학·학과,"조사년도,학교구분명,주야간계절구분명,학기구분명,학과한글명,단과대학명,교육부계열명,교과목명,일련번호,적용년도,지원금수령학생수,지원금수령금액,타학과인문사회계열이수학생수,타학과자연과학계열이수학생수,타학과공학계열이수학생수,타학과의학계열이수학생수,타학과예체능계열이수학생수,시제품제작비수령금액_2018년이후,교육프로그램지원비수령금액_2018년이후,캡스톤디자인운영_최소학점수,캡스톤디자인운영_최대학점수,캡스톤디자인운영_학점수,캡스톤디자인운영_대상학생수,캡스톤디자인운영_이수학생수",,Y,,3,primary,catalogued_not_downloaded,
"대학정보공시(13종, 130테이블)",107,대학정보공시,"교원의 연구,학생에 대한 교육 및 산학협력 현황",1021,특허출원및등록실적,전문대학/대학/대학원대학,EDSS file data,EDSS open data (source custodian recorded by domain),https://www.edmgr.kr/edss/es/opd/odd/od/es_opd_oddod01_001,2009~2025,대학·학교,"조사년도,학교구분명,적용년도,해외특허등록건수,해외특허출원건수,국내특허등록건수,국내특허출원건수",,Y,,3,primary,catalogued_not_downloaded,
"대학정보공시(13종, 130테이블)",108,대학정보공시,"교원의 연구,학생에 대한 교육 및 산학협력 현황",1022,학교기업운영현황,전문대학/대학/대학원대학,EDSS file data,EDSS open data (source custodian recorded by domain),https://www.edmgr.kr/edss/es/opd/odd/od/es_opd_oddod01_001,2011~2025,대학·학과,"조사년도,학교구분명,학교기업소속구분명,사업내용,사업종목명,연계학과명,학교기업ID,학교기업명,적용년도,자산규모금액,기타연간투자액,교비연간투자액,매출액,학점인정현장실습학생수,전담인력수",,Y,,3,primary,catalogued_not_downloaded,
"대학정보공시(13종, 130테이블)",109,대학정보공시,"교원의 연구,학생에 대한 교육 및 산학협력 현황",1023,학생의창업및창업지원현황,전문대학/대학/대학원대학,EDSS file data,EDSS open data (source custodian recorded by domain),https://www.edmgr.kr/edss/es/opd/odd/od/es_opd_oddod01_001,2011~2025,대학·학교,"조사년도,학교구분명,적용년도,창업기업매출액,정부지원액,교비지원액,창업기업자본금,학생창업지원_매출고용발생기업수,학생창업지원_학생창업및창업지원현황,학생창업지원_매출발생기업수_2017년이후,교외창업기업수_2017년이후,창업기업고용인원수,전담교직원수,전담교원수,창업지원예산금액,창업지원전용공간면적,창업기업수,학생창업지원_창업자수",,Y,,3,primary,catalogued_not_downloaded,
"대학정보공시(13종, 130테이블)",110,대학정보공시,"교원의 연구,학생에 대한 교육 및 산학협력 현황",1024,학자금대출현황,전체,EDSS file data,EDSS open data (source custodian recorded by domain),https://www.edmgr.kr/edss/es/opd/odd/od/es_opd_oddod01_001,2013~2025,대학·학과,"조사년도,학교구분명,주야간계절구분명,학과명,학과상태명,학과특성명,학위과정구분명,단과대학명,대학구분명,학기구분명,적용년도,정부보증학자금대출학생수,정부보증학자금대출금액,등록금정부보증학자금대출학생수,등록금정부보증학자금대출금액,취업후상환학자금대출학생수,취업후상환학자금대출금액,등록금취업후상환학자금대출학생수,등록금취업후상환학자금대출금액,학자금대출_재학생수",,Y,,3,primary,catalogued_not_downloaded,
"대학정보공시(13종, 130테이블)",111,대학정보공시,"교원의 연구,학생에 대한 교육 및 산학협력 현황",1025,학자금대출현황_대학원,대학원,EDSS file data,EDSS open data (source custodian recorded by domain),https://www.edmgr.kr/edss/es/opd/odd/od/es_opd_oddod01_001,2009~2025,대학·학과,"조사년도,학교구분명,주야간계절구분명,학과명,학과상태명,학과특성명,학위과정구분명,단과대학명,학기구분명,대학구분명,대학원_등록금수입인원수,대학원_등록금수입금액,대학원_재학생수",,Y,,3,primary,catalogued_not_downloaded,
"대학정보공시(13종, 130테이블)",112,대학정보공시,"교원의 연구,학생에 대한 교육 및 산학협력 현황",1026,현장실습운영현황,전문대학/대학/대학원대학,EDSS file data,EDSS open data (source custodian recorded by domain),https://www.edmgr.kr/edss/es/opd/odd/od/es_opd_oddod01_001,2011~2025,대학·학과,"조사년도,학교구분명,주야간계절구분명,학기구분명,학과한글명,단과대학명,실습기간구분명,12주이상최소학점수,12주이상최대학점수,4주이상최소학점수,4주이상최대학점수,8주이상최소학점수,8주이상최대학점수,적용년도,현장실습운영_이수학생수,4주기준12주이상실습지원비60만원이상수령학생수_2018년이후,4주기준12주이상실습지원비30만원이상수령학생수_2018년이후,4주기준12주이상실습지원비102만원이상수령학생수_2018년이후,4주기준4주이상실습지원비60만원이상수령학생수_2018년이후,4주기준4주이상실습지원비30만원이상수령학생수_2018년이후,4주기준4주이상실습지원비102만원이상수령학생수_2018년이후,4주기준8주이상실습지원비60만원이상수령학생수_2018년이후,4주기준8주이상실습지원비30만원이상수령학생수_2018년이후,4주기준8주이상실습지원비102만원이상수령학생수_2018년이후,현장실습운영_학점수,현장실습운영_최소학점수,현장실습운영_최대학점수,참여기업수,실습기간주수,현장실습운영_대상학생수,12주이상산재보험가입학생수,12주이상상해및산재보험가입학생수,12주이상상해보험가입학생수,12주이상실습지원비수령학생수,12주이상실습지원비미수령학생수_2018년이후,12주이상현장실습이수학생수,12주이상현장실습참여기업수,4주이상산재보험가입학생수,4주이상상해및산재보험가입학생수,4주이상상해보험가입학생수,4주이상실습지원비수령학생수,4주이상실습지원비미수령학생수_2018년이후,4주이상현장실습이수학생수,4주이상현장실습참여기업수,8주이상산재보험가입학생수,8주이상상해및산재보험가입학생수,8주이상상해보험가입학생수,8주이상실습지원비수령학생수,8주이상실습지원비미수령학생수_2018년이후,8주이상현장실습이수학생수,8주이상현장실습참여기업수",,Y,,2,primary,catalogued_not_downloaded,
"대학정보공시(13종, 130테이블)",113,대학정보공시,도서관 및 연구에 대한 지원 현황,1101,장서보유현황,전문대학/대학/대학원대학,EDSS file data,EDSS open data (source custodian recorded by domain),https://www.edmgr.kr/edss/es/opd/odd/od/es_opd_oddod01_001,"2009~2020, 2022~2025",대학·학교,"조사년도,학교구분명,적용년도,기타장서수,국내서수,국외서수,연간장서증가수,비도서자료수,국내전자자료수,국외전자자료수,국내인쇄형연속간행물수,국외인쇄형연속간행물수,연간장서폐기수,대학교총예산금액,장서보유_도서구입비,국외전자저널수,국내전자저널수,국외정기간행물수,장서보유_재학생수,동양서장서수,서양서장서수,학생1인당장서수,국내신문수,국외신문수,국내학술잡지수,국외학술잡지수,국내정기간행물수",,Y,,3,primary,catalogued_not_downloaded,
"대학정보공시(13종, 130테이블)",114,대학정보공시,도서관 및 연구에 대한 지원 현황,1102,도서관예산현황,전문대학/대학/대학원대학,EDSS file data,EDSS open data (source custodian recorded by domain),https://www.edmgr.kr/edss/es/opd/odd/od/es_opd_oddod01_001,2009~2013,대학·학교,"조사년도,지역명,학교구분명,적용년도,학생수,학생1인당도서구입비,도서관예산_재학생수,도서관예산_도서구입비,대학총예산금액,도서관본예산금액,대학총예산대비도서구입비율",시도 단위,Y,,3,primary,catalogued_not_downloaded,
"대학정보공시(13종, 130테이블)",115,대학정보공시,도서관 및 연구에 대한 지원 현황,1103,연구시설현황,전문대학/대학/대학원대학,EDSS file data,EDSS open data (source custodian recorded by domain),https://www.edmgr.kr/edss/es/opd/odd/od/es_opd_oddod01_001,2009~2025,대학·학교,"조사년도,학교구분명,학문분야명,연구소명,일련번호,적용년도,국내학술대회개최건수,국제학술대회개최건수,학술행사개최건수_기타,교외연구비수주액,교내연구비수주액,전임유급인력수",,Y,,3,primary,catalogued_not_downloaded,
"대학정보공시(13종, 130테이블)",116,대학정보공시,교육여건 및 학교운영상태,1201,강사강의료현황,전문대학/대학/대학원대학,EDSS file data,EDSS open data (source custodian recorded by domain),https://www.edmgr.kr/edss/es/opd/odd/od/es_opd_oddod01_001,2010~2025,대학·학교,"조사년도,학교구분명,주야간계절구분명,강사구분KCUE코드명,추가여부,적용년도,총강의시간수,지급인원수,시간당지급기준단가,평점",,Y,,3,primary,catalogued_not_downloaded,
"대학정보공시(13종, 130테이블)",117,대학정보공시,교육여건 및 학교운영상태,1202,교사시설확보현황,전문대학/대학/대학원대학,EDSS file data,EDSS open data (source custodian recorded by domain),https://www.edmgr.kr/edss/es/opd/odd/od/es_opd_oddod01_001,"2009~2020, 2022~2025",대학·학교,"조사년도,학교구분명,적용년도,교사시설확보_재학생기준교사기준면적,교사시설확보_입학정원기준교사기준면적,기타시설보유면적,부속시설보유면적,연구시설보유면적,지원시설보유면적,기본시설보유면적,교사시설확보_기준면적",,Y,,3,primary,catalogued_not_downloaded,
"대학정보공시(13종, 130테이블)",118,대학정보공시,교육여건 및 학교운영상태,1203,교지확보현황,전문대학/대학/대학원대학,EDSS file data,EDSS open data (source custodian recorded by domain),https://www.edmgr.kr/edss/es/opd/odd/od/es_opd_oddod01_001,"2009~2020, 2022~2025",대학·학교,"조사년도,학교구분명,적용년도,교지확보_재학생기준교사기준면적,교지확보_입학정원기준교사기준면적,보유면적,교지확보_기준면적",,Y,,3,primary,catalogued_not_downloaded,
"대학정보공시(13종, 130테이블)",119,대학정보공시,교육여건 및 학교운영상태,1204,국공립기숙사운영현황_민자,전문대학/대학/대학원대학,EDSS file data,EDSS open data (source custodian recorded by domain),https://www.edmgr.kr/edss/es/opd/odd/od/es_opd_oddod01_001,"2016~2020, 2022~2025",대학·학교,"조사년도,학교구분명,적용년도,협약외운영비세출금액,국공립기숙사_민자_기타비용세출금액,경상이전비세출금액,유지관리세출금액,운영관리세출금액,시설임대료세출금액,국공립기숙사_민자_기타수입세입금액,부속시설초과수익세입금액,국공립기숙사_민자_기숙사비수입세입금액,국고학교시설임대료세입금액,국고시설임대료세입금액,국공립기숙사_민자_전기이월세입금액",,Y,,3,primary,catalogued_not_downloaded,
"대학정보공시(13종, 130테이블)",120,대학정보공시,교육여건 및 학교운영상태,1205,국공립기숙사운영현황_직영,전문대학/대학/대학원대학,EDSS file data,EDSS open data (source custodian recorded by domain),https://www.edmgr.kr/edss/es/opd/odd/od/es_opd_oddod01_001,"2018~2020, 2022~2025",대학·학교,"조사년도,학교구분명,적용년도,국공립기숙사_직영_기타비용세출금액,국공립기숙사_직영_이월금세출금액,국공립기숙사_직영_수선충당금세출금액,국공립기숙사_직영_반환금세출금액,국공립기숙사_직영_일반수용비세출금액,국공립기숙사_직영_수선비세출금액,국공립직영_공공요금및제세공과금세출금액,국공립기숙사_직영_위탁관리비세출금액,국공립기숙사_직영_인건비세출금액,국공립기숙사_직영_기타수입세입금액,국공립기숙사_직영_임대료수입세입금액,국공립기숙사_직영_기숙사비수입세입금액",,Y,,3,primary,catalogued_not_downloaded,
"대학정보공시(13종, 130테이블)",121,대학정보공시,교육여건 및 학교운영상태,1206,국공유재산확보현황,전문대학/대학/대학원대학,EDSS file data,EDSS open data (source custodian recorded by domain),https://www.edmgr.kr/edss/es/opd/odd/od/es_opd_oddod01_001,2011~2016,대학·학교,"조사년도,학교구분명,국공유재산구분명,적용년도,물품금액,선박항공기기계기구금액,무체재산금액,유가증권금액,입목죽금액,공작물금액,건물금액,토지금액",,Y,,3,primary,catalogued_not_downloaded,
"대학정보공시(13종, 130테이블)",122,대학정보공시,교육여건 및 학교운영상태,1207,기숙사수용현황,전문대학/대학/대학원대학,EDSS file data,EDSS open data (source custodian recorded by domain),https://www.edmgr.kr/edss/es/opd/odd/od/es_opd_oddod01_001,"2009~2020, 2022~2025",대학·학교,"조사년도,학교구분명,건물명(2018년이후),기숙사운영구분명(2018년이후),적용년도,4인실수_2018년이후,3인실수_2018년이후,2인실수_2018년이후,1인실수_2018년이후,기숙사신청인원수,4인실이상기숙사비,3인실이상기숙사비,2인실기숙사비,학생1인당기숙사비,기숙사수용률,재학생수,수용인원수,기숙사실수",,Y,,2,primary,catalogued_not_downloaded,
"대학정보공시(13종, 130테이블)",123,대학정보공시,교육여건 및 학교운영상태,1208,기숙사운영현황_사립,전문대학/대학/대학원대학,EDSS file data,EDSS open data (source custodian recorded by domain),https://www.edmgr.kr/edss/es/opd/odd/od/es_opd_oddod01_001,"2016~2020, 2022~2025",대학·학교,"조사년도,학교구분명,사립대학기숙사형태구분코드,사립대학기숙사형태구분명,적용년도,기숙사운영_사립_공공요금및제세공과금세출금액,기숙사운영_사립_수선비세출금액,기숙사운영_사립_일반수용비세출금액,기숙사운영_사립_반환금세출금액,부채상환세출금액,타회계전출금세출금액,기숙사운영_사립_수선충당금세출금액,기숙사운영_사립_기타비용세출금액,기숙사운영_사립_이월금세출금액,기숙사운영_사립_위탁관리비세출금액,기숙사운영_사립_인건비세출금액,기숙사운영_사립_기타수입세입금액,기숙사운영_사립_전기이월세입금액,기숙사운영_사립_기숙사비수입세입금액,기숙사운영_사립_임대료수입세입금액,부채유입세입금액",,Y,,3,primary,catalogued_not_downloaded,
"대학정보공시(13종, 130테이블)",124,대학정보공시,교육여건 및 학교운영상태,1209,법인임원현황,전문대학/대학/대학원대학,EDSS file data,EDSS open data (source custodian recorded by domain),https://www.edmgr.kr/edss/es/opd/odd/od/es_opd_oddod01_001,2009~2025,대학·학교,"조사년도,학교구분명,임원구분명,성별명,일련번호,임기내용,현직및주요경력내용,적용년도,수정횟수",,Y,,3,primary,catalogued_not_downloaded,
"대학정보공시(13종, 130테이블)",125,대학정보공시,교육여건 및 학교운영상태,1210,법정부담금현황,전문대학/대학/대학원대학,EDSS file data,EDSS open data (source custodian recorded by domain),https://www.edmgr.kr/edss/es/opd/odd/od/es_opd_oddod01_001,"2016~2020, 2022~2025",대학·학교,"조사년도,학교구분명,법인명,적용년도,법정부담금부담율,법정부담금부담금액,법정부담금기준금액",,Y,,3,primary,catalogued_not_downloaded,
"대학정보공시(13종, 130테이블)",126,대학정보공시,교육여건 및 학교운영상태,1211,수익용기본재산확보현황,전문대학/대학/대학원대학,EDSS file data,EDSS open data (source custodian recorded by domain),https://www.edmgr.kr/edss/es/opd/odd/od/es_opd_oddod01_001,2009~2025,대학·학교,"조사년도,학교구분명,수익용학교구분명,법인명(2018년이후),적용년도,기준액2,부담액,기준액,보유금액,전입기부원조보조수입금액,총운영수익금액",,Y,,3,primary,catalogued_not_downloaded,
"대학정보공시(13종, 130테이블)",127,대학정보공시,교육여건 및 학교운영상태,1212,시설안전관리현황,전문대학/대학/대학원대학,EDSS file data,EDSS open data (source custodian recorded by domain),https://www.edmgr.kr/edss/es/opd/odd/od/es_opd_oddod01_001,2015~2025,대학·학교,"조사년도,학교구분명,시설안전관리담당부서명,시설안전점검건명1,시설안전점검기간1,시설안전점검건명2,시설안전점검기간2,시설안전점검건명3,시설안전점검기간3,적용년도,안전점검결과40년이상안전미지정등급면적,안전점검결과40년이상안전E등급면적,안전점검결과40년이상안전D등급면적,안전점검결과40년이상안전C등급면적,안전점검결과40년이상안전B등급면적,안전점검결과40년이상안전A등급면적,40년이상최근4년이내정밀점검비율,40년이상최근4년이내정밀점검건물수,40년이상최근5년이내정밀점검비율,40년이상최근5년이내정밀점검건물수,40년이상건물수,시설안전점검대상건물수3,안전점검결과40년미만안전B등급동수,안전점검결과40년미만안전A등급동수,안전점검결과40년미만안전미지정등급면적,안전점검결과40년미만안전E등급면적,안전점검결과40년미만안전D등급면적,안전점검결과40년미만안전C등급면적,안전점검결과40년미만안전B등급면적,안전점검결과40년미만안전A등급면적,안전점검결과40년이상안전미지정등급동수,안전점검결과40년이상안전E등급동수,안전점검결과40년이상안전D등급동수,안전점검결과40년이상안전C등급동수,안전점검결과40년미만안전C등급동수,안전점검결과40년미만안전D등급동수,안전점검결과40년미만안전E등급동수,안전점검결과40년미만안전미지정등급동수,안전등급미지정대상40년이상동수,안전등급미지정대상40년미만동수,D등급E등급건물수,D등급E등급해소건물수,D등급E등급해소비율,화재발생건수,기숙사수용인원수,기숙사현원수,기숙사소방교육훈련횟수,기숙사소방교육훈련1회당참여인원수,안전점검결과40년이상안전B등급동수,안전점검결과40년이상안전A등급동수,시설안전관리전담직원수,시설안전관리겸임직원수,시설안전점검대상건물수1,시설안전점검대상건물수2",,Y,,3,primary,catalogued_not_downloaded,
"대학정보공시(13종, 130테이블)",128,대학정보공시,교육여건 및 학교운영상태,1213,실험실습실안전관리현황,전문대학/대학/대학원대학,EDSS file data,EDSS open data (source custodian recorded by domain),https://www.edmgr.kr/edss/es/opd/odd/od/es_opd_oddod01_001,2015~2025,대학·학교,"조사년도,학교구분명,적용년도,학부생신규안전교육이수율,기타연구활동종사자상반기안전교육이수인원수,기타연구활동종사자상반기안전교육이수율,기타연구활동종사자상반기안전교육대상인원수,기타연구활동종사자신규안전교육이수인원수,기타연구활동종사자신규안전교육이수율,기타연구활동종사자신규안전교육대상인원수,기타연구활동종사자하반기안전교육이수인원수,기타연구활동종사자하반기안전교육이수율,기타연구활동종사자하반기안전교육대상인원수,연구실책임자상반기안전교육이수인원수,연구실책임자상반기안전교육이수율,연구실책임자상반기안전교육대상인원수,연구실책임자신규안전교육이수인원수,연구실책임자신규안전교육이수율,연구실책임자신규안전교육대상인원수,연구실책임자하반기안전교육이수인원수,연구실책임자하반기안전교육이수율,연구실책임자하반기안전교육대상인원수,예체능및기타실험실습실안전2등급수,예체능및기타실험실습실안전3등급수,예체능및기타실험실습실안전4등급수,예체능및기타실험실습실안전5등급수,예체능및기타실험실습실안전미지정등급수,인적피해사고건수,인적피해사고보험청구건수,사망보험가입금액,사망후유장애보험가입금액,대학원생1학기안전교육이수율,대학원생2학기안전교육이수율,대학원생신규안전교육이수율,부상보험가입금액,후유장애보험가입금액,물적피해사고건수,물적피해사고보험청구건수,안전환경겸임관리자수,안전환경전담관리자수,안전관리예산금액,안전관리집행금액,과학기술분야실험실습실안전1등급수,과학기술분야실험실습실안전2등급수,과학기술분야실험실습실안전3등급수,과학기술분야실험실습실안전4등급수,과학기술분야실험실습실안전5등급수,과학기술분야실험실습실안전미지정등급수,교원1학기안전교육이수율,교원2학기안전교육이수율,교원신규안전교육이수율,학부생1학기안전교육이수율,학부생2학기안전교육이수율,예체능및기타실험실습실안전1등급수",,Y,,3,primary,catalogued_not_downloaded,
"대학정보공시(13종, 130테이블)",129,대학정보공시,교육여건 및 학교운영상태,1214,장애학생지원체제구축및운영현황,전문대학/대학/대학원대학,EDSS file data,EDSS open data (source custodian recorded by domain),https://www.edmgr.kr/edss/es/opd/odd/od/es_opd_oddod01_001,2011~2025,대학·학교,"조사년도,학교구분명,도우미지원사업외보조인력지원여부,도우미지원사업참여여부,장애인특별전형유무내용,장애학생지원센터외지원인력부서명,장애학생지원센터여부,학칙및규정내용,특별지원위원회여부,적용년도,수혜장애학생수,장애인특별전형입학생수,장애학생지원센터겸직인원수,장애학생지원센터전담인원수,장애학생지원센터원장인원수,장애학생지원센터미설치학교겸직인원수,장애학생지원센터미설치학교전담인원수,여자장애재학생수,장애의정도가심하지않은남자장애학생수,남자장애재학생수,장애보조인력기타수,장애보조인력일반도우미수,장애보조인력원격도우미수,장애보조인력전문도우미수,장애이해프로그램운영시간,대학자체지원장애학생보조인력기타인원수,대학자체지원장애학생보조인력일반도우미인원수,대학자체지원장애학생보조인력전문도우미인원수,전체재학생수,장애의정도가심하지않은여자장애학생수",,Y,,3,primary,catalogued_not_downloaded,
"대학정보공시(13종, 130테이블)",130,대학정보공시,교육여건 및 학교운영상태,1215,재정지원사업수혜실적,전문대학/대학/대학원대학,EDSS file data,EDSS open data (source custodian recorded by domain),https://www.edmgr.kr/edss/es/opd/odd/od/es_opd_oddod01_001,2009~2020,대학·학교,"조사년도,학교구분명,사업구분명,적용년도,과제명,총지원종료일자,총지원시작일자,사업명,부처명,일련번호,당년지원액,총지원결정금액",,Y,,3,primary,catalogued_not_downloaded,
"대학정보공시(13종, 130테이블)",131,대학정보공시,교육여건 및 학교운영상태,1216,직원현황,전문대학/대학/대학원대학,EDSS file data,EDSS open data (source custodian recorded by domain),https://www.edmgr.kr/edss/es/opd/odd/od/es_opd_oddod01_001,2009~2025,대학·학교,"조사년도,학교구분명,대학회계구분명,적용년도,무기계약직남자직원수,무기계약직여자직원수,여자특정직대학회계직직원수,남자일반직직원수,여자일반직직원수,남자기술직직원수,여자기술직직원수,남자별정직직원수,여자별정직직원수,남자기능직직원수,여자기능직직원수,남자고용직직원수,여자고용직직원수,남자계약직직원수,여자계약직직원수,남자기타직직원수,여자기타직직원수,남자특정직대학회계직직원수,여자특정직교육전문직직원수,특정직교육전문직직원수,특정직기성회비직직원수,일반직직원수,기술직직원수,별정직직원수,기능직직원수,계약직직원수,고용직직원수,기타직직원수,남자특정직교육전문직직원수",,Y,,3,primary,catalogued_not_downloaded,
"대학정보공시(13종, 130테이블)",132,대학정보공시,교육여건 및 학교운영상태,1217,폭력예방교육현황,전문대학/대학/대학원대학,EDSS file data,EDSS open data (source custodian recorded by domain),https://www.edmgr.kr/edss/es/opd/odd/od/es_opd_oddod01_001,"2018~2020, 2022~2025",대학·학교,"조사년도,학교구분명,기관장참석여부,폭력예방교육종류명,폭력예방교육종류코드,적용년도,교육참여재학생수,교육대상재학생수,교육참여직원수,교육대상직원수,교육참여교원수,교육대상교원수",,Y,,3,primary,catalogued_not_downloaded,
"대학정보공시(13종, 130테이블)",133,대학정보공시,고등교육법제60~62조까지의 시정명령 등에 관한 사항,1301,위반내용및조치결과,전문대학/대학/대학원대학,EDSS file data,EDSS open data (source custodian recorded by domain),https://www.edmgr.kr/edss/es/opd/odd/od/es_opd_oddod01_001,2009~2025,대학·학교,"조사년도,학교구분명,진행경과명,감사구분내용(2018년이후),조치완료일내용(2018년이후),처분일내용(2018년이후),처분내용,위반사항내용,제재내용,조치결과내용,적용년도,일련번호,수정횟수",,Y,,3,primary,catalogued_not_downloaded,
"대학정보공시(13종, 130테이블)",134,대학정보공시,고등교육법제60~62조까지의 시정명령 등에 관한 사항,1301,위반내용및조치결과,전문대학/대학/대학원대학,EDSS file data,EDSS open data (source custodian recorded by domain),https://www.edmgr.kr/edss/es/opd/odd/od/es_opd_oddod01_001,,집계 또는 기관,,,,,3,primary,catalogued_not_downloaded,
"대학정보공시(13종, 130테이블)",135,대학정보공시,고등교육법제60~62조까지의 시정명령 등에 관한 사항,1301,위반내용및조치결과,전문대학/대학/대학원대학,EDSS file data,EDSS open data (source custodian recorded by domain),https://www.edmgr.kr/edss/es/opd/odd/od/es_opd_oddod01_001,,집계 또는 기관,,,,,3,primary,catalogued_not_downloaded,
"대학정보공시(13종, 130테이블)",136,대학정보공시,고등교육법제60~62조까지의 시정명령 등에 관한 사항,1301,위반내용및조치결과,전문대학/대학/대학원대학,EDSS file data,EDSS open data (source custodian recorded by domain),https://www.edmgr.kr/edss/es/opd/odd/od/es_opd_oddod01_001,,집계 또는 기관,,,,,3,primary,catalogued_not_downloaded,
"대학정보공시(13종, 130테이블)",137,대학정보공시,고등교육법제60~62조까지의 시정명령 등에 관한 사항,1301,위반내용및조치결과,전문대학/대학/대학원대학,EDSS file data,EDSS open data (source custodian recorded by domain),https://www.edmgr.kr/edss/es/opd/odd/od/es_opd_oddod01_001,,집계 또는 기관,,,,,3,primary,catalogued_not_downloaded,
"대학정보공시(13종, 130테이블)",138,대학정보공시,고등교육법제60~62조까지의 시정명령 등에 관한 사항,1301,위반내용및조치결과,전문대학/대학/대학원대학,EDSS file data,EDSS open data (source custodian recorded by domain),https://www.edmgr.kr/edss/es/opd/odd/od/es_opd_oddod01_001,,집계 또는 기관,,,,,3,primary,catalogued_not_downloaded,
"대학정보공시(13종, 130테이블)",139,대학정보공시,고등교육법제60~62조까지의 시정명령 등에 관한 사항,1301,위반내용및조치결과,전문대학/대학/대학원대학,EDSS file data,EDSS open data (source custodian recorded by domain),https://www.edmgr.kr/edss/es/opd/odd/od/es_opd_oddod01_001,,집계 또는 기관,,,,,3,primary,catalogued_not_downloaded,
"대학정보공시(13종, 130테이블)",140,대학정보공시,고등교육법제60~62조까지의 시정명령 등에 관한 사항,1301,위반내용및조치결과,전문대학/대학/대학원대학,EDSS file data,EDSS open data (source custodian recorded by domain),https://www.edmgr.kr/edss/es/opd/odd/od/es_opd_oddod01_001,,집계 또는 기관,,,,,3,primary,catalogued_not_downloaded,
"대학정보공시(13종, 130테이블)",141,대학정보공시,고등교육법제60~62조까지의 시정명령 등에 관한 사항,1301,위반내용및조치결과,전문대학/대학/대학원대학,EDSS file data,EDSS open data (source custodian recorded by domain),https://www.edmgr.kr/edss/es/opd/odd/od/es_opd_oddod01_001,,집계 또는 기관,,,,,3,primary,catalogued_not_downloaded,
"대학정보공시(13종, 130테이블)",142,대학정보공시,고등교육법제60~62조까지의 시정명령 등에 관한 사항,1301,위반내용및조치결과,전문대학/대학/대학원대학,EDSS file data,EDSS open data (source custodian recorded by domain),https://www.edmgr.kr/edss/es/opd/odd/od/es_opd_oddod01_001,,집계 또는 기관,,,,,3,primary,catalogued_not_downloaded,
"대학정보공시(13종, 130테이블)",143,대학정보공시,고등교육법제60~62조까지의 시정명령 등에 관한 사항,1301,위반내용및조치결과,전문대학/대학/대학원대학,EDSS file data,EDSS open data (source custodian recorded by domain),https://www.edmgr.kr/edss/es/opd/odd/od/es_opd_oddod01_001,,집계 또는 기관,,,,,3,primary,catalogued_not_downloaded,
"대학정보공시(13종, 130테이블)",144,대학정보공시,고등교육법제60~62조까지의 시정명령 등에 관한 사항,1301,위반내용및조치결과,전문대학/대학/대학원대학,EDSS file data,EDSS open data (source custodian recorded by domain),https://www.edmgr.kr/edss/es/opd/odd/od/es_opd_oddod01_001,,집계 또는 기관,,,,,3,primary,catalogued_not_downloaded,
"대학정보공시(13종, 130테이블)",145,대학정보공시,고등교육법제60~62조까지의 시정명령 등에 관한 사항,1301,위반내용및조치결과,전문대학/대학/대학원대학,EDSS file data,EDSS open data (source custodian recorded by domain),https://www.edmgr.kr/edss/es/opd/odd/od/es_opd_oddod01_001,,집계 또는 기관,,,,,3,primary,catalogued_not_downloaded,
"대학정보공시(13종, 130테이블)",146,대학정보공시,고등교육법제60~62조까지의 시정명령 등에 관한 사항,1301,위반내용및조치결과,전문대학/대학/대학원대학,EDSS file data,EDSS open data (source custodian recorded by domain),https://www.edmgr.kr/edss/es/opd/odd/od/es_opd_oddod01_001,,집계 또는 기관,,,,,3,primary,catalogued_not_downloaded,
"대학정보공시(13종, 130테이블)",147,대학정보공시,고등교육법제60~62조까지의 시정명령 등에 관한 사항,1301,위반내용및조치결과,전문대학/대학/대학원대학,EDSS file data,EDSS open data (source custodian recorded by domain),https://www.edmgr.kr/edss/es/opd/odd/od/es_opd_oddod01_001,,집계 또는 기관,,,,,3,primary,catalogued_not_downloaded,
"대학정보공시(13종, 130테이블)",148,대학정보공시,고등교육법제60~62조까지의 시정명령 등에 관한 사항,1301,위반내용및조치결과,전문대학/대학/대학원대학,EDSS file data,EDSS open data (source custodian recorded by domain),https://www.edmgr.kr/edss/es/opd/odd/od/es_opd_oddod01_001,,집계 또는 기관,,,,,3,primary,catalogued_not_downloaded,
"대학정보공시(13종, 130테이블)",149,대학정보공시,고등교육법제60~62조까지의 시정명령 등에 관한 사항,1301,위반내용및조치결과,전문대학/대학/대학원대학,EDSS file data,EDSS open data (source custodian recorded by domain),https://www.edmgr.kr/edss/es/opd/odd/od/es_opd_oddod01_001,,집계 또는 기관,,,,,3,primary,catalogued_not_downloaded,
"대학정보공시(13종, 130테이블)",150,대학정보공시,고등교육법제60~62조까지의 시정명령 등에 관한 사항,1301,위반내용및조치결과,전문대학/대학/대학원대학,EDSS file data,EDSS open data (source custodian recorded by domain),https://www.edmgr.kr/edss/es/opd/odd/od/es_opd_oddod01_001,,집계 또는 기관,,,,,3,primary,catalogued_not_downloaded,
"대학정보공시(13종, 130테이블)",151,대학정보공시,고등교육법제60~62조까지의 시정명령 등에 관한 사항,1301,위반내용및조치결과,전문대학/대학/대학원대학,EDSS file data,EDSS open data (source custodian recorded by domain),https://www.edmgr.kr/edss/es/opd/odd/od/es_opd_oddod01_001,,집계 또는 기관,,,,,3,primary,catalogued_not_downloaded,
"대학정보공시(13종, 130테이블)",152,대학정보공시,고등교육법제60~62조까지의 시정명령 등에 관한 사항,1301,위반내용및조치결과,전문대학/대학/대학원대학,EDSS file data,EDSS open data (source custodian recorded by domain),https://www.edmgr.kr/edss/es/opd/odd/od/es_opd_oddod01_001,,집계 또는 기관,,,,,3,primary,catalogued_not_downloaded,
"취업(1종), 평생(2종)",5,취업통계,취업현황,0001,학생인적취업정보,,EDSS file data,EDSS open data (source custodian recorded by domain),https://www.edmgr.kr/edss/es/opd/odd/od/es_opd_oddod01_001,2010~2022,대학·학과,"조사년도,기취업여부,건강보험가입여부,회사부서명,회사명,추천자명,토익점수,동일대학여부,예비역여부,종교지도자여부,건강보험9월가입여부,매핑학과명,건강보험연계기취업여부,종료일자,시작일자,1인사업장명,해외비자여부,해외비자유형명,근무시간,제외대상자여부,농어민여부,입대여부,고용보험가입여부,해외회사명,해외진학학교KEDI명,전공일치여부,장애유무,국가보훈대상자여부,산업체위탁자여부,졸업년월,입학년월,논문명,세부전공명,복수전공명,부전공명,학과명,학부명,단과대학명,개인식별번호,고등학교졸업년월,검정고시여부,직업명,직업내용,취업년월,주부여부,증빙서류여부,사업대상여부,총평점,평점,기초생활보장대상자여부,휴학년월,복학년월,편입년월,재입학년월,조기졸업년월,졸업여부,군필여부,해외연수여부,교직과정이수여부,국가기술자격증여부,외국인유학생여부,유급여부,장학생여부,학과대계열명,졸업학생수,여자외국인유학생수,1인사업자수,건강보험가입자수,국내진학자수,국외대학원진학자수,국외대학진학자수,국외전문진학자수,국외진학자수,기타,기타_총계,남자국내대학진학자수,취업자수,남자1인사업자수,남자건강보험가입자수,남자건강보험취업자수,남자교내취업자수,남자국내대학원진학자수,해외취업자수,남자국내전문진학자수,남자국내진학자수,남자국외대학원진학자수,남자국외대학진학자수,남자국외전문진학자수,남자국외진학자수,남자기타,남자기타_총계,남자미상,남자외국인유학생수,남자입대자수,남자제외인정자수,남자졸업학생수,남자진학자수,남자취업불가능자수,남자취업불가능자수_6개월,남자취업불가능자수_사망자,남자취업불가능자수_수형자,남자취업불가능자수_해외이민자,남자취업자수,남자해외취업자수,미상,여자1인사업자수,여자건강보험가입자수,여자건강보험취업자수,여자교내취업자수,여자국내대학원진학자수,여자국내대학진학자수,여자국내전문진학자수,여자국내진학자수,여자국외대학원진학자수,여자국외대학진학자수,여자국외전문진학자수,여자국외진학자수,여자미상,건강보험취업자수,여자입대자수,여자제외인정자수,여자졸업학생수,여자진학자수,여자취업불가능자수,여자취업불가능자수_6개월,여자취업불가능자수_사망자,여자취업불가능자수_수형자,여자기타,여자기타_총계,여자취업불가능자수_해외이민자,여자취업자수,여자해외취업자수,외국인유학생수,입대자수,제외인정자수,진학자수,취업불가능자수,취업불가능자수_6개월,취업불가능자수_사망자,취업불가능자수_수형자,취업불가능자수_해외이민자,교내취업자수,국내대학원진학자수,국내대학진학자수,국내전문진학자수",,Y,,1,primary,catalogued_not_downloaded,
"취업(1종), 평생(2종)",6,취업통계,취업현황,0001,학생인적취업정보,,EDSS file data,EDSS open data (source custodian recorded by domain),https://www.edmgr.kr/edss/es/opd/odd/od/es_opd_oddod01_001,2023~2024,대학·학과,"조사년도,시도명,대학계열명,본분교명,단과대학명,학과명,대학대학원구분명,학교종류명,학교명,건강보험가입취업인원수,해외취업인원수,농림어업취업자인원수,개인창작활동종사자인원수,1인사업인원수,무소속근무자인원수,진학자인원수,군입대인원수,취업불가능인원수,외국인유학생인원수,제외인정자인원수,기타인원수,미상인원수,취업비율,진학비율",,Y,,1,primary,catalogued_not_downloaded,
"취업(1종), 평생(2종)",7,평생교육통계,평생교육기관현황,0001,평생교육기관현황,,EDSS file data,EDSS open data (source custodian recorded by domain),https://www.edmgr.kr/edss/es/opd/odd/od/es_opd_oddod01_001,2009~2025,집계 또는 기관,"조사년도,시도명,지역평생교육센터지정여부,평생학습시설지정여부,입시관련시설지정여부,평생교육사양성기관지정여부,직업능력개발훈련기관지정여부,학점은행제도여부,프로그램미운영여부,교사강사미존재여부,사무직원미존재여부,문해프로그램운영여부,정규직20명이상여부,건물소유구분명,설립구분명,설립주체명,기관유형대분류명,기관유형소분류명,내외국구분명,운영형태구분명,본분교구분명,평생교육기관_프로그램수,시간강사수,전임강사수,여자시간강사수,남자시간강사수,여자전임강사수,남자전임강사수,1개월미만프로그램수,1개월이상프로그램수,평생교육기관수",,Y,,3,contextual,catalogued_not_downloaded,
"취업(1종), 평생(2종)",8,평생교육통계,평생교육기관현황,0002,대학부설평생교육기관현황,,EDSS file data,EDSS open data (source custodian recorded by domain),https://www.edmgr.kr/edss/es/opd/odd/od/es_opd_oddod01_001,2009~2014,집계 또는 기관,"조사년도,시도명,위탁교육비지원기관구분KEDI코드,외부강사수,대학소속강사수,행정직수,원장수,시설면적,강의실수,평생교육원지출금액,평생교육원수입금액,위탁교육수입금액",,Y,,3,contextual,catalogued_not_downloaded,
"취업(1종), 평생(2종)",9,평생교육통계,평생교육기관현황,0003,평생교육교강사현황,,EDSS file data,EDSS open data (source custodian recorded by domain),https://www.edmgr.kr/edss/es/opd/odd/od/es_opd_oddod01_001,2009~2025,집계 또는 기관,"조사년도,시도명,입사년월,연령,개인구분명,교강사일련번호,성별명,지역평생교육센터지정여부,평생학습시설지정여부,입시관련시설지정여부,평생교육사양성기관지정여부,직업능력개발훈련기관지정여부,학점은행제도여부,프로그램미운영여부,교사강사미존재여부,사무직원미존재여부,정규직20명이상여부,건물소유구분명,설립구분명,설립주체명,기관유형대분류명,기관유형소분류명,내외국구분명,운영형태구분명,본분교구분명,교강사학력구분명,교강사유형명,교강사수,평생교육교강사_재직기간년수,담당강의수",,Y,,3,contextual,catalogued_not_downloaded,
"취업(1종), 평생(2종)",10,평생교육통계,평생교육기관현황,0004,평생교육기관사무직원현황,,EDSS file data,EDSS open data (source custodian recorded by domain),https://www.edmgr.kr/edss/es/opd/odd/od/es_opd_oddod01_001,2009~2025,집계 또는 기관,"조사년도,시도명,평생교육업무담당여부,대표자여부,입사년월,연령,개인구분명,사무직원일련번호,성별명,지역평생교육센터지정여부,평생학습시설지정여부,입시관련시설지정여부,직업능력개발훈련기관지정여부,학점은행제도여부,프로그램미운영여부,교사강사미존재여부,사무직원미존재여부,정규직20명이상여부,건물소유구분명,설립구분명,설립주체명,기관유형대분류명,기관유형소분류명,내외국구분명,평생교육사자격증등급명,운영형태구분명,사무직원학력구분명,사무직원고용형태명,본분교구분명,사무직원수,평생교육기관사무직원_재직기간년수",,Y,,3,contextual,catalogued_not_downloaded,
"취업(1종), 평생(2종)",11,평생교육통계,평생교육기관현황,0005,평생교육프로그램현황,,EDSS file data,EDSS open data (source custodian recorded by domain),https://www.edmgr.kr/edss/es/opd/odd/od/es_opd_oddod01_001,2009~2025,집계 또는 기관,"조사년도,시도명,프로그램주제구분명,교육기간구분명,재정지원구분명,수요대상구분명,대학교계열구분명,프로그램개발형태명,프로그램운영형태명,프로그램대분류명,프로그램중분류명,프로그램소분류명,프로그램분류명,최고수강료,프로그램수,프로그램일련번호,정원수,남자수강자수,최저수강료,여자수강자수,연간교육횟수,교육시수,강의방식KEDI명,수강자수,프로그램명,수강료무료여부,학점인정여부",,Y,,3,contextual,catalogued_not_downloaded,
"취업(1종), 평생(2종)",12,평생교육통계,평생교육사자격증발급현황,0005,평생교육사자격증발급현황,,EDSS file data,EDSS open data (source custodian recorded by domain),https://www.edmgr.kr/edss/es/opd/odd/od/es_opd_oddod01_001,2009~2025,대학·학교,"조사년도,시도명,평생교육사양성기관지정여부,평생학습도시여부,행정구역명,기관구분명,기관상태구분명,기관유형대분류명,기관유형소분류명,조사체계구분명,조사유형명,평생교육학교구분명,사회교육전문요원3급여자수,사회교육전문요원3급남자수,사회교육전문요원2급여자수,사회교육전문요원2급남자수,평생교육사자격증3급여자수,평생교육사자격증3급남자수,평생교육사자격증2급여자수,평생교육사자격증2급남자수,평생교육사자격증1급여자수,평생교육사자격증1급남자수",,Y,,3,contextual,catalogued_not_downloaded,
"취업(1종), 평생(2종)",13,평생교육통계,평생교육사자격증발급현황,0005,평생교육사자격증발급현황,,EDSS file data,EDSS open data (source custodian recorded by domain),https://www.edmgr.kr/edss/es/opd/odd/od/es_opd_oddod01_001,,집계 또는 기관,,,,,3,contextual,catalogued_not_downloaded,
"취업(1종), 평생(2종)",14,평생교육통계,평생교육사자격증발급현황,0005,평생교육사자격증발급현황,,EDSS file data,EDSS open data (source custodian recorded by domain),https://www.edmgr.kr/edss/es/opd/odd/od/es_opd_oddod01_001,,집계 또는 기관,,,,,3,contextual,catalogued_not_downloaded,
"취업(1종), 평생(2종)",15,평생교육통계,평생교육사자격증발급현황,0005,평생교육사자격증발급현황,,EDSS file data,EDSS open data (source custodian recorded by domain),https://www.edmgr.kr/edss/es/opd/odd/od/es_opd_oddod01_001,,집계 또는 기관,,,,,3,contextual,catalogued_not_downloaded,
"취업(1종), 평생(2종)",16,평생교육통계,평생교육사자격증발급현황,0005,평생교육사자격증발급현황,,EDSS file data,EDSS open data (source custodian recorded by domain),https://www.edmgr.kr/edss/es/opd/odd/od/es_opd_oddod01_001,,집계 또는 기관,,,,,3,contextual,catalogued_not_downloaded,
"취업(1종), 평생(2종)",17,평생교육통계,평생교육사자격증발급현황,0005,평생교육사자격증발급현황,,EDSS file data,EDSS open data (source custodian recorded by domain),https://www.edmgr.kr/edss/es/opd/odd/od/es_opd_oddod01_001,,집계 또는 기관,,,,,3,contextual,catalogued_not_downloaded,
"취업(1종), 평생(2종)",18,평생교육통계,평생교육사자격증발급현황,0005,평생교육사자격증발급현황,,EDSS file data,EDSS open data (source custodian recorded by domain),https://www.edmgr.kr/edss/es/opd/odd/od/es_opd_oddod01_001,,집계 또는 기관,,,,,3,contextual,catalogued_not_downloaded,
"취업(1종), 평생(2종)",19,평생교육통계,평생교육사자격증발급현황,0005,평생교육사자격증발급현황,,EDSS file data,EDSS open data (source custodian recorded by domain),https://www.edmgr.kr/edss/es/opd/odd/od/es_opd_oddod01_001,,집계 또는 기관,,,,,3,contextual,catalogued_not_downloaded,
"취업(1종), 평생(2종)",20,평생교육통계,평생교육사자격증발급현황,0005,평생교육사자격증발급현황,,EDSS file data,EDSS open data (source custodian recorded by domain),https://www.edmgr.kr/edss/es/opd/odd/od/es_opd_oddod01_001,,집계 또는 기관,,,,,3,contextual,catalogued_not_downloaded,
"취업(1종), 평생(2종)",21,평생교육통계,평생교육사자격증발급현황,0005,평생교육사자격증발급현황,,EDSS file data,EDSS open data (source custodian recorded by domain),https://www.edmgr.kr/edss/es/opd/odd/od/es_opd_oddod01_001,,집계 또는 기관,,,,,3,contextual,catalogued_not_downloaded,
"취업(1종), 평생(2종)",22,평생교육통계,평생교육사자격증발급현황,0005,평생교육사자격증발급현황,,EDSS file data,EDSS open data (source custodian recorded by domain),https://www.edmgr.kr/edss/es/opd/odd/od/es_opd_oddod01_001,,집계 또는 기관,,,,,3,contextual,catalogued_not_downloaded,
"취업(1종), 평생(2종)",23,평생교육통계,평생교육사자격증발급현황,0005,평생교육사자격증발급현황,,EDSS file data,EDSS open data (source custodian recorded by domain),https://www.edmgr.kr/edss/es/opd/odd/od/es_opd_oddod01_001,,집계 또는 기관,,,,,3,contextual,catalogued_not_downloaded,
"취업(1종), 평생(2종)",24,평생교육통계,평생교육사자격증발급현황,0005,평생교육사자격증발급현황,,EDSS file data,EDSS open data (source custodian recorded by domain),https://www.edmgr.kr/edss/es/opd/odd/od/es_opd_oddod01_001,,집계 또는 기관,,,,,3,contextual,catalogued_not_downloaded,
"취업(1종), 평생(2종)",25,평생교육통계,평생교육사자격증발급현황,0005,평생교육사자격증발급현황,,EDSS file data,EDSS open data (source custodian recorded by domain),https://www.edmgr.kr/edss/es/opd/odd/od/es_opd_oddod01_001,,집계 또는 기관,,,,,3,contextual,catalogued_not_downloaded,
"취업(1종), 평생(2종)",26,평생교육통계,평생교육사자격증발급현황,0005,평생교육사자격증발급현황,,EDSS file data,EDSS open data (source custodian recorded by domain),https://www.edmgr.kr/edss/es/opd/odd/od/es_opd_oddod01_001,,집계 또는 기관,,,,,3,contextual,catalogued_not_downloaded,
"취업(1종), 평생(2종)",27,평생교육통계,평생교육사자격증발급현황,0005,평생교육사자격증발급현황,,EDSS file data,EDSS open data (source custodian recorded by domain),https://www.edmgr.kr/edss/es/opd/odd/od/es_opd_oddod01_001,,집계 또는 기관,,,,,3,contextual,catalogued_not_downloaded,
"에듀파인(6종, 65테이블)",5,에듀파인,교부금,0001,시도교육청보조사업별세출예결산,,EDSS file data,EDSS open data (source custodian recorded by domain),https://www.edmgr.kr/edss/es/opd/odd/od/es_opd_oddod01_001,2009~2019,집계 또는 기관,"회계년도,시도교육청명,보조사업변경구분명,교육비특별회계보조사업명,사업관리일련번호,사업항목명,예산요구회계년도,단위업무관리번호,당초예산금액,추경예산금액,명시이월금액,사고이월금액,계속비이월금액,변경금액,예비비,교육청보조사업별세출예결산_원인행위금액,교육청보조사업별세출예결산_지출결의금액,학교전출금액,교육청보조사업별세출예결산_지출금액,교육청보조사업별세출예결산_원인행위잔액,교육청보조사업별세출예결산_지출결의잔액,교육청보조사업별세출예결산_지출잔액,다음년도명시이월금액,다음년도사고이월금액,다음년도계속비이월금액,불용금액,이체금액,전용금액,이용금액",교육청단위,N,,3,out_of_scope_initial,catalogued_not_downloaded,
"에듀파인(6종, 65테이블)",6,에듀파인,교부금,0002,시도교육청보조사업별교부금,,EDSS file data,EDSS open data (source custodian recorded by domain),https://www.edmgr.kr/edss/es/opd/odd/od/es_opd_oddod01_001,2009~2019,집계 또는 기관,"회계년도,시도교육청명,교육비특별회계보조사업명,단위업무관리번호,보조사업진행상태구분명,총교부금액",교육청단위,N,,3,out_of_scope_initial,catalogued_not_downloaded,
"에듀파인(6종, 65테이블)",7,에듀파인,교부금,0003,특별교부금집행실적,,EDSS file data,EDSS open data (source custodian recorded by domain),https://www.edmgr.kr/edss/es/opd/odd/od/es_opd_oddod01_001,2009~2019,집계 또는 기관,"회계년도,시도교육청구분명,교부일자,교육비특별회계보조사업명,특별교부금사업구분명,특별교부금집행실적_지출잔액,특별교부금집행실적_지출결의잔액,특별교부금집행실적_원인행위잔액,특별교부금집행실적_지출금액,특별교부금집행실적_지출결의금액,특별교부금집행실적_원인행위금액,특별교부금집행실적_예산금액,특별교부금집행실적_교부금액",교육청단위,N,,3,out_of_scope_initial,catalogued_not_downloaded,
"에듀파인(6종, 65테이블)",8,에듀파인,교부금,0004,국고교부금집행실적,,EDSS file data,EDSS open data (source custodian recorded by domain),https://www.edmgr.kr/edss/es/opd/odd/od/es_opd_oddod01_001,2009~2016,집계 또는 기관,"회계년도,시도교육청구분명,교육비특별회계보조사업명,국고교부금집행실적_예산금액,국고교부금집행실적_원인행위금액,국고교부금집행실적_원인행위잔액,국고교부금집행실적_지출금액,국고교부금집행실적_지출잔액,국고교부금집행실적_지출결의금액,국고교부금집행실적_지출결의잔액,국고교부금집행실적_교부금액",교육청단위,N,,3,out_of_scope_initial,catalogued_not_downloaded,
"에듀파인(6종, 65테이블)",9,에듀파인,교부금,0005,목적사업비집행실적,,EDSS file data,EDSS open data (source custodian recorded by domain),https://www.edmgr.kr/edss/es/opd/odd/od/es_opd_oddod01_001,2009~2025,집계 또는 기관,"회계년도,시도교육청구분명,보조사업재원구분명,학교회계보조사업명,목적사업비집행실적_지출잔액,목적사업비집행실적_지출결의잔액,목적사업비집행실적_원인행위잔액,목적사업비집행실적_지출금액,목적사업비집행실적_지출결의금액,목적사업비집행실적_원인행위금액,목적사업비집행실적_예산금액,목적사업비집행실적_교부금액",교육청단위,N,,3,out_of_scope_initial,catalogued_not_downloaded,
"에듀파인(6종, 65테이블)",10,에듀파인,예산결산,0001,공립학교교육비결산,,EDSS file data,EDSS open data (source custodian recorded by domain),https://www.edmgr.kr/edss/es/opd/odd/od/es_opd_oddod01_001,2009~2025,집계 또는 기관,"회계년도,시도교육청명,시도명,회계구분명,목적사업비,학교기본운영비,전체학생수,공립학교교육비결산_전체학교수",,Y,,3,out_of_scope_initial,catalogued_not_downloaded,
"에듀파인(6종, 65테이블)",11,에듀파인,예산결산,0002,미수납액결산,,EDSS file data,EDSS open data (source custodian recorded by domain),https://www.edmgr.kr/edss/es/opd/odd/od/es_opd_oddod01_001,2009~2025,집계 또는 기관,"회계년도,시도교육청명,시도명,세입목명,회계구분명,기타금액,재산압류금액,태만납부자금액,재산부족채무자금액,거소불명채무자금액,징수유예채무자금액,미수납액결산_미수납금액",,Y,,3,out_of_scope_initial,catalogued_not_downloaded,
"에듀파인(6종, 65테이블)",12,에듀파인,예산결산,0003,불납결손결산,,EDSS file data,EDSS open data (source custodian recorded by domain),https://www.edmgr.kr/edss/es/opd/odd/od/es_opd_oddod01_001,2009~2025,집계 또는 기관,"회계년도,시도교육청명,시도명,회계구분명,세입목명,거소불명불납결손금액,기타불납결손금액,무재산불납결손금액,시효완성불납결손금액,퇴학불납결손금액",,Y,,3,out_of_scope_initial,catalogued_not_downloaded,
"에듀파인(6종, 65테이블)",13,에듀파인,예산결산,0004,사립학교지원결산,,EDSS file data,EDSS open data (source custodian recorded by domain),https://www.edmgr.kr/edss/es/opd/odd/od/es_opd_oddod01_001,2009~2025,집계 또는 기관,"회계년도,시도교육청명,시도명,학교급명,회계구분명,기타사업지원금액,시설지원금액,운영비,인건비,지원학교수,사립학교지원결산_전체학교수",,Y,,3,out_of_scope_initial,catalogued_not_downloaded,
"에듀파인(6종, 65테이블)",14,에듀파인,예산결산,0005,세입결산,,EDSS file data,EDSS open data (source custodian recorded by domain),https://www.edmgr.kr/edss/es/opd/odd/od/es_opd_oddod01_001,2009~2025,집계 또는 기관,"회계년도,집행년월,시도교육청명,시도명,회계구분명,세입목명,세입결산_수납금액,세입결산_수납누계금액,세입결산_과오납반환금액,세입결산_과오납반환누계금액,세입결산_불납결손금액,세입결산_불납결손누계금액,세입결산_미수납금액,세입결산_미수납누계금액,세입결산_오류정정감누계금액,세입결산_오류정정감금액,세입결산_징수결정누계금액,세입결산_징수결정금액,세입결산_예산현액,이체기타증감금액,세입결산_세입예산금액",,Y,,3,out_of_scope_initial,catalogued_not_downloaded,
"에듀파인(6종, 65테이블)",15,에듀파인,예산결산,0006,세입세출결산,,EDSS file data,EDSS open data (source custodian recorded by domain),https://www.edmgr.kr/edss/es/opd/odd/od/es_opd_oddod01_001,2009~2025,집계 또는 기관,"회계년도,시도교육청명,시도명,회계구분명,지방채상환금액,국고보조금잔액,세입세출결산_차기년도계속비이월금액,세입세출결산_차기년도사고이월금액,세입세출결산_차기년도명시이월금액,세입세출결산_수납금액,세입세출결산_지출금액,세입예산현액,세입세출결산_세입예산금액,세출예산현액,세출예산금액",,Y,,3,out_of_scope_initial,catalogued_not_downloaded,
"에듀파인(6종, 65테이블)",16,에듀파인,예산결산,0007,세입세출외현금결산,,EDSS file data,EDSS open data (source custodian recorded by domain),https://www.edmgr.kr/edss/es/opd/odd/od/es_opd_oddod01_001,2009~2025,집계 또는 기관,"회계년도,집행년월,시도교육청명,시도명,회계구분명,유가증권여부,현재금액,세입세출외현금결산_지출금액,증가금액,전년도잔액",,Y,,3,out_of_scope_initial,catalogued_not_downloaded,
"에듀파인(6종, 65테이블)",17,에듀파인,예산결산,0008,세출결산,,EDSS file data,EDSS open data (source custodian recorded by domain),https://www.edmgr.kr/edss/es/opd/odd/od/es_opd_oddod01_001,2009~2025,집계 또는 기관,"회계년도,시도명,시도교육청명,회계구분명,예산결산보고서구분명,예산배정구분명,세부사업명,세출세목명,세출결산_이체감소누계금액,세출결산_예산변경사용증가금액,세출결산_예산변경사용증가누계금액,세출결산_예산변경사용감소금액,세출결산_예산변경사용감소누계금액,세출결산_예산현액,세출결산_원인행위금액,세출결산_원인행위누계금액,세출결산_검수금액,세출결산_검수누계금액,세출결산_결의금액,세출결산_결의누계금액,세출결산_지출금액,세출결산_지출누계금액,세출결산_반납금액,세출결산_반납누계금액,세출결산_정정금액,세출결산_정정누계금액,세출결산_차기년도명시이월금액,세출결산_차기년도사고이월금액,세출결산_차기년도계속비이월금액,세출결산_불용금액,세출결산_이체감소금액,세출결산_이체증가누계금액,세출결산_예산금액,세출결산_전년도이월금액,세출결산_예비비증가금액,세출결산_예비비증가누계금액,세출결산_이체증가금액,세출결산_이용감소누계금액,세출결산_이용감소금액,세출결산_이용증가누계금액,세출결산_이용증가금액,세출결산_전용감소누계금액,세출결산_전용감소금액,세출결산_전용증가누계금액,세출결산_전용증가금액,세출결산_예비비감소누계금액,세출결산_예비비감소금액",,Y,,3,out_of_scope_initial,catalogued_not_downloaded,
"에듀파인(6종, 65테이블)",18,에듀파인,예산결산,0009,수업료징수결산,,EDSS file data,EDSS open data (source custodian recorded by domain),https://www.edmgr.kr/edss/es/opd/odd/od/es_opd_oddod01_001,2009~2025,집계 또는 기관,"회계년도,시도교육청명,시도명,회계구분명,수업료징수금액,수업료감면금액,수업료징수예정금액,수업료예산금액",,N,,3,out_of_scope_initial,catalogued_not_downloaded,
"에듀파인(6종, 65테이블)",19,에듀파인,예산결산,0010,인건비결산,,EDSS file data,EDSS open data (source custodian recorded by domain),https://www.edmgr.kr/edss/es/opd/odd/od/es_opd_oddod01_001,2009~2025,집계 또는 기관,"회계년도,시도교육청명,시도명,회계구분명,편성기관구분명,일반직인건비,일반직직원수,교원전문직인건비,교원전문직인원수,교원인건비,대상교원수",,N,,3,out_of_scope_initial,catalogued_not_downloaded,
"에듀파인(6종, 65테이블)",20,에듀파인,예산결산,0011,학교세입결산,,EDSS file data,EDSS open data (source custodian recorded by domain),https://www.edmgr.kr/edss/es/opd/odd/od/es_opd_oddod01_001,2009~2020,집계 또는 기관,"회계년도,시도교육청명,회계구분명,시도명,세입목명,학교세입결산_미수납누계금액,학교세입결산_미수납금액,학교세입결산_불납결손누계금액,학교세입결산_불납결손금액,학교세입결산_과오납반환누계금액,학교세입결산_과오납반환금액,학교세입결산_수납누계금액,학교세입결산_수납금액,학교세입결산_오류정정감누계금액,학교세입결산_오류정정감금액,학교세입결산_징수결정누계금액,세입결산_예산금액,이월기타증감금액,학교세입결산_예산현액,학교세입결산_징수결정금액",,Y,,3,out_of_scope_initial,catalogued_not_downloaded,
"에듀파인(6종, 65테이블)",21,에듀파인,예산결산,0012,학교세출결산,,EDSS file data,EDSS open data (source custodian recorded by domain),https://www.edmgr.kr/edss/es/opd/odd/od/es_opd_oddod01_001,2009~2020,집계 또는 기관,"회계년도,시도교육청명,세출세목명,회계구분명,예산구분명,집행년월,학교세출결산 검수누계금액,학교세출결산 검수금액,학교세출결산 예산금액,학교세출결산 예산변경사용감소누계금액,학교세출결산 예산변경사용감소금액,학교세출결산 예산변경사용증가누계금액,학교세출결산 예산변경사용증가금액,학교세출결산 예산현액,학교세출결산 정정누계금액,학교세출결산 정정금액,학교세출결산 원인행위누계금액,학교세출결산 원인행위금액,학교세출결산 불용금액,학교세출결산 전용감소누계금액,학교세출결산 전용감소금액,학교세출결산 이용감소누계금액,학교세출결산 이용감소금액,학교세출결산 이용증가누계금액,학교세출결산 이용증가금액,학교세출결산 이체증가금액,학교세출결산 이체증가누계금액,학교세출결산 이체감소금액,학교세출결산 전용증가누계금액,학교세출결산 전용증가금액,학교세출결산 지출누계금액,학교세출결산 지출금액,학교세출결산 전년도이월금액,학교세출결산 차기년도사고이월금액,학교세출결산 차기년도계속비이월금액,학교세출결산 차기년도명시이월금액,학교세출결산 예비비감소누계금액,학교세출결산 예비비감소금액,학교세출결산 예비비증가누계금액,학교세출결산 예비비증가금액,학교세출결산 결의누계금액,학교세출결산 결의금액,학교세출결산 반납누계금액,학교세출결산 반납금액,학교세출결산 이체감소누계금액",,Y,,3,out_of_scope_initial,catalogued_not_downloaded,
"에듀파인(6종, 65테이블)",22,에듀파인,재무결산,0001,시산표현황,,EDSS file data,EDSS open data (source custodian recorded by domain),https://www.edmgr.kr/edss/es/opd/odd/od/es_opd_oddod01_001,2009~2025,집계 또는 기관,"회계년도,회계년월,시도교육청명,회계구분명,계정과목명,시산표구분명,대변합계금액,차변합계금액,대변합계잔액,차변합계잔액,당월대변금액,당월차변금액",,Y,,3,out_of_scope_initial,catalogued_not_downloaded,
"에듀파인(6종, 65테이블)",23,에듀파인,재무회계,0001,교육비특별회계불용내역,,EDSS file data,EDSS open data (source custodian recorded by domain),https://www.edmgr.kr/edss/es/opd/odd/od/es_opd_oddod01_001,2009~2022,집계 또는 기관,"회계년도,시도교육청명,시도명,회계구분명,세부사업명,불용사유구분명,교육비특별회계불용내역_불용금액",,Y,,3,out_of_scope_initial,catalogued_not_downloaded,
"에듀파인(6종, 65테이블)",24,에듀파인,재무회계,0002,교육비특별회계세입세출외현금수납,,EDSS file data,EDSS open data (source custodian recorded by domain),https://www.edmgr.kr/edss/es/opd/odd/od/es_opd_oddod01_001,2009~2025,집계 또는 기관,"회계년도,시도교육청명,시도명,세입세출외현금목명,세입세출외원가통계비목명,교비특회세입세출외현금수납_총환급금액,교비특회세입세출외현금수납_수납금액,취급의뢰금액",,Y,,3,out_of_scope_initial,catalogued_not_downloaded,
"에듀파인(6종, 65테이블)",25,에듀파인,재무회계,0003,교육비특별회계세입세출외현금지출,,EDSS file data,EDSS open data (source custodian recorded by domain),https://www.edmgr.kr/edss/es/opd/odd/od/es_opd_oddod01_001,2009~2025,집계 또는 기관,"회계년도,시도교육청명,시도명,세입세출외현금목명,세입세출외원가통계비목명,교비특회세입세출외현금지출_지출금액,교비특회세입세출외현금지출_총환급금액",,Y,,3,out_of_scope_initial,catalogued_not_downloaded,
"에듀파인(6종, 65테이블)",26,에듀파인,재무회계,0004,교육비특별회계세입예산결산,,EDSS file data,EDSS open data (source custodian recorded by domain),https://www.edmgr.kr/edss/es/opd/odd/od/es_opd_oddod01_001,2009~2025,집계 또는 기관,"회계년도,시도교육청명,시도명,세입목명,세입원가통계비목명,교비특별회계세입예산결산_미수납금액,교비특별회계세입예산결산_불납결손금액,교비특별회계세입예산결산_수납금액,교비특별회계세입예산결산_징수결정금액,교비특별회계세입예산결산_현재예산금액,이월기타증감금액,교비특별회계세입예산결산_최종예산금액,교비특별회계세입예산결산_성립전예산금액,교비특별회계세입예산결산_추경예산금액,교비특별회계세입예산결산_최초예산금액",,Y,,3,out_of_scope_initial,catalogued_not_downloaded,
"에듀파인(6종, 65테이블)",27,에듀파인,재무회계,0005,교육비특별회계세출예산결산,,EDSS file data,EDSS open data (source custodian recorded by domain),https://www.edmgr.kr/edss/es/opd/odd/od/es_opd_oddod01_001,2009~2025,집계 또는 기관,"회계년도,시도교육청명,시도명,세출세목명,세출원가통계비목명,교비특회세출예산결산_이용감소금액,교비특회세출예산결산_이체증가금액,교비특회세출예산결산_이체감소금액,교비특회세출예산결산_예산변경사용증가금액,교비특회세출예산결산_예산변경사용감소금액,교비특회세출예산결산_현재예산금액,교비특회세출예산결산_원인행위금액,교비특회세출예산결산_지출금액,교비특별세출_차기년도계속비이월금액,교비특회세출예산결산_차기년도명시이월금액,교비특회세출예산결산_차기년도사고이월금액,교비특회세출예산결산_불용금액,교비특회세출예산결산_이용증가금액,교비특회세출예산결산_전용감소금액,교비특회세출예산결산_전용증가금액,교비특회세출예산결산_최초예산금액,교비특회세출예산결산_추경예산금액,교비특회세출예산결산_성립전예산금액,교비특회세출예산결산_최종예산금액,교비특회세출예산결산_계속비이월금액,교비특회세출예산결산_명시이월금액,교비특회세출예산결산_사고이월금액,교비특회세출예산결산_예비비증가금액,교비특회세출예산결산_예비비감소금액",,Y,,3,out_of_scope_initial,catalogued_not_downloaded,
"에듀파인(6종, 65테이블)",28,에듀파인,재무회계,0006,교육비특별회계학교교부통지현황,,EDSS file data,EDSS open data (source custodian recorded by domain),https://www.edmgr.kr/edss/es/opd/odd/od/es_opd_oddod01_001,2009~2025,집계 또는 기관,"회계년도,회계구분명,세부사업명,세출세목명,세출원가통계비목명,교부금액",,N,,3,out_of_scope_initial,catalogued_not_downloaded,
"에듀파인(6종, 65테이블)",29,에듀파인,재무회계,0007,세입금미수납,,EDSS file data,EDSS open data (source custodian recorded by domain),https://www.edmgr.kr/edss/es/opd/odd/od/es_opd_oddod01_001,2009~2025,집계 또는 기관,"회계년도,시도교육청명,시도명,세입목명,세입항명,세입관명,세입장명,세입금미수납_미수납금액,세입금미수납_불납결손금액,세입금미수납_수납금액,징수금액",,Y,,3,out_of_scope_initial,catalogued_not_downloaded,
"에듀파인(6종, 65테이블)",30,에듀파인,재무회계,0008,세입금불납결손액,,EDSS file data,EDSS open data (source custodian recorded by domain),https://www.edmgr.kr/edss/es/opd/odd/od/es_opd_oddod01_001,2009~2025,집계 또는 기관,"회계년도,시도교육청명,시도명,세입목명,세입항명,세입관명,세입장명,불납결손사유구분코드,세입금불납결손액_불납결손금액",,Y,,3,out_of_scope_initial,catalogued_not_downloaded,
"에듀파인(6종, 65테이블)",31,에듀파인,통합자산관리,0001,CTR계약현황,,EDSS file data,EDSS open data (source custodian recorded by domain),https://www.edmgr.kr/edss/es/opd/odd/od/es_opd_oddod01_001,2009~2025,집계 또는 기관,"회계년도,시도교육청명,시도명,기타사항설명,하자담보면제여부,검사검수여부,대지급여부,공사코드,감독부서코드,감독자ID,준공일자,착공일자,첨부파일ID,학교계약분류구분코드,부가세포함여부,현장장소명,현장장소코드,지체상금률,개산금여부,원인행위요청여부,총괄계약대상번호,총괄계약회계년도,총괄계약여부,수수료원인행위여부,G2B물품계약구분코드,G2B계약번호,G2B연계번호,납품요구번호,승인일자,승인문서일련번호,담보책임년수,해지기간일수,손해배상률,자산요청번호,납품기한일자,분할납품여부,간편계약서설명,계약조정방법내용,계약사유내용,수정일시,등록일시,계약대상마스터유무,계약비고4,계약비고3,계약비고2,계약비고1,특약사항내용,추가정보기간내용,추가정보보증금내용,추가정보금액내용,계약근거내용,공사연대보증인코드,계약서작성여부,입찰공고번호,계약기간종료일자,계약기간시작일자,계약명,계약일자,계약일련번호,계약번호,계약대상번호,낙찰비율,낙찰금액,CTR계약_계약금액,CTR계약_검수누계금액,CTR계약_선금정산누계금액,CTR계약_선금지급누계금액,CTR계약_조달수수료금액,예정금액",,Y,,3,out_of_scope_initial,catalogued_not_downloaded,
"에듀파인(6종, 65테이블)",32,에듀파인,통합자산관리,0002,건물증축현황,,EDSS file data,EDSS open data (source custodian recorded by domain),https://www.edmgr.kr/edss/es/opd/odd/od/es_opd_oddod01_001,"2009~2019, 2021",집계 또는 기관,"설립년도,시도교육청명,시도명,건물물가배수구분명,내용년수,증축내역일련번호,증축건수",제공년도(설립년도),Y,,3,out_of_scope_initial,catalogued_not_downloaded,
"에듀파인(6종, 65테이블)",33,에듀파인,통합자산관리,0003,건물층별현황,,EDSS file data,EDSS open data (source custodian recorded by domain),https://www.edmgr.kr/edss/es/opd/odd/od/es_opd_oddod01_001,2009~2025,집계 또는 기관,"설립년도,시도교육청명,시도명,지상지하구분명,건물층별내역일련번호,층명,층면적,층수",제공년도(설립년도),Y,,3,out_of_scope_initial,catalogued_not_downloaded,
"에듀파인(6종, 65테이블)",34,에듀파인,통합자산관리,0004,계약현황,,EDSS file data,EDSS open data (source custodian recorded by domain),https://www.edmgr.kr/edss/es/opd/odd/od/es_opd_oddod01_001,2009~2025,집계 또는 기관,"회계년도,시도교육청명,시도명,학교계약분류구분코드,계약서작성여부,하자담보면제여부,검사검수여부,대지급여부,개산금여부,부가세포함여부,발주형태구분명,계약서구분명,계약방법구분명,계약건수,계약_계약금액,계약_선금지급누계금액,계약_선금정산누계금액,계약_검수누계금액,계약_조달수수료금액",,Y,,3,out_of_scope_initial,catalogued_not_downloaded,
"에듀파인(6종, 65테이블)",35,에듀파인,통합자산관리,0005,기계기구공작물현황,,EDSS file data,EDSS open data (source custodian recorded by domain),https://www.edmgr.kr/edss/es/opd/odd/od/es_opd_oddod01_001,2009~2025,집계 또는 기관,"설립년도,시도교육청명,시도명,공작물물가배수구분명,공작물구조구분명,구조규격내용,제조회사명,내용년수,기계기구공작물구성내역일련번호,기계기구공작물세부명,정리일자,기계기구공작물_감가상각잔존금액,기계기구공작물_취득수량,기계기구공작물_취득금액,기계기구공작물_현재수량,기계기구공작물_현재금액",제공년도(설립년도),Y,,3,out_of_scope_initial,catalogued_not_downloaded,
"에듀파인(6종, 65테이블)",36,에듀파인,통합자산관리,0006,기관별교구현황,,EDSS file data,EDSS open data (source custodian recorded by domain),https://www.edmgr.kr/edss/es/opd/odd/od/es_opd_oddod01_001,2009~2025,집계 또는 기관,"회계년도,시도교육청명,시도명,교구과목구분명,과목구분번호,기준외보유점수,기준외보유종류수,기준외보유기준점수,기준외보유기준종류수,기준내보유현황종류수,기준내보유기준점수,기준내보유기준종류수,기준내보유현황점수",,Y,,3,out_of_scope_initial,catalogued_not_downloaded,
"에듀파인(6종, 65테이블)",37,에듀파인,통합자산관리,0007,기관별기자재현황,,EDSS file data,EDSS open data (source custodian recorded by domain),https://www.edmgr.kr/edss/es/opd/odd/od/es_opd_oddod01_001,"2009~2019, 2021~2025",집계 또는 기관,"회계년도,시도교육청명,시도명,기준내외구분명,대체종류수,대체점수,대체금액,1차년도확보계획점수,1차년도확보계획금액,2차년도확보계획점수,2차년도확보계획금액,3차년도확보계획점수,3차년도확보계획금액,수리금액,수리점수,기준종류수,기준점수,기자재기준금액,보유종류수,보유점수,기관별기자재_보유금액,수리종류수",,Y,,3,out_of_scope_initial,catalogued_not_downloaded,
"에듀파인(6종, 65테이블)",38,에듀파인,통합자산관리,0008,기관별실험실습실현황,,EDSS file data,EDSS open data (source custodian recorded by domain),https://www.edmgr.kr/edss/es/opd/odd/od/es_opd_oddod01_001,"2009~2019, 2021~2025",집계 또는 기관,"회계년도,시도명,시도교육청명,3차년도확보계획실험실습실수,2차년도확보계획실험실습실수,1차년도확보계획실험실습실수,보유실험실습실면적,기준실험실습실면적,기준실험실습실수,보유실험실습실수",,Y,,3,out_of_scope_initial,catalogued_not_downloaded,
"에듀파인(6종, 65테이블)",39,에듀파인,통합자산관리,0009,기자재,,EDSS file data,EDSS open data (source custodian recorded by domain),https://www.edmgr.kr/edss/es/opd/odd/od/es_opd_oddod01_001,"2009~2011, 2013~2014, 2017, 2021",대학·학과,"설립년도,시도교육청명,시도명,제조회사명,처분일자,기자재상세내용,노후기자재여부,노후기자재확정일자,최초회계결의번호,회계결의번호,기자재분리구분코드,부기자재여부,주기자재조직코드,주기자재관리번호,부기자재명,생산국가명,기자재관리번호,통합자산번호,물품목록번호,실험실습실코드,실험실습실명,학교실험실습실ID,기자재번호,취득일자,정리일자,세부규격명,내용년수,학과명,기자재_취득금액",제공년도(설립년도),Y,,3,out_of_scope_initial,catalogued_not_downloaded,
"에듀파인(6종, 65테이블)",40,에듀파인,통합자산관리,0010,기자재보유현황,,EDSS file data,EDSS open data (source custodian recorded by domain),https://www.edmgr.kr/edss/es/opd/odd/od/es_opd_oddod01_001,2009~2020,집계 또는 기관,"회계년도,시도교육청명,시도명,기자재명,규격명,결재문서번호,실험실습실명,기자재단가,기준년도,실험실습실코드,학교실험실습실ID,기자재번호,보유율,기자재소요기준구분명,필수권장구분명,학과코드,기자재소요기준수량,소요기준수량,학교기준수량,기자재보유_취득금액,노후물품수량,소요수량,물품취득수량,물품처분수량,보유수량,기자재보유_보유금액",,Y,,3,out_of_scope_initial,catalogued_not_downloaded,
"에듀파인(6종, 65테이블)",41,에듀파인,통합자산관리,0011,무체재산현황,,EDSS file data,EDSS open data (source custodian recorded by domain),https://www.edmgr.kr/edss/es/opd/odd/od/es_opd_oddod01_001,"2009~2022, 2025",집계 또는 기관,"설립년도,시도교육청명,시도명,전화국명,권리등록번호,전화설치장소명,전화가입용도내용,무체권리재산구성내역일련번호,무체권리재산세부명,무체재산_취득수량,무체재산_취득금액,무체재산_현재수량,무체재산_현재금액",제공년도(설립년도),Y,,3,out_of_scope_initial,catalogued_not_downloaded,
"에듀파인(6종, 65테이블)",42,에듀파인,통합자산관리,0012,물품불용현황,,EDSS file data,EDSS open data (source custodian recorded by domain),https://www.edmgr.kr/edss/es/opd/odd/od/es_opd_oddod01_001,2009~2025,집계 또는 기관,"설립년도,시도명,시도교육청명,물품구분명,물품품목명,물품명,소요조회종료일자,소요조회시일자,물품정리구분코드,물품상태구분코드,통합자산번호,불용수량",제공년도(설립년도),Y,,3,out_of_scope_initial,catalogued_not_downloaded,
"에듀파인(6종, 65테이블)",43,에듀파인,통합자산관리,0013,물품수급계획,,EDSS file data,EDSS open data (source custodian recorded by domain),https://www.edmgr.kr/edss/es/opd/odd/od/es_opd_oddod01_001,"2009~2020, 2022",집계 또는 기관,"회계년도,시도명,시도교육청명,물품분류명,물품대분류명,물품중분류명,물품소분류명,감가상각방법구분명,물품회계구분명,물품구분명,계획추가여부,결재문서번호,변경차수값,금년도처분누계수량,금년도처분기타금액,금년도처분기타수량,금년도처분폐기금액,금년도처분폐기수량,금년도처분양여금액,금년도처분양여수량,금년도처분관리전환금액,금년도처분관리전환수량,금년도처분매각금액,금년도처분누계금액,금년도보유수량,금년도보유금액,차기년도취득계획수량,차기년도취득계획금액,차기년도처분계획수량,차기년도처분계획금액,차기년도보유예정수량,차기년도보유예정금액,금년도처분매각수량,금년도취득누계금액,전년도보유수량,전년도보유금액,금년도수급계획취득수량,금년도수급계획취득금액,금년도수급계획처분수량,금년도취득누계수량,금년도취득기타금액,금년도취득기타수량,금년도취득양여금액,금년도취득양여수량,금년도취득관리전환금액,금년도취득관리전환수량,금년도취득구매금액,금년도취득구매수량,금년도수급계획처분금액",,Y,,3,out_of_scope_initial,catalogued_not_downloaded,
"에듀파인(6종, 65테이블)",44,에듀파인,통합자산관리,0014,물품총괄현황,,EDSS file data,EDSS open data (source custodian recorded by domain),https://www.edmgr.kr/edss/es/opd/odd/od/es_opd_oddod01_001,2009~2025,집계 또는 기관,"설립년도,시도명,시도교육청명,취득정리구분명,처분사유구분명,취득사유구분명,처분계약방법구분명,취득계약방법구분명,물품분류명,물품대분류명,물품중분류명,물품소분류명,감가상각방법구분명,취득거래처명,처분거래처명,재원구분명,정보기기구분명,운용정리구분명,발주형태구분명,물품회계구분명,물품분류구분명,물품구분명,물품사용자구분명,물품등재구분명,물품상태구분명,물품단위구분명,물품용도구분명,처분계약분류구분명,취득계약분류구분명,계약유형구분명,처분정리구분명,정리일자,취득일자,처분일자,물품명,물품품목명,통합자산번호,처분승인일자,운용일자,차량등재여부,차량여부,기자재등재여부 ,물품총괄_취득수량,물품총괄_취득금액,물품총괄_처분수량,물품총괄_처분금액",제공년도(설립년도),Y,,3,out_of_scope_initial,catalogued_not_downloaded,
"에듀파인(6종, 65테이블)",45,에듀파인,통합자산관리,0015,사용허가대부계약마스터,,EDSS file data,EDSS open data (source custodian recorded by domain),https://www.edmgr.kr/edss/es/opd/odd/od/es_opd_oddod01_001,2009~2025,집계 또는 기관,"회계년도,시도명,시도교육청명,대부목적구분명,승인상태구분명,임대구분명,통합거래처명,감면근거명,대부사용자구분명,결재ID,결재승인일련번호,반복주기구분명,사용구분명,첨부파일ID,분납이자율,임시사용자여부,계약금미산정여부,사용시간설명,시설명,반복여부,사용비고,등록일시,수정일시,사용허가대부계약마스터_계약금액,사용자수,반복횟수",,Y,,3,out_of_scope_initial,catalogued_not_downloaded,
"에듀파인(6종, 65테이블)",46,에듀파인,통합자산관리,0016,임대료징수현황,,EDSS file data,EDSS open data (source custodian recorded by domain),https://www.edmgr.kr/edss/es/opd/odd/od/es_opd_oddod01_001,2009~2025,집계 또는 기관,"회계년도,시도명,시도교육청명,임대구분명,대부목적구분명,승인상태구분명,감면근거명,대부사용자구분명,납부기한일자,징수결의번호,분납회차,징수금액,이자금액,분납금액",,Y,,3,out_of_scope_initial,catalogued_not_downloaded,
"에듀파인(6종, 65테이블)",47,에듀파인,통합자산관리,0017,임대현황,,EDSS file data,EDSS open data (source custodian recorded by domain),https://www.edmgr.kr/edss/es/opd/odd/od/es_opd_oddod01_001,2009~2025,집계 또는 기관,"회계년도,시도명,시도교육청명,대부목적구분명,승인상태구분명,감면근거명,대부사용자구분명,대부요율,자산종류구분코드,통합자산번호,요청조직코드,지목구분코드,건물구조구분코드,자산대장금액,시가표준금액,개별공시지가,가격평정단가,가격평정금액,대부금액,사용면적,대장면적",,Y,,3,out_of_scope_initial,catalogued_not_downloaded,
"에듀파인(6종, 65테이블)",48,에듀파인,통합자산관리,0018,입목죽현황,,EDSS file data,EDSS open data (source custodian recorded by domain),https://www.edmgr.kr/edss/es/opd/odd/od/es_opd_oddod01_001,2009~2025,집계 또는 기관,"설립년도,시도명,시도교육청명,회계구분명,취득사유구분명,취득일자,정리일자,입목죽규격명,소재지지번명,수목세부명,입목죽_현재금액,입목죽_현재수량,입목죽_취득금액,입목죽_취득수량",제공년도(설립년도),Y,,3,out_of_scope_initial,catalogued_not_downloaded,
"에듀파인(6종, 65테이블)",49,에듀파인,통합자산관리,0019,자산보유현황,,EDSS file data,EDSS open data (source custodian recorded by domain),https://www.edmgr.kr/edss/es/opd/odd/od/es_opd_oddod01_001,2009~2025,집계 또는 기관,"설립년도,시도명,시도교육청명,회계구분명,계약번호,계약대상번호,구성내역일련번호,자산증감일련번호,자산증감구분명,자산증감사유구분명,감가상각방법구분명,처분사유구분명,자산유형명,자산구분명,자산종류구분명,자산종목구분명,자산상태명,소유구분명,취득사유구분명,자산증감거래처명,발주형태구분명,계약분류구분명,취득계약방법구분명,계약유형구분명,자산증가수량,자산증가금액,자산감소수량,자산감소금액,자산보유_취득수량,자산보유_취득금액,자산보유_현재수량,자산보유_현재금액",제공년도(설립년도),Y,,3,out_of_scope_initial,catalogued_not_downloaded,
"에듀파인(6종, 65테이블)",50,에듀파인,통합자산관리,0020,재산관리계획,,EDSS file data,EDSS open data (source custodian recorded by domain),https://www.edmgr.kr/edss/es/opd/odd/od/es_opd_oddod01_001,2009~2025,집계 또는 기관,"설립년도,시도명,시도교육청명,분기구분명,자산종류구분명,지목구분명,관리계획관리구분명,재산승인요청구분명,재산승인상태구분명,재산한도승인상태구분명,취득재산지번명,계약번호,재산승인요청번호,재산승인요청일련번호,관리계획년도,관리계획차수,집행예정년도,승인요청사유내용,계약방법구분명,기관분류명,재원교부금액,재원자체금액,재원기부금액,재원지방채금액,재원기타금액,취득요청수량,재산관리계획_취득수량,취득요청금액,재산관리계획_취득금액,처분요청수량,재산관리계획_처분수량,처분요청금액,재산관리계획_처분금액,처분대상금액",제공년도(설립년도),Y,,3,out_of_scope_initial,catalogued_not_downloaded,
"에듀파인(6종, 65테이블)",51,에듀파인,통합자산관리,0021,중소기업구매실적,,EDSS file data,EDSS open data (source custodian recorded by domain),https://www.edmgr.kr/edss/es/opd/odd/od/es_opd_oddod01_001,2009~2025,집계 또는 기관,"회계년도,시도명,시도교육청명,기준년월,통합거래처명,중증장애인업체여부,사회적기업여부,장애인업체여부,여성업체여부,중소기업여부,급식구매여부,조달구매여부,경비유형명,계약목적물구분명,중소기업구매실적_계약금액",,Y,,3,out_of_scope_initial,catalogued_not_downloaded,
"에듀파인(6종, 65테이블)",52,에듀파인,통합자산관리,0022,통합자산현황,,EDSS file data,EDSS open data (source custodian recorded by domain),https://www.edmgr.kr/edss/es/opd/odd/od/es_opd_oddod01_001,2009~2025,집계 또는 기관,"설립년도,시도명,시도교육청명,회계구분명,물품구분명,물품대분류명,물품중분류명,물품소분류명,감가상각방법구분명,처분사유구분명,자산유형명,자산구분명,자산종류구분명,자산종목구분명,자산상태명,소유구분명,취득사유구분명,통합자산비고,승인구분코드,물품식별코드,내용년수,폐교명,소유자명,불용결정일자,물품종류구분명,통합자산_감가상각잔존금액,통합자산_취득수량,통합자산_취득금액,통합자산_처분금액,통합자산_현재금액,통합자산_현재수량",제공년도(설립년도),Y,,3,out_of_scope_initial,catalogued_not_downloaded,
"에듀파인(6종, 65테이블)",53,에듀파인,학교회계,0001,공공요금지출,,EDSS file data,EDSS open data (source custodian recorded by domain),https://www.edmgr.kr/edss/es/opd/odd/od/es_opd_oddod01_001,2009~2025,집계 또는 기관,"회계년도,기준년월,물품명,시도교육청명,시도명,공공요금지출_지출금액",,Y,,3,out_of_scope_initial,catalogued_not_downloaded,
"에듀파인(6종, 65테이블)",54,에듀파인,학교회계,0002,납입금미납현황,,EDSS file data,EDSS open data (source custodian recorded by domain),https://www.edmgr.kr/edss/es/opd/odd/od/es_opd_oddod01_001,2010~2025,집계 또는 기관,"회계년도,시도교육청명,시도명,학년명,납입금차수명,학교납입금구분명,납입금미납_수납금액,납입금미납_감면학생수,납입금미납_감면금액,반환학생수,반환금액,불납결손학생수,수업료총금액,징수결정학생수,납입금미납_지원금액,납입금미납_이월금액,납입금미납_지원학생수,조정지원금액,납입금미납_수납학생수,수납대상학생수,납입금미납_미수납학생수,미수납건수,납부금액,납입금미납_불납결손금액,납입금미납_미수납금액,개인부담금액",,Y,,3,out_of_scope_initial,catalogued_not_downloaded,
"에듀파인(6종, 65테이블)",55,에듀파인,학교회계,0003,학교교육비수납현황,,EDSS file data,EDSS open data (source custodian recorded by domain),https://www.edmgr.kr/edss/es/opd/odd/od/es_opd_oddod01_001,2012~2025,집계 또는 기관,"회계년도,기준년월,시도교육청명,시도명,세입장명,세입관명,세입항명,세입목명,세입원가통계비목명,학교교육비수납_개인수납금액,학교교육비수납_지원수납금액,학교교육비수납_수납금액",,Y,,3,out_of_scope_initial,catalogued_not_downloaded,
"에듀파인(6종, 65테이블)",56,에듀파인,학교회계,0004,학교발전기금결산,,EDSS file data,EDSS open data (source custodian recorded by domain),https://www.edmgr.kr/edss/es/opd/odd/od/es_opd_oddod01_001,2009~2025,집계 또는 기관,"회계년도,시도교육청명,시도명,발전기금건명,접수일자,접수일련번호,기탁분류명,기탁자명,발전기금용도명,발전기금사업목적내용,발전기금사업명,발전기금접수건수,학교발전기금결산_지출금액,학교발전기금결산_기부금액",,Y,,3,out_of_scope_initial,catalogued_not_downloaded,
"에듀파인(6종, 65테이블)",57,에듀파인,학교회계,0005,학교발전기금지출,,EDSS file data,EDSS open data (source custodian recorded by domain),https://www.edmgr.kr/edss/es/opd/odd/od/es_opd_oddod01_001,2009~2025,집계 또는 기관,"회계년도,시도교육청명,시도명,세출목그룹명,세출목명,세출세목명,발전기금사업명,발전기금사업목적내용,세출원가통계비목명,학교회계세출여부,학교발전기금지출_사고이월지출금액,학교발전기금지출_명시이월지출금액,학교발전기금지출_계속비이월지출금액,학교발전기금지출_지출금액",,Y,,3,out_of_scope_initial,catalogued_not_downloaded,
"에듀파인(6종, 65테이블)",58,에듀파인,학교회계,0006,학교분기별수업료수납현황,,EDSS file data,EDSS open data (source custodian recorded by domain),https://www.edmgr.kr/edss/es/opd/odd/od/es_opd_oddod01_001,2009~2025,집계 또는 기관,"회계년도,시도교육청명,시도명,회계구분명,분기구분명,세입장명,세입관명,세입항명,세입목명,세입원가통계비목명,학교분기별수업료수납_개인수납금액,학교분기별수업료수납_지원수납금액,학교분기별수업료수납_수납금액,학교분기별수업료수납_지원학생수,학교분기별수업료수납_수납학생수",,Y,,3,out_of_scope_initial,catalogued_not_downloaded,
"에듀파인(6종, 65테이블)",59,에듀파인,학교회계,0007,학교세입세출결산,,EDSS file data,EDSS open data (source custodian recorded by domain),https://www.edmgr.kr/edss/es/opd/odd/od/es_opd_oddod01_001,2009~2025,집계 또는 기관,"회계년도,시도교육청명,시도명,활동영역구분명,학교정책사업명,학교단위사업명,학교세부사업명,OECD교육재정분석대상여부,세입세출결산_보조금반환확정금액,세입세출결산_불용금액,세입세출결산_다음년도사고이월금액,세입세출결산_다음년도명시이월금액,세입세출결산_다음년도계속비이월금액,세입세출결산_세출결산금액,세입세출결산_세입결산금액,세입세출결산_세출예산현액",,Y,,3,out_of_scope_initial,catalogued_not_downloaded,
"에듀파인(6종, 65테이블)",60,에듀파인,학교회계,0008,학교세입세출예산,,EDSS file data,EDSS open data (source custodian recorded by domain),https://www.edmgr.kr/edss/es/opd/odd/od/es_opd_oddod01_001,2009~2025,집계 또는 기관,"회계년도,시도교육청명,세출목명,세입목명,원가통계비목명,세입세출구분명,세입세출예산_세출예산현액,전년도명시이월금액,세출예산금액,세입세출결산_세입예산금액,세입예산현액,전년도사고이월금액,전년도계속비이월금액",,Y,,3,out_of_scope_initial,catalogued_not_downloaded,
"에듀파인(6종, 65테이블)",61,에듀파인,학교회계,0009,학교운영지원비현황,,EDSS file data,EDSS open data (source custodian recorded by domain),https://www.edmgr.kr/edss/es/opd/odd/od/es_opd_oddod01_001,2009~2025,집계 또는 기관,"회계년도,시도교육청명,시도명,세입원가통계비목명,학교운영지원비_지원금액,학교운영지원비_감면금액,학교운영지원비_수납요구금액,학교운영지원비_미수납금액,학교운영지원비_수납금액,징수금액,징수단가,학교운영지원비_세입예산금액,전액감면지원학생수,징수학생수,학교운영지원비_미수납학생수,학교운영지원비_감면학생수,학교운영지원비_지원학생수,전액감면학생수,전액지원학생수",,Y,,3,out_of_scope_initial,catalogued_not_downloaded,
"에듀파인(6종, 65테이블)",62,에듀파인,학교회계,0010,학교재산사용료징수현황,,EDSS file data,EDSS open data (source custodian recorded by domain),https://www.edmgr.kr/edss/es/opd/odd/od/es_opd_oddod01_001,2009~2025,집계 또는 기관,"회계년도,시도명,시도교육청명,자산종류구분명,대부목적구분명,임대구분명,시설명,계약번호,징수결의번호,징수수납일자,대부계약일자,대부시작일자,대부종료일자,사용면적,학교재산사용료징수_징수결정금액,학교재산사용료징수_수납요구금액,학교재산사용료징수_지원금액,학교재산사용료징수_불납결손금액,학교재산사용료징수_수납금액,대부계약금액",,Y,,3,out_of_scope_initial,catalogued_not_downloaded,
"에듀파인(6종, 65테이블)",63,에듀파인,학교회계,0011,학교회계발전기금수납,,EDSS file data,EDSS open data (source custodian recorded by domain),https://www.edmgr.kr/edss/es/opd/odd/od/es_opd_oddod01_001,2009~2025,집계 또는 기관,"회계년도,시도교육청명,시도명,물품시설명,발전기금건명,접수일련번호,접수상세일련번호,접수일자,수입일자,접수구분명,세입원가통계비목명,기탁분류명,발전기금용도명,발전기금사업명,발전기금기탁자구분명,접수금액,접수단가,접수수량,기탁자수",,Y,,3,out_of_scope_initial,catalogued_not_downloaded,
"에듀파인(6종, 65테이블)",64,에듀파인,학교회계,0012,학교회계발전기금수입계획,,EDSS file data,EDSS open data (source custodian recorded by domain),https://www.edmgr.kr/edss/es/opd/odd/od/es_opd_oddod01_001,2009~2025,집계 또는 기관,"회계년도,시도교육청명,시도명,발전기금사업명,발전기금조성구분명,발전기금지출계획_기부금액",,Y,,3,out_of_scope_initial,catalogued_not_downloaded,
"에듀파인(6종, 65테이블)",65,에듀파인,학교회계,0013,학교회계발전기금지출계획,,EDSS file data,EDSS open data (source custodian recorded by domain),https://www.edmgr.kr/edss/es/opd/odd/od/es_opd_oddod01_001,2009~2025,집계 또는 기관,"회계년도,시도교육청명,시도명,발전기금용도명,발전기금사업명,발전기금지출계획_지출금액",,Y,,3,out_of_scope_initial,catalogued_not_downloaded,
"에듀파인(6종, 65테이블)",66,에듀파인,학교회계,0014,학교회계세입예산및결산,,EDSS file data,EDSS open data (source custodian recorded by domain),https://www.edmgr.kr/edss/es/opd/odd/od/es_opd_oddod01_001,2009~2025,집계 또는 기관,"회계년도,시도교육청명,시도명,세입원가통계비목명,목적사업구분명,학교회계보조사업명,학교정책사업명,학교단위사업명,발전기금사업명,세입예산및결산_미수납금액,세입예산및결산_불납결손금액,세입예산및결산_수납금액,세입예산및결산_징수결정금액,세입예산및결산_예산현액,이월기타증감금액,세입예산및결산_최종예산금액,세입예산및결산_성립전예산금액,세입예산및결산_추경예산금액,세입예산및결산_최초예산금액",,Y,,3,out_of_scope_initial,catalogued_not_downloaded,
"에듀파인(6종, 65테이블)",67,에듀파인,학교회계,0015,학교회계세출예산및결산,,EDSS file data,EDSS open data (source custodian recorded by domain),https://www.edmgr.kr/edss/es/opd/odd/od/es_opd_oddod01_001,2009~2025,집계 또는 기관,"회계년도,시도교육청명,시도명,활동영역구분명,학교정책사업명,학교단위사업명,학교세부사업명,학교회계세출여부,교육비특별회계세출여부,세출목그룹명,세출목명,세출세목명,세출원가통계비목명,이체감소금액,예산변경사용증가금액,예산변경사용감소금액,세출예산및결산_예산현액,세출예산및결산_원인행위금액,세출예산및결산_지출결의금액,세출예산및결산_지출금액,세출예산및결산_계속비이월지출금액,세출예산및결산_명시이월지출금액,세출예산및결산_사고이월지출금액,세출예산및결산_다음년도계속비이월금액,세출예산및결산_다음년도명시이월금액,세출예산및결산_다음년도사고이월금액,세출예산및결산_불용금액,이체증가금액,이용감소금액,세출예산및결산_최초예산금액,세출예산및결산_추경예산금액,세출예산및결산_성립전예산금액,세출예산및결산_최종예산금액,세출예산및결산_계속비이월금액,세출예산및결산_명시이월금액,세출예산및결산_사고이월금액,예비비증가금액,예비비감소금액,전용증가금액,전용감소금액,이용증가금액",,Y,,3,out_of_scope_initial,catalogued_not_downloaded,
"에듀파인(6종, 65테이블)",68,에듀파인,학교회계,0016,학교회계월별세입결산,,EDSS file data,EDSS open data (source custodian recorded by domain),https://www.edmgr.kr/edss/es/opd/odd/od/es_opd_oddod01_001,2009~2025,집계 또는 기관,"회계년도,시도교육청명,시도명,기준년월,학교회계세입여부,교육비특별회계세입여부,세입목명,세입장명,세입관명,세입항명,세입원가통계비목명,활동영역구분명,학교정책사업명,학교단위사업명,학교세부사업명,회계월별세입결산_수납금액,회계월별세입결산_불납결손금액,학교회계월별세입결산_이월금액,회계월별세입결산_지원금액,회계월별세입결산_수납요구금액,회계월별세입결산_징수결정금액",,Y,,3,out_of_scope_initial,catalogued_not_downloaded,
"에듀파인(6종, 65테이블)",69,에듀파인,학교회계,0017,학교회계월별세출결산,,EDSS file data,EDSS open data (source custodian recorded by domain),https://www.edmgr.kr/edss/es/opd/odd/od/es_opd_oddod01_001,2009~2025,집계 또는 기관,"회계년도,시도교육청명,시도명,활동영역구분명,학교정책사업명,학교단위사업명,학교세부사업명,학교회계세출여부,교육비특별회계세출여부,세출목그룹명,세출목명,세출세목명,세출원가통계비목명,월별세출결산_사고이월지출금액,월별세출결산_명시이월지출금액,월별세출결산_계속비이월지출금액,월별세출결산_지출금액,월별세출결산_지출결의금액,월별세출결산_원인행위금액",,Y,,3,out_of_scope_initial,catalogued_not_downloaded,
"에듀파인(6종, 65테이블)",70,에듀파인,학교회계,0018,학교회계잔액,,EDSS file data,EDSS open data (source custodian recorded by domain),https://www.edmgr.kr/edss/es/opd/odd/od/es_opd_oddod01_001,2009~2025,집계 또는 기관,"회계년도,기준년월,시도교육청명,시도명,세입세출외잔액,세입세출외환급금액,세입세출외수납금액,학교회계잔액,학교회계지출금액,학교회계수입금액,발전기금잔액,발전기금지출금액,발전기금수입금액",,Y,,3,out_of_scope_initial,catalogued_not_downloaded,
"에듀파인(6종, 65테이블)",71,에듀파인,학교회계,0019,학비감면및지원현황,,EDSS file data,EDSS open data (source custodian recorded by domain),https://www.edmgr.kr/edss/es/opd/odd/od/es_opd_oddod01_001,2011~2024,집계 또는 기관,"회계년도,시도교육청명,시도명,학비지원명,납입금명,납입금차수명,감면지원구분명,학비지원구분명,학비감면금액,학비감면인원수",,Y,,3,out_of_scope_initial,catalogued_not_downloaded,
"에듀파인(6종, 65테이블)",72,에듀파인,학교회계,0020,학생연간납부액,,EDSS file data,EDSS open data (source custodian recorded by domain),https://www.edmgr.kr/edss/es/opd/odd/od/es_opd_oddod01_001,2009~2025,집계 또는 기관,"회계년도,시도명,시도교육청명,학교납입금구분명,1분기징수금액,1분기수납금액,2분기징수금액,2분기수납금액,3분기징수금액,3분기수납금액,4분기징수금액,4분기수납금액,학생수",,Y,,3,out_of_scope_initial,catalogued_not_downloaded,
"에듀파인(6종, 65테이블)",73,에듀파인,학교회계,0020,학생연간납부액,,EDSS file data,EDSS open data (source custodian recorded by domain),https://www.edmgr.kr/edss/es/opd/odd/od/es_opd_oddod01_001,,집계 또는 기관,,,,,3,out_of_scope_initial,catalogued_not_downloaded,
