source,catalog_code,dataset,access_tier,row_count,column_count,observed_years,open_id_column_present,open_id_missing_count,open_id_missing_rate,open_id_distinct_count,school_year_key_count,repeated_school_year_key_count,school_year_base_duplicate_rows,max_school_year_key_multiplicity,orphan_school_year_key_count,orphan_row_count,orphan_row_rate,join_expansion_affected_rows,join_expansion_extra_rows,exact_canonical_row_duplicate_count,source_row_hash_canonical_match_count,source_row_hash_not_reconstructable_count,row_id_mismatch_count,invalid_row_id_format_count,duplicate_row_id_count,width_mismatch_count,candidate_dimension_fields,candidate_dimension_gains,sample_all_dimensions_uniqueness_rate,grain_status,severity,status,output_path,output_sha256
고등교육통계,0101,고등교육학교개황,panel,31883,78,"[""2009"",""2010"",""2011"",""2012"",""2013"",""2014"",""2015"",""2016"",""2017"",""2018"",""2019"",""2020"",""2021"",""2022"",""2023"",""2024"",""2025""]",True,0,0.0,2422,30556,1187,1327,4,0,0,0.0,0,0,0,31883,0,0,0,0,0,"[""학교구분명"",""학제유형명"",""시도명"",""지역명"",""본분교명"",""고등교육학교_졸업생수"",""고등교육학교_여자졸업생수"",""고등교육학교_사무직원수"",""고등교육학교_여자사무직원수""]","[{""field"":""고등교육학교_사무직원수"",""sample_distinct_keys"":9826,""incremental_keys"":0,""sample_uniqueness_rate"":0.9814222932481023},{""field"":""고등교육학교_여자사무직원수"",""sample_distinct_keys"":9728,""incremental_keys"":0,""sample_uniqueness_rate"":0.9716340391530164},{""field"":""고등교육학교_여자졸업생수"",""sample_distinct_keys"":9983,""incremental_keys"":0,""sample_uniqueness_rate"":0.9971034758290052},{""field"":""고등교육학교_졸업생수"",""sample_distinct_keys"":10012,""incremental_keys"":0,""sample_uniqueness_rate"":1.0},{""field"":""본분교명"",""sample_distinct_keys"":10012,""incremental_keys"":0,""sample_uniqueness_rate"":1.0},{""field"":""시도명"",""sample_distinct_keys"":10012,""incremental_keys"":0,""sample_uniqueness_rate"":1.0},{""field"":""지역명"",""sample_distinct_keys"":9881,""incremental_keys"":0,""sample_uniqueness_rate"":0.9869157011586097},{""field"":""학교구분명"",""sample_distinct_keys"":10012,""incremental_keys"":0,""sample_uniqueness_rate"":1.0},{""field"":""학제유형명"",""sample_distinct_keys"":9815,""incremental_keys"":0,""sample_uniqueness_rate"":0.9803236116660008}]",1.0,additional_dimensions_required,medium,review_required,data/processed/edss/panel/고등교육통계/0101_고등교육학교개황/panel.csv.gz,5ea31f661f2c55ace9bd46962aeac8bf23f7139a985864b84320c87de7b123a2
고등교육통계,0102,대학교개황,panel,5173,74,"[""2009"",""2010"",""2011"",""2012"",""2013"",""2014"",""2015"",""2016"",""2017"",""2018"",""2019"",""2020"",""2021"",""2022"",""2023"",""2024"",""2025""]",True,0,0.0,324,4677,490,496,3,0,0,0.0,1091,1251,0,5173,0,0,0,0,0,"[""학교구분명"",""학제유형명"",""시도명"",""대학교개황_졸업생수"",""대학교개황_여자졸업생수"",""대학교개황_취업자수"",""대학교개황_여자취업자수"",""대학교개황_교원정원수"",""대학교개황_사무직원정원수"",""대학교개황_사무직원수"",""대학교개황_여자사무직원수"",""대학교개황_입학정원수"",""대학교개황_주간입학정원수"",""대학교개황_야간입학정원수""]","[{""field"":""시도명"",""sample_distinct_keys"":5173,""incremental_keys"":578,""sample_uniqueness_rate"":1.0},{""field"":""대학교개황_입학정원수"",""sample_distinct_keys"":5129,""incremental_keys"":534,""sample_uniqueness_rate"":0.9914942973129712},{""field"":""대학교개황_사무직원수"",""sample_distinct_keys"":5063,""incremental_keys"":468,""sample_uniqueness_rate"":0.978735743282428},{""field"":""대학교개황_사무직원정원수"",""sample_distinct_keys"":5053,""incremental_keys"":458,""sample_uniqueness_rate"":0.976802629035376},{""field"":""대학교개황_교원정원수"",""sample_distinct_keys"":5022,""incremental_keys"":427,""sample_uniqueness_rate"":0.9708099748695148},{""field"":""대학교개황_졸업생수"",""sample_distinct_keys"":4991,""incremental_keys"":396,""sample_uniqueness_rate"":0.9648173207036536},{""field"":""대학교개황_여자졸업생수"",""sample_distinct_keys"":4954,""incremental_keys"":359,""sample_uniqueness_rate"":0.9576647979895612},{""field"":""대학교개황_여자사무직원수"",""sample_distinct_keys"":4944,""incremental_keys"":349,""sample_uniqueness_rate"":0.9557316837425092},{""field"":""대학교개황_취업자수"",""sample_distinct_keys"":4881,""incremental_keys"":286,""sample_uniqueness_rate"":0.9435530639860816},{""field"":""대학교개황_여자취업자수"",""sample_distinct_keys"":4842,""incremental_keys"":247,""sample_uniqueness_rate"":0.9360139184225788},{""field"":""대학교개황_주간입학정원수"",""sample_distinct_keys"":4806,""incremental_keys"":211,""sample_uniqueness_rate"":0.9290547071331916},{""field"":""대학교개황_야간입학정원수"",""sample_distinct_keys"":4720,""incremental_keys"":125,""sample_uniqueness_rate"":0.9124299246085443},{""field"":""학제유형명"",""sample_distinct_keys"":4666,""incremental_keys"":71,""sample_uniqueness_rate"":0.9019911076744636},{""field"":""학교구분명"",""sample_distinct_keys"":4654,""incremental_keys"":59,""sample_uniqueness_rate"":0.8996713705780012}]",1.0,additional_dimensions_required,medium,review_required,data/processed/edss/panel/고등교육통계/0102_대학교개황/panel.csv.gz,eb0b1dbf801eeae66420166aa339115ec16264d61fa36f3ae37bbe825a3986f2
고등교육통계,0103,대학교학생개황,panel,333376,79,"[""2009"",""2010"",""2011"",""2012"",""2013"",""2014"",""2015"",""2016"",""2017"",""2018"",""2019"",""2020"",""2021"",""2022"",""2023"",""2024"",""2025""]",True,0,0.0,324,4654,4401,328722,564,0,0,0.0,89965,103916,0,333376,0,0,0,0,0,"[""학교구분명"",""학과계열구분명"",""학제유형명"",""학제유형그룹명"",""단과대학명"",""학과명"",""수업형태명"",""학과특성명"",""대학교학생_입학지원자수"",""대학교학생_여자국가기술자격취득자수"",""대학교학생_국가기술자격취득자수"",""대학교학생_여자취업불가능자수"",""대학교학생_취업불가능수"",""대학교학생개황_여자취업자수"",""대학교학생개황_취업자수"",""대학교학생_여자졸업생수"",""대학교학생_졸업생수"",""대학교학생_여자입학지원자수"",""대학교학생_야간입학정원수"",""대학교학생_주간입학정원수"",""대학교학생_입학정원수""]","[{""field"":""학과명"",""sample_distinct_keys"":9771,""incremental_keys"":6873,""sample_uniqueness_rate"":0.9834927025666834},{""field"":""단과대학명"",""sample_distinct_keys"":7254,""incremental_keys"":4356,""sample_uniqueness_rate"":0.7301459486663312},{""field"":""학과계열구분명"",""sample_distinct_keys"":6700,""incremental_keys"":3802,""sample_uniqueness_rate"":0.6743834927025667},{""field"":""대학교학생_졸업생수"",""sample_distinct_keys"":6189,""incremental_keys"":3291,""sample_uniqueness_rate"":0.6229491696024158},{""field"":""대학교학생_여자졸업생수"",""sample_distinct_keys"":5879,""incremental_keys"":2981,""sample_uniqueness_rate"":0.5917463512833417},{""field"":""대학교학생_입학정원수"",""sample_distinct_keys"":5552,""incremental_keys"":2654,""sample_uniqueness_rate"":0.5588324106693507},{""field"":""대학교학생개황_취업자수"",""sample_distinct_keys"":4574,""incremental_keys"":1676,""sample_uniqueness_rate"":0.46039255158530445},{""field"":""대학교학생개황_여자취업자수"",""sample_distinct_keys"":4265,""incremental_keys"":1367,""sample_uniqueness_rate"":0.42929038751887266},{""field"":""대학교학생_여자입학지원자수"",""sample_distinct_keys"":3739,""incremental_keys"":841,""sample_uniqueness_rate"":0.37634625062908905},{""field"":""대학교학생_입학지원자수"",""sample_distinct_keys"":3734,""incremental_keys"":836,""sample_uniqueness_rate"":0.3758429793658782},{""field"":""대학교학생_국가기술자격취득자수"",""sample_distinct_keys"":3658,""incremental_keys"":760,""sample_uniqueness_rate"":0.368193256165073},{""field"":""대학교학생_주간입학정원수"",""sample_distinct_keys"":3547,""incremental_keys"":649,""sample_uniqueness_rate"":0.35702063412179164},{""field"":""대학교학생_여자국가기술자격취득자수"",""sample_distinct_keys"":3488,""incremental_keys"":590,""sample_uniqueness_rate"":0.35108203321590337},{""field"":""수업형태명"",""sample_distinct_keys"":3437,""incremental_keys"":539,""sample_uniqueness_rate"":0.3459486663311525},{""field"":""학과특성명"",""sample_distinct_keys"":3121,""incremental_keys"":223,""sample_uniqueness_rate"":0.31414192249622547},{""field"":""대학교학생_야간입학정원수"",""sample_distinct_keys"":2942,""incremental_keys"":44,""sample_uniqueness_rate"":0.2961248112732763},{""field"":""대학교학생_취업불가능수"",""sample_distinct_keys"":2924,""incremental_keys"":26,""sample_uniqueness_rate"":0.2943130347257172},{""field"":""대학교학생_여자취업불가능자수"",""sample_distinct_keys"":2922,""incremental_keys"":24,""sample_uniqueness_rate"":0.2941117262204328},{""field"":""학제유형그룹명"",""sample_distinct_keys"":2918,""incremental_keys"":20,""sample_uniqueness_rate"":0.2937091092098641},{""field"":""학교구분명"",""sample_distinct_keys"":2906,""incremental_keys"":8,""sample_uniqueness_rate"":0.29250125817815803},{""field"":""학제유형명"",""sample_distinct_keys"":2889,""incremental_keys"":0,""sample_uniqueness_rate"":0.29079013588324104}]",1.0,additional_dimensions_required,medium,review_required,data/processed/edss/panel/고등교육통계/0103_대학교학생개황/panel.csv.gz,2271e6f4aeea3aeac4fea4a55587ae65925d4935474c7cddf9713becacc5387c
고등교육통계,0104,대학원개황,panel,23761,71,"[""2009"",""2010"",""2011"",""2012"",""2013"",""2014"",""2015"",""2016"",""2017"",""2018"",""2019"",""2020"",""2021"",""2022"",""2023"",""2024"",""2025""]",True,0,0.0,1956,23424,334,337,3,0,0,0.0,883,993,0,23761,0,0,0,0,0,"[""학교구분명"",""시도명"",""대학원개황_석사과정졸업생수"",""대학원개황_석사과정여자졸업생수"",""대학원개황_박사과정졸업생수"",""대학원개황_박사과정여자졸업생수"",""대학원개황_석사과정입학정원수"",""대학원개황_주간석사과정입학정원수"",""대학원개황_야간석사과정입학정원수"",""대학원개황_주야간석사과정입학정원수"",""대학원개황_박사과정입학정원수"",""대학원개황_주간박사과정입학정원수"",""대학원개황_야간박사과정입학정원수""]","[{""field"":""대학원개황_박사과정여자졸업생수"",""sample_distinct_keys"":9976,""incremental_keys"":0,""sample_uniqueness_rate"":1.0},{""field"":""대학원개황_박사과정입학정원수"",""sample_distinct_keys"":9976,""incremental_keys"":0,""sample_uniqueness_rate"":1.0},{""field"":""대학원개황_박사과정졸업생수"",""sample_distinct_keys"":9976,""incremental_keys"":0,""sample_uniqueness_rate"":1.0},{""field"":""대학원개황_석사과정여자졸업생수"",""sample_distinct_keys"":9976,""incremental_keys"":0,""sample_uniqueness_rate"":1.0},{""field"":""대학원개황_석사과정입학정원수"",""sample_distinct_keys"":9976,""incremental_keys"":0,""sample_uniqueness_rate"":1.0},{""field"":""대학원개황_석사과정졸업생수"",""sample_distinct_keys"":9717,""incremental_keys"":0,""sample_uniqueness_rate"":0.974037690457097},{""field"":""대학원개황_야간박사과정입학정원수"",""sample_distinct_keys"":9976,""incremental_keys"":0,""sample_uniqueness_rate"":1.0},{""field"":""대학원개황_야간석사과정입학정원수"",""sample_distinct_keys"":9976,""incremental_keys"":0,""sample_uniqueness_rate"":1.0},{""field"":""대학원개황_주간박사과정입학정원수"",""sample_distinct_keys"":9976,""incremental_keys"":0,""sample_uniqueness_rate"":1.0},{""field"":""대학원개황_주간석사과정입학정원수"",""sample_distinct_keys"":9760,""incremental_keys"":0,""sample_uniqueness_rate"":0.9783480352846833},{""field"":""대학원개황_주야간석사과정입학정원수"",""sample_distinct_keys"":9976,""incremental_keys"":0,""sample_uniqueness_rate"":1.0},{""field"":""시도명"",""sample_distinct_keys"":9976,""incremental_keys"":0,""sample_uniqueness_rate"":1.0},{""field"":""학교구분명"",""sample_distinct_keys"":9976,""incremental_keys"":0,""sample_uniqueness_rate"":1.0}]",0.9860665597433841,additional_dimensions_required,medium,review_required,data/processed/edss/panel/고등교육통계/0104_대학원개황/panel.csv.gz,f6fe066ad9fe978389e6a8f371880eb6870e109c5aae4d9ec845b8581be73d02
고등교육통계,0105,대학원학생개황,panel,64747,127,"[""2009"",""2010"",""2011"",""2012"",""2013"",""2014"",""2015"",""2016"",""2017"",""2018"",""2019"",""2020"",""2021"",""2022"",""2023"",""2024"",""2025""]",True,0,0.0,1952,22973,14512,41774,8,0,0,0.0,2853,3250,0,64747,0,0,0,0,0,"[""학교구분명"",""학과계열구분명"",""대학원학생_박사과정여자졸업생수"",""박사과정남자졸업생수"",""대학원학생_박사과정졸업생수"",""대학원학생_석사과정여자졸업생수"",""석사과정남자졸업생수"",""대학원학생_석사과정졸업생수"",""주야간박사과정입학정원수"",""대학원학생_야간박사과정입학정원수"",""대학원학생_주야간석사과정입학정원수"",""대학원학생_야간석사과정입학정원수"",""대학원학생_주간석사과정입학정원수"",""대학원학생_박사과정입학정원수"",""대학원학생_석사과정입학정원수"",""대학원학생_주간박사과정입학정원수""]","[{""field"":""학과계열구분명"",""sample_distinct_keys"":10080,""incremental_keys"":2045,""sample_uniqueness_rate"":1.0},{""field"":""대학원학생_석사과정입학정원수"",""sample_distinct_keys"":9329,""incremental_keys"":1294,""sample_uniqueness_rate"":0.9254960317460318},{""field"":""대학원학생_주간석사과정입학정원수"",""sample_distinct_keys"":9019,""incremental_keys"":984,""sample_uniqueness_rate"":0.8947420634920635},{""field"":""대학원학생_박사과정입학정원수"",""sample_distinct_keys"":8799,""incremental_keys"":764,""sample_uniqueness_rate"":0.8729166666666667},{""field"":""대학원학생_주간박사과정입학정원수"",""sample_distinct_keys"":8799,""incremental_keys"":764,""sample_uniqueness_rate"":0.8729166666666667},{""field"":""대학원학생_석사과정졸업생수"",""sample_distinct_keys"":8782,""incremental_keys"":747,""sample_uniqueness_rate"":0.8712301587301587},{""field"":""대학원학생_석사과정여자졸업생수"",""sample_distinct_keys"":8706,""incremental_keys"":671,""sample_uniqueness_rate"":0.8636904761904762},{""field"":""대학원학생_야간석사과정입학정원수"",""sample_distinct_keys"":8478,""incremental_keys"":443,""sample_uniqueness_rate"":0.8410714285714286},{""field"":""대학원학생_박사과정졸업생수"",""sample_distinct_keys"":8470,""incremental_keys"":435,""sample_uniqueness_rate"":0.8402777777777778},{""field"":""석사과정남자졸업생수"",""sample_distinct_keys"":8462,""incremental_keys"":427,""sample_uniqueness_rate"":0.839484126984127},{""field"":""대학원학생_박사과정여자졸업생수"",""sample_distinct_keys"":8337,""incremental_keys"":302,""sample_uniqueness_rate"":0.8270833333333333},{""field"":""박사과정남자졸업생수"",""sample_distinct_keys"":8269,""incremental_keys"":234,""sample_uniqueness_rate"":0.8203373015873016},{""field"":""주야간박사과정입학정원수"",""sample_distinct_keys"":8136,""incremental_keys"":101,""sample_uniqueness_rate"":0.8071428571428572},{""field"":""대학원학생_주야간석사과정입학정원수"",""sample_distinct_keys"":8121,""incremental_keys"":86,""sample_uniqueness_rate"":0.8056547619047619},{""field"":""대학원학생_야간박사과정입학정원수"",""sample_distinct_keys"":8107,""incremental_keys"":72,""sample_uniqueness_rate"":0.804265873015873},{""field"":""학교구분명"",""sample_distinct_keys"":7793,""incremental_keys"":0,""sample_uniqueness_rate"":0.7731150793650794}]",1.0,additional_dimensions_required,medium,review_required,data/processed/edss/panel/고등교육통계/0105_대학원학생개황/panel.csv.gz,91d027110423c9f64c95c2c4d2780af4c83de7ac1d633f2251ab991357ea6b0f
고등교육통계,0106,전문대학개황,panel,2469,84,"[""2009"",""2010"",""2011"",""2012"",""2013"",""2014"",""2015"",""2016"",""2017"",""2018"",""2019"",""2020"",""2021"",""2022"",""2023"",""2024"",""2025""]",True,0,0.0,162,2463,6,6,2,0,0,0.0,37,37,0,2469,0,0,0,0,0,"[""학교구분명"",""시도명"",""전문대_학사심화과정입학정원수""]","[{""field"":""전문대_학사심화과정입학정원수"",""sample_distinct_keys"":2469,""incremental_keys"":22,""sample_uniqueness_rate"":1.0},{""field"":""학교구분명"",""sample_distinct_keys"":2469,""incremental_keys"":22,""sample_uniqueness_rate"":1.0},{""field"":""시도명"",""sample_distinct_keys"":2445,""incremental_keys"":0,""sample_uniqueness_rate"":0.9902794653705954}]",1.0,additional_dimensions_required,medium,review_required,data/processed/edss/panel/고등교육통계/0106_전문대학개황/panel.csv.gz,ef84fbc6f1c210c3cb34de1fef850a356809c1c6983e2720f9623c28d0943500
고등교육통계,0107,전문대학학생개황,panel,143049,95,"[""2009"",""2010"",""2011"",""2012"",""2013"",""2014"",""2015"",""2016"",""2017"",""2018"",""2019"",""2020"",""2021"",""2022"",""2023"",""2024"",""2025""]",True,0,0.0,162,2449,2422,140600,293,0,0,0.0,3320,3320,0,143049,0,0,0,0,0,"[""학교구분명"",""학과계열구분명"",""학과명"",""학과특성명"",""단과대학명"",""수업형태명"",""학사심화과정입학지원자수"",""학사심화과정여자입학지원자수"",""전문대_학사심화과정입학정원수"",""전문대_여자국가기술자격취득자수"",""전문대_국가기술자격취득자수""]","[{""field"":""학과명"",""sample_distinct_keys"":9611,""incremental_keys"":7499,""sample_uniqueness_rate"":0.962062062062062},{""field"":""학과계열구분명"",""sample_distinct_keys"":5775,""incremental_keys"":3663,""sample_uniqueness_rate"":0.5780780780780781},{""field"":""학과특성명"",""sample_distinct_keys"":3430,""incremental_keys"":1318,""sample_uniqueness_rate"":0.3433433433433433},{""field"":""수업형태명"",""sample_distinct_keys"":3359,""incremental_keys"":1247,""sample_uniqueness_rate"":0.3362362362362362},{""field"":""전문대_국가기술자격취득자수"",""sample_distinct_keys"":3190,""incremental_keys"":1078,""sample_uniqueness_rate"":0.31931931931931934},{""field"":""전문대_여자국가기술자격취득자수"",""sample_distinct_keys"":2827,""incremental_keys"":715,""sample_uniqueness_rate"":0.28298298298298297},{""field"":""학사심화과정입학지원자수"",""sample_distinct_keys"":2217,""incremental_keys"":105,""sample_uniqueness_rate"":0.22192192192192192},{""field"":""학사심화과정여자입학지원자수"",""sample_distinct_keys"":2195,""incremental_keys"":83,""sample_uniqueness_rate"":0.2197197197197197},{""field"":""전문대_학사심화과정입학정원수"",""sample_distinct_keys"":2174,""incremental_keys"":62,""sample_uniqueness_rate"":0.2176176176176176},{""field"":""단과대학명"",""sample_distinct_keys"":2166,""incremental_keys"":54,""sample_uniqueness_rate"":0.2168168168168168},{""field"":""학교구분명"",""sample_distinct_keys"":2130,""incremental_keys"":18,""sample_uniqueness_rate"":0.2132132132132132}]",1.0,additional_dimensions_required,medium,review_required,data/processed/edss/panel/고등교육통계/0107_전문대학학생개황/panel.csv.gz,5cbf95dc4dc396ee13b6eacc5129a893119c41564c77386b0c3f5beca3e993ee
고등교육통계,0201,계열별입학정원현황_대학원,panel,56764,18,"[""2009"",""2010"",""2011"",""2012"",""2013"",""2014"",""2015"",""2016"",""2017"",""2018"",""2019"",""2020"",""2021"",""2022"",""2023"",""2024"",""2025""]",True,0,0.0,1798,18652,18566,38112,9,0,0,0.0,2249,2581,0,18747,38017,0,0,0,0,"[""학교구분명"",""석박사구분명"",""본분교명"",""계열별입학정원_대학원_입학정원수""]","[{""field"":""석박사구분명"",""sample_distinct_keys"":10221,""incremental_keys"":1937,""sample_uniqueness_rate"":1.0},{""field"":""계열별입학정원_대학원_입학정원수"",""sample_distinct_keys"":9611,""incremental_keys"":1327,""sample_uniqueness_rate"":0.9403189511789453},{""field"":""본분교명"",""sample_distinct_keys"":8623,""incremental_keys"":339,""sample_uniqueness_rate"":0.8436552196458272},{""field"":""학교구분명"",""sample_distinct_keys"":8438,""incremental_keys"":154,""sample_uniqueness_rate"":0.8255552294296057}]",1.0,additional_dimensions_required,medium,review_required,data/processed/edss/panel/고등교육통계/0201_계열별입학정원현황_대학원/panel.csv.gz,d8f88d1b5b46aedcef1410d293063ee4d67b2fc778933f4771e16ce709259cd1
고등교육통계,0202,교육대학대학원학급편성기준,panel,927,21,"[""2009"",""2010"",""2011"",""2012"",""2013""]",True,0,0.0,234,304,304,623,6,0,0,0.0,42,42,0,927,0,0,0,0,0,"[""학교구분명"",""계열구분명"",""본분교명""]","[{""field"":""계열구분명"",""sample_distinct_keys"":908,""incremental_keys"":596,""sample_uniqueness_rate"":0.9795037756202805},{""field"":""본분교명"",""sample_distinct_keys"":307,""incremental_keys"":0,""sample_uniqueness_rate"":0.33117583603020495},{""field"":""학교구분명"",""sample_distinct_keys"":307,""incremental_keys"":0,""sample_uniqueness_rate"":0.33117583603020495}]",1.0,additional_dimensions_required,medium,review_required,data/processed/edss/panel/고등교육통계/0202_교육대학대학원학급편성기준/panel.csv.gz,9604d8fc46ed203c4ea76ad7cc0094692c384f9cf9fbe8440923d19efa94ae40
고등교육통계,0203,국가별외국인유학생현황,panel,427432,38,"[""2009"",""2010"",""2011"",""2012"",""2013"",""2014"",""2015"",""2016"",""2017"",""2018"",""2019"",""2020"",""2021"",""2022""]",True,0,0.0,1511,10871,10588,416561,1530,0,0,0.0,56590,62667,0,0,427432,0,0,0,0,"[""학교구분명"",""성별명"",""계열구분명"",""학위과정구분명"",""계열종류구분명"",""국가명"",""국가별외국인유학생_인원수""]","[{""field"":""국가명"",""sample_distinct_keys"":9120,""incremental_keys"":5142,""sample_uniqueness_rate"":0.918799113439452},{""field"":""국가별외국인유학생_인원수"",""sample_distinct_keys"":6633,""incremental_keys"":2655,""sample_uniqueness_rate"":0.6682450130969172},{""field"":""학위과정구분명"",""sample_distinct_keys"":5510,""incremental_keys"":1532,""sample_uniqueness_rate"":0.5551077977030022},{""field"":""성별명"",""sample_distinct_keys"":5337,""incremental_keys"":1359,""sample_uniqueness_rate"":0.5376788232923635},{""field"":""계열종류구분명"",""sample_distinct_keys"":5063,""incremental_keys"":1085,""sample_uniqueness_rate"":0.5100745516824501},{""field"":""계열구분명"",""sample_distinct_keys"":4546,""incremental_keys"":568,""sample_uniqueness_rate"":0.45798911948418297},{""field"":""학교구분명"",""sample_distinct_keys"":3928,""incremental_keys"":0,""sample_uniqueness_rate"":0.3957283900866411}]",1.0,additional_dimensions_required,medium,review_required,data/processed/edss/panel/고등교육통계/0203_국가별외국인유학생현황/panel.csv.gz,664c2cdd7658c2e8ae8423703c904dbbaa680b355172f3d5359327c66ea75cea
고등교육통계,0204,국가별외국인유학생현황_대학원,panel,31046,36,"[""2009"",""2010"",""2011"",""2012"",""2013""]",True,0,0.0,851,2868,2868,28178,174,0,0,0.0,2448,2556,0,31046,0,0,0,0,0,"[""학교구분명"",""성별명"",""본분교명"",""국가명""]","[{""field"":""국가명"",""sample_distinct_keys"":8337,""incremental_keys"":6182,""sample_uniqueness_rate"":0.8270833333333333},{""field"":""성별명"",""sample_distinct_keys"":3411,""incremental_keys"":1256,""sample_uniqueness_rate"":0.33839285714285716},{""field"":""본분교명"",""sample_distinct_keys"":2203,""incremental_keys"":48,""sample_uniqueness_rate"":0.2185515873015873},{""field"":""학교구분명"",""sample_distinct_keys"":2144,""incremental_keys"":0,""sample_uniqueness_rate"":0.2126984126984127}]",1.0,additional_dimensions_required,medium,review_required,data/processed/edss/panel/고등교육통계/0204_국가별외국인유학생현황_대학원/panel.csv.gz,889ac1a26e5a36290017820155088444cde072a4b8bc8d6e027aa783e090e23b
고등교육통계,0205,모집및입학정원현황,panel,623172,24,"[""2014"",""2015"",""2016"",""2017"",""2018"",""2019"",""2020"",""2021"",""2022"",""2023"",""2024"",""2025""]",True,0,0.0,445,4956,4936,618216,1128,0,0,0.0,129318,152311,0,623172,0,0,0,0,0,"[""학교구분명"",""학위과정구분명"",""정원구분명"",""단과대학명"",""학과명"",""학과특성명"",""수업연한명""]","[{""field"":""학과명"",""sample_distinct_keys"":9979,""incremental_keys"":6737,""sample_uniqueness_rate"":1.0},{""field"":""단과대학명"",""sample_distinct_keys"":6403,""incremental_keys"":3161,""sample_uniqueness_rate"":0.6416474596652971},{""field"":""정원구분명"",""sample_distinct_keys"":4865,""incremental_keys"":1623,""sample_uniqueness_rate"":0.48752379997995793},{""field"":""수업연한명"",""sample_distinct_keys"":3975,""incremental_keys"":733,""sample_uniqueness_rate"":0.3983365066639944},{""field"":""학과특성명"",""sample_distinct_keys"":3861,""incremental_keys"":619,""sample_uniqueness_rate"":0.3869125162841968},{""field"":""학위과정구분명"",""sample_distinct_keys"":3528,""incremental_keys"":286,""sample_uniqueness_rate"":0.35354243912215655},{""field"":""학교구분명"",""sample_distinct_keys"":3242,""incremental_keys"":0,""sample_uniqueness_rate"":0.32488225273073457}]",0.9748471790760598,additional_dimensions_required,medium,review_required,data/processed/edss/panel/고등교육통계/0205_모집및입학정원현황/panel.csv.gz,e3ff3944ac24ed47c58c12dca05b388fd2e311b1eefde3469e30eeb96699edbe
고등교육통계,0206,박사및명예박사학위수여상황,panel,645423,19,"[""2009"",""2010"",""2011"",""2012"",""2013"",""2014"",""2015"",""2016"",""2017"",""2018"",""2019"",""2020"",""2021"",""2022"",""2023"",""2024"",""2025""]",True,0,0.0,1509,16005,15592,629418,66,0,0,0.0,14944,16453,0,645423,0,0,0,0,0,"[""학교구분명"",""학위종별명"",""대학원학위명""]","[{""field"":""대학원학위명"",""sample_distinct_keys"":9643,""incremental_keys"":2776,""sample_uniqueness_rate"":0.9718806692199153},{""field"":""학위종별명"",""sample_distinct_keys"":8376,""incremental_keys"":1509,""sample_uniqueness_rate"":0.8441846401935094},{""field"":""학교구분명"",""sample_distinct_keys"":6809,""incremental_keys"":0,""sample_uniqueness_rate"":0.6862527716186253}]",0.9869985889941544,additional_dimensions_required,medium,review_required,data/processed/edss/panel/고등교육통계/0206_박사및명예박사학위수여상황/panel.csv.gz,129bd196af8dafe313284e4405e5ce98493aad2f10c490205b9ca3556d756fd5
고등교육통계,0207,산업체위탁생제적현황,panel,938439,22,"[""2009"",""2010"",""2011"",""2012"",""2013""]",True,0,0.0,199,926,926,937513,4860,0,0,0.0,6480,6480,0,938439,0,0,0,0,0,"[""학교구분명"",""전문대학학년명"",""본분교명"",""단과대학명"",""학과명"",""학과특성명"",""제적사유명""]","[{""field"":""학과명"",""sample_distinct_keys"":8078,""incremental_keys"":7232,""sample_uniqueness_rate"":0.8333849169503765},{""field"":""제적사유명"",""sample_distinct_keys"":4881,""incremental_keys"":4035,""sample_uniqueness_rate"":0.5035592695759826},{""field"":""전문대학학년명"",""sample_distinct_keys"":2234,""incremental_keys"":1388,""sample_uniqueness_rate"":0.23047560094913855},{""field"":""학과특성명"",""sample_distinct_keys"":1598,""incremental_keys"":752,""sample_uniqueness_rate"":0.1648612400701537},{""field"":""단과대학명"",""sample_distinct_keys"":878,""incremental_keys"":32,""sample_uniqueness_rate"":0.09058083152790673},{""field"":""본분교명"",""sample_distinct_keys"":875,""incremental_keys"":29,""sample_uniqueness_rate"":0.09027132982564738},{""field"":""학교구분명"",""sample_distinct_keys"":869,""incremental_keys"":23,""sample_uniqueness_rate"":0.08965232642112865}]",0.9926751263798618,additional_dimensions_required,medium,review_required,data/processed/edss/panel/고등교육통계/0207_산업체위탁생제적현황/panel.csv.gz,e56dac059a54c77a43f3dd167f6bcae13346685e5f7f6bb00d6c640561d53d40
고등교육통계,0208,시간제등록과정,panel,69222,19,"[""2009"",""2010"",""2011"",""2012"",""2013"",""2014"",""2015"",""2016"",""2017"",""2018"",""2019"",""2020"",""2021"",""2022"",""2023"",""2024"",""2025""]",True,0,0.0,455,2968,2968,66254,60,4,96,0.001386842333362226,6300,7320,0,69222,0,0,0,0,0,"[""학교구분명"",""성별명"",""전문대학계열명"",""시간제학점구분명""]","[{""field"":""전문대학계열명"",""sample_distinct_keys"":7025,""incremental_keys"":4618,""sample_uniqueness_rate"":0.7057464335945348},{""field"":""시간제학점구분명"",""sample_distinct_keys"":4924,""incremental_keys"":2517,""sample_uniqueness_rate"":0.49467550733373516},{""field"":""성별명"",""sample_distinct_keys"":3897,""incremental_keys"":1490,""sample_uniqueness_rate"":0.391500904159132},{""field"":""학교구분명"",""sample_distinct_keys"":2439,""incremental_keys"":32,""sample_uniqueness_rate"":0.24502712477396021}]",1.0,additional_dimensions_required,medium,review_required,data/processed/edss/panel/고등교육통계/0208_시간제등록과정/panel.csv.gz,501f02f176f90e4619be46bd1b0cc6d7af00cb153a9188a5094c533db4f37238
고등교육통계,0209,연령별신입생현황_대학원,panel,13729198,24,"[""2009"",""2010"",""2011"",""2012"",""2013"",""2014"",""2015"",""2016"",""2017"",""2018"",""2019"",""2020"",""2021"",""2022"",""2023"",""2024"",""2025""]",True,0,0.0,1932,20311,20311,13708887,32886,8,798,5.812429830205668e-05,1255339,1347314,0,0,13729198,0,0,0,0,"[""학교구분명"",""석박사구분명"",""성별명"",""학위과정구분명"",""단과대학명"",""학과명"",""학과특성명"",""대학원연령명"",""수업연한명""]","[{""field"":""학과명"",""sample_distinct_keys"":9570,""incremental_keys"":5009,""sample_uniqueness_rate"":0.9751375585897697},{""field"":""대학원연령명"",""sample_distinct_keys"":9185,""incremental_keys"":4624,""sample_uniqueness_rate"":0.9359078866924802},{""field"":""석박사구분명"",""sample_distinct_keys"":6346,""incremental_keys"":1785,""sample_uniqueness_rate"":0.6466272671693499},{""field"":""성별명"",""sample_distinct_keys"":5702,""incremental_keys"":1141,""sample_uniqueness_rate"":0.581006725086611},{""field"":""학위과정구분명"",""sample_distinct_keys"":4832,""incremental_keys"":271,""sample_uniqueness_rate"":0.49235785612390465},{""field"":""수업연한명"",""sample_distinct_keys"":4736,""incremental_keys"":175,""sample_uniqueness_rate"":0.48257591196250255},{""field"":""학과특성명"",""sample_distinct_keys"":4564,""incremental_keys"":3,""sample_uniqueness_rate"":0.46504992867332384},{""field"":""단과대학명"",""sample_distinct_keys"":4468,""incremental_keys"":0,""sample_uniqueness_rate"":0.45526798451192174},{""field"":""학교구분명"",""sample_distinct_keys"":4447,""incremental_keys"":0,""sample_uniqueness_rate"":0.45312818422661505}]",0.9771754636233951,additional_dimensions_required,medium,review_required,data/processed/edss/panel/고등교육통계/0209_연령별신입생현황_대학원/panel.csv.gz,45eea067078a5b2ce8d54acdf7268c497310e61570f2c1e299179e7640443b89
고등교육통계,0210,연령별입학현황,panel,8506530,22,"[""2009"",""2010"",""2011"",""2012"",""2013"",""2014"",""2015"",""2016"",""2017"",""2018"",""2019"",""2020"",""2021"",""2022"",""2023"",""2024"",""2025""]",True,0,0.0,473,6889,6889,8499641,17800,0,0,0.0,1373458,1483794,0,0,8506530,0,0,0,0,"[""학교구분명"",""성별명"",""단과대학명"",""학과명"",""학과특성명"",""대학교연령명"",""수업연한명""]","[{""field"":""학과명"",""sample_distinct_keys"":9966,""incremental_keys"":6412,""sample_uniqueness_rate"":1.0},{""field"":""대학교연령명"",""sample_distinct_keys"":9223,""incremental_keys"":5669,""sample_uniqueness_rate"":0.9254465181617499},{""field"":""단과대학명"",""sample_distinct_keys"":6351,""incremental_keys"":2797,""sample_uniqueness_rate"":0.6372667068031307},{""field"":""성별명"",""sample_distinct_keys"":5217,""incremental_keys"":1663,""sample_uniqueness_rate"":0.5234798314268513},{""field"":""학과특성명"",""sample_distinct_keys"":4098,""incremental_keys"":544,""sample_uniqueness_rate"":0.4111980734497291},{""field"":""수업연한명"",""sample_distinct_keys"":3907,""incremental_keys"":353,""sample_uniqueness_rate"":0.3920329119004616},{""field"":""학교구분명"",""sample_distinct_keys"":3597,""incremental_keys"":43,""sample_uniqueness_rate"":0.3609271523178808}]",0.9903672486453944,additional_dimensions_required,medium,review_required,data/processed/edss/panel/고등교육통계/0210_연령별입학현황/panel.csv.gz,895396a67d372c81c6d3ac1ed41697bb28f0050f7c53f0239fd24d5c7bb28b8b
고등교육통계,0211,연령별재적학생현황,panel,10209800,23,"[""2009"",""2010"",""2011"",""2012"",""2013"",""2014"",""2015"",""2016"",""2017"",""2018"",""2019"",""2020"",""2021"",""2022"",""2023"",""2024"",""2025""]",True,0,0.0,475,6997,6997,10202803,17800,0,0,0.0,1692452,1838658,0,0,10209800,0,0,0,0,"[""학교구분명"",""성별명"",""학위과정구분명"",""단과대학명"",""학과명"",""학과특성명"",""대학교연령명"",""수업연한명""]","[{""field"":""학과명"",""sample_distinct_keys"":9706,""incremental_keys"":5954,""sample_uniqueness_rate"":0.9821898401133374},{""field"":""대학교연령명"",""sample_distinct_keys"":9129,""incremental_keys"":5377,""sample_uniqueness_rate"":0.9238008500303583},{""field"":""단과대학명"",""sample_distinct_keys"":6684,""incremental_keys"":2932,""sample_uniqueness_rate"":0.676381299332119},{""field"":""성별명"",""sample_distinct_keys"":5304,""incremental_keys"":1552,""sample_uniqueness_rate"":0.5367334547662417},{""field"":""학과특성명"",""sample_distinct_keys"":4339,""incremental_keys"":587,""sample_uniqueness_rate"":0.43908115766039263},{""field"":""수업연한명"",""sample_distinct_keys"":4015,""incremental_keys"":263,""sample_uniqueness_rate"":0.406294272414491},{""field"":""학위과정구분명"",""sample_distinct_keys"":3873,""incremental_keys"":121,""sample_uniqueness_rate"":0.3919247115968427},{""field"":""학교구분명"",""sample_distinct_keys"":3670,""incremental_keys"":0,""sample_uniqueness_rate"":0.3713823112730217}]",0.997672535923902,additional_dimensions_required,medium,review_required,data/processed/edss/panel/고등교육통계/0211_연령별재적학생현황/panel.csv.gz,3c41508447c7d4183d72634766da0cb76912e999bafb2c09297056424ba5bcd5
고등교육통계,0212,연령별재적학생현황_대학원,panel,5245230,23,"[""2009"",""2010"",""2011"",""2012"",""2013"",""2014"",""2015"",""2016"",""2017"",""2018"",""2019"",""2020"",""2021"",""2022"",""2023"",""2024"",""2025""]",True,0,0.0,1936,21034,21034,5224196,8636,11,884,0.0001685340776286264,453818,495698,0,0,5245230,0,0,0,0,"[""학교구분명"",""성별명"",""학위과정구분명"",""단과대학명"",""학과명"",""학과특성명"",""대학교연령명"",""수업연한명""]","[{""field"":""학과명"",""sample_distinct_keys"":9706,""incremental_keys"":4735,""sample_uniqueness_rate"":0.9849807184899533},{""field"":""대학교연령명"",""sample_distinct_keys"":9242,""incremental_keys"":4271,""sample_uniqueness_rate"":0.9378932413233205},{""field"":""성별명"",""sample_distinct_keys"":6365,""incremental_keys"":1394,""sample_uniqueness_rate"":0.645930586563832},{""field"":""학위과정구분명"",""sample_distinct_keys"":5560,""incremental_keys"":589,""sample_uniqueness_rate"":0.5642378729449969},{""field"":""수업연한명"",""sample_distinct_keys"":5355,""incremental_keys"":384,""sample_uniqueness_rate"":0.5434341384209458},{""field"":""학과특성명"",""sample_distinct_keys"":5160,""incremental_keys"":189,""sample_uniqueness_rate"":0.523645220215141},{""field"":""단과대학명"",""sample_distinct_keys"":5091,""incremental_keys"":120,""sample_uniqueness_rate"":0.5166429876192409},{""field"":""학교구분명"",""sample_distinct_keys"":4881,""incremental_keys"":0,""sample_uniqueness_rate"":0.4953318449360666}]",0.9849807184899533,additional_dimensions_required,medium,review_required,data/processed/edss/panel/고등교육통계/0212_연령별재적학생현황_대학원/panel.csv.gz,74bf26ae287a51b50104e823efb597af95ea416d16b203047cdb0871830004ba
고등교육통계,0213,연령별재적학생현황_대학원_공동운영,panel,196,18,"[""2010"",""2011"",""2012"",""2013""]",True,0,0.0,84,155,41,41,2,0,0,0.0,13,13,0,196,0,0,0,0,0,"[""학교구분명"",""국내외구분명"",""본분교명""]","[{""field"":""국내외구분명"",""sample_distinct_keys"":196,""incremental_keys"":41,""sample_uniqueness_rate"":1.0},{""field"":""본분교명"",""sample_distinct_keys"":156,""incremental_keys"":1,""sample_uniqueness_rate"":0.7959183673469388},{""field"":""학교구분명"",""sample_distinct_keys"":154,""incremental_keys"":0,""sample_uniqueness_rate"":0.7857142857142857}]",0.9846938775510204,additional_dimensions_required,medium,review_required,data/processed/edss/panel/고등교육통계/0213_연령별재적학생현황_대학원_공동운영/panel.csv.gz,9849fc1a4d92376b4b82646ddf5a7dcb95b6c35f975df5f573a3617a91b25789
고등교육통계,0214,연령별졸업생현황,panel,9275040,23,"[""2009"",""2010"",""2011"",""2012"",""2013"",""2014"",""2015"",""2016"",""2017"",""2018"",""2019"",""2020"",""2021"",""2022"",""2023"",""2024"",""2025""]",True,0,0.0,475,6969,6969,9268071,17800,0,0,0.0,1543432,1670878,0,0,9275040,0,0,0,0,"[""학교구분명"",""성별명"",""학위과정구분명"",""단과대학명"",""학과명"",""학과특성명"",""대학교연령명"",""수업연한명"",""연령별졸업생_졸업생수""]","[{""field"":""학과명"",""sample_distinct_keys"":9812,""incremental_keys"":6144,""sample_uniqueness_rate"":1.0},{""field"":""대학교연령명"",""sample_distinct_keys"":8921,""incremental_keys"":5253,""sample_uniqueness_rate"":0.9091928251121076},{""field"":""단과대학명"",""sample_distinct_keys"":6793,""incremental_keys"":3125,""sample_uniqueness_rate"":0.6923155320016307},{""field"":""성별명"",""sample_distinct_keys"":5319,""incremental_keys"":1651,""sample_uniqueness_rate"":0.5420913167549939},{""field"":""연령별졸업생_졸업생수"",""sample_distinct_keys"":4931,""incremental_keys"":1263,""sample_uniqueness_rate"":0.5025479005299633},{""field"":""학과특성명"",""sample_distinct_keys"":4120,""incremental_keys"":452,""sample_uniqueness_rate"":0.4198940073379535},{""field"":""수업연한명"",""sample_distinct_keys"":3848,""incremental_keys"":180,""sample_uniqueness_rate"":0.3921728495719527},{""field"":""학위과정구분명"",""sample_distinct_keys"":3774,""incremental_keys"":106,""sample_uniqueness_rate"":0.3846310640032613},{""field"":""학교구분명"",""sample_distinct_keys"":3665,""incremental_keys"":0,""sample_uniqueness_rate"":0.3735222176926213}]",1.0,additional_dimensions_required,medium,review_required,data/processed/edss/panel/고등교육통계/0214_연령별졸업생현황/panel.csv.gz,274988ead3770213b04f57b100db0db21c752377dea601b2d552f32818bce425
고등교육통계,0215,연령별졸업생현황_공동운영,panel,3398496,23,"[""2010"",""2011"",""2012"",""2013"",""2014"",""2015"",""2016"",""2017"",""2018"",""2019"",""2020"",""2021"",""2022""]",True,0,0.0,834,2826,2826,3395670,14560,0,0,0.0,579972,606080,0,0,3398496,0,0,0,0,"[""학교구분명"",""성별명"",""학위과정구분명"",""단과대학명"",""학과명"",""학과특성명"",""대학교연령명"",""수업연한명"",""연령별졸업생_공동운영_졸업생수""]","[{""field"":""학과명"",""sample_distinct_keys"":9309,""incremental_keys"":7747,""sample_uniqueness_rate"":0.9262686567164179},{""field"":""대학교연령명"",""sample_distinct_keys"":7834,""incremental_keys"":6272,""sample_uniqueness_rate"":0.7795024875621891},{""field"":""단과대학명"",""sample_distinct_keys"":3840,""incremental_keys"":2278,""sample_uniqueness_rate"":0.382089552238806},{""field"":""성별명"",""sample_distinct_keys"":2663,""incremental_keys"":1101,""sample_uniqueness_rate"":0.26497512437810944},{""field"":""학과특성명"",""sample_distinct_keys"":2083,""incremental_keys"":521,""sample_uniqueness_rate"":0.2072636815920398},{""field"":""수업연한명"",""sample_distinct_keys"":1595,""incremental_keys"":33,""sample_uniqueness_rate"":0.15870646766169155},{""field"":""학위과정구분명"",""sample_distinct_keys"":1583,""incremental_keys"":21,""sample_uniqueness_rate"":0.15751243781094526},{""field"":""연령별졸업생_공동운영_졸업생수"",""sample_distinct_keys"":1565,""incremental_keys"":3,""sample_uniqueness_rate"":0.15572139303482588},{""field"":""학교구분명"",""sample_distinct_keys"":1560,""incremental_keys"":0,""sample_uniqueness_rate"":0.15522388059701492}]",1.0,additional_dimensions_required,medium,review_required,data/processed/edss/panel/고등교육통계/0215_연령별졸업생현황_공동운영/panel.csv.gz,dee16b4fd6a1870533f9945278ab29c77a3011d33e834cd6a7e3effaa7139a4e
고등교육통계,0216,연령별졸업생현황_대학원,panel,4743310,23,"[""2009"",""2010"",""2011"",""2012"",""2013"",""2014"",""2015"",""2016"",""2017"",""2018"",""2019"",""2020"",""2021"",""2022"",""2023"",""2024"",""2025""]",True,0,0.0,1923,21011,21011,4722299,8636,3,352,7.420978177686046e-05,416284,452866,0,0,4743310,0,0,0,0,"[""학교구분명"",""성별명"",""학위과정구분명"",""단과대학명"",""학과명"",""학과특성명"",""대학교연령명"",""수업연한명"",""연령별졸업생_대학원_졸업생수""]","[{""field"":""학과명"",""sample_distinct_keys"":9728,""incremental_keys"":4641,""sample_uniqueness_rate"":0.964600892414477},{""field"":""대학교연령명"",""sample_distinct_keys"":9653,""incremental_keys"":4566,""sample_uniqueness_rate"":0.957164105106594},{""field"":""성별명"",""sample_distinct_keys"":6290,""incremental_keys"":1203,""sample_uniqueness_rate"":0.6236985622211205},{""field"":""연령별졸업생_대학원_졸업생수"",""sample_distinct_keys"":5796,""incremental_keys"":709,""sample_uniqueness_rate"":0.5747149231531978},{""field"":""학위과정구분명"",""sample_distinct_keys"":5449,""incremental_keys"":362,""sample_uniqueness_rate"":0.5403073872087258},{""field"":""수업연한명"",""sample_distinct_keys"":5308,""incremental_keys"":221,""sample_uniqueness_rate"":0.5263262270699058},{""field"":""단과대학명"",""sample_distinct_keys"":5228,""incremental_keys"":141,""sample_uniqueness_rate"":0.5183936539414973},{""field"":""학과특성명"",""sample_distinct_keys"":5199,""incremental_keys"":112,""sample_uniqueness_rate"":0.5155180961824491},{""field"":""학교구분명"",""sample_distinct_keys"":4991,""incremental_keys"":0,""sample_uniqueness_rate"":0.494893406048587}]",0.9743182944967774,additional_dimensions_required,medium,review_required,data/processed/edss/panel/고등교육통계/0216_연령별졸업생현황_대학원/panel.csv.gz,bad879abff154e847042b3069e95e345343b0aa45af9dd59642ec63309511c5e
고등교육통계,0217,연령별편입생현황,panel,589076,23,"[""2009"",""2010"",""2011"",""2012"",""2013"",""2014"",""2015"",""2016"",""2017"",""2018"",""2019"",""2020"",""2021"",""2022"",""2023"",""2024"",""2025""]",True,0,0.0,324,672,672,588404,4760,0,0,0.0,34260,38380,0,0,589076,0,0,0,0,"[""학교구분명"",""성별명"",""학위과정구분명"",""단과대학명"",""학과명"",""학과특성명"",""대학교연령명"",""수업연한명"",""연령별편입생_편입생수""]","[{""field"":""학과명"",""sample_distinct_keys"":7230,""incremental_keys"":6619,""sample_uniqueness_rate"":0.7236512861575418},{""field"":""대학교연령명"",""sample_distinct_keys"":5491,""incremental_keys"":4880,""sample_uniqueness_rate"":0.5495946351716545},{""field"":""단과대학명"",""sample_distinct_keys"":1300,""incremental_keys"":689,""sample_uniqueness_rate"":0.13011710539485538},{""field"":""연령별편입생_편입생수"",""sample_distinct_keys"":1244,""incremental_keys"":633,""sample_uniqueness_rate"":0.12451206085476929},{""field"":""성별명"",""sample_distinct_keys"":1104,""incremental_keys"":493,""sample_uniqueness_rate"":0.11049944950455409},{""field"":""학과특성명"",""sample_distinct_keys"":870,""incremental_keys"":259,""sample_uniqueness_rate"":0.08707837053348014},{""field"":""수업연한명"",""sample_distinct_keys"":768,""incremental_keys"":157,""sample_uniqueness_rate"":0.07686918226403763},{""field"":""학위과정구분명"",""sample_distinct_keys"":657,""incremental_keys"":46,""sample_uniqueness_rate"":0.06575918326493845},{""field"":""학교구분명"",""sample_distinct_keys"":602,""incremental_keys"":0,""sample_uniqueness_rate"":0.06025422880592533}]",1.0,additional_dimensions_required,medium,review_required,data/processed/edss/panel/고등교육통계/0217_연령별편입생현황/panel.csv.gz,2e59e76e32a6c1f1c9f46f9ae5481422410ea7ea13f07be7218b476d3fe8cfd5
고등교육통계,0218,외국인학위취득현황_대학원_공동운영,panel,370846,23,"[""2010"",""2011"",""2012"",""2013"",""2014"",""2015"",""2016"",""2017"",""2018"",""2019"",""2020"",""2021"",""2022""]",True,0,0.0,1572,9269,7845,361577,1524,0,0,0.0,34395,35761,0,0,370846,0,0,0,0,"[""학교구분명"",""석박사구분명"",""성별명"",""학위과정구분명"",""단과대학명"",""학과명"",""학과특성명"",""수업연한명""]","[{""field"":""학과명"",""sample_distinct_keys"":9101,""incremental_keys"":5865,""sample_uniqueness_rate"":0.9231159346789736},{""field"":""석박사구분명"",""sample_distinct_keys"":5104,""incremental_keys"":1868,""sample_uniqueness_rate"":0.517699563850289},{""field"":""성별명"",""sample_distinct_keys"":4424,""incremental_keys"":1188,""sample_uniqueness_rate"":0.44872705142509384},{""field"":""학위과정구분명"",""sample_distinct_keys"":3334,""incremental_keys"":98,""sample_uniqueness_rate"":0.3381681712141191},{""field"":""단과대학명"",""sample_distinct_keys"":3258,""incremental_keys"":22,""sample_uniqueness_rate"":0.3304594786489502},{""field"":""수업연한명"",""sample_distinct_keys"":3236,""incremental_keys"":0,""sample_uniqueness_rate"":0.3282280150116645},{""field"":""학과특성명"",""sample_distinct_keys"":3225,""incremental_keys"":0,""sample_uniqueness_rate"":0.3271122831930216},{""field"":""학교구분명"",""sample_distinct_keys"":3231,""incremental_keys"":0,""sample_uniqueness_rate"":0.3277208641850086}]",0.9955370727254286,additional_dimensions_required,medium,review_required,data/processed/edss/panel/고등교육통계/0218_외국인학위취득현황_대학원_공동운영/panel.csv.gz,b4b1b6959eb4a320c304fc2984e3b67285eeaf82b4cb35600deb72097790991b
고등교육통계,0219,유학형태별_외국인유학생현황,panel,61130,46,"[""2009"",""2010"",""2011"",""2012"",""2013"",""2014"",""2015"",""2016"",""2017"",""2018"",""2019"",""2020"",""2021"",""2022""]",True,0,0.0,1803,12226,12226,48904,5,6,30,0.000490757402257484,2860,3195,0,0,61130,0,0,0,0,"[""학교구분명"",""외국인유학생형태명""]","[{""field"":""외국인유학생형태명"",""sample_distinct_keys"":10085,""incremental_keys"":2784,""sample_uniqueness_rate"":1.0},{""field"":""학교구분명"",""sample_distinct_keys"":7064,""incremental_keys"":0,""sample_uniqueness_rate"":0.700446207238473}]",0.9876053544868617,additional_dimensions_required,medium,review_required,data/processed/edss/panel/고등교육통계/0219_유학형태별_외국인유학생현황/panel.csv.gz,e4fa0f2e7e6afbf9cfd9c7ea97258a9140e92077a42ac4193531d331370e981c
고등교육통계,0220,장학금급여및학비감면현황,panel,218270,85,"[""2009"",""2010"",""2011"",""2012"",""2013""]",True,0,0.0,453,2084,2084,216186,682,0,0,0.0,40636,42316,0,218270,0,0,0,0,0,"[""학교구분명"",""학기구분명"",""본분교명"",""단과대학명"",""학과명"",""학과특성명""]","[{""field"":""학과명"",""sample_distinct_keys"":9782,""incremental_keys"":8086,""sample_uniqueness_rate"":0.9872830036334276},{""field"":""단과대학명"",""sample_distinct_keys"":4285,""incremental_keys"":2589,""sample_uniqueness_rate"":0.43247880500605573},{""field"":""학기구분명"",""sample_distinct_keys"":2928,""incremental_keys"":1232,""sample_uniqueness_rate"":0.2955187727089221},{""field"":""학과특성명"",""sample_distinct_keys"":2201,""incremental_keys"":505,""sample_uniqueness_rate"":0.2221437222446508},{""field"":""본분교명"",""sample_distinct_keys"":1846,""incremental_keys"":150,""sample_uniqueness_rate"":0.18631408962454582},{""field"":""학교구분명"",""sample_distinct_keys"":1709,""incremental_keys"":13,""sample_uniqueness_rate"":0.17248687928946305}]",1.0,additional_dimensions_required,medium,review_required,data/processed/edss/panel/고등교육통계/0220_장학금급여및학비감면현황/panel.csv.gz,2d7395c45916fc7d31c24b61db011309658f906810cef4a94e78ac56740e375f
고등교육통계,0221,재적학생현황_대학원,panel,851943,25,"[""2009"",""2010"",""2011"",""2012"",""2013"",""2014"",""2015"",""2016"",""2017"",""2018"",""2019"",""2020"",""2021"",""2022"",""2023"",""2024"",""2025""]",True,0,0.0,1936,21231,20779,830712,1524,11,264,0.0003098798863304235,105720,119306,0,0,851943,0,0,0,0,"[""학교구분명"",""석박사구분명"",""성별명"",""학위과정구분명"",""단과대학명"",""학과명"",""학과특성명"",""수업연한명""]","[{""field"":""학과명"",""sample_distinct_keys"":9717,""incremental_keys"":4898,""sample_uniqueness_rate"":0.9722833700220133},{""field"":""석박사구분명"",""sample_distinct_keys"":6644,""incremental_keys"":1825,""sample_uniqueness_rate"":0.6647988793275965},{""field"":""성별명"",""sample_distinct_keys"":6157,""incremental_keys"":1338,""sample_uniqueness_rate"":0.6160696417850711},{""field"":""학위과정구분명"",""sample_distinct_keys"":5389,""incremental_keys"":570,""sample_uniqueness_rate"":0.5392235341204723},{""field"":""수업연한명"",""sample_distinct_keys"":5032,""incremental_keys"":213,""sample_uniqueness_rate"":0.5035021012607565},{""field"":""학과특성명"",""sample_distinct_keys"":4868,""incremental_keys"":49,""sample_uniqueness_rate"":0.48709225535321193},{""field"":""학교구분명"",""sample_distinct_keys"":4852,""incremental_keys"":33,""sample_uniqueness_rate"":0.48549129477686614},{""field"":""단과대학명"",""sample_distinct_keys"":4832,""incremental_keys"":13,""sample_uniqueness_rate"":0.48349009405643384}]",0.9765859515709425,additional_dimensions_required,medium,review_required,data/processed/edss/panel/고등교육통계/0221_재적학생현황_대학원/panel.csv.gz,64bcdfaeed483c6a90f9b701b97bc8356c566bac0674bcc71e0babdb2dd1027b
고등교육통계,0222,재적학생현황_대학원_공동운영,panel,9386,20,"[""2010"",""2011"",""2012"",""2013""]",True,0,0.0,1426,4621,4621,4765,6,0,0,0.0,304,322,0,9386,0,0,0,0,0,"[""학교구분명"",""국내외구분명"",""본분교명""]","[{""field"":""국내외구분명"",""sample_distinct_keys"":9147,""incremental_keys"":4592,""sample_uniqueness_rate"":0.9745365437886213},{""field"":""본분교명"",""sample_distinct_keys"":4688,""incremental_keys"":133,""sample_uniqueness_rate"":0.499467291711059},{""field"":""학교구분명"",""sample_distinct_keys"":4685,""incremental_keys"":130,""sample_uniqueness_rate"":0.49914766673769445}]",1.0,additional_dimensions_required,medium,review_required,data/processed/edss/panel/고등교육통계/0222_재적학생현황_대학원_공동운영/panel.csv.gz,3873adb7320c66f2cdd24a7308b6170935f2057b724c8b815bdc0c72c13b6d37
고등교육통계,0223,재적학생현황_정원외전형별,panel,2938250,24,"[""2009"",""2010"",""2011"",""2012"",""2013"",""2014"",""2015"",""2016"",""2017"",""2018"",""2019"",""2020"",""2021"",""2022""]",True,0,0.0,209,2494,2494,2935756,10800,0,0,0.0,16003,16003,0,0,2938250,0,0,0,0,"[""학교구분명"",""학년명"",""전형구분명"",""단과대학명"",""학과명"",""학과특성명""]","[{""field"":""학과명"",""sample_distinct_keys"":9157,""incremental_keys"":7276,""sample_uniqueness_rate"":0.904037910948761},{""field"":""전형구분명"",""sample_distinct_keys"":6851,""incremental_keys"":4970,""sample_uniqueness_rate"":0.676374765524731},{""field"":""학년명"",""sample_distinct_keys"":5066,""incremental_keys"":3185,""sample_uniqueness_rate"":0.5001480896435976},{""field"":""학과특성명"",""sample_distinct_keys"":3078,""incremental_keys"":1197,""sample_uniqueness_rate"":0.30387994866225687},{""field"":""단과대학명"",""sample_distinct_keys"":1928,""incremental_keys"":47,""sample_uniqueness_rate"":0.19034455523743707},{""field"":""학교구분명"",""sample_distinct_keys"":1909,""incremental_keys"":28,""sample_uniqueness_rate"":0.18846875308520092}]",1.0,additional_dimensions_required,medium,review_required,data/processed/edss/panel/고등교육통계/0223_재적학생현황_정원외전형별/panel.csv.gz,1cb37f2a0d9eeb1436fea598b01cf93635f65166f3bacd39a9cab4ee2b52d145
고등교육통계,0224,재적학생현황_학과별정원내,panel,251902,68,"[""2009"",""2010"",""2011"",""2012"",""2013"",""2014"",""2015"",""2016"",""2017"",""2018"",""2019"",""2020"",""2021"",""2022""]",True,0,0.0,461,5577,5323,246325,445,0,0,0.0,40168,43861,0,0,251902,0,0,0,0,"[""학교구분명"",""학위과정구분명"",""단과대학명"",""학과명"",""학과특성명"",""재적학생_학과별정원내_입학정원수"",""재적_학과별정원내_금학기편입생수"",""재적_학과별정원내_편입생수"",""수업연한명""]","[{""field"":""학과명"",""sample_distinct_keys"":9752,""incremental_keys"":6169,""sample_uniqueness_rate"":1.0},{""field"":""단과대학명"",""sample_distinct_keys"":6664,""incremental_keys"":3081,""sample_uniqueness_rate"":0.6833470057424118},{""field"":""재적_학과별정원내_금학기편입생수"",""sample_distinct_keys"":5475,""incremental_keys"":1892,""sample_uniqueness_rate"":0.5614232977850697},{""field"":""재적학생_학과별정원내_입학정원수"",""sample_distinct_keys"":5042,""incremental_keys"":1459,""sample_uniqueness_rate"":0.5170221493027072},{""field"":""재적_학과별정원내_편입생수"",""sample_distinct_keys"":4713,""incremental_keys"":1130,""sample_uniqueness_rate"":0.4832854799015587},{""field"":""학과특성명"",""sample_distinct_keys"":3925,""incremental_keys"":342,""sample_uniqueness_rate"":0.4024815422477441},{""field"":""수업연한명"",""sample_distinct_keys"":3782,""incremental_keys"":199,""sample_uniqueness_rate"":0.38781788351107466},{""field"":""학위과정구분명"",""sample_distinct_keys"":3588,""incremental_keys"":5,""sample_uniqueness_rate"":0.36792452830188677},{""field"":""학교구분명"",""sample_distinct_keys"":3514,""incremental_keys"":0,""sample_uniqueness_rate"":0.3603363412633306}]",1.0,additional_dimensions_required,medium,review_required,data/processed/edss/panel/고등교육통계/0224_재적학생현황_학과별정원내/panel.csv.gz,a4f4f2ebf4206a04ba17653c9f7a52141791b1e2622feed6ff61ba81f3cddf79
고등교육통계,0225,재적학생현황_학과별정원외,panel,216822,68,"[""2009"",""2010"",""2011"",""2012"",""2013"",""2014"",""2015"",""2016"",""2017"",""2018"",""2019"",""2020"",""2021"",""2022""]",True,0,0.0,461,4959,4761,211863,445,0,0,0.0,35395,38918,0,0,216822,0,0,0,0,"[""학교구분명"",""학위과정구분명"",""단과대학명"",""학과명"",""학과특성명"",""재적_학과별정원외_편입생수"",""재적_학과별정원외_금학기편입생수"",""재적학생_학과별정원외_입학정원수"",""수업연한명""]","[{""field"":""학과명"",""sample_distinct_keys"":10123,""incremental_keys"":6767,""sample_uniqueness_rate"":1.0},{""field"":""단과대학명"",""sample_distinct_keys"":6659,""incremental_keys"":3303,""sample_uniqueness_rate"":0.6578089499160328},{""field"":""재적_학과별정원외_금학기편입생수"",""sample_distinct_keys"":4644,""incremental_keys"":1288,""sample_uniqueness_rate"":0.4587572853897066},{""field"":""재적_학과별정원외_편입생수"",""sample_distinct_keys"":4126,""incremental_keys"":770,""sample_uniqueness_rate"":0.4075866837893905},{""field"":""학과특성명"",""sample_distinct_keys"":4082,""incremental_keys"":726,""sample_uniqueness_rate"":0.4032401462017189},{""field"":""수업연한명"",""sample_distinct_keys"":3799,""incremental_keys"":443,""sample_uniqueness_rate"":0.3752840067173763},{""field"":""학위과정구분명"",""sample_distinct_keys"":3547,""incremental_keys"":191,""sample_uniqueness_rate"":0.3503902005334387},{""field"":""재적학생_학과별정원외_입학정원수"",""sample_distinct_keys"":3467,""incremental_keys"":111,""sample_uniqueness_rate"":0.34248740491949026},{""field"":""학교구분명"",""sample_distinct_keys"":3251,""incremental_keys"":0,""sample_uniqueness_rate"":0.3211498567618295}]",1.0,additional_dimensions_required,medium,review_required,data/processed/edss/panel/고등교육통계/0225_재적학생현황_학과별정원외/panel.csv.gz,2be661a8cc1b054dbeac64c3d7ce277c29c8b858337b72d991226f47e827a672
고등교육통계,0226,재학생해외연수일반현황,panel,13704,32,"[""2009"",""2010"",""2011"",""2012"",""2013"",""2014"",""2015"",""2016"",""2017"",""2018"",""2019"",""2020"",""2021"",""2022"",""2023"",""2024"",""2025""]",True,0,0.0,366,2347,2036,11357,10,0,0,0.0,558,660,0,10522,3182,0,0,0,0,"[""학교구분명"",""전문대학계열명""]","[{""field"":""전문대학계열명"",""sample_distinct_keys"":10074,""incremental_keys"":7793,""sample_uniqueness_rate"":1.0},{""field"":""학교구분명"",""sample_distinct_keys"":2239,""incremental_keys"":0,""sample_uniqueness_rate"":0.22225531070081397}]",0.973198332340679,additional_dimensions_required,medium,review_required,data/processed/edss/panel/고등교육통계/0226_재학생해외연수일반현황/panel.csv.gz,5f89ffc2b92ef4ce7ac38451243069b1451e5991d5cff32184037d02116305fb
고등교육통계,0227,전문대학_자격증취득현황,panel,31514,23,"[""2009"",""2010"",""2011"",""2012"",""2013"",""2014"",""2015"",""2016"",""2017"",""2018"",""2019"",""2020"",""2021"",""2022""]",True,0,0.0,198,2426,2390,29088,20,0,0,0.0,232,232,0,31514,0,0,0,0,0,"[""학교구분명"",""성별명"",""전문대학계열명"",""위탁생복수자격취득자수"",""정원내외복수자격취득자수"",""위탁생민간자격취득자수"",""정원내외민간자격취득자수"",""위탁생국가자격취득자수"",""정원내외국가자격취득자수""]","[{""field"":""전문대학계열명"",""sample_distinct_keys"":8454,""incremental_keys"":6235,""sample_uniqueness_rate"":0.8385241023606427},{""field"":""정원내외국가자격취득자수"",""sample_distinct_keys"":5264,""incremental_keys"":3045,""sample_uniqueness_rate"":0.5221186272564967},{""field"":""정원내외민간자격취득자수"",""sample_distinct_keys"":4978,""incremental_keys"":2759,""sample_uniqueness_rate"":0.4937512398333664},{""field"":""정원내외복수자격취득자수"",""sample_distinct_keys"":4066,""incremental_keys"":1847,""sample_uniqueness_rate"":0.4032929974211466},{""field"":""성별명"",""sample_distinct_keys"":3986,""incremental_keys"":1767,""sample_uniqueness_rate"":0.395358063876215},{""field"":""위탁생국가자격취득자수"",""sample_distinct_keys"":2568,""incremental_keys"":349,""sample_uniqueness_rate"":0.2547113667923031},{""field"":""위탁생민간자격취득자수"",""sample_distinct_keys"":2540,""incremental_keys"":321,""sample_uniqueness_rate"":0.25193414005157705},{""field"":""위탁생복수자격취득자수"",""sample_distinct_keys"":2369,""incremental_keys"":150,""sample_uniqueness_rate"":0.23497321959928585},{""field"":""학교구분명"",""sample_distinct_keys"":2231,""incremental_keys"":12,""sample_uniqueness_rate"":0.22128545923427892}]",1.0,additional_dimensions_required,medium,review_required,data/processed/edss/panel/고등교육통계/0227_전문대학_자격증취득현황/panel.csv.gz,f1bbf350dddabd4dcec6c5c4954ba82dc97b445f216037d29828bcfb278c2d02
고등교육통계,0228,졸업후상황,panel,8979798,23,"[""2009"",""2010"",""2011"",""2012"",""2013"",""2014"",""2015"",""2016"",""2017"",""2018"",""2019"",""2020"",""2021"",""2022""]",True,0,0.0,469,5778,5778,8974020,19580,0,0,0.0,1492986,1626948,0,0,8979798,0,0,0,0,"[""학교구분명"",""성별명"",""졸업후상태구분명"",""학위과정구분명"",""단과대학명"",""학과명"",""학과특성명"",""수업연한명""]","[{""field"":""학과명"",""sample_distinct_keys"":9601,""incremental_keys"":5869,""sample_uniqueness_rate"":0.9702880242546741},{""field"":""졸업후상태구분명"",""sample_distinct_keys"":9001,""incremental_keys"":5269,""sample_uniqueness_rate"":0.9096513390601314},{""field"":""단과대학명"",""sample_distinct_keys"":6644,""incremental_keys"":2912,""sample_uniqueness_rate"":0.6714502273875694},{""field"":""성별명"",""sample_distinct_keys"":5297,""incremental_keys"":1565,""sample_uniqueness_rate"":0.5353208691258211},{""field"":""학과특성명"",""sample_distinct_keys"":4153,""incremental_keys"":421,""sample_uniqueness_rate"":0.4197069226882264},{""field"":""수업연한명"",""sample_distinct_keys"":4031,""incremental_keys"":299,""sample_uniqueness_rate"":0.40737746336533603},{""field"":""학위과정구분명"",""sample_distinct_keys"":3863,""incremental_keys"":131,""sample_uniqueness_rate"":0.39039919151086405},{""field"":""학교구분명"",""sample_distinct_keys"":3621,""incremental_keys"":0,""sample_uniqueness_rate"":0.3659423951490652}]",1.0,additional_dimensions_required,medium,review_required,data/processed/edss/panel/고등교육통계/0228_졸업후상황/panel.csv.gz,c4618ebecf3fcbc702416310b067addf0b52dd4d2da91fbb91a660baa7ad8684
고등교육통계,0229,졸업후상황_공동운영,panel,174094,35,"[""2010"",""2011"",""2012"",""2013"",""2014"",""2015"",""2016"",""2017"",""2018"",""2019"",""2020"",""2021"",""2022"",""2023"",""2024"",""2025""]",True,0,0.0,450,2340,2310,171754,728,0,0,0.0,29345,30684,0,0,174094,0,0,0,0,"[""학교구분명"",""성별명"",""학위과정구분명"",""국내외구분명"",""단과대학명"",""학과명"",""학과특성명"",""수업연한명""]","[{""field"":""학과명"",""sample_distinct_keys"":9319,""incremental_keys"":7745,""sample_uniqueness_rate"":0.9368653865487081},{""field"":""단과대학명"",""sample_distinct_keys"":3886,""incremental_keys"":2312,""sample_uniqueness_rate"":0.39067055393586003},{""field"":""성별명"",""sample_distinct_keys"":2631,""incremental_keys"":1057,""sample_uniqueness_rate"":0.2645018598572434},{""field"":""학과특성명"",""sample_distinct_keys"":2077,""incremental_keys"":503,""sample_uniqueness_rate"":0.20880667537951142},{""field"":""국내외구분명"",""sample_distinct_keys"":1650,""incremental_keys"":76,""sample_uniqueness_rate"":0.16587915954559163},{""field"":""수업연한명"",""sample_distinct_keys"":1593,""incremental_keys"":19,""sample_uniqueness_rate"":0.1601487885794712},{""field"":""학위과정구분명"",""sample_distinct_keys"":1582,""incremental_keys"":8,""sample_uniqueness_rate"":0.15904292751583393},{""field"":""학교구분명"",""sample_distinct_keys"":1580,""incremental_keys"":6,""sample_uniqueness_rate"":0.15884186186789986}]",1.0,additional_dimensions_required,medium,review_required,data/processed/edss/panel/고등교육통계/0229_졸업후상황_공동운영/panel.csv.gz,faa3a65b36fb12e3970d1f55474fdb4f3536c68ab35c0e8710bacb139a3bd738
고등교육통계,0230,지원자및입학현황,panel,37847580,24,"[""2009"",""2010"",""2011"",""2012"",""2013"",""2014"",""2015"",""2016"",""2017"",""2018"",""2019"",""2020"",""2021"",""2022"",""2023"",""2024"",""2025""]",True,0,0.0,474,6963,6963,37840617,63168,0,0,0.0,7558960,8585940,0,0,37847580,0,0,0,0,"[""학교구분명"",""성별명"",""지원자입학생구분명"",""학위과정구분명"",""단과대학명"",""학과명"",""학과특성명"",""지원자입학생종류명"",""수업연한명""]","[{""field"":""학과명"",""sample_distinct_keys"":9775,""incremental_keys"":5863,""sample_uniqueness_rate"":1.0},{""field"":""지원자입학생종류명"",""sample_distinct_keys"":9242,""incremental_keys"":5330,""sample_uniqueness_rate"":0.9454731457800511},{""field"":""지원자입학생구분명"",""sample_distinct_keys"":7009,""incremental_keys"":3097,""sample_uniqueness_rate"":0.7170332480818414},{""field"":""단과대학명"",""sample_distinct_keys"":6910,""incremental_keys"":2998,""sample_uniqueness_rate"":0.7069053708439897},{""field"":""성별명"",""sample_distinct_keys"":5552,""incremental_keys"":1640,""sample_uniqueness_rate"":0.5679795396419437},{""field"":""학과특성명"",""sample_distinct_keys"":4397,""incremental_keys"":485,""sample_uniqueness_rate"":0.44982097186700765},{""field"":""수업연한명"",""sample_distinct_keys"":4319,""incremental_keys"":407,""sample_uniqueness_rate"":0.44184143222506395},{""field"":""학위과정구분명"",""sample_distinct_keys"":3994,""incremental_keys"":82,""sample_uniqueness_rate"":0.4085933503836317},{""field"":""학교구분명"",""sample_distinct_keys"":3902,""incremental_keys"":0,""sample_uniqueness_rate"":0.39918158567774936}]",1.0,additional_dimensions_required,medium,review_required,data/processed/edss/panel/고등교육통계/0230_지원자및입학현황/panel.csv.gz,42379784969852ef5e5d04ab97ef9fd46b62e4d801c039e6e73cefe049f93a4e
고등교육통계,0231,지원자및입학현황_대학원,panel,1207162,28,"[""2009"",""2010"",""2011"",""2012"",""2013"",""2014"",""2015"",""2016"",""2017"",""2018"",""2019"",""2020"",""2021"",""2022"",""2023"",""2024"",""2025""]",True,0,0.0,1947,21425,21036,1185737,2760,14,384,0.00031810146442648126,164767,191523,0,0,1207162,0,0,0,0,"[""학교구분명"",""석박사구분명"",""성별명"",""학위과정구분명"",""단과대학명"",""학과명"",""학과특성명"",""수업연한명""]","[{""field"":""학과명"",""sample_distinct_keys"":9358,""incremental_keys"":4751,""sample_uniqueness_rate"":0.9552878726010616},{""field"":""석박사구분명"",""sample_distinct_keys"":6504,""incremental_keys"":1897,""sample_uniqueness_rate"":0.6639444671294406},{""field"":""성별명"",""sample_distinct_keys"":5998,""incremental_keys"":1391,""sample_uniqueness_rate"":0.6122907309105757},{""field"":""학위과정구분명"",""sample_distinct_keys"":5370,""incremental_keys"":763,""sample_uniqueness_rate"":0.5481829318089015},{""field"":""수업연한명"",""sample_distinct_keys"":4937,""incremental_keys"":330,""sample_uniqueness_rate"":0.5039812168231932},{""field"":""단과대학명"",""sample_distinct_keys"":4793,""incremental_keys"":186,""sample_uniqueness_rate"":0.4892813393221723},{""field"":""학과특성명"",""sample_distinct_keys"":4742,""incremental_keys"":135,""sample_uniqueness_rate"":0.48407513270722746},{""field"":""학교구분명"",""sample_distinct_keys"":4742,""incremental_keys"":135,""sample_uniqueness_rate"":0.48407513270722746}]",1.0,additional_dimensions_required,medium,review_required,data/processed/edss/panel/고등교육통계/0231_지원자및입학현황_대학원/panel.csv.gz,b3e66dfe081014de6d495fe0482751c107d38d93088f3fbe340e3234668cadb9
고등교육통계,0232,직업별신입및편입생현황,panel,24565,24,"[""2009"",""2010"",""2011"",""2012"",""2013"",""2014"",""2015"",""2016"",""2017"",""2018"",""2019"",""2020"",""2021"",""2022""]",True,0,0.0,38,302,302,24263,362,0,0,0.0,556,556,0,0,24565,0,0,0,0,"[""학교구분명"",""성별명"",""학위과정구분명"",""단과대학명"",""학과명"",""학과특성명"",""수업형태명"",""수업연한명"",""직업별신입및편입생_편입생수""]","[{""field"":""학과명"",""sample_distinct_keys"":6336,""incremental_keys"":6027,""sample_uniqueness_rate"":0.6341707536783104},{""field"":""직업별신입및편입생_편입생수"",""sample_distinct_keys"":2934,""incremental_keys"":2625,""sample_uniqueness_rate"":0.2936642978680813},{""field"":""단과대학명"",""sample_distinct_keys"":709,""incremental_keys"":400,""sample_uniqueness_rate"":0.07096386748073266},{""field"":""성별명"",""sample_distinct_keys"":585,""incremental_keys"":276,""sample_uniqueness_rate"":0.058552697427684916},{""field"":""학과특성명"",""sample_distinct_keys"":431,""incremental_keys"":122,""sample_uniqueness_rate"":0.0431388249424482},{""field"":""수업형태명"",""sample_distinct_keys"":408,""incremental_keys"":99,""sample_uniqueness_rate"":0.040836753077769995},{""field"":""수업연한명"",""sample_distinct_keys"":301,""incremental_keys"":0,""sample_uniqueness_rate"":0.030127114402962667},{""field"":""학교구분명"",""sample_distinct_keys"":302,""incremental_keys"":0,""sample_uniqueness_rate"":0.03022720448403563},{""field"":""학위과정구분명"",""sample_distinct_keys"":301,""incremental_keys"":0,""sample_uniqueness_rate"":0.030127114402962667}]",1.0,additional_dimensions_required,medium,review_required,data/processed/edss/panel/고등교육통계/0232_직업별신입및편입생현황/panel.csv.gz,187d4b1866efbdbef54b76b3383ceb7c43fc69c66eaaecdafb6bb2a820936f64
고등교육통계,0233,직업별학생현황_방송통신대,panel,7915,23,"[""2009"",""2010"",""2011"",""2012"",""2013"",""2014"",""2015"",""2016"",""2017"",""2018"",""2019"",""2020"",""2021"",""2022""]",True,0,0.0,18,199,199,7716,138,0,0,0.0,0,0,0,0,7915,0,0,0,0,"[""학교구분명"",""성별명"",""학위과정구분명"",""단과대학명"",""학과명"",""학과특성명"",""수업형태명"",""수업연한명""]","[{""field"":""학과명"",""sample_distinct_keys"":4015,""incremental_keys"":3814,""sample_uniqueness_rate"":0.50726468730259},{""field"":""성별명"",""sample_distinct_keys"":399,""incremental_keys"":198,""sample_uniqueness_rate"":0.050410612760581175},{""field"":""단과대학명"",""sample_distinct_keys"":293,""incremental_keys"":92,""sample_uniqueness_rate"":0.03701831964624131},{""field"":""수업형태명"",""sample_distinct_keys"":210,""incremental_keys"":9,""sample_uniqueness_rate"":0.026531901452937462},{""field"":""학과특성명"",""sample_distinct_keys"":202,""incremental_keys"":1,""sample_uniqueness_rate"":0.025521162349968415},{""field"":""학교구분명"",""sample_distinct_keys"":202,""incremental_keys"":1,""sample_uniqueness_rate"":0.025521162349968415},{""field"":""수업연한명"",""sample_distinct_keys"":199,""incremental_keys"":0,""sample_uniqueness_rate"":0.02514213518635502},{""field"":""학위과정구분명"",""sample_distinct_keys"":196,""incremental_keys"":0,""sample_uniqueness_rate"":0.02476310802274163}]",0.9838281743524953,additional_dimensions_required,medium,review_required,data/processed/edss/panel/고등교육통계/0233_직업별학생현황_방송통신대/panel.csv.gz,4a00e07db04c068cf1b3b532c53fc7d1509de7341afccc2baaa8267d22d5baa5
고등교육통계,0234,학과별외국인유학생현황,panel,272511,38,"[""2010"",""2011"",""2012"",""2013"",""2014"",""2015"",""2016"",""2017"",""2018"",""2019"",""2020"",""2021"",""2022""]",True,0,0.0,453,4608,4475,267903,972,0,0,0.0,52465,57653,0,0,272511,0,0,0,0,"[""학교구분명"",""학위과정구분명"",""재적구분명"",""단과대학명"",""학과명"",""학과특성명"",""수업연한명""]","[{""field"":""학과명"",""sample_distinct_keys"":9368,""incremental_keys"":6477,""sample_uniqueness_rate"":0.9404678245156108},{""field"":""단과대학명"",""sample_distinct_keys"":6480,""incremental_keys"":3589,""sample_uniqueness_rate"":0.65053709466921},{""field"":""재적구분명"",""sample_distinct_keys"":4793,""incremental_keys"":1902,""sample_uniqueness_rate"":0.48117658869591406},{""field"":""학과특성명"",""sample_distinct_keys"":3166,""incremental_keys"":275,""sample_uniqueness_rate"":0.3178395743399257},{""field"":""수업연한명"",""sample_distinct_keys"":3050,""incremental_keys"":159,""sample_uniqueness_rate"":0.3061941572131312},{""field"":""학교구분명"",""sample_distinct_keys"":2918,""incremental_keys"":27,""sample_uniqueness_rate"":0.2929424756550547},{""field"":""학위과정구분명"",""sample_distinct_keys"":2893,""incremental_keys"":2,""sample_uniqueness_rate"":0.29043268748117657}]",0.9853428370645517,additional_dimensions_required,medium,review_required,data/processed/edss/panel/고등교육통계/0234_학과별외국인유학생현황/panel.csv.gz,ae23421e126b04a3ba69262460194d1789bfaf58605d43682223090fdddbe663
고등교육통계,0235,학과별외국인유학생현황_대학원,panel,136575,30,"[""2010"",""2011"",""2012"",""2013"",""2014"",""2015"",""2016"",""2017"",""2018"",""2019"",""2020"",""2021"",""2022""]",True,0,0.0,1622,11010,9788,125565,404,4,20,0.00014643968515467692,14917,16129,0,0,136575,0,0,0,0,"[""학교구분명"",""학위과정구분명"",""재적구분명"",""단과대학명"",""학과명"",""학과특성명"",""수업연한명""]","[{""field"":""학과명"",""sample_distinct_keys"":9937,""incremental_keys"":5991,""sample_uniqueness_rate"":0.9840562487621312},{""field"":""재적구분명"",""sample_distinct_keys"":4654,""incremental_keys"":708,""sample_uniqueness_rate"":0.46088334323628444},{""field"":""학위과정구분명"",""sample_distinct_keys"":4620,""incremental_keys"":674,""sample_uniqueness_rate"":0.45751633986928103},{""field"":""수업연한명"",""sample_distinct_keys"":4265,""incremental_keys"":319,""sample_uniqueness_rate"":0.42236086353733415},{""field"":""단과대학명"",""sample_distinct_keys"":3959,""incremental_keys"":13,""sample_uniqueness_rate"":0.3920578332343038},{""field"":""학과특성명"",""sample_distinct_keys"":3884,""incremental_keys"":0,""sample_uniqueness_rate"":0.38463061992473757},{""field"":""학교구분명"",""sample_distinct_keys"":3925,""incremental_keys"":0,""sample_uniqueness_rate"":0.38869082986730047}]",1.0,additional_dimensions_required,medium,review_required,data/processed/edss/panel/고등교육통계/0235_학과별외국인유학생현황_대학원/panel.csv.gz,156a035fed00bc73e6e9a78706208a582dbe43a46376a61d7376bccf79a6a23d
고등교육통계,0236,학교본분교현황,panel,28995,19,"[""2009"",""2010"",""2011"",""2012"",""2013"",""2014"",""2015"",""2016"",""2017"",""2018"",""2019"",""2020"",""2021"",""2022"",""2023"",""2024"",""2025""]",True,0,0.0,2345,28995,0,0,1,22,22,0.0007587515088808415,1177,1317,0,28995,0,0,0,0,0,"[""학교구분명""]","[{""field"":""학교구분명"",""sample_distinct_keys"":10086,""incremental_keys"":0,""sample_uniqueness_rate"":1.0}]",1.0,school_year_open_id_unique,medium,review_required,data/processed/edss/panel/고등교육통계/0236_학교본분교현황/panel.csv.gz,0d65760e1c82ecd764b6b1838a32819feb8d173e7a7cf3ac552c3c5b24a5e36a
고등교육통계,0237,학교재적학생현황,panel,571665,96,"[""2009"",""2010"",""2011"",""2012"",""2013"",""2014"",""2015"",""2016"",""2017"",""2018"",""2019"",""2020"",""2021"",""2022"",""2023"",""2024"",""2025""]",True,0,0.0,2373,28152,22277,543513,445,9,42,7.346960195219229e-05,102892,118148,0,0,571665,0,0,0,0,"[""학교구분명"",""학위과정구분명"",""학과명"",""단과대학명"",""학과특성명"",""수업연한명""]","[{""field"":""학과명"",""sample_distinct_keys"":10153,""incremental_keys"":4316,""sample_uniqueness_rate"":1.0},{""field"":""단과대학명"",""sample_distinct_keys"":7603,""incremental_keys"":1766,""sample_uniqueness_rate"":0.7488427065891855},{""field"":""수업연한명"",""sample_distinct_keys"":6436,""incremental_keys"":599,""sample_uniqueness_rate"":0.633901309957648},{""field"":""학위과정구분명"",""sample_distinct_keys"":6341,""incremental_keys"":504,""sample_uniqueness_rate"":0.6245444696148922},{""field"":""학과특성명"",""sample_distinct_keys"":6148,""incremental_keys"":311,""sample_uniqueness_rate"":0.6055353097606618},{""field"":""학교구분명"",""sample_distinct_keys"":5904,""incremental_keys"":67,""sample_uniqueness_rate"":0.5815030040382153}]",1.0,additional_dimensions_required,medium,review_required,data/processed/edss/panel/고등교육통계/0237_학교재적학생현황/panel.csv.gz,196335a74b506abb3742d3f2a03f5e2c0feca38c4ab3776e43ee5497770729c7
고등교육통계,0238,학년별재적학생현황_공동운영,panel,14706,61,"[""2010"",""2011"",""2012"",""2013""]",True,0,0.0,445,1375,1375,13331,34,0,0,0.0,2044,2152,0,14706,0,0,0,0,0,"[""학교구분명"",""국내외구분명"",""본분교명"",""전공명"",""학년별재적학생_공동운영_입학정원수""]","[{""field"":""전공명"",""sample_distinct_keys"":6407,""incremental_keys"":5067,""sample_uniqueness_rate"":0.6419839679358718},{""field"":""국내외구분명"",""sample_distinct_keys"":2642,""incremental_keys"":1302,""sample_uniqueness_rate"":0.26472945891783567},{""field"":""본분교명"",""sample_distinct_keys"":1463,""incremental_keys"":123,""sample_uniqueness_rate"":0.1465931863727455},{""field"":""학년별재적학생_공동운영_입학정원수"",""sample_distinct_keys"":1372,""incremental_keys"":32,""sample_uniqueness_rate"":0.1374749498997996},{""field"":""학교구분명"",""sample_distinct_keys"":1365,""incremental_keys"":25,""sample_uniqueness_rate"":0.13677354709418837}]",0.9517034068136273,additional_dimensions_required,medium,review_required,data/processed/edss/panel/고등교육통계/0238_학년별재적학생현황_공동운영/panel.csv.gz,7aa2dd6408dc799e1f0fd80b87f6c9cdc203448453bb481687af0e093505fde3
고등교육통계,0239,학부편제정원및재학생현황_일반및산업대학,panel,5802,23,"[""2009"",""2010"",""2011"",""2012"",""2013""]",True,0,0.0,252,1163,1163,4639,5,0,0,0.0,760,805,0,5802,0,0,0,0,0,"[""학교구분명"",""계열구분명""]","[{""field"":""계열구분명"",""sample_distinct_keys"":5802,""incremental_keys"":4632,""sample_uniqueness_rate"":1.0},{""field"":""학교구분명"",""sample_distinct_keys"":1153,""incremental_keys"":0,""sample_uniqueness_rate"":0.19872457773181662}]",1.0,additional_dimensions_required,medium,review_required,data/processed/edss/panel/고등교육통계/0239_학부편제정원및재학생현황_일반및산업대학/panel.csv.gz,b01613ae5dd7caf85785620d669cd5fe190cc42114ed48aa39f9ab46fe67952c
고등교육통계,0240,학생동태현황_제적사유별,panel,14643270,25,"[""2011"",""2012"",""2013"",""2014"",""2015"",""2016"",""2017"",""2018"",""2019"",""2020"",""2021"",""2022""]",True,0,0.0,456,4951,4951,14638319,128520,0,0,0.0,2158426,2471396,0,0,14643270,0,0,0,0,"[""학교구분명"",""성별명"",""정원구분명"",""전학기구분명"",""학년명"",""학과명"",""단과대학명"",""제적사유명"",""학과특성명""]","[{""field"":""학과명"",""sample_distinct_keys"":9570,""incremental_keys"":6626,""sample_uniqueness_rate"":0.9701946472019465},{""field"":""제적사유명"",""sample_distinct_keys"":7064,""incremental_keys"":4120,""sample_uniqueness_rate"":0.716139497161395},{""field"":""단과대학명"",""sample_distinct_keys"":5646,""incremental_keys"":2702,""sample_uniqueness_rate"":0.5723844282238443},{""field"":""학년명"",""sample_distinct_keys"":5385,""incremental_keys"":2441,""sample_uniqueness_rate"":0.5459245742092458},{""field"":""전학기구분명"",""sample_distinct_keys"":4310,""incremental_keys"":1366,""sample_uniqueness_rate"":0.43694241686942414},{""field"":""성별명"",""sample_distinct_keys"":4150,""incremental_keys"":1206,""sample_uniqueness_rate"":0.42072181670721814},{""field"":""정원구분명"",""sample_distinct_keys"":3863,""incremental_keys"":919,""sample_uniqueness_rate"":0.39162611516626117},{""field"":""학과특성명"",""sample_distinct_keys"":3218,""incremental_keys"":274,""sample_uniqueness_rate"":0.3262368207623682},{""field"":""학교구분명"",""sample_distinct_keys"":2920,""incremental_keys"":0,""sample_uniqueness_rate"":0.2960259529602595}]",1.0,additional_dimensions_required,medium,review_required,data/processed/edss/panel/고등교육통계/0240_학생동태현황_제적사유별/panel.csv.gz,d808473aa0f78127911a34ac79403bff6e861cd691303c9cc0c12dcb8aff8667
고등교육통계,0241,학생동태현황_제적사유별_대학원,panel,5776446,24,"[""2011"",""2012"",""2013"",""2014"",""2015"",""2016"",""2017"",""2018"",""2019"",""2020"",""2021"",""2022""]",True,0,0.0,1701,13841,13841,5762605,28188,8,3240,0.0005608985178776016,509076,563658,0,0,5776446,0,0,0,0,"[""학교구분명"",""석박사구분명"",""성별명"",""전학기구분명"",""단과대학명"",""학과명"",""학과특성명"",""제적사유명""]","[{""field"":""학과명"",""sample_distinct_keys"":9261,""incremental_keys"":5499,""sample_uniqueness_rate"":0.9313153660498793},{""field"":""제적사유명"",""sample_distinct_keys"":7674,""incremental_keys"":3912,""sample_uniqueness_rate"":0.7717216411906678},{""field"":""석박사구분명"",""sample_distinct_keys"":5591,""incremental_keys"":1829,""sample_uniqueness_rate"":0.5622485921158488},{""field"":""성별명"",""sample_distinct_keys"":4917,""incremental_keys"":1155,""sample_uniqueness_rate"":0.4944690265486726},{""field"":""전학기구분명"",""sample_distinct_keys"":4595,""incremental_keys"":833,""sample_uniqueness_rate"":0.462087691069992},{""field"":""학과특성명"",""sample_distinct_keys"":3881,""incremental_keys"":119,""sample_uniqueness_rate"":0.39028559935639584},{""field"":""단과대학명"",""sample_distinct_keys"":3863,""incremental_keys"":101,""sample_uniqueness_rate"":0.38847546259050686},{""field"":""학교구분명"",""sample_distinct_keys"":3752,""incremental_keys"":0,""sample_uniqueness_rate"":0.37731295253419145}]",0.9925583266291231,additional_dimensions_required,medium,review_required,data/processed/edss/panel/고등교육통계/0241_학생동태현황_제적사유별_대학원/panel.csv.gz,aa2cabb8637b9e783beb0c5e79c9bcad347c7b2b317e5c89a527ee9be8b4015b
고등교육통계,0242,학생변동상황,panel,517443,30,"[""2009"",""2010"",""2011"",""2012"",""2013"",""2014"",""2015"",""2016"",""2017"",""2018"",""2019"",""2020"",""2021"",""2022""]",True,0,0.0,470,5794,5739,511649,762,0,0,0.0,84547,91785,0,0,517443,0,0,0,0,"[""학교구분명"",""성별명"",""단과대학명"",""학과명"",""학과특성명"",""수업형태명""]","[{""field"":""학과명"",""sample_distinct_keys"":9782,""incremental_keys"":6018,""sample_uniqueness_rate"":0.9888799029518803},{""field"":""단과대학명"",""sample_distinct_keys"":6783,""incremental_keys"":3019,""sample_uniqueness_rate"":0.6857056207035989},{""field"":""성별명"",""sample_distinct_keys"":5268,""incremental_keys"":1504,""sample_uniqueness_rate"":0.5325515568135868},{""field"":""학과특성명"",""sample_distinct_keys"":4203,""incremental_keys"":439,""sample_uniqueness_rate"":0.4248887990295188},{""field"":""수업형태명"",""sample_distinct_keys"":4031,""incremental_keys"":267,""sample_uniqueness_rate"":0.40750101091791346},{""field"":""학교구분명"",""sample_distinct_keys"":3695,""incremental_keys"":0,""sample_uniqueness_rate"":0.37353416902547515}]",1.0,additional_dimensions_required,medium,review_required,data/processed/edss/panel/고등교육통계/0242_학생변동상황/panel.csv.gz,af9f4d1373caad59c5772ea978695c1f4b207653e3bd75ec98953a38c60d175f
고등교육통계,0243,학생변동상황_대학원,panel,768054,32,"[""2009"",""2010"",""2011"",""2012"",""2013"",""2014"",""2015"",""2016"",""2017"",""2018"",""2019"",""2020"",""2021"",""2022""]",True,0,0.0,1785,17100,16396,750954,2484,7,168,0.00021873462022201564,67699,72879,0,0,768054,0,0,0,0,"[""학교구분명"",""석박사구분명"",""성별명"",""정원구분명"",""단과대학명"",""학과명"",""학과특성명"",""수업형태명""]","[{""field"":""학과명"",""sample_distinct_keys"":9478,""incremental_keys"":5104,""sample_uniqueness_rate"":0.9590205403217646},{""field"":""석박사구분명"",""sample_distinct_keys"":6239,""incremental_keys"":1865,""sample_uniqueness_rate"":0.6312860467469392},{""field"":""성별명"",""sample_distinct_keys"":5552,""incremental_keys"":1178,""sample_uniqueness_rate"":0.5617727410705251},{""field"":""정원구분명"",""sample_distinct_keys"":4803,""incremental_keys"":429,""sample_uniqueness_rate"":0.4859860366285541},{""field"":""단과대학명"",""sample_distinct_keys"":4421,""incremental_keys"":47,""sample_uniqueness_rate"":0.44733380552463825},{""field"":""학교구분명"",""sample_distinct_keys"":4421,""incremental_keys"":47,""sample_uniqueness_rate"":0.44733380552463825},{""field"":""학과특성명"",""sample_distinct_keys"":4415,""incremental_keys"":41,""sample_uniqueness_rate"":0.44672670241829404},{""field"":""수업형태명"",""sample_distinct_keys"":4409,""incremental_keys"":35,""sample_uniqueness_rate"":0.44611959931194983}]",1.0,additional_dimensions_required,medium,review_required,data/processed/edss/panel/고등교육통계/0243_학생변동상황_대학원/panel.csv.gz,5c4a3f18687bd03426c06ca4581b66b491a4565bead07dad6d1db17a8dea9a98
고등교육통계,0244,학생제적현황_제적사유별,panel,2082104,21,"[""2014"",""2015"",""2016"",""2017"",""2018"",""2019"",""2020"",""2021"",""2022"",""2023"",""2024"",""2025""]",True,0,0.0,443,4862,4862,2077242,6096,0,0,0.0,336506,386354,0,2082104,0,0,0,0,0,"[""학교구분명"",""성별명"",""단과대학명"",""학과명"",""학과특성명"",""제적사유명""]","[{""field"":""학과명"",""sample_distinct_keys"":9771,""incremental_keys"":6562,""sample_uniqueness_rate"":0.9657046847203005},{""field"":""제적사유명"",""sample_distinct_keys"":7694,""incremental_keys"":4485,""sample_uniqueness_rate"":0.760426961850168},{""field"":""단과대학명"",""sample_distinct_keys"":6077,""incremental_keys"":2868,""sample_uniqueness_rate"":0.6006127693220004},{""field"":""성별명"",""sample_distinct_keys"":4673,""incremental_keys"":1464,""sample_uniqueness_rate"":0.46185016801739476},{""field"":""학과특성명"",""sample_distinct_keys"":3549,""incremental_keys"":340,""sample_uniqueness_rate"":0.35076101996441983},{""field"":""학교구분명"",""sample_distinct_keys"":3149,""incremental_keys"":0,""sample_uniqueness_rate"":0.31122751531923304}]",1.0,additional_dimensions_required,medium,review_required,data/processed/edss/panel/고등교육통계/0244_학생제적현황_제적사유별/panel.csv.gz,f852de2b88fe5163660e45315a7f8597927448194c9cedbc21be161b705ed274
고등교육통계,0245,학생제적현황_제적사유별_대학원,panel,985392,22,"[""2014"",""2015"",""2016"",""2017"",""2018"",""2019"",""2020"",""2021"",""2022"",""2023"",""2024"",""2025""]",True,0,0.0,1603,13147,13147,972245,12480,1,8,8.118596457044505e-06,113776,130176,0,985392,0,0,0,0,0,"[""학교구분명"",""석박사구분명"",""성별명"",""단과대학명"",""학과명"",""학과특성명"",""제적사유명""]","[{""field"":""학과명"",""sample_distinct_keys"":8992,""incremental_keys"":5149,""sample_uniqueness_rate"":0.9026299939771131},{""field"":""제적사유명"",""sample_distinct_keys"":7059,""incremental_keys"":3216,""sample_uniqueness_rate"":0.708592652077896},{""field"":""석박사구분명"",""sample_distinct_keys"":5032,""incremental_keys"":1189,""sample_uniqueness_rate"":0.5051194539249146},{""field"":""성별명"",""sample_distinct_keys"":4826,""incremental_keys"":983,""sample_uniqueness_rate"":0.4844408753262397},{""field"":""단과대학명"",""sample_distinct_keys"":3907,""incremental_keys"":64,""sample_uniqueness_rate"":0.3921903232282674},{""field"":""학과특성명"",""sample_distinct_keys"":3899,""incremental_keys"":56,""sample_uniqueness_rate"":0.3913872716322024},{""field"":""학교구분명"",""sample_distinct_keys"":3858,""incremental_keys"":15,""sample_uniqueness_rate"":0.387271632202369}]",0.990764906645252,additional_dimensions_required,medium,review_required,data/processed/edss/panel/고등교육통계/0245_학생제적현황_제적사유별_대학원/panel.csv.gz,9fec4f6c4922815362275862cbc69e85a5099ad3545009a56eb84142090ccef3
고등교육통계,0246,학생편제정원현황_대학원,panel,414067,32,"[""2009"",""2010"",""2011"",""2012"",""2013"",""2014"",""2015"",""2016"",""2017"",""2018"",""2019"",""2020"",""2021"",""2022"",""2023"",""2024"",""2025""]",True,0,0.0,1924,22657,21160,391410,300,22,736,0.00177749011633383,35736,42250,0,0,414067,0,0,0,0,"[""학교구분명"",""계열구분명"",""인원구분명"",""본분교명"",""학기통합명""]","[{""field"":""계열구분명"",""sample_distinct_keys"":8697,""incremental_keys"":3043,""sample_uniqueness_rate"":0.863740192670573},{""field"":""학기통합명"",""sample_distinct_keys"":8672,""incremental_keys"":3018,""sample_uniqueness_rate"":0.8612573244612176},{""field"":""인원구분명"",""sample_distinct_keys"":7616,""incremental_keys"":1962,""sample_uniqueness_rate"":0.7563809712980435},{""field"":""본분교명"",""sample_distinct_keys"":5862,""incremental_keys"":208,""sample_uniqueness_rate"":0.5821829377296653},{""field"":""학교구분명"",""sample_distinct_keys"":5846,""incremental_keys"":192,""sample_uniqueness_rate"":0.5805939020756778}]",0.9780514450292979,additional_dimensions_required,medium,review_required,data/processed/edss/panel/고등교육통계/0246_학생편제정원현황_대학원/panel.csv.gz,cad8f131e8a3a419dd55d9038ec153bf5e0a08cf4f70fb8a669786c372ab647d
고등교육통계,0247,산학협동과정입학정원현황_대학원,panel,18102,23,"[""2009"",""2010"",""2011"",""2012"",""2013"",""2014"",""2015"",""2016"",""2017"",""2018"",""2019"",""2020"",""2021"",""2022"",""2023"",""2024"",""2025""]",True,0,0.0,1372,2741,1163,15361,113,0,0,0.0,3928,4335,0,0,18102,0,0,0,0,"[""학교구분명"",""학위과정구분명"",""시도명"",""단과대학명"",""학과명"",""학과특성명"",""수업연한명"",""산학협동과정_대학원_입학정원수""]","[{""field"":""학과명"",""sample_distinct_keys"":9529,""incremental_keys"":7602,""sample_uniqueness_rate"":0.9634010716813265},{""field"":""산학협동과정_대학원_입학정원수"",""sample_distinct_keys"":3999,""incremental_keys"":2072,""sample_uniqueness_rate"":0.40430694570821957},{""field"":""학위과정구분명"",""sample_distinct_keys"":2936,""incremental_keys"":1009,""sample_uniqueness_rate"":0.29683550702658984},{""field"":""수업연한명"",""sample_distinct_keys"":2419,""incremental_keys"":492,""sample_uniqueness_rate"":0.2445657668587605},{""field"":""시도명"",""sample_distinct_keys"":2037,""incremental_keys"":110,""sample_uniqueness_rate"":0.2059447983014862},{""field"":""학과특성명"",""sample_distinct_keys"":1999,""incremental_keys"":72,""sample_uniqueness_rate"":0.20210292184814477},{""field"":""단과대학명"",""sample_distinct_keys"":1983,""incremental_keys"":56,""sample_uniqueness_rate"":0.20048528965726417},{""field"":""학교구분명"",""sample_distinct_keys"":1948,""incremental_keys"":21,""sample_uniqueness_rate"":0.19694671923971288}]",0.9900920028308563,additional_dimensions_required,medium,review_required,data/processed/edss/panel/고등교육통계/0247_산학협동과정입학정원현황_대학원/panel.csv.gz,db1df9bd798f15cb0567873ca123a9ae1f3d5c146bbe937578f43aaed9db10fa
고등교육통계,0248,학위취득및취득후상황_대학원,panel,666933,34,"[""2009"",""2010"",""2011"",""2012"",""2013"",""2014"",""2015"",""2016"",""2017"",""2018"",""2019"",""2020"",""2021"",""2022""]",True,0,0.0,1761,17395,16787,649538,1524,4,138,0.00020691733652405863,59425,63512,0,0,666933,0,0,0,0,"[""학교구분명"",""석박사구분명"",""성별명"",""학위과정구분명"",""단과대학명"",""학과명"",""학과특성명"",""수업연한명""]","[{""field"":""학과명"",""sample_distinct_keys"":9611,""incremental_keys"":5173,""sample_uniqueness_rate"":0.9712986356745831},{""field"":""석박사구분명"",""sample_distinct_keys"":6276,""incremental_keys"":1838,""sample_uniqueness_rate"":0.6342597271349166},{""field"":""성별명"",""sample_distinct_keys"":5858,""incremental_keys"":1420,""sample_uniqueness_rate"":0.5920161697827185},{""field"":""학위과정구분명"",""sample_distinct_keys"":4673,""incremental_keys"":235,""sample_uniqueness_rate"":0.4722587165234967},{""field"":""수업연한명"",""sample_distinct_keys"":4549,""incremental_keys"":111,""sample_uniqueness_rate"":0.45972713491662454},{""field"":""단과대학명"",""sample_distinct_keys"":4525,""incremental_keys"":87,""sample_uniqueness_rate"":0.4573016675088428},{""field"":""학과특성명"",""sample_distinct_keys"":4495,""incremental_keys"":57,""sample_uniqueness_rate"":0.45426983324911574},{""field"":""학교구분명"",""sample_distinct_keys"":4486,""incremental_keys"":48,""sample_uniqueness_rate"":0.45336028297119757}]",1.0,additional_dimensions_required,medium,review_required,data/processed/edss/panel/고등교육통계/0248_학위취득및취득후상황_대학원/panel.csv.gz,e63999a0f5b9b32cf67480a42addf9b1141f08cdbcba5171da09d82e57e9cd7e
고등교육통계,0249,학위취득상황_대학원_공동운영,panel,606580,25,"[""2010"",""2011"",""2012"",""2013"",""2014"",""2015"",""2016"",""2017"",""2018"",""2019"",""2020"",""2021"",""2022"",""2023"",""2024"",""2025""]",True,0,0.0,1480,5417,5417,601163,3048,0,0,0.0,49142,50766,0,0,606580,0,0,0,0,"[""학교구분명"",""석박사구분명"",""성별명"",""국내외구분명"",""학위과정구분명"",""단과대학명"",""학과명"",""학과특성명"",""수업연한명""]","[{""field"":""학과명"",""sample_distinct_keys"":9092,""incremental_keys"":6336,""sample_uniqueness_rate"":0.9020736184145253},{""field"":""석박사구분명"",""sample_distinct_keys"":4845,""incremental_keys"":2089,""sample_uniqueness_rate"":0.48070245063994443},{""field"":""성별명"",""sample_distinct_keys"":3999,""incremental_keys"":1243,""sample_uniqueness_rate"":0.39676555213810893},{""field"":""국내외구분명"",""sample_distinct_keys"":3996,""incremental_keys"":1240,""sample_uniqueness_rate"":0.3964679035618613},{""field"":""학과특성명"",""sample_distinct_keys"":2859,""incremental_keys"":103,""sample_uniqueness_rate"":0.28365909316400434},{""field"":""단과대학명"",""sample_distinct_keys"":2823,""incremental_keys"":67,""sample_uniqueness_rate"":0.28008731024903266},{""field"":""학위과정구분명"",""sample_distinct_keys"":2801,""incremental_keys"":45,""sample_uniqueness_rate"":0.27790455402321657},{""field"":""수업연한명"",""sample_distinct_keys"":2784,""incremental_keys"":28,""sample_uniqueness_rate"":0.2762178787578133},{""field"":""학교구분명"",""sample_distinct_keys"":2780,""incremental_keys"":24,""sample_uniqueness_rate"":0.2758210139894831}]",1.0,additional_dimensions_required,medium,review_required,data/processed/edss/panel/고등교육통계/0249_학위취득상황_대학원_공동운영/panel.csv.gz,a9cb94b584a40407cd95da87abfd8da7d9571fe1e1d22a9b75d8563293934f8e
고등교육통계,0301,총원장및전임교원현황,panel,1541076,74,"[""2009"",""2010"",""2011"",""2012"",""2013"",""2014"",""2015"",""2016"",""2017"",""2018"",""2019"",""2020"",""2021"",""2022"",""2023"",""2024"",""2025""]",True,0,0.0,1262,14686,13121,1526390,2002,0,0,0.0,396798,463766,0,0,1541076,0,0,0,0,"[""학교구분명"",""성별명"",""학위과정구분명"",""교원동태구분명"",""사외이사회사명"",""출신학과명"",""담당과목명"",""파견직위명"",""학위취득국가명"",""국가명"",""대학교연령명"",""전임교원직위명"",""학과명"",""전공명"",""시도명"",""기준소득월액구간명"",""호봉명"",""겸직기관명"",""단과대학명"",""징계사유내용"",""파견사유내용"",""동일전공여부""]","[{""field"":""담당과목명"",""sample_distinct_keys"":9261,""incremental_keys"":5050,""sample_uniqueness_rate"":0.9204850412483848},{""field"":""학과명"",""sample_distinct_keys"":9019,""incremental_keys"":4808,""sample_uniqueness_rate"":0.8964317662260213},{""field"":""전공명"",""sample_distinct_keys"":7584,""incremental_keys"":3373,""sample_uniqueness_rate"":0.7538018089653116},{""field"":""대학교연령명"",""sample_distinct_keys"":7132,""incremental_keys"":2921,""sample_uniqueness_rate"":0.7088758572706491},{""field"":""전임교원직위명"",""sample_distinct_keys"":6202,""incremental_keys"":1991,""sample_uniqueness_rate"":0.6164397177218964},{""field"":""학위취득국가명"",""sample_distinct_keys"":5587,""incremental_keys"":1376,""sample_uniqueness_rate"":0.5553125931815923},{""field"":""단과대학명"",""sample_distinct_keys"":5533,""incremental_keys"":1322,""sample_uniqueness_rate"":0.5499453334658583},{""field"":""호봉명"",""sample_distinct_keys"":5529,""incremental_keys"":1318,""sample_uniqueness_rate"":0.5495477586721002},{""field"":""성별명"",""sample_distinct_keys"":5286,""incremental_keys"":1075,""sample_uniqueness_rate"":0.5253950899512971},{""field"":""기준소득월액구간명"",""sample_distinct_keys"":5053,""incremental_keys"":842,""sample_uniqueness_rate"":0.5022363582148892},{""field"":""학위과정구분명"",""sample_distinct_keys"":4984,""incremental_keys"":773,""sample_uniqueness_rate"":0.49537819302256236},{""field"":""출신학과명"",""sample_distinct_keys"":4964,""incremental_keys"":753,""sample_uniqueness_rate"":0.493390319053772},{""field"":""국가명"",""sample_distinct_keys"":4604,""incremental_keys"":393,""sample_uniqueness_rate"":0.4576085876155452},{""field"":""동일전공여부"",""sample_distinct_keys"":4598,""incremental_keys"":387,""sample_uniqueness_rate"":0.45701222542490805},{""field"":""교원동태구분명"",""sample_distinct_keys"":4516,""incremental_keys"":305,""sample_uniqueness_rate"":0.4488619421528675},{""field"":""파견사유내용"",""sample_distinct_keys"":4435,""incremental_keys"":224,""sample_uniqueness_rate"":0.44081105257926645},{""field"":""시도명"",""sample_distinct_keys"":4403,""incremental_keys"":192,""sample_uniqueness_rate"":0.4376304542292019},{""field"":""겸직기관명"",""sample_distinct_keys"":4259,""incremental_keys"":48,""sample_uniqueness_rate"":0.42331776165391116},{""field"":""사외이사회사명"",""sample_distinct_keys"":4245,""incremental_keys"":34,""sample_uniqueness_rate"":0.4219262498757579},{""field"":""파견직위명"",""sample_distinct_keys"":4228,""incremental_keys"":17,""sample_uniqueness_rate"":0.42023655700228607},{""field"":""징계사유내용"",""sample_distinct_keys"":4225,""incremental_keys"":14,""sample_uniqueness_rate"":0.4199383759069675},{""field"":""학교구분명"",""sample_distinct_keys"":4178,""incremental_keys"":0,""sample_uniqueness_rate"":0.4152668720803101}]",1.0,additional_dimensions_required,medium,review_required,data/processed/edss/panel/고등교육통계/0301_총원장및전임교원현황/panel.csv.gz,a8aabd826e8637b4c3b2efe61b533b67fb0e4f5e6f069f1217469be68486889f
고등교육통계,0302,겸임및초빙교원현황,panel,517248,43,"[""2009"",""2010"",""2011"",""2012"",""2013"",""2014"",""2015"",""2016"",""2017"",""2018"",""2019"",""2020"",""2021"",""2022"",""2023"",""2024"",""2025""]",True,0,0.0,1544,14987,12817,502261,1627,0,0,0.0,95553,105447,0,0,517248,0,0,0,0,"[""학교구분명"",""성별명"",""학위과정구분명"",""재원구분명"",""본직담당업무명"",""대학교연령명"",""전임교원직위명"",""학과명"",""임용여부명"",""전공명"",""연간보수액구간명"",""담당과목명"",""학위취득국가명"",""최종학위전공명"",""단과대학명"",""교원직위명""]","[{""field"":""학과명"",""sample_distinct_keys"":9055,""incremental_keys"":4608,""sample_uniqueness_rate"":0.9074964922830226},{""field"":""최종학위전공명"",""sample_distinct_keys"":8486,""incremental_keys"":4039,""sample_uniqueness_rate"":0.8504710362798156},{""field"":""전공명"",""sample_distinct_keys"":8035,""incremental_keys"":3588,""sample_uniqueness_rate"":0.8052715975145319},{""field"":""대학교연령명"",""sample_distinct_keys"":7629,""incremental_keys"":3182,""sample_uniqueness_rate"":0.76458208057727},{""field"":""임용여부명"",""sample_distinct_keys"":6016,""incremental_keys"":1569,""sample_uniqueness_rate"":0.6029264381639607},{""field"":""성별명"",""sample_distinct_keys"":5977,""incremental_keys"":1530,""sample_uniqueness_rate"":0.599017839246342},{""field"":""학위과정구분명"",""sample_distinct_keys"":5930,""incremental_keys"":1483,""sample_uniqueness_rate"":0.594307476448186},{""field"":""담당과목명"",""sample_distinct_keys"":5506,""incremental_keys"":1059,""sample_uniqueness_rate"":0.5518139907797154},{""field"":""단과대학명"",""sample_distinct_keys"":5434,""incremental_keys"":987,""sample_uniqueness_rate"":0.5445981158548807},{""field"":""연간보수액구간명"",""sample_distinct_keys"":5199,""incremental_keys"":752,""sample_uniqueness_rate"":0.5210463018641011},{""field"":""본직담당업무명"",""sample_distinct_keys"":5139,""incremental_keys"":692,""sample_uniqueness_rate"":0.5150330727600722},{""field"":""학위취득국가명"",""sample_distinct_keys"":4991,""incremental_keys"":544,""sample_uniqueness_rate"":0.5002004409701343},{""field"":""재원구분명"",""sample_distinct_keys"":4767,""incremental_keys"":320,""sample_uniqueness_rate"":0.4777510523150932},{""field"":""교원직위명"",""sample_distinct_keys"":4688,""incremental_keys"":241,""sample_uniqueness_rate"":0.46983363399478856},{""field"":""전임교원직위명"",""sample_distinct_keys"":4629,""incremental_keys"":182,""sample_uniqueness_rate"":0.46392062537582685},{""field"":""학교구분명"",""sample_distinct_keys"":4513,""incremental_keys"":66,""sample_uniqueness_rate"":0.4522950491080377}]",0.9936861094407697,additional_dimensions_required,medium,review_required,data/processed/edss/panel/고등교육통계/0302_겸임및초빙교원현황/panel.csv.gz,5538c4581c971fbf2567ca9c41c6fd37cb5254a0f4f8bb93d8c069ddd250f44a
고등교육통계,0303,기타교원현황,panel,389302,41,"[""2009"",""2010"",""2011"",""2012"",""2013"",""2014"",""2015"",""2016"",""2017"",""2018"",""2019"",""2020"",""2021"",""2022""]",True,0,0.0,1378,10046,7999,379256,2424,0,0,0.0,109604,119929,0,0,389302,0,0,0,0,"[""학교구분명"",""성별명"",""학위과정구분명"",""재원구분명"",""국가명"",""출신학교국가명"",""대학교연령명"",""학과명"",""담당과목명"",""임용여부명"",""전공명"",""시도명"",""연간보수액구간명"",""전임교원직위명"",""단과대학명""]","[{""field"":""학과명"",""sample_distinct_keys"":7767,""incremental_keys"":5007,""sample_uniqueness_rate"":0.7722979019588346},{""field"":""전공명"",""sample_distinct_keys"":6470,""incremental_keys"":3710,""sample_uniqueness_rate"":0.6433330018892314},{""field"":""대학교연령명"",""sample_distinct_keys"":5087,""incremental_keys"":2327,""sample_uniqueness_rate"":0.5058168439892612},{""field"":""담당과목명"",""sample_distinct_keys"":4660,""incremental_keys"":1900,""sample_uniqueness_rate"":0.46335885452918363},{""field"":""단과대학명"",""sample_distinct_keys"":4305,""incremental_keys"":1545,""sample_uniqueness_rate"":0.42806005767127375},{""field"":""전임교원직위명"",""sample_distinct_keys"":3936,""incremental_keys"":1176,""sample_uniqueness_rate"":0.3913691955851646},{""field"":""학위과정구분명"",""sample_distinct_keys"":3845,""incremental_keys"":1085,""sample_uniqueness_rate"":0.38232077160186934},{""field"":""임용여부명"",""sample_distinct_keys"":3704,""incremental_keys"":944,""sample_uniqueness_rate"":0.36830068608929106},{""field"":""성별명"",""sample_distinct_keys"":3556,""incremental_keys"":796,""sample_uniqueness_rate"":0.3535845679626131},{""field"":""출신학교국가명"",""sample_distinct_keys"":3382,""incremental_keys"":622,""sample_uniqueness_rate"":0.336283185840708},{""field"":""국가명"",""sample_distinct_keys"":3046,""incremental_keys"":286,""sample_uniqueness_rate"":0.3028736203639256},{""field"":""재원구분명"",""sample_distinct_keys"":2971,""incremental_keys"":211,""sample_uniqueness_rate"":0.295416128070001},{""field"":""시도명"",""sample_distinct_keys"":2847,""incremental_keys"":87,""sample_uniqueness_rate"":0.28308640747737895},{""field"":""연간보수액구간명"",""sample_distinct_keys"":2719,""incremental_keys"":0,""sample_uniqueness_rate"":0.2703589539624142},{""field"":""학교구분명"",""sample_distinct_keys"":2733,""incremental_keys"":0,""sample_uniqueness_rate"":0.2717510191906135}]",0.9683802326737596,additional_dimensions_required,medium,review_required,data/processed/edss/panel/고등교육통계/0303_기타교원현황/panel.csv.gz,cf1bdf1476d8bffe585fc318e7dbceb04d2d881b43d70c1db21d20f8da92bf4f
고등교육통계,0304,재직교원정현원현황,panel,96636,22,"[""2014"",""2015"",""2016"",""2017"",""2018"",""2019"",""2020"",""2021"",""2022""]",True,0,0.0,2056,15201,15065,81435,28,0,0,0.0,6448,7476,0,96636,0,0,0,0,0,"[""학교구분명"",""시도명"",""교원직위명""]","[{""field"":""교원직위명"",""sample_distinct_keys"":10006,""incremental_keys"":2936,""sample_uniqueness_rate"":1.0},{""field"":""시도명"",""sample_distinct_keys"":7242,""incremental_keys"":172,""sample_uniqueness_rate"":0.7237657405556666},{""field"":""학교구분명"",""sample_distinct_keys"":6954,""incremental_keys"":0,""sample_uniqueness_rate"":0.6949830101938836}]",1.0,additional_dimensions_required,medium,review_required,data/processed/edss/panel/고등교육통계/0304_재직교원정현원현황/panel.csv.gz,7228eca0adc236915ce256528997bceccc42413812a92418067ff53b6dce245f
고등교육통계,0305,직원현황_교직원,panel,591601,22,"[""2009"",""2010"",""2011"",""2012"",""2013"",""2014"",""2015"",""2016"",""2017"",""2018"",""2019"",""2020"",""2021"",""2022"",""2023""]",True,0,0.0,2217,19258,16116,572343,120,0,0,0.0,40639,45936,0,591601,0,0,0,0,0,"[""학교구분명"",""직종명"",""직종상세명"",""시도명"",""부설및병설학교현원수"",""대학교여자현원수"",""대학교남자현원수""]","[{""field"":""직종상세명"",""sample_distinct_keys"":9837,""incremental_keys"":2554,""sample_uniqueness_rate"":0.9940379951495554},{""field"":""직종명"",""sample_distinct_keys"":9242,""incremental_keys"":1959,""sample_uniqueness_rate"":0.9339126919967664},{""field"":""대학교남자현원수"",""sample_distinct_keys"":7694,""incremental_keys"":411,""sample_uniqueness_rate"":0.7774858528698464},{""field"":""대학교여자현원수"",""sample_distinct_keys"":7521,""incremental_keys"":238,""sample_uniqueness_rate"":0.7600040420371867},{""field"":""시도명"",""sample_distinct_keys"":7410,""incremental_keys"":127,""sample_uniqueness_rate"":0.7487873888439773},{""field"":""학교구분명"",""sample_distinct_keys"":7355,""incremental_keys"":72,""sample_uniqueness_rate"":0.7432295877122069},{""field"":""부설및병설학교현원수"",""sample_distinct_keys"":7230,""incremental_keys"":0,""sample_uniqueness_rate"":0.7305982215036378}]",1.0,additional_dimensions_required,medium,review_required,data/processed/edss/panel/고등교육통계/0305_직원현황_교직원/panel.csv.gz,fd86b3d62de72de0c2b970c14a45901ba21c45af47cd6ba08de0c7aad96f8a95
고등교육통계,0306,시간강사인원현황,panel,23417,83,"[""2009"",""2010"",""2011"",""2012"",""2013"",""2014"",""2015"",""2016"",""2017"",""2018"",""2019"",""2020"",""2021"",""2022""]",True,0,0.0,1992,13475,5677,9942,54,0,0,0.0,2173,2438,0,0,23417,0,0,0,0,"[""학교구분명"",""성별명"",""시도명"",""단과대학명"",""1개학교출강시간강사수"",""2개학교출강시간강사수"",""3개학교이상출강시간강사수"",""의학주당전공통합수업시간수"",""의학주당전공실기수업시간수"",""의학주당전공이론수업시간수"",""예체능주당전공통합수업시간수"",""예체능주당전공실기수업시간수"",""인문사회주당전공이론수업시간수"",""인문사회주당전공실기수업시간수"",""인문사회주당전공통합수업시간수"",""예체능주당전공이론수업시간수"",""공학주당전공통합수업시간수"",""공학주당전공실기수업시간수"",""공학주당전공이론수업시간수"",""자연과학주당전공통합수업시간수"",""자연과학주당전공실기수업시간수"",""자연과학주당전공이론수업시간수""]","[{""field"":""1개학교출강시간강사수"",""sample_distinct_keys"":10041,""incremental_keys"":2613,""sample_uniqueness_rate"":0.9960321396686836},{""field"":""2개학교출강시간강사수"",""sample_distinct_keys"":9001,""incremental_keys"":1573,""sample_uniqueness_rate"":0.8928677710544589},{""field"":""인문사회주당전공이론수업시간수"",""sample_distinct_keys"":8748,""incremental_keys"":1320,""sample_uniqueness_rate"":0.867771054458883},{""field"":""성별명"",""sample_distinct_keys"":8672,""incremental_keys"":1244,""sample_uniqueness_rate"":0.860232119829382},{""field"":""단과대학명"",""sample_distinct_keys"":8550,""incremental_keys"":1122,""sample_uniqueness_rate"":0.8481301458188671},{""field"":""3개학교이상출강시간강사수"",""sample_distinct_keys"":8525,""incremental_keys"":1097,""sample_uniqueness_rate"":0.8456502331117944},{""field"":""자연과학주당전공이론수업시간수"",""sample_distinct_keys"":8292,""incremental_keys"":864,""sample_uniqueness_rate"":0.8225374466818768},{""field"":""공학주당전공이론수업시간수"",""sample_distinct_keys"":8107,""incremental_keys"":679,""sample_uniqueness_rate"":0.8041860926495388},{""field"":""예체능주당전공이론수업시간수"",""sample_distinct_keys"":8107,""incremental_keys"":679,""sample_uniqueness_rate"":0.8041860926495388},{""field"":""예체능주당전공통합수업시간수"",""sample_distinct_keys"":8035,""incremental_keys"":607,""sample_uniqueness_rate"":0.7970439440531694},{""field"":""자연과학주당전공실기수업시간수"",""sample_distinct_keys"":7944,""incremental_keys"":516,""sample_uniqueness_rate"":0.7880170617994247},{""field"":""자연과학주당전공통합수업시간수"",""sample_distinct_keys"":7937,""incremental_keys"":509,""sample_uniqueness_rate"":0.7873226862414443},{""field"":""예체능주당전공실기수업시간수"",""sample_distinct_keys"":7895,""incremental_keys"":467,""sample_uniqueness_rate"":0.7831564328935622},{""field"":""인문사회주당전공통합수업시간수"",""sample_distinct_keys"":7895,""incremental_keys"":467,""sample_uniqueness_rate"":0.7831564328935622},{""field"":""공학주당전공통합수업시간수"",""sample_distinct_keys"":7875,""incremental_keys"":447,""sample_uniqueness_rate"":0.781172502727904},{""field"":""인문사회주당전공실기수업시간수"",""sample_distinct_keys"":7813,""incremental_keys"":385,""sample_uniqueness_rate"":0.7750223192143637},{""field"":""공학주당전공실기수업시간수"",""sample_distinct_keys"":7707,""incremental_keys"":279,""sample_uniqueness_rate"":0.7645074893363754},{""field"":""의학주당전공이론수업시간수"",""sample_distinct_keys"":7515,""incremental_keys"":87,""sample_uniqueness_rate"":0.7454617597460569},{""field"":""의학주당전공통합수업시간수"",""sample_distinct_keys"":7477,""incremental_keys"":49,""sample_uniqueness_rate"":0.7416922924313064},{""field"":""의학주당전공실기수업시간수"",""sample_distinct_keys"":7465,""incremental_keys"":37,""sample_uniqueness_rate"":0.7405019343319115},{""field"":""시도명"",""sample_distinct_keys"":7337,""incremental_keys"":0,""sample_uniqueness_rate"":0.7278047812716992},{""field"":""학교구분명"",""sample_distinct_keys"":7367,""incremental_keys"":0,""sample_uniqueness_rate"":0.7307806765201865}]",1.0,additional_dimensions_required,medium,review_required,data/processed/edss/panel/고등교육통계/0306_시간강사인원현황/panel.csv.gz,46c21150ee0c5e03ef37577c3da1f4fe21bb85084a9c268d048a46b0e8b3123e
고등교육통계,0307,전임교원출신현황,panel,580417,23,"[""2009"",""2010"",""2011"",""2012"",""2013"",""2014"",""2015"",""2016"",""2017"",""2018"",""2019"",""2020"",""2021"",""2022"",""2023"",""2024"",""2025""]",True,0,0.0,1650,14070,9535,566347,733,0,0,0.0,130640,153534,0,0,580417,0,0,0,0,"[""학교구분명"",""성별명"",""시도명"",""전임교원직위명"",""학과명"",""전공명"",""동일전공여부""]","[{""field"":""학과명"",""sample_distinct_keys"":9749,""incremental_keys"":6057,""sample_uniqueness_rate"":0.9726628753866108},{""field"":""전공명"",""sample_distinct_keys"":7701,""incremental_keys"":4009,""sample_uniqueness_rate"":0.7683328344806944},{""field"":""전임교원직위명"",""sample_distinct_keys"":5909,""incremental_keys"":2217,""sample_uniqueness_rate"":0.5895440486880176},{""field"":""성별명"",""sample_distinct_keys"":5221,""incremental_keys"":1529,""sample_uniqueness_rate"":0.5209019255711863},{""field"":""동일전공여부"",""sample_distinct_keys"":4450,""incremental_keys"":758,""sample_uniqueness_rate"":0.4439788486481093},{""field"":""시도명"",""sample_distinct_keys"":3915,""incremental_keys"":223,""sample_uniqueness_rate"":0.39060161628255013},{""field"":""학교구분명"",""sample_distinct_keys"":3670,""incremental_keys"":0,""sample_uniqueness_rate"":0.3661578369749576}]",1.0,additional_dimensions_required,medium,review_required,data/processed/edss/panel/고등교육통계/0307_전임교원출신현황/panel.csv.gz,a2b9c39c9d264a0018f51cd574aa3dfc97840ea072bac2af31a0c4f50b104bfb
고등교육통계,0308,외국인전임교원현황_전공계열별,panel,228000,20,"[""2009"",""2010"",""2011"",""2012"",""2013""]",True,0,0.0,1432,4590,4590,223410,144,0,0,0.0,18000,19248,0,228000,0,0,0,0,0,"[""학교구분명"",""성별명"",""계열구분명"",""본분교명"",""전임교원직위명""]","[{""field"":""계열구분명"",""sample_distinct_keys"":8851,""incremental_keys"":4736,""sample_uniqueness_rate"":0.868767177071064},{""field"":""전임교원직위명"",""sample_distinct_keys"":8217,""incremental_keys"":4102,""sample_uniqueness_rate"":0.8065371024734982},{""field"":""성별명"",""sample_distinct_keys"":6090,""incremental_keys"":1975,""sample_uniqueness_rate"":0.5977620730270907},{""field"":""본분교명"",""sample_distinct_keys"":4296,""incremental_keys"":181,""sample_uniqueness_rate"":0.4216725559481743},{""field"":""학교구분명"",""sample_distinct_keys"":4153,""incremental_keys"":38,""sample_uniqueness_rate"":0.407636435021594}]",1.0,additional_dimensions_required,medium,review_required,data/processed/edss/panel/고등교육통계/0308_외국인전임교원현황_전공계열별/panel.csv.gz,d9326ee213c2bf23f0996ec12785cca2c210c19769c657ccf1a5fb0a9cb038df
고등교육통계,0309,외국인전임교원현황_국가별,panel,183744,20,"[""2009"",""2010"",""2011"",""2012"",""2013""]",True,0,0.0,818,2431,2431,181313,216,0,0,0.0,20736,22032,0,183744,0,0,0,0,0,"[""학교구분명"",""성별명"",""본분교명"",""전임교원직위명"",""외국인교원국가명""]","[{""field"":""외국인교원국가명"",""sample_distinct_keys"":8454,""incremental_keys"":6079,""sample_uniqueness_rate"":0.8391899940440739},{""field"":""전임교원직위명"",""sample_distinct_keys"":6369,""incremental_keys"":3994,""sample_uniqueness_rate"":0.6322215604526504},{""field"":""성별명"",""sample_distinct_keys"":4237,""incremental_keys"":1862,""sample_uniqueness_rate"":0.42058765137978954},{""field"":""본분교명"",""sample_distinct_keys"":2563,""incremental_keys"":188,""sample_uniqueness_rate"":0.25441731189199923},{""field"":""학교구분명"",""sample_distinct_keys"":2421,""incremental_keys"":46,""sample_uniqueness_rate"":0.24032162001191185}]",0.9764740917212626,additional_dimensions_required,medium,review_required,data/processed/edss/panel/고등교육통계/0309_외국인전임교원현황_국가별/panel.csv.gz,36610968efb4744e628de95bedc642b5a09649c9bd6e7ac980d4ec56d2c32cdc
고등교육통계,0310,외국인비전임교원현황_전공계열별,panel,712560,20,"[""2009"",""2010"",""2011"",""2012"",""2013""]",True,0,0.0,1855,5938,5938,706622,120,4,480,0.0006736274840013472,27600,28800,0,712560,0,0,0,0,0,"[""학교구분명"",""계열구분명"",""성별명"",""겸임초빙구분명"",""비전임교직원구분명""]","[{""field"":""비전임교직원구분명"",""sample_distinct_keys"":9570,""incremental_keys"":4669,""sample_uniqueness_rate"":0.9602649006622517},{""field"":""계열구분명"",""sample_distinct_keys"":8656,""incremental_keys"":3755,""sample_uniqueness_rate"":0.8685530804736102},{""field"":""겸임초빙구분명"",""sample_distinct_keys"":7636,""incremental_keys"":2735,""sample_uniqueness_rate"":0.7662050973309251},{""field"":""성별명"",""sample_distinct_keys"":6700,""incremental_keys"":1799,""sample_uniqueness_rate"":0.67228577162352},{""field"":""학교구분명"",""sample_distinct_keys"":4968,""incremental_keys"":67,""sample_uniqueness_rate"":0.49849488260084285}]",1.0,additional_dimensions_required,medium,review_required,data/processed/edss/panel/고등교육통계/0310_외국인비전임교원현황_전공계열별/panel.csv.gz,ab6458299c96d7b98d7b5c8b96f1bfe691a19ca401f7abcc57ea76164a96f4f6
고등교육통계,0311,외국인비전임교원현황_국가별,panel,1083800,20,"[""2009"",""2010"",""2011"",""2012"",""2013""]",True,0,0.0,1855,5419,5419,1078381,200,13,2600,0.0023989665990035063,43800,45800,0,1083800,0,0,0,0,0,"[""학교구분명"",""성별명"",""겸임초빙구분명"",""비전임교직원구분명"",""외국인교원국가명""]","[{""field"":""외국인교원국가명"",""sample_distinct_keys"":9010,""incremental_keys"":4464,""sample_uniqueness_rate"":0.9115742614326183},{""field"":""비전임교직원구분명"",""sample_distinct_keys"":8714,""incremental_keys"":4168,""sample_uniqueness_rate"":0.8816268717118575},{""field"":""겸임초빙구분명"",""sample_distinct_keys"":7272,""incremental_keys"":2726,""sample_uniqueness_rate"":0.73573452043707},{""field"":""성별명"",""sample_distinct_keys"":6355,""incremental_keys"":1809,""sample_uniqueness_rate"":0.6429583164710644},{""field"":""학교구분명"",""sample_distinct_keys"":4610,""incremental_keys"":64,""sample_uniqueness_rate"":0.4664103601780656}]",0.9963577498988264,additional_dimensions_required,medium,review_required,data/processed/edss/panel/고등교육통계/0311_외국인비전임교원현황_국가별/panel.csv.gz,f41299f735ff4d655a96b4e39574369443c8d0946a01d1c26afda2bff37c6890
고등교육통계,0312,교원주당수업시수현황_과목및시간,panel,604165,29,"[""2009"",""2010"",""2011"",""2012"",""2013"",""2014"",""2015"",""2016"",""2017"",""2018"",""2019"",""2020"",""2021"",""2022""]",True,0,0.0,2275,22504,22133,581661,160,13,760,0.0012579345046469094,40151,45852,0,0,604165,0,0,0,0,"[""학교구분명"",""계열구분명"",""학기구분명"",""교원교양전공구분명"",""시도명"",""주당전공개설과목수"",""주당전공실기개설과목수"",""주당전공이론개설과목수""]","[{""field"":""교원교양전공구분명"",""sample_distinct_keys"":9664,""incremental_keys"":3046,""sample_uniqueness_rate"":0.9738990224730424},{""field"":""계열구분명"",""sample_distinct_keys"":9037,""incremental_keys"":2419,""sample_uniqueness_rate"":0.9107124861433035},{""field"":""시도명"",""sample_distinct_keys"":6524,""incremental_keys"":0,""sample_uniqueness_rate"":0.6574624609493097},{""field"":""주당전공개설과목수"",""sample_distinct_keys"":6322,""incremental_keys"":0,""sample_uniqueness_rate"":0.6371057139977829},{""field"":""주당전공실기개설과목수"",""sample_distinct_keys"":6313,""incremental_keys"":0,""sample_uniqueness_rate"":0.6361987302227149},{""field"":""주당전공이론개설과목수"",""sample_distinct_keys"":6341,""incremental_keys"":0,""sample_uniqueness_rate"":0.6390204575229266},{""field"":""학교구분명"",""sample_distinct_keys"":6384,""incremental_keys"":0,""sample_uniqueness_rate"":0.6433538244482515},{""field"":""학기구분명"",""sample_distinct_keys"":6578,""incremental_keys"":0,""sample_uniqueness_rate"":0.6629043635997178}]",0.9991937921999395,additional_dimensions_required,medium,review_required,data/processed/edss/panel/고등교육통계/0312_교원주당수업시수현황_과목및시간/panel.csv.gz,37ffc77c62454195fcb1b51d4e406b78ace91ffed9b3fb407fc708b8c5ae5a9a
고등교육통계,0313,교원주당수업시수현황_인원,panel,205942,25,"[""2009"",""2010"",""2011"",""2012"",""2013"",""2014"",""2015"",""2016"",""2017"",""2018"",""2019"",""2020"",""2021"",""2022""]",True,0,0.0,2275,22502,22035,183440,40,13,176,0.0008546095502617242,13265,14986,0,0,205942,0,0,0,0,"[""학교구분명"",""교원구분명"",""학기구분명"",""계열구분명"",""교원교양전공구분명"",""시도명""]","[{""field"":""교원교양전공구분명"",""sample_distinct_keys"":9590,""incremental_keys"":1803,""sample_uniqueness_rate"":0.9731100963977676},{""field"":""교원구분명"",""sample_distinct_keys"":8239,""incremental_keys"":452,""sample_uniqueness_rate"":0.8360223236935566},{""field"":""학기구분명"",""sample_distinct_keys"":7978,""incremental_keys"":191,""sample_uniqueness_rate"":0.8095383054287164},{""field"":""계열구분명"",""sample_distinct_keys"":7694,""incremental_keys"":0,""sample_uniqueness_rate"":0.7807204464738712},{""field"":""시도명"",""sample_distinct_keys"":7668,""incremental_keys"":0,""sample_uniqueness_rate"":0.7780821917808219},{""field"":""학교구분명"",""sample_distinct_keys"":7584,""incremental_keys"":0,""sample_uniqueness_rate"":0.769558599695586}]",0.9903602232369355,additional_dimensions_required,medium,review_required,data/processed/edss/panel/고등교육통계/0313_교원주당수업시수현황_인원/panel.csv.gz,23bada4e1e467e297c2b02b95c049323abe1fd88495732bf5d3a27bb00eaa6c2
고등교육통계,0314,교원급여및수업시수현황,panel,6452,23,"[""2009"",""2010"",""2011"",""2012"",""2013""]",True,0,0.0,1706,6315,137,137,2,0,0,0.0,367,390,0,6452,0,0,0,0,0,"[""학교구분명"",""시도명""]","[{""field"":""시도명"",""sample_distinct_keys"":6452,""incremental_keys"":162,""sample_uniqueness_rate"":1.0},{""field"":""학교구분명"",""sample_distinct_keys"":6336,""incremental_keys"":46,""sample_uniqueness_rate"":0.9820210787352759}]",1.0,additional_dimensions_required,medium,review_required,data/processed/edss/panel/고등교육통계/0314_교원급여및수업시수현황/panel.csv.gz,18db2c35c6dc0237a25162ef4454e1bcc479fe677eb6f76948d0ee6958485f06
고등교육통계,0315,교원현황_대학원대학,panel,912,29,"[""2014"",""2015"",""2016"",""2017"",""2018"",""2019"",""2020"",""2021"",""2022""]",True,0,0.0,48,348,153,564,5,0,0,0.0,0,0,0,912,0,0,0,0,0,"[""학교구분명"",""계열구분명"",""시도명""]","[{""field"":""계열구분명"",""sample_distinct_keys"":912,""incremental_keys"":566,""sample_uniqueness_rate"":1.0},{""field"":""시도명"",""sample_distinct_keys"":349,""incremental_keys"":3,""sample_uniqueness_rate"":0.3826754385964912},{""field"":""학교구분명"",""sample_distinct_keys"":347,""incremental_keys"":1,""sample_uniqueness_rate"":0.38048245614035087}]",0.9967105263157895,additional_dimensions_required,medium,review_required,data/processed/edss/panel/고등교육통계/0315_교원현황_대학원대학/panel.csv.gz,e391caf6663af9e845a4c6abfe04c41ead898a36a0161337882324d42868a56b
고등교육통계,0316,교원현황_일반대학,panel,6680,29,"[""2014"",""2015"",""2016"",""2017"",""2018"",""2019"",""2020"",""2021"",""2022""]",True,0,0.0,206,1648,1497,5032,10,0,0,0.0,1488,1711,0,6680,0,0,0,0,0,"[""학교구분명"",""계열구분명"",""시도명""]","[{""field"":""계열구분명"",""sample_distinct_keys"":6117,""incremental_keys"":4473,""sample_uniqueness_rate"":0.9157185628742515},{""field"":""시도명"",""sample_distinct_keys"":1819,""incremental_keys"":175,""sample_uniqueness_rate"":0.2723053892215569},{""field"":""학교구분명"",""sample_distinct_keys"":1621,""incremental_keys"":0,""sample_uniqueness_rate"":0.24266467065868264}]",0.9961077844311377,additional_dimensions_required,medium,review_required,data/processed/edss/panel/고등교육통계/0316_교원현황_일반대학/panel.csv.gz,270fd1b661d05a293fdf2583514233b73dd0aafb632fdc901f6a3d2b438905fb
고등교육통계,0317,교원현황_산업대학,panel,110,29,"[""2014"",""2015"",""2016"",""2020"",""2021"",""2022""]",True,0,0.0,7,24,24,86,5,0,0,0.0,0,0,0,110,0,0,0,0,0,"[""학교구분명"",""계열구분명"",""시도명""]","[{""field"":""계열구분명"",""sample_distinct_keys"":110,""incremental_keys"":86,""sample_uniqueness_rate"":1.0},{""field"":""시도명"",""sample_distinct_keys"":24,""incremental_keys"":0,""sample_uniqueness_rate"":0.21818181818181817},{""field"":""학교구분명"",""sample_distinct_keys"":24,""incremental_keys"":0,""sample_uniqueness_rate"":0.21818181818181817}]",0.990909090909091,additional_dimensions_required,medium,review_required,data/processed/edss/panel/고등교육통계/0317_교원현황_산업대학/panel.csv.gz,641947af1753041a23e5893cc553d56263bffb5954bc25bba2d9f084524aedae
고등교육통계,0318,교원현황_전문대_위탁생미포함,panel,4224,50,"[""2009"",""2010"",""2011"",""2012"",""2013"",""2014"",""2015"",""2016""]",True,0,0.0,190,1198,1119,3026,4,0,0,0.0,20,20,0,0,4224,0,0,0,0,"[""학교구분명"",""계열구분명"",""시도명""]","[{""field"":""계열구분명"",""sample_distinct_keys"":4175,""incremental_keys"":2998,""sample_uniqueness_rate"":0.9883996212121212},{""field"":""학교구분명"",""sample_distinct_keys"":1206,""incremental_keys"":29,""sample_uniqueness_rate"":0.28551136363636365},{""field"":""시도명"",""sample_distinct_keys"":1189,""incremental_keys"":12,""sample_uniqueness_rate"":0.28148674242424243}]",1.0,additional_dimensions_required,medium,review_required,data/processed/edss/panel/고등교육통계/0318_교원현황_전문대_위탁생미포함/panel.csv.gz,3043a9a94645e1b673d68dcdd0c1ba9f0a2e152c48842fa33fcfaf21a78b9e84
고등교육통계,0319,교원현황_전문대_위탁생포함,panel,9433,57,"[""2009"",""2010"",""2011"",""2012"",""2013"",""2014"",""2015"",""2016"",""2017"",""2018"",""2019"",""2020"",""2021"",""2022"",""2023"",""2024""]",True,0,0.0,201,2723,2347,6710,10,0,0,0.0,130,130,0,0,9433,0,0,0,0,"[""학교구분명"",""계열구분명"",""시도명""]","[{""field"":""계열구분명"",""sample_distinct_keys"":9433,""incremental_keys"":6737,""sample_uniqueness_rate"":1.0},{""field"":""학교구분명"",""sample_distinct_keys"":2750,""incremental_keys"":54,""sample_uniqueness_rate"":0.29152973603307536},{""field"":""시도명"",""sample_distinct_keys"":2701,""incremental_keys"":5,""sample_uniqueness_rate"":0.2863352061910315}]",0.9837803455952507,additional_dimensions_required,medium,review_required,data/processed/edss/panel/고등교육통계/0319_교원현황_전문대_위탁생포함/panel.csv.gz,0912687ff4a2bb46142a0695e6c06841d9a944abe8f6fb720f6b4b1d8c0a2b99
고등교육통계,0320,교원현황_전문대_학과별,panel,63631,36,"[""2009"",""2010"",""2011"",""2012"",""2013"",""2014"",""2015"",""2016"",""2017"",""2018"",""2019"",""2020"",""2021"",""2022""]",True,0,0.0,196,2290,2176,61341,164,0,0,0.0,177,177,0,0,63631,0,0,0,0,"[""학교구분명"",""계열구분명"",""학과명"",""시도명"",""전문대_학과별_초빙교원환산인원수"",""전문대_학과별_편제전임교원확보율"",""전문대_학과별_재학전임교원확보율"",""전문대_학과별_편제겸임포함교원확보율"",""전문대_학과별_재학겸임포함교원확보율"",""전문대_학과별_편제초빙포함교원확보율"",""전문대_학과별_재학초빙포함교원확보율"",""전문대_학과별_겸임교원환산인원수"",""전문대_학과별_위탁생포함재학교원법정정원수"",""전문대_학과별_편제교원법정정원수"",""위탁생포함재학교원법정정원수""]","[{""field"":""학과명"",""sample_distinct_keys"":10002,""incremental_keys"":7998,""sample_uniqueness_rate"":1.0},{""field"":""전문대_학과별_편제교원법정정원수"",""sample_distinct_keys"":6276,""incremental_keys"":4272,""sample_uniqueness_rate"":0.6274745050989802},{""field"":""위탁생포함재학교원법정정원수"",""sample_distinct_keys"":5171,""incremental_keys"":3167,""sample_uniqueness_rate"":0.5169966006798641},{""field"":""전문대_학과별_겸임교원환산인원수"",""sample_distinct_keys"":4826,""incremental_keys"":2822,""sample_uniqueness_rate"":0.48250349930013997},{""field"":""전문대_학과별_편제겸임포함교원확보율"",""sample_distinct_keys"":4055,""incremental_keys"":2051,""sample_uniqueness_rate"":0.40541891621675663},{""field"":""전문대_학과별_재학전임교원확보율"",""sample_distinct_keys"":4028,""incremental_keys"":2024,""sample_uniqueness_rate"":0.40271945610877824},{""field"":""전문대_학과별_재학겸임포함교원확보율"",""sample_distinct_keys"":4020,""incremental_keys"":2016,""sample_uniqueness_rate"":0.40191961607678467},{""field"":""전문대_학과별_편제전임교원확보율"",""sample_distinct_keys"":3988,""incremental_keys"":1984,""sample_uniqueness_rate"":0.3987202559488102},{""field"":""전문대_학과별_편제초빙포함교원확보율"",""sample_distinct_keys"":3957,""incremental_keys"":1953,""sample_uniqueness_rate"":0.395620875824835},{""field"":""전문대_학과별_재학초빙포함교원확보율"",""sample_distinct_keys"":3863,""incremental_keys"":1859,""sample_uniqueness_rate"":0.3862227554489102},{""field"":""계열구분명"",""sample_distinct_keys"":3568,""incremental_keys"":1564,""sample_uniqueness_rate"":0.3567286542691462},{""field"":""전문대_학과별_위탁생포함재학교원법정정원수"",""sample_distinct_keys"":3516,""incremental_keys"":1512,""sample_uniqueness_rate"":0.3515296940611878},{""field"":""전문대_학과별_초빙교원환산인원수"",""sample_distinct_keys"":2703,""incremental_keys"":699,""sample_uniqueness_rate"":0.27024595080983804},{""field"":""학교구분명"",""sample_distinct_keys"":2006,""incremental_keys"":2,""sample_uniqueness_rate"":0.20055988802239552},{""field"":""시도명"",""sample_distinct_keys"":1964,""incremental_keys"":0,""sample_uniqueness_rate"":0.19636072785442912}]",1.0,additional_dimensions_required,medium,review_required,data/processed/edss/panel/고등교육통계/0320_교원현황_전문대_학과별/panel.csv.gz,fd778bd59959100ce6f8cfaf543c2206070cb06b3d27dec8a8cefefcca053d86
고등교육통계,0321,교수교육훈련현황,panel,8047,25,"[""2009"",""2010"",""2011"",""2012"",""2013"",""2014"",""2015"",""2016"",""2017"",""2018"",""2019"",""2020"",""2021"",""2022""]",True,0,0.0,439,4267,3380,3780,4,0,0,0.0,1143,1300,0,0,8047,0,0,0,0,"[""학교구분명"",""교수교직원구분명"",""시도명""]","[{""field"":""교수교직원구분명"",""sample_distinct_keys"":7902,""incremental_keys"":3560,""sample_uniqueness_rate"":0.9819808624332049},{""field"":""시도명"",""sample_distinct_keys"":4474,""incremental_keys"":132,""sample_uniqueness_rate"":0.5559835963713186},{""field"":""학교구분명"",""sample_distinct_keys"":4164,""incremental_keys"":0,""sample_uniqueness_rate"":0.5174599229526532}]",0.9879458183173854,additional_dimensions_required,medium,review_required,data/processed/edss/panel/고등교육통계/0321_교수교육훈련현황/panel.csv.gz,1487c2a59ba25416b2b4a19dbc99e010c0c6e19c835b163ba801e3fe17829cbd
고등교육통계,0322,교원자격증발급현황,panel,4655,16,"[""2015"",""2016"",""2017"",""2018"",""2019"",""2020"",""2021"",""2022"",""2023"",""2024"",""2025""]",True,0,0.0,608,4655,0,0,1,0,0,0.0,454,523,0,4655,0,0,0,0,0,"[""학교구분명""]","[{""field"":""학교구분명"",""sample_distinct_keys"":4655,""incremental_keys"":45,""sample_uniqueness_rate"":1.0}]",1.0,school_year_open_id_unique,medium,review_required,data/processed/edss/panel/고등교육통계/0322_교원자격증발급현황/panel.csv.gz,4dfff51733f460c61bc16d7a9027b7cd8fa76c3525869a64a65176985231971f
고등교육통계,0323,국립대학배정정원및채용현황,panel,1456,18,"[""2009"",""2010"",""2011"",""2012"",""2013"",""2014"",""2015"",""2016"",""2017"",""2018"",""2019"",""2020"",""2021"",""2022""]",True,0,0.0,460,1456,0,0,1,0,0,0.0,130,135,0,1456,0,0,0,0,0,"[""학교구분명""]","[{""field"":""학교구분명"",""sample_distinct_keys"":1456,""incremental_keys"":2,""sample_uniqueness_rate"":1.0}]",1.0,school_year_open_id_unique,medium,review_required,data/processed/edss/panel/고등교육통계/0323_국립대학배정정원및채용현황/panel.csv.gz,149911373f1e805f0bb1d14278f287b5edd2772a184f087f4c7ff39ad8e7b74c
고등교육통계,0324,직원연수및교육훈련실적_교원제외,panel,1062,19,"[""2009"",""2010"",""2011"",""2012"",""2013""]",True,0,0.0,236,1062,0,0,1,0,0,0.0,143,152,0,1062,0,0,0,0,0,"[""학교구분명""]","[{""field"":""학교구분명"",""sample_distinct_keys"":1057,""incremental_keys"":0,""sample_uniqueness_rate"":0.995291902071563}]",0.995291902071563,school_year_open_id_unique,medium,review_required,data/processed/edss/panel/고등교육통계/0324_직원연수및교육훈련실적_교원제외/panel.csv.gz,94c7ed2f673853c6daab7d1d0e3306ce51376173b96c026b59eed9cab2e451c6
고등교육통계,0325,전임교원재임용현황,panel,581,23,"[""2009"",""2010"",""2011"",""2012""]",True,0,0.0,177,581,0,0,1,0,0,0.0,2,2,0,581,0,0,0,0,0,"[""학교구분명"",""전임교원재임용_자격미달탈락인원수""]","[{""field"":""전임교원재임용_자격미달탈락인원수"",""sample_distinct_keys"":581,""incremental_keys"":0,""sample_uniqueness_rate"":1.0},{""field"":""학교구분명"",""sample_distinct_keys"":581,""incremental_keys"":0,""sample_uniqueness_rate"":1.0}]",0.9827882960413081,school_year_open_id_unique,medium,review_required,data/processed/edss/panel/고등교육통계/0325_전임교원재임용현황/panel.csv.gz,f4226936f994b833be92f6280dab11f7f74a676f75936b5b6d28c5bcc7c8fc50
고등교육통계,0326,전임교원승진현황,panel,565,23,"[""2009"",""2010"",""2011"",""2012""]",True,0,0.0,174,565,0,0,1,0,0,0.0,2,2,0,565,0,0,0,0,0,"[""학교구분명"",""전임교원승진_자격미달탈락인원수""]","[{""field"":""전임교원승진_자격미달탈락인원수"",""sample_distinct_keys"":565,""incremental_keys"":1,""sample_uniqueness_rate"":1.0},{""field"":""학교구분명"",""sample_distinct_keys"":565,""incremental_keys"":1,""sample_uniqueness_rate"":1.0}]",0.9911504424778761,school_year_open_id_unique,medium,review_required,data/processed/edss/panel/고등교육통계/0326_전임교원승진현황/panel.csv.gz,7f72fe2c0a222838fa5413e597d4292a91070bbf553691b8e3ec3ef7c68be5ba
고등교육통계,0327,교직원연수현황,panel,16193,25,"[""2009"",""2010"",""2011"",""2012"",""2013"",""2014"",""2015""]",True,0,0.0,187,1174,1170,15019,15,0,0,0.0,122,122,0,0,16193,0,0,0,0,"[""학교구분명"",""교직원연수종류구분명"",""교직원연수직업구분명"",""교직원연수주관구분명"",""시도명""]","[{""field"":""교직원연수종류구분명"",""sample_distinct_keys"":5268,""incremental_keys"":4120,""sample_uniqueness_rate"":0.5252766975770267},{""field"":""교직원연수주관구분명"",""sample_distinct_keys"":3372,""incremental_keys"":2224,""sample_uniqueness_rate"":0.33622494765180977},{""field"":""교직원연수직업구분명"",""sample_distinct_keys"":2323,""incremental_keys"":1175,""sample_uniqueness_rate"":0.23162827799381794},{""field"":""학교구분명"",""sample_distinct_keys"":1173,""incremental_keys"":25,""sample_uniqueness_rate"":0.11696081364044271},{""field"":""시도명"",""sample_distinct_keys"":1157,""incremental_keys"":9,""sample_uniqueness_rate"":0.11536544022335228}]",0.9819523382191644,additional_dimensions_required,medium,review_required,data/processed/edss/panel/고등교육통계/0327_교직원연수현황/panel.csv.gz,34a0d40d1780808eebb7c95d75f18b0d510e2ce5f79054b32a235f3ff87af723
고등교육통계,0328,전임교원임면현황,panel,19920,19,"[""2009"",""2010"",""2011"",""2012""]",True,0,0.0,185,664,664,19256,30,0,0,0.0,180,180,0,19920,0,0,0,0,0,"[""학교구분명"",""학기구분명"",""전임교원직위명"",""교직원임용상태명""]","[{""field"":""교직원임용상태명"",""sample_distinct_keys"":2709,""incremental_keys"":2057,""sample_uniqueness_rate"":0.2742180382629821},{""field"":""전임교원직위명"",""sample_distinct_keys"":2631,""incremental_keys"":1979,""sample_uniqueness_rate"":0.26632250227755844},{""field"":""학기구분명"",""sample_distinct_keys"":1319,""incremental_keys"":667,""sample_uniqueness_rate"":0.13351553800992003},{""field"":""학교구분명"",""sample_distinct_keys"":682,""incremental_keys"":30,""sample_uniqueness_rate"":0.06903532746229375}]",1.0,additional_dimensions_required,medium,review_required,data/processed/edss/panel/고등교육통계/0328_전임교원임면현황/panel.csv.gz,bfcbfcde430917cb8ec14eb3a22c687471235bcace7f5e4ca7c94f97ea48628f
고등교육통계,0401,개설교과현황,panel,94446,36,"[""2009"",""2010"",""2011"",""2012"",""2013"",""2014"",""2015"",""2016"",""2017"",""2018"",""2019"",""2020"",""2021"",""2022""]",True,0,0.0,200,2506,2506,91940,88,0,0,0.0,1342,1342,0,0,94446,0,0,0,0,"[""학교구분명"",""전문대학계열명"",""전문대학학년명"",""계열구분명"",""시도명"",""개설학과여부""]","[{""field"":""전문대학계열명"",""sample_distinct_keys"":8816,""incremental_keys"":6377,""sample_uniqueness_rate"":0.8792260895581929},{""field"":""전문대학학년명"",""sample_distinct_keys"":6346,""incremental_keys"":3907,""sample_uniqueness_rate"":0.6328911937768026},{""field"":""개설학과여부"",""sample_distinct_keys"":2696,""incremental_keys"":257,""sample_uniqueness_rate"":0.26887404009175225},{""field"":""학교구분명"",""sample_distinct_keys"":2474,""incremental_keys"":35,""sample_uniqueness_rate"":0.24673381868953825},{""field"":""계열구분명"",""sample_distinct_keys"":2439,""incremental_keys"":0,""sample_uniqueness_rate"":0.24324324324324326},{""field"":""시도명"",""sample_distinct_keys"":2403,""incremental_keys"":0,""sample_uniqueness_rate"":0.23965293706991123}]",1.0,additional_dimensions_required,medium,review_required,data/processed/edss/panel/고등교육통계/0401_개설교과현황/panel.csv.gz,dbaa01cc2428a406ce4427c021ee948911b7a89807530fe8a8e849695f563d82
고등교육통계,0402,교양강좌개설및수강현황,panel,78875,24,"[""2009"",""2010"",""2011"",""2012"",""2013"",""2014"",""2015"",""2016"",""2017"",""2018"",""2019"",""2020"",""2021"",""2022"",""2023"",""2024"",""2025""]",True,0,0.0,1937,11780,11313,67095,59,2,12,0.00015213946117274168,9464,10866,0,0,78875,0,0,0,0,"[""학교구분명"",""교원구분명"",""학기구분명"",""시도명"",""강좌종류명"",""개설학과여부""]","[{""field"":""교원구분명"",""sample_distinct_keys"":8756,""incremental_keys"":2143,""sample_uniqueness_rate"":0.8749875087438793},{""field"":""학기구분명"",""sample_distinct_keys"":7847,""incremental_keys"":1234,""sample_uniqueness_rate"":0.7841510942340362},{""field"":""강좌종류명"",""sample_distinct_keys"":7219,""incremental_keys"":606,""sample_uniqueness_rate"":0.7213950234835615},{""field"":""개설학과여부"",""sample_distinct_keys"":6772,""incremental_keys"":159,""sample_uniqueness_rate"":0.6767262915958829},{""field"":""시도명"",""sample_distinct_keys"":6598,""incremental_keys"":0,""sample_uniqueness_rate"":0.6593384630758469},{""field"":""학교구분명"",""sample_distinct_keys"":6504,""incremental_keys"":0,""sample_uniqueness_rate"":0.6499450384730688}]",1.0,additional_dimensions_required,medium,review_required,data/processed/edss/panel/고등교육통계/0402_교양강좌개설및수강현황/panel.csv.gz,8b637e2e13aae93a336089fe74a9dee3f27b77423a9fffd041ad78b1119ebb56
고등교육통계,0403,대학전공강좌개설및수강현황,panel,676332,25,"[""2009"",""2010"",""2011"",""2012"",""2013"",""2014"",""2015"",""2016"",""2017"",""2018"",""2019"",""2020"",""2021"",""2022"",""2023"",""2024"",""2025""]",True,0,0.0,2141,18589,18445,657743,180,0,0,0.0,74389,84245,0,0,676332,0,0,0,0,"[""학교구분명"",""계열구분명"",""강좌유형명"",""교원구분명"",""학기구분명"",""시도명"",""강좌종류명"",""대학전공강좌개설및수강_강좌수"",""대학전공강좌개설및수강_과목수""]","[{""field"":""계열구분명"",""sample_distinct_keys"":8748,""incremental_keys"":2818,""sample_uniqueness_rate"":0.8812330009066183},{""field"":""교원구분명"",""sample_distinct_keys"":8180,""incremental_keys"":2250,""sample_uniqueness_rate"":0.8240153117759645},{""field"":""강좌종류명"",""sample_distinct_keys"":7787,""incremental_keys"":1857,""sample_uniqueness_rate"":0.7844263120781706},{""field"":""학기구분명"",""sample_distinct_keys"":7629,""incremental_keys"":1699,""sample_uniqueness_rate"":0.7685101239045029},{""field"":""대학전공강좌개설및수강_과목수"",""sample_distinct_keys"":7540,""incremental_keys"":1610,""sample_uniqueness_rate"":0.7595446761357912},{""field"":""대학전공강좌개설및수강_강좌수"",""sample_distinct_keys"":7453,""incremental_keys"":1523,""sample_uniqueness_rate"":0.7507806991034552},{""field"":""강좌유형명"",""sample_distinct_keys"":6568,""incremental_keys"":638,""sample_uniqueness_rate"":0.6616298982572781},{""field"":""시도명"",""sample_distinct_keys"":6239,""incremental_keys"":309,""sample_uniqueness_rate"":0.6284879621235016},{""field"":""학교구분명"",""sample_distinct_keys"":6148,""incremental_keys"":218,""sample_uniqueness_rate"":0.6193210436184144}]",1.0,additional_dimensions_required,medium,review_required,data/processed/edss/panel/고등교육통계/0403_대학전공강좌개설및수강현황/panel.csv.gz,038c914adc747646423f5b3d1f011c2d7163a6dc593dbb9af37ba52561389261
고등교육통계,0404,사이버강좌개설및수강현황,panel,8785,22,"[""2009"",""2010"",""2011"",""2012"",""2013"",""2014"",""2015"",""2016"",""2017"",""2018"",""2019"",""2020"",""2021"",""2022"",""2023"",""2024"",""2025""]",True,0,0.0,436,3544,3383,5241,12,0,0,0.0,2185,2584,0,0,8785,0,0,0,0,"[""학교구분명"",""학기구분명"",""시도명""]","[{""field"":""학기구분명"",""sample_distinct_keys"":8099,""incremental_keys"":4623,""sample_uniqueness_rate"":0.9219123505976096},{""field"":""시도명"",""sample_distinct_keys"":3802,""incremental_keys"":326,""sample_uniqueness_rate"":0.4327831531018782},{""field"":""학교구분명"",""sample_distinct_keys"":3467,""incremental_keys"":0,""sample_uniqueness_rate"":0.39464997154240183}]",0.98429140580535,additional_dimensions_required,medium,review_required,data/processed/edss/panel/고등교육통계/0404_사이버강좌개설및수강현황/panel.csv.gz,4ff204c0f510d83319ad839ae9e036cc2acd301b7f117220d59c2558a6debffa
고등교육통계,0405,사이버강좌개설및수강현황_전문대학,panel,4026,21,"[""2009"",""2010"",""2011"",""2012"",""2013"",""2014"",""2015"",""2016"",""2017"",""2018"",""2019"",""2020"",""2021"",""2022"",""2023"",""2024"",""2025""]",True,0,0.0,198,2258,1702,1768,5,0,0,0.0,106,106,0,0,4026,0,0,0,0,"[""학교구분명"",""교양전공구분명"",""시도명""]","[{""field"":""교양전공구분명"",""sample_distinct_keys"":4017,""incremental_keys"":1762,""sample_uniqueness_rate"":0.9977645305514158},{""field"":""학교구분명"",""sample_distinct_keys"":2272,""incremental_keys"":17,""sample_uniqueness_rate"":0.5643318430203677},{""field"":""시도명"",""sample_distinct_keys"":2217,""incremental_keys"":0,""sample_uniqueness_rate"":0.5506706408345753}]",0.994535519125683,additional_dimensions_required,medium,review_required,data/processed/edss/panel/고등교육통계/0405_사이버강좌개설및수강현황_전문대학/panel.csv.gz,1db2551d4f8462e4a98191d2e74d39b1450f5dabcf9da7d025f9a07d8c44403a
고등교육통계,0406,산학연교류현황,panel,4508,20,"[""2009"",""2010"",""2011"",""2012"",""2013"",""2014""]",True,0,0.0,229,1035,1035,3473,8,0,0,0.0,1060,1144,0,4508,0,0,0,0,0,"[""학교구분명"",""시도명"",""산학연교류단체명""]","[{""field"":""산학연교류단체명"",""sample_distinct_keys"":4170,""incremental_keys"":3115,""sample_uniqueness_rate"":0.9250221827861579},{""field"":""시도명"",""sample_distinct_keys"":1132,""incremental_keys"":77,""sample_uniqueness_rate"":0.2511091393078971},{""field"":""학교구분명"",""sample_distinct_keys"":1021,""incremental_keys"":0,""sample_uniqueness_rate"":0.22648624667258208}]",0.9991126885536823,additional_dimensions_required,medium,review_required,data/processed/edss/panel/고등교육통계/0406_산학연교류현황/panel.csv.gz,df0ad469fd06d79435f8aa77c2fd98c979b05abe60f17438d87629122faefdc0
고등교육통계,0407,학점교류현황,panel,36307,19,"[""2009"",""2010"",""2011"",""2012"",""2013"",""2014"",""2015"",""2016"",""2017"",""2018"",""2019"",""2020"",""2021"",""2022"",""2023""]",True,0,0.0,830,6086,3042,30221,105,0,0,0.0,10744,11793,0,12245,24062,0,0,0,0,"[""학교구분명"",""국가명"",""시도명""]","[{""field"":""국가명"",""sample_distinct_keys"":9915,""incremental_keys"":6692,""sample_uniqueness_rate"":0.9834358262249554},{""field"":""시도명"",""sample_distinct_keys"":3377,""incremental_keys"":154,""sample_uniqueness_rate"":0.33495338226542354},{""field"":""학교구분명"",""sample_distinct_keys"":3174,""incremental_keys"":0,""sample_uniqueness_rate"":0.3148184883951597}]",0.9680618924816504,additional_dimensions_required,medium,review_required,data/processed/edss/panel/고등교육통계/0407_학점교류현황/panel.csv.gz,704338228e3e045c4cd5e96664e0e607f316885b71d8b956223f2fa52882d098
고등교육통계,0409,교직강좌개설및수강현황,panel,8262,20,"[""2009"",""2010"",""2011"",""2012"",""2013""]",True,0,0.0,331,1377,1377,6885,6,0,0,0.0,954,1008,0,8262,0,0,0,0,0,"[""학교구분명"",""교원구분명"",""학기구분명""]","[{""field"":""교원구분명"",""sample_distinct_keys"":4156,""incremental_keys"":2753,""sample_uniqueness_rate"":0.5030259017187122},{""field"":""학기구분명"",""sample_distinct_keys"":2758,""incremental_keys"":1355,""sample_uniqueness_rate"":0.3338174776083273},{""field"":""학교구분명"",""sample_distinct_keys"":1375,""incremental_keys"":0,""sample_uniqueness_rate"":0.1664245945291697}]",0.9837811667877028,additional_dimensions_required,medium,review_required,data/processed/edss/panel/고등교육통계/0409_교직강좌개설및수강현황/panel.csv.gz,2016ee166b80f411856d81024d589f5d40fb99096ab017188e77430a31f58dac
고등교육통계,0501,동아리활동현황,panel,10920,21,"[""2009"",""2010"",""2011"",""2012"",""2013""]",True,0,0.0,601,2184,2184,8736,5,0,0,0.0,775,820,0,10920,0,0,0,0,0,"[""학교구분명"",""동아리구분명""]","[{""field"":""동아리구분명"",""sample_distinct_keys"":10032,""incremental_keys"":7846,""sample_uniqueness_rate"":1.0},{""field"":""학교구분명"",""sample_distinct_keys"":2196,""incremental_keys"":10,""sample_uniqueness_rate"":0.21889952153110048}]",0.999700956937799,additional_dimensions_required,medium,review_required,data/processed/edss/panel/고등교육통계/0501_동아리활동현황/panel.csv.gz,9f5803864faffcf7d5fb80444e3d995575690a4d9dfaf3d3fd8e3b2789805a14
고등교육통계,0502,학생회현황,panel,1313,19,"[""2009"",""2010"",""2011"",""2012"",""2013"",""2014""]",True,0,0.0,243,1313,0,0,1,0,0,0.0,175,188,0,0,1313,0,0,0,0,"[""학교구분명""]","[{""field"":""학교구분명"",""sample_distinct_keys"":1313,""incremental_keys"":0,""sample_uniqueness_rate"":1.0}]",1.0,school_year_open_id_unique,medium,review_required,data/processed/edss/panel/고등교육통계/0502_학생회현황/panel.csv.gz,620f9e374fb90008f7e9ab7f507baa2888be382c3350082c122947124c909057
고등교육통계,0601,계열별부속시설현황_건물시설,panel,22587,26,"[""2009"",""2010"",""2011"",""2012"",""2013"",""2014""]",True,0,0.0,348,993,993,21594,66,0,0,0.0,4244,4652,0,0,22587,0,0,0,0,"[""학교구분명"",""건물시설계열명"",""건물시설구분명"",""본분교명"",""건물시설대분류명"",""건물시설소분류명""]","[{""field"":""건물시설소분류명"",""sample_distinct_keys"":7178,""incremental_keys"":6187,""sample_uniqueness_rate"":0.7175129948020792},{""field"":""건물시설대분류명"",""sample_distinct_keys"":3978,""incremental_keys"":2987,""sample_uniqueness_rate"":0.397640943622551},{""field"":""건물시설구분명"",""sample_distinct_keys"":3497,""incremental_keys"":2506,""sample_uniqueness_rate"":0.3495601759296281},{""field"":""건물시설계열명"",""sample_distinct_keys"":2115,""incremental_keys"":1124,""sample_uniqueness_rate"":0.2114154338264694},{""field"":""본분교명"",""sample_distinct_keys"":1056,""incremental_keys"":65,""sample_uniqueness_rate"":0.10555777688924431},{""field"":""학교구분명"",""sample_distinct_keys"":987,""incremental_keys"":0,""sample_uniqueness_rate"":0.09866053578568573}]",1.0,additional_dimensions_required,medium,review_required,data/processed/edss/panel/고등교육통계/0601_계열별부속시설현황_건물시설/panel.csv.gz,6191d1dcb601aa2fa8b793498bcb0f4468c0b4ba1306260e3ced237a5ba6a79f
고등교육통계,0602,계열별부속시설현황_지적시설,panel,37120,21,"[""2009"",""2010"",""2011"",""2012"",""2013""]",True,0,0.0,477,1741,1741,35379,60,0,0,0.0,5120,5520,0,37120,0,0,0,0,0,"[""학교구분명"",""본분교명"",""지적시설대분류명"",""지적시설소분류명""]","[{""field"":""지적시설소분류명"",""sample_distinct_keys"":10082,""incremental_keys"":8341,""sample_uniqueness_rate"":1.0},{""field"":""지적시설대분류명"",""sample_distinct_keys"":6654,""incremental_keys"":4913,""sample_uniqueness_rate"":0.6599880975996826},{""field"":""본분교명"",""sample_distinct_keys"":1917,""incremental_keys"":176,""sample_uniqueness_rate"":0.19014084507042253},{""field"":""학교구분명"",""sample_distinct_keys"":1753,""incremental_keys"":12,""sample_uniqueness_rate"":0.17387423130331284}]",1.0,additional_dimensions_required,medium,review_required,data/processed/edss/panel/고등교육통계/0602_계열별부속시설현황_지적시설/panel.csv.gz,8aad229809f81fd9a89b2fe034c208c12b0e7cd527db46ab3ccbbe2d47b9981d
고등교육통계,0603,구조별건물면적정보,panel,62512,26,"[""2009"",""2010"",""2011"",""2012"",""2013""]",True,0,0.0,432,2012,1892,60500,425,0,0,0.0,13865,14400,0,62512,0,0,0,0,0,"[""구내구외구분명"",""학교구분명"",""시도명"",""고등교육건물구조명"",""안전성등급명"",""본분교명"",""건물명""]","[{""field"":""건물명"",""sample_distinct_keys"":9261,""incremental_keys"":7623,""sample_uniqueness_rate"":0.9418285365605614},{""field"":""고등교육건물구조명"",""sample_distinct_keys"":2961,""incremental_keys"":1323,""sample_uniqueness_rate"":0.3011288518254856},{""field"":""구내구외구분명"",""sample_distinct_keys"":2281,""incremental_keys"":643,""sample_uniqueness_rate"":0.23197396521915997},{""field"":""안전성등급명"",""sample_distinct_keys"":2243,""incremental_keys"":605,""sample_uniqueness_rate"":0.22810942743821824},{""field"":""본분교명"",""sample_distinct_keys"":1796,""incremental_keys"":158,""sample_uniqueness_rate"":0.18265025933082477},{""field"":""시도명"",""sample_distinct_keys"":1768,""incremental_keys"":130,""sample_uniqueness_rate"":0.17980270517644667},{""field"":""학교구분명"",""sample_distinct_keys"":1659,""incremental_keys"":21,""sample_uniqueness_rate"":0.16871758364690329}]",0.9870843079426421,additional_dimensions_required,medium,review_required,data/processed/edss/panel/고등교육통계/0603_구조별건물면적정보/panel.csv.gz,a7f310d36b060ccfa37f93fbcd4a5cd16abd6186963097d55efbbe2a7dc3b7b8
고등교육통계,0604,대학부설평생교육원기관현황,panel,1885,18,"[""2009"",""2010"",""2011"",""2012"",""2013""]",True,0,0.0,432,1711,153,174,5,0,0,0.0,250,266,0,1885,0,0,0,0,0,"[""시도명"",""설립일자""]","[{""field"":""설립일자"",""sample_distinct_keys"":1835,""incremental_keys"":125,""sample_uniqueness_rate"":0.9734748010610079},{""field"":""시도명"",""sample_distinct_keys"":1773,""incremental_keys"":63,""sample_uniqueness_rate"":0.9405835543766579}]",0.9856763925729443,additional_dimensions_required,medium,review_required,data/processed/edss/panel/고등교육통계/0604_대학부설평생교육원기관현황/panel.csv.gz,c69ceb2e932a98b43cd60b9ac16eb235ebde456c28319ede54370570361d2097
고등교육통계,0701,산학협동현황_인적교류,panel,1121,36,"[""2009"",""2010"",""2011"",""2012"",""2013"",""2014"",""2015""]",True,0,0.0,186,1118,3,3,2,0,0,0.0,12,12,0,0,1121,0,0,0,0,"[""학교구분명"",""본분교명"",""시도명""]","[{""field"":""본분교명"",""sample_distinct_keys"":1121,""incremental_keys"":24,""sample_uniqueness_rate"":1.0},{""field"":""학교구분명"",""sample_distinct_keys"":1121,""incremental_keys"":24,""sample_uniqueness_rate"":1.0},{""field"":""시도명"",""sample_distinct_keys"":1102,""incremental_keys"":5,""sample_uniqueness_rate"":0.9830508474576272}]",0.9803746654772525,additional_dimensions_required,medium,review_required,data/processed/edss/panel/고등교육통계/0701_산학협동현황_인적교류/panel.csv.gz,9640a0061c7d5b75e14e972562f8445c2097913386932d4976032757373aac25
고등교육통계,0702,산학연관협동실적,panel,918,21,"[""2009"",""2010"",""2011"",""2012"",""2013"",""2014"",""2015""]",True,0,0.0,181,916,2,2,2,0,0,0.0,9,9,0,918,0,0,0,0,0,"[""학교구분명"",""시도명"",""본분교명""]","[{""field"":""본분교명"",""sample_distinct_keys"":918,""incremental_keys"":22,""sample_uniqueness_rate"":1.0},{""field"":""학교구분명"",""sample_distinct_keys"":918,""incremental_keys"":22,""sample_uniqueness_rate"":1.0},{""field"":""시도명"",""sample_distinct_keys"":908,""incremental_keys"":12,""sample_uniqueness_rate"":0.9891067538126361}]",0.9956427015250545,additional_dimensions_required,medium,review_required,data/processed/edss/panel/고등교육통계/0702_산학연관협동실적/panel.csv.gz,7c142d0c7dfbdfb2974a924fe17613fb5fcd11244deddeb70a5907893511e52c
고등교육통계,0703,산학협동현황,panel,1138,29,"[""2009"",""2010"",""2011"",""2012"",""2013"",""2014"",""2015""]",True,0,0.0,189,1135,3,3,2,0,0,0.0,12,12,0,799,339,0,0,0,0,"[""학교구분명"",""본분교명"",""시도명""]","[{""field"":""본분교명"",""sample_distinct_keys"":1138,""incremental_keys"":24,""sample_uniqueness_rate"":1.0},{""field"":""학교구분명"",""sample_distinct_keys"":1138,""incremental_keys"":24,""sample_uniqueness_rate"":1.0},{""field"":""시도명"",""sample_distinct_keys"":1121,""incremental_keys"":7,""sample_uniqueness_rate"":0.9850615114235501}]",0.9806678383128296,additional_dimensions_required,medium,review_required,data/processed/edss/panel/고등교육통계/0703_산학협동현황/panel.csv.gz,a7b98fee6809ff45863f7d0e42c36d92a3c2e7781e84674a677d2c3ba9716e40
고등교육통계,0704,산학협동현황_현장실습및취업,panel,1244,22,"[""2009"",""2010"",""2011"",""2012"",""2013"",""2014"",""2015""]",True,0,0.0,199,1239,5,5,2,0,0,0.0,13,13,0,896,348,0,0,0,0,"[""학교구분명"",""시도명"",""본분교명""]","[{""field"":""본분교명"",""sample_distinct_keys"":1244,""incremental_keys"":32,""sample_uniqueness_rate"":1.0},{""field"":""학교구분명"",""sample_distinct_keys"":1244,""incremental_keys"":32,""sample_uniqueness_rate"":1.0},{""field"":""시도명"",""sample_distinct_keys"":1221,""incremental_keys"":9,""sample_uniqueness_rate"":0.9815112540192926}]",0.9927652733118971,additional_dimensions_required,medium,review_required,data/processed/edss/panel/고등교육통계/0704_산학협동현황_현장실습및취업/panel.csv.gz,2c46f2503c7c635602701eda5702b48345918043da8492ad70d122218c1f28a6
대학정보공시,0101,교양과목성적평가분포,panel,149106,19,"[""2009"",""2010"",""2011"",""2012"",""2013"",""2014"",""2015"",""2016"",""2017"",""2018"",""2019"",""2020"",""2021"",""2022"",""2023"",""2024"",""2025""]",True,0,0.0,440,6704,6701,142402,104,33,617,0.0041379957882311915,16276,18408,0,149106,0,0,0,0,0,"[""학교구분명"",""학기구분명"",""학점점수구간명""]","[{""field"":""학점점수구간명"",""sample_distinct_keys"":9457,""incremental_keys"":4459,""sample_uniqueness_rate"":0.9464571657325861},{""field"":""학기구분명"",""sample_distinct_keys"":7471,""incremental_keys"":2473,""sample_uniqueness_rate"":0.7476981585268214},{""field"":""학교구분명"",""sample_distinct_keys"":5125,""incremental_keys"":127,""sample_uniqueness_rate"":0.5129103282626101}]",1.0,additional_dimensions_required,medium,review_required,data/processed/edss/panel/대학정보공시/0101_교양과목성적평가분포/panel.csv.gz,bbd26e1c8cd8f2c419f6e364f9841e6b38154cf901cf98628f5cb011c86a01e6
대학정보공시,0102,교직과목성적평가분포,panel,100004,19,"[""2009"",""2010"",""2011"",""2012"",""2013"",""2014"",""2015"",""2016"",""2017"",""2018"",""2019"",""2020"",""2021"",""2022"",""2023"",""2024"",""2025""]",True,0,0.0,423,5150,5120,94854,104,16,279,0.0027898884044638213,12515,14232,0,100004,0,0,0,0,0,"[""학교구분명"",""학기구분명"",""학점점수구간명""]","[{""field"":""학점점수구간명"",""sample_distinct_keys"":9147,""incremental_keys"":4874,""sample_uniqueness_rate"":0.9084318204389711},{""field"":""학기구분명"",""sample_distinct_keys"":6976,""incremental_keys"":2703,""sample_uniqueness_rate"":0.692819545138544},{""field"":""학교구분명"",""sample_distinct_keys"":4245,""incremental_keys"":0,""sample_uniqueness_rate"":0.42159102194855497}]",1.0,additional_dimensions_required,medium,review_required,data/processed/edss/panel/대학정보공시/0102_교직과목성적평가분포/panel.csv.gz,e6bae0a4a284d7a1ec954ffbe48b248c4a908dfeaae68e94cc8f9f92ac9b3c59
대학정보공시,0103,전공과목성적평가분포,panel,646577,22,"[""2009"",""2010"",""2011"",""2012"",""2013"",""2014"",""2015"",""2016"",""2017"",""2018"",""2019"",""2020"",""2021"",""2022"",""2023"",""2024"",""2025""]",True,0,0.0,2305,28229,28174,618348,559,234,2391,0.00369793543537738,97267,109122,0,646577,0,0,0,0,0,"[""학교구분명"",""학점기준코드"",""주야간계절구분명"",""학점점수구간명"",""단과대학명"",""학과특성명""]","[{""field"":""학점점수구간명"",""sample_distinct_keys"":9388,""incremental_keys"":3126,""sample_uniqueness_rate"":0.9261122620104567},{""field"":""학점기준코드"",""sample_distinct_keys"":9378,""incremental_keys"":3116,""sample_uniqueness_rate"":0.9251257768570583},{""field"":""단과대학명"",""sample_distinct_keys"":9290,""incremental_keys"":3028,""sample_uniqueness_rate"":0.916444707507152},{""field"":""주야간계절구분명"",""sample_distinct_keys"":7070,""incremental_keys"":808,""sample_uniqueness_rate"":0.697445003452698},{""field"":""학과특성명"",""sample_distinct_keys"":6899,""incremental_keys"":637,""sample_uniqueness_rate"":0.6805761073295847},{""field"":""학교구분명"",""sample_distinct_keys"":6327,""incremental_keys"":65,""sample_uniqueness_rate"":0.6241491565551939}]",1.0,additional_dimensions_required,medium,review_required,data/processed/edss/panel/대학정보공시/0103_전공과목성적평가분포/panel.csv.gz,5e73c0f2c414a68f98a84b5ab7adbeee351bda2982aad108fd9df03f44587bdd
대학정보공시,0104,졸업생졸업성적분포,panel,2812829,26,"[""2010"",""2011"",""2012"",""2013"",""2014"",""2015"",""2016"",""2017"",""2018"",""2019"",""2020"",""2021"",""2022"",""2023""]",True,0,0.0,2134,21994,21992,2790835,2511,9,250,8.887849208039309e-05,409022,456791,0,2812829,0,0,0,0,0,"[""학교구분명"",""주야간계절구분명"",""학점기준코드"",""학과한글명"",""학과특성명"",""단과대학명"",""학점점수구간명""]","[{""field"":""학과한글명"",""sample_distinct_keys"":9570,""incremental_keys"":3943,""sample_uniqueness_rate"":0.9697031107508359},{""field"":""학점기준코드"",""sample_distinct_keys"":9309,""incremental_keys"":3682,""sample_uniqueness_rate"":0.9432566622758132},{""field"":""학점점수구간명"",""sample_distinct_keys"":9261,""incremental_keys"":3634,""sample_uniqueness_rate"":0.93839294761374},{""field"":""단과대학명"",""sample_distinct_keys"":7184,""incremental_keys"":1557,""sample_uniqueness_rate"":0.7279359610902827},{""field"":""학과특성명"",""sample_distinct_keys"":5994,""incremental_keys"":367,""sample_uniqueness_rate"":0.6073563684263856},{""field"":""주야간계절구분명"",""sample_distinct_keys"":5537,""incremental_keys"":0,""sample_uniqueness_rate"":0.5610497517478975},{""field"":""학교구분명"",""sample_distinct_keys"":5441,""incremental_keys"":0,""sample_uniqueness_rate"":0.5513223224237511}]",0.997872124835343,additional_dimensions_required,medium,review_required,data/processed/edss/panel/대학정보공시/0104_졸업생졸업성적분포/panel.csv.gz,d212d21c6382129d9c662f2ea77275064845a89df5bf81ae35d729e68a6da807
대학정보공시,0201,대학입학전형기본계획,panel,16234,32,"[""2009"",""2010"",""2011"",""2012""]",True,0,0.0,224,831,829,15403,110,6,76,0.004681532585930763,4005,4190,0,16234,0,0,0,0,0,"[""학교구분명"",""정원구분명"",""전형유형명"",""전형소분류명"",""모집시기명"",""모집단위내용""]","[{""field"":""전형소분류명"",""sample_distinct_keys"":6603,""incremental_keys"":5777,""sample_uniqueness_rate"":0.6596403596403596},{""field"":""모집단위내용"",""sample_distinct_keys"":6407,""incremental_keys"":5581,""sample_uniqueness_rate"":0.64005994005994},{""field"":""전형유형명"",""sample_distinct_keys"":4253,""incremental_keys"":3427,""sample_uniqueness_rate"":0.42487512487512485},{""field"":""모집시기명"",""sample_distinct_keys"":2231,""incremental_keys"":1405,""sample_uniqueness_rate"":0.22287712287712289},{""field"":""정원구분명"",""sample_distinct_keys"":1621,""incremental_keys"":795,""sample_uniqueness_rate"":0.16193806193806193},{""field"":""학교구분명"",""sample_distinct_keys"":830,""incremental_keys"":4,""sample_uniqueness_rate"":0.08291708291708291}]",0.958041958041958,additional_dimensions_required,medium,review_required,data/processed/edss/panel/대학정보공시/0201_대학입학전형기본계획/panel.csv.gz,329dbb6e75d607a7b965f8586491aafa44a4a5c749df85b750853bbe2aca6b25
대학정보공시,0202,대학입학전형기본계획_전문대학,panel,16302,27,"[""2009"",""2010"",""2011"",""2012""]",True,0,0.0,174,673,669,15629,78,26,218,0.013372592319960741,120,120,0,16302,0,0,0,0,0,"[""학교구분명"",""전문대학전형유형명"",""모집시기명""]","[{""field"":""모집시기명"",""sample_distinct_keys"":2587,""incremental_keys"":1925,""sample_uniqueness_rate"":0.25973895582329315},{""field"":""전문대학전형유형명"",""sample_distinct_keys"":1952,""incremental_keys"":1290,""sample_uniqueness_rate"":0.19598393574297188},{""field"":""학교구분명"",""sample_distinct_keys"":691,""incremental_keys"":29,""sample_uniqueness_rate"":0.06937751004016064}]",0.6035140562248996,additional_dimensions_required,high,review_required,data/processed/edss/panel/대학정보공시/0202_대학입학전형기본계획_전문대학/panel.csv.gz,ab805f982e9677ba13b028b86af8ef1dc41fc23028ae0f6cd6b408a7a8cbc398
대학정보공시,0203,대학입학전형시행계획,panel,14065,24,"[""2009"",""2010"",""2011"",""2012""]",True,0,0.0,227,836,835,13229,65,7,83,0.005901173124777817,3558,3740,0,14065,0,0,0,0,0,"[""학교구분명"",""정원구분명"",""전형유형명"",""전형명"",""전형소분류명""]","[{""field"":""전형명"",""sample_distinct_keys"":6553,""incremental_keys"":5718,""sample_uniqueness_rate"":0.6534051251371024},{""field"":""전형소분류명"",""sample_distinct_keys"":5392,""incremental_keys"":4557,""sample_uniqueness_rate"":0.5376408415594776},{""field"":""전형유형명"",""sample_distinct_keys"":4409,""incremental_keys"":3574,""sample_uniqueness_rate"":0.43962508724698374},{""field"":""정원구분명"",""sample_distinct_keys"":1645,""incremental_keys"":810,""sample_uniqueness_rate"":0.16402432944461062},{""field"":""학교구분명"",""sample_distinct_keys"":838,""incremental_keys"":3,""sample_uniqueness_rate"":0.08355768272011167}]",0.7632864692392063,additional_dimensions_required,medium,review_required,data/processed/edss/panel/대학정보공시/0203_대학입학전형시행계획/panel.csv.gz,f35b957d39a6a46db474451b44065083673e69948a399a55ca6a747dc7f310eb
대학정보공시,0204,대학입학전형시행계획_전문대학,panel,10419,21,"[""2009"",""2010"",""2011"",""2012""]",True,0,0.0,176,660,655,9759,27,12,136,0.013053076110951146,66,66,0,10419,0,0,0,0,0,"[""학교구분명"",""정원구분명"",""전문대학전형유형명""]","[{""field"":""전문대학전형유형명"",""sample_distinct_keys"":5136,""incremental_keys"":4485,""sample_uniqueness_rate"":0.5138569284642321},{""field"":""정원구분명"",""sample_distinct_keys"":1343,""incremental_keys"":692,""sample_uniqueness_rate"":0.1343671835917959},{""field"":""학교구분명"",""sample_distinct_keys"":681,""incremental_keys"":30,""sample_uniqueness_rate"":0.06813406703351677}]",0.5072536268134067,additional_dimensions_required,high,review_required,data/processed/edss/panel/대학정보공시/0204_대학입학전형시행계획_전문대학/panel.csv.gz,96a368a195aaa02425048a0d93435bfd4fec1e110e2cf1f8bc8986af40cc41d0
대학정보공시,0205,모집단위별모집인원현황,panel,96206,21,"[""2009"",""2010"",""2011"",""2012""]",True,0,0.0,222,827,803,95379,671,6,434,0.004511153150531152,24153,24855,0,96206,0,0,0,0,0,"[""학교구분명"",""모집시기명"",""모집단위내용"",""모집단위별모집인원_모집인원수"",""모집단위별모집인원_전형수수료""]","[{""field"":""모집단위내용"",""sample_distinct_keys"":7993,""incremental_keys"":7363,""sample_uniqueness_rate"":0.8095816874303656},{""field"":""모집단위별모집인원_모집인원수"",""sample_distinct_keys"":6029,""incremental_keys"":5399,""sample_uniqueness_rate"":0.6106553225969816},{""field"":""모집시기명"",""sample_distinct_keys"":2520,""incremental_keys"":1890,""sample_uniqueness_rate"":0.2552415679124886},{""field"":""모집단위별모집인원_전형수수료"",""sample_distinct_keys"":1480,""incremental_keys"":850,""sample_uniqueness_rate"":0.14990377798035046},{""field"":""학교구분명"",""sample_distinct_keys"":628,""incremental_keys"":0,""sample_uniqueness_rate"":0.06360781930517573}]",0.9755899929099564,additional_dimensions_required,medium,review_required,data/processed/edss/panel/대학정보공시/0205_모집단위별모집인원현황/panel.csv.gz,2f7b2ec8844af006858e5ec92065ca86bf1aba7f3f040e766485d35b58901080
대학정보공시,0206,모집단위별모집인원현황_전문대학,panel,94837,23,"[""2009"",""2010"",""2011"",""2012""]",True,0,0.0,174,672,668,94165,720,25,522,0.0055041808576821285,1072,1072,0,94837,0,0,0,0,0,"[""학교구분명"",""주야간계절구분명"",""모집시기명"",""모집단위내용""]","[{""field"":""모집단위내용"",""sample_distinct_keys"":5250,""incremental_keys"":4632,""sample_uniqueness_rate"":0.5310540157798908},{""field"":""모집시기명"",""sample_distinct_keys"":2297,""incremental_keys"":1679,""sample_uniqueness_rate"":0.23234877604693505},{""field"":""학교구분명"",""sample_distinct_keys"":652,""incremental_keys"":34,""sample_uniqueness_rate"":0.06595185110256929},{""field"":""주야간계절구분명"",""sample_distinct_keys"":638,""incremental_keys"":20,""sample_uniqueness_rate"":0.06453570706048958}]",0.762694719805786,additional_dimensions_required,medium,review_required,data/processed/edss/panel/대학정보공시/0206_모집단위별모집인원현황_전문대학/panel.csv.gz,703ccdcfd93ead003205e589e859b636e98738f0d9856687033b04507547818d
대학정보공시,0207,편입생모집내용,panel,28221,25,"[""2009"",""2010"",""2011"",""2012""]",True,0,0.0,212,744,706,27477,208,2,2,7.086921087133694e-05,7391,7707,0,28217,4,0,0,0,0,"[""학교구분명"",""기타학과구분모집계획내용"",""기타학과구분불가모집계획내용"",""편입생모집시기명"",""모집단위내용""]","[{""field"":""모집단위내용"",""sample_distinct_keys"":7534,""incremental_keys"":6845,""sample_uniqueness_rate"":0.7443193044852796},{""field"":""기타학과구분모집계획내용"",""sample_distinct_keys"":1914,""incremental_keys"":1225,""sample_uniqueness_rate"":0.1890930646117368},{""field"":""편입생모집시기명"",""sample_distinct_keys"":809,""incremental_keys"":120,""sample_uniqueness_rate"":0.07992491602450108},{""field"":""기타학과구분불가모집계획내용"",""sample_distinct_keys"":727,""incremental_keys"":38,""sample_uniqueness_rate"":0.07182375024698676},{""field"":""학교구분명"",""sample_distinct_keys"":692,""incremental_keys"":3,""sample_uniqueness_rate"":0.0683659355858526}]",0.8088322465915827,additional_dimensions_required,medium,review_required,data/processed/edss/panel/대학정보공시/0207_편입생모집내용/panel.csv.gz,29e62718b2949d018b1001bb83268e6e8b5f64b4e1a409b61db0edf22643ddec
대학정보공시,0301,입학전형유형별선발결과,panel,64600,28,"[""2009"",""2010"",""2011"",""2012"",""2013"",""2014"",""2015"",""2016"",""2017"",""2018"",""2019"",""2020"",""2021"",""2022"",""2023"",""2024"",""2025""]",True,0,0.0,286,3967,3808,60633,67,4,12,0.00018575851393188853,17366,20014,0,64600,0,0,0,0,0,"[""학교구분명"",""정원구분명"",""전형유형명"",""전형소분류명""]","[{""field"":""전형소분류명"",""sample_distinct_keys"":9601,""incremental_keys"":6339,""sample_uniqueness_rate"":0.9597161135545782},{""field"":""전형유형명"",""sample_distinct_keys"":5627,""incremental_keys"":2365,""sample_uniqueness_rate"":0.5624750099960016},{""field"":""정원구분명"",""sample_distinct_keys"":5122,""incremental_keys"":1860,""sample_uniqueness_rate"":0.5119952019192323},{""field"":""학교구분명"",""sample_distinct_keys"":3293,""incremental_keys"":31,""sample_uniqueness_rate"":0.32916833266693324}]",1.0,additional_dimensions_required,medium,review_required,data/processed/edss/panel/대학정보공시/0301_입학전형유형별선발결과/panel.csv.gz,dad2d62be3f71c983a33b71167ed53db52888f98dd927a50e9b64e49d1546308
대학정보공시,0302,입학전형유형별선발결과_전문대학,panel,27541,21,"[""2009"",""2010"",""2011"",""2012"",""2013"",""2014"",""2015"",""2016"",""2017"",""2018"",""2019"",""2020"",""2021"",""2022"",""2023"",""2024"",""2025""]",True,0,0.0,186,2846,2816,24695,13,27,121,0.004393449765803711,353,353,0,27541,0,0,0,0,0,"[""학교구분명"",""정원구분명""]","[{""field"":""정원구분명"",""sample_distinct_keys"":4189,""incremental_keys"":1539,""sample_uniqueness_rate"":0.42130141808307353},{""field"":""학교구분명"",""sample_distinct_keys"":2671,""incremental_keys"":21,""sample_uniqueness_rate"":0.2686311978276174}]",0.41687619430755307,additional_dimensions_required,medium,review_required,data/processed/edss/panel/대학정보공시/0302_입학전형유형별선발결과_전문대학/panel.csv.gz,f7efe15017a6f01832763aff5c8dd580ebcbad7f1d3d3acf13a6992dce094a3a
대학정보공시,0303,기회균형선발결과,panel,6773,29,"[""2009"",""2010"",""2011"",""2012"",""2013"",""2014"",""2015"",""2016"",""2017"",""2018"",""2019"",""2020"",""2021"",""2022"",""2023"",""2024"",""2025""]",True,0,0.0,473,6773,0,0,1,22,22,0.0032481913479994093,611,693,0,6773,0,0,0,0,0,"[""학교구분명""]","[{""field"":""학교구분명"",""sample_distinct_keys"":6649,""incremental_keys"":0,""sample_uniqueness_rate"":0.9816920124021852}]",0.9816920124021852,school_year_open_id_unique,medium,review_required,data/processed/edss/panel/대학정보공시/0303_기회균형선발결과/panel.csv.gz,9011b9cf873fc85a28240c791c1dc1045b07ccb2bb26a0c03119bf6a0f463cfc
대학정보공시,0304,기회균형선발결과상세,panel,3173,18,"[""2009"",""2010"",""2011"",""2012"",""2013"",""2014"",""2015"",""2016"",""2017"",""2018"",""2019"",""2020"",""2021""]",True,0,0.0,338,2137,507,1036,18,14,25,0.00787897888433659,411,450,0,3173,0,0,0,0,0,"[""학교구분명"",""독자적기준명""]","[{""field"":""독자적기준명"",""sample_distinct_keys"":3048,""incremental_keys"":928,""sample_uniqueness_rate"":0.960605105578317},{""field"":""학교구분명"",""sample_distinct_keys"":2135,""incremental_keys"":15,""sample_uniqueness_rate"":0.6728647967223448}]",0.9599747872675701,additional_dimensions_required,medium,review_required,data/processed/edss/panel/대학정보공시/0304_기회균형선발결과상세/panel.csv.gz,7436d6761b1280022d539d6cc76f7a0618d35a618e41979a2844549628e28b33
대학정보공시,0305,신입생충원현황,panel,467149,33,"[""2009"",""2010"",""2011"",""2012"",""2013"",""2014"",""2015"",""2016"",""2017"",""2018"",""2019"",""2020"",""2021"",""2022"",""2023"",""2024"",""2025""]",True,0,0.0,456,6664,6478,460485,561,32,262,0.00056084889403595,94655,109282,0,467149,0,0,0,0,0,"[""학교구분명"",""주야간계절구분명"",""학과구분불가정원외지원자수"",""학과구분불가정원외모집인원수"",""학과명"",""학과상태명"",""학과특성명"",""단과대학명""]","[{""field"":""학과명"",""sample_distinct_keys"":9739,""incremental_keys"":5806,""sample_uniqueness_rate"":0.9837373737373737},{""field"":""단과대학명"",""sample_distinct_keys"":7053,""incremental_keys"":3120,""sample_uniqueness_rate"":0.7124242424242424},{""field"":""학과상태명"",""sample_distinct_keys"":5682,""incremental_keys"":1749,""sample_uniqueness_rate"":0.573939393939394},{""field"":""주야간계절구분명"",""sample_distinct_keys"":4586,""incremental_keys"":653,""sample_uniqueness_rate"":0.4632323232323232},{""field"":""학과특성명"",""sample_distinct_keys"":4471,""incremental_keys"":538,""sample_uniqueness_rate"":0.45161616161616164},{""field"":""학교구분명"",""sample_distinct_keys"":3994,""incremental_keys"":61,""sample_uniqueness_rate"":0.4034343434343434},{""field"":""학과구분불가정원외모집인원수"",""sample_distinct_keys"":3904,""incremental_keys"":0,""sample_uniqueness_rate"":0.39434343434343433},{""field"":""학과구분불가정원외지원자수"",""sample_distinct_keys"":3897,""incremental_keys"":0,""sample_uniqueness_rate"":0.3936363636363636}]",0.9837373737373737,additional_dimensions_required,medium,review_required,data/processed/edss/panel/대학정보공시/0305_신입생충원현황/panel.csv.gz,60968e8b2b953f60faca5030c5b117650df09fafd515acafe3f78ea136928ae1
대학정보공시,0306,신입생충원현황_대학원,panel,55533,41,"[""2009"",""2010"",""2011"",""2012"",""2013"",""2014"",""2015"",""2016"",""2017"",""2018"",""2019"",""2020"",""2021"",""2022"",""2023"",""2024"",""2025""]",True,0,0.0,1911,22801,16410,32732,3,22,55,0.000990402103253921,1405,1573,0,55533,0,0,0,0,0,"[""학교구분명"",""학위과정구분명"",""석박사통합과정지원자수"",""석사과정입학정원수"",""박사과정입학정원수"",""석박사통합과정입학정원수"",""석사과정지원자수"",""박사과정지원자수""]","[{""field"":""학위과정구분명"",""sample_distinct_keys"":9986,""incremental_keys"":1679,""sample_uniqueness_rate"":1.0},{""field"":""학교구분명"",""sample_distinct_keys"":8541,""incremental_keys"":234,""sample_uniqueness_rate"":0.8552974163829361},{""field"":""석박사통합과정입학정원수"",""sample_distinct_keys"":8415,""incremental_keys"":108,""sample_uniqueness_rate"":0.8426797516523132},{""field"":""석사과정지원자수"",""sample_distinct_keys"":8415,""incremental_keys"":108,""sample_uniqueness_rate"":0.8426797516523132},{""field"":""석사과정입학정원수"",""sample_distinct_keys"":8399,""incremental_keys"":92,""sample_uniqueness_rate"":0.8410775085119166},{""field"":""석박사통합과정지원자수"",""sample_distinct_keys"":8391,""incremental_keys"":84,""sample_uniqueness_rate"":0.8402763869417184},{""field"":""박사과정지원자수"",""sample_distinct_keys"":8384,""incremental_keys"":77,""sample_uniqueness_rate"":0.8395754055677949},{""field"":""박사과정입학정원수"",""sample_distinct_keys"":8353,""incremental_keys"":46,""sample_uniqueness_rate"":0.8364710594832766}]",1.0,additional_dimensions_required,medium,review_required,data/processed/edss/panel/대학정보공시/0306_신입생충원현황_대학원/panel.csv.gz,0da3817b613dcb0be6f2eb1ba55bd8e5fb7a29412e52fd52633695355335d43f
대학정보공시,0307,재학생충원현황,panel,40463,24,"[""2009"",""2010"",""2011"",""2012"",""2013"",""2014"",""2015"",""2016"",""2017"",""2018"",""2019"",""2020"",""2021"",""2022"",""2023"",""2024"",""2025""]",True,0,0.0,456,6942,6903,33521,10,38,86,0.0021253985122210413,4317,4952,0,40463,0,0,0,0,0,"[""학교구분명"",""교육부계열명"",""재학생충원기준년도명""]","[{""field"":""교육부계열명"",""sample_distinct_keys"":9771,""incremental_keys"":4416,""sample_uniqueness_rate"":0.9796470824142771},{""field"":""재학생충원기준년도명"",""sample_distinct_keys"":6436,""incremental_keys"":1081,""sample_uniqueness_rate"":0.6452777220774012},{""field"":""학교구분명"",""sample_distinct_keys"":5422,""incremental_keys"":67,""sample_uniqueness_rate"":0.543613394826549}]",1.0,additional_dimensions_required,medium,review_required,data/processed/edss/panel/대학정보공시/0307_재학생충원현황/panel.csv.gz,2ceb3e59f98c56c96b938975f6b7538213de7a967d702a74852162c7d2f80663
대학정보공시,0308,재학생충원현황_대학원,panel,116726,26,"[""2009"",""2010"",""2011"",""2012"",""2013"",""2014"",""2015"",""2016"",""2017"",""2018"",""2019"",""2020"",""2021"",""2022"",""2023"",""2024"",""2025""]",True,0,0.0,1954,23373,23360,93353,5,28,134,0.001147987594880318,2720,3010,0,116726,0,0,0,0,0,"[""학교구분명"",""교육부계열명""]","[{""field"":""교육부계열명"",""sample_distinct_keys"":9728,""incremental_keys"":1329,""sample_uniqueness_rate"":0.996823445025105},{""field"":""학교구분명"",""sample_distinct_keys"":8099,""incremental_keys"":0,""sample_uniqueness_rate"":0.8299006045701404}]",1.0,additional_dimensions_required,medium,review_required,data/processed/edss/panel/대학정보공시/0308_재학생충원현황_대학원/panel.csv.gz,5ad6ca473ba05ad80dbafccec40b9ae7178a8b2611fd5c8b17c4599755b0b5a9
대학정보공시,0309,편입학선발결과,panel,140962,40,"[""2009"",""2010"",""2011"",""2012"",""2013"",""2014"",""2015"",""2016"",""2017"",""2018"",""2019"",""2020"",""2021"",""2022"",""2023"",""2024"",""2025""]",True,0,0.0,366,4177,4017,136785,178,3,9,6.384699422539408e-05,34833,39410,0,140960,2,0,0,0,0,"[""학교구분명"",""학기구분명"",""정원외기타학과구분불가계획내용"",""정원외기타학과구분불가지원자수"",""편입생모집시기명"",""모집단위내용""]","[{""field"":""모집단위내용"",""sample_distinct_keys"":6894,""incremental_keys"":3970,""sample_uniqueness_rate"":0.6839964282170851},{""field"":""학기구분명"",""sample_distinct_keys"":3658,""incremental_keys"":734,""sample_uniqueness_rate"":0.3629328306379601},{""field"":""편입생모집시기명"",""sample_distinct_keys"":3643,""incremental_keys"":719,""sample_uniqueness_rate"":0.3614445877567219},{""field"":""정원외기타학과구분불가계획내용"",""sample_distinct_keys"":3061,""incremental_keys"":137,""sample_uniqueness_rate"":0.30370076396467904},{""field"":""정원외기타학과구분불가지원자수"",""sample_distinct_keys"":3017,""incremental_keys"":93,""sample_uniqueness_rate"":0.2993352515130469},{""field"":""학교구분명"",""sample_distinct_keys"":2926,""incremental_keys"":2,""sample_uniqueness_rate"":0.29030657803353505}]",0.728544498462149,additional_dimensions_required,medium,review_required,data/processed/edss/panel/대학정보공시/0309_편입학선발결과/panel.csv.gz,446b779542938b9d73854cf27d2706ceac563ff9d7211a0545b57c397251fe67
대학정보공시,0310,재적학생현황,panel,441474,29,"[""2009"",""2010"",""2011"",""2012"",""2013"",""2014"",""2015"",""2016"",""2017"",""2018"",""2019"",""2020"",""2021"",""2022"",""2023"",""2024"",""2025""]",True,0,0.0,455,6910,6711,434564,564,33,273,0.0006183829625300698,80536,91665,0,441474,0,0,0,0,0,"[""학교구분명"",""주야간계절구분명"",""학과명"",""학과상태명"",""학과특성명"",""단과대학명""]","[{""field"":""학과명"",""sample_distinct_keys"":9960,""incremental_keys"":5774,""sample_uniqueness_rate"":0.9921306903077995},{""field"":""단과대학명"",""sample_distinct_keys"":7331,""incremental_keys"":3145,""sample_uniqueness_rate"":0.7302520171331806},{""field"":""학과상태명"",""sample_distinct_keys"":5867,""incremental_keys"":1681,""sample_uniqueness_rate"":0.584420759039745},{""field"":""주야간계절구분명"",""sample_distinct_keys"":4898,""incremental_keys"":712,""sample_uniqueness_rate"":0.48789720091642597},{""field"":""학과특성명"",""sample_distinct_keys"":4688,""incremental_keys"":502,""sample_uniqueness_rate"":0.4669787827472856},{""field"":""학교구분명"",""sample_distinct_keys"":4142,""incremental_keys"":0,""sample_uniqueness_rate"":0.41259089550752065}]",1.0,additional_dimensions_required,medium,review_required,data/processed/edss/panel/대학정보공시/0310_재적학생현황/panel.csv.gz,f750a9cc6fa9b28a311a3529d33708bb6be1bfbc678c7cf0103623ec385f6151
대학정보공시,0311,재적학생현황_대학원,panel,211248,48,"[""2009"",""2010"",""2011"",""2012"",""2013"",""2014"",""2015"",""2016"",""2017"",""2018"",""2019"",""2020"",""2021"",""2022"",""2023"",""2024"",""2025""]",True,0,0.0,1935,21221,15616,190027,261,12,72,0.00034083162917518747,25527,29345,0,211248,0,0,0,0,0,"[""학교구분명"",""주야간계절구분명"",""학위과정구분명"",""학과명"",""학과상태명"",""학과특성명"",""단과대학명""]","[{""field"":""학과명"",""sample_distinct_keys"":9804,""incremental_keys"":4332,""sample_uniqueness_rate"":0.9980657640232108},{""field"":""학위과정구분명"",""sample_distinct_keys"":6460,""incremental_keys"":988,""sample_uniqueness_rate"":0.6576402321083172},{""field"":""학과상태명"",""sample_distinct_keys"":6007,""incremental_keys"":535,""sample_uniqueness_rate"":0.6115239743459229},{""field"":""주야간계절구분명"",""sample_distinct_keys"":5623,""incremental_keys"":151,""sample_uniqueness_rate"":0.5724320472360785},{""field"":""학과특성명"",""sample_distinct_keys"":5498,""incremental_keys"":26,""sample_uniqueness_rate"":0.5597068105466761},{""field"":""단과대학명"",""sample_distinct_keys"":5385,""incremental_keys"":0,""sample_uniqueness_rate"":0.5482031965794564},{""field"":""학교구분명"",""sample_distinct_keys"":5422,""incremental_keys"":0,""sample_uniqueness_rate"":0.5519698666395195}]",0.995826122365876,additional_dimensions_required,medium,review_required,data/processed/edss/panel/대학정보공시/0311_재적학생현황_대학원/panel.csv.gz,31d92f2d188b2e24580c08a425a554bb773f302cb8f9c7dd1e944242e096fcdc
대학정보공시,0312,외국인유학생현황,panel,75918,32,"[""2009"",""2010"",""2011"",""2012"",""2013"",""2014"",""2015"",""2016"",""2017"",""2018"",""2019"",""2020"",""2021"",""2022"",""2023"",""2024"",""2025""]",True,0,0.0,425,5505,4684,70413,138,13,69,0.0009088753655259622,19562,22204,0,75918,0,0,0,0,0,"[""학교구분명"",""국가명""]","[{""field"":""국가명"",""sample_distinct_keys"":10137,""incremental_keys"":6919,""sample_uniqueness_rate"":1.0},{""field"":""학교구분명"",""sample_distinct_keys"":3249,""incremental_keys"":31,""sample_uniqueness_rate"":0.32050902633915357}]",1.0,additional_dimensions_required,medium,review_required,data/processed/edss/panel/대학정보공시/0312_외국인유학생현황/panel.csv.gz,d4a7827496d09a0f5aa3b70b461854c102a4f670e4e17bd7660586e9005a8781
대학정보공시,0313,외국인유학생현황_대학원,panel,76919,44,"[""2009"",""2010"",""2011"",""2012"",""2013"",""2014"",""2015"",""2016"",""2017"",""2018"",""2019"",""2020"",""2021"",""2022"",""2023"",""2024"",""2025""]",True,0,0.0,1358,11028,7189,65891,119,7,78,0.001014053744848477,8923,10263,0,76919,0,0,0,0,0,"[""학교구분명"",""국가명"",""기술계열석박사통합과정외국인수"",""예술계열석박사통합과정외국인수"",""의학계열석박사통합과정외국인수"",""공동운영석박사통합과정외국인수"",""과학계열석박사통합과정외국인수"",""사회계열석박사통합과정외국인수"",""인문사회계열석사과정외국인수"",""자연과학계열석사과정외국인수"",""인문사회계열박사과정외국인수"",""자연과학계열박사과정외국인수""]","[{""field"":""국가명"",""sample_distinct_keys"":10047,""incremental_keys"":5635,""sample_uniqueness_rate"":1.0},{""field"":""인문사회계열석사과정외국인수"",""sample_distinct_keys"":6720,""incremental_keys"":2308,""sample_uniqueness_rate"":0.6688563750373245},{""field"":""인문사회계열박사과정외국인수"",""sample_distinct_keys"":5370,""incremental_keys"":958,""sample_uniqueness_rate"":0.5344879068378621},{""field"":""자연과학계열석사과정외국인수"",""sample_distinct_keys"":5260,""incremental_keys"":848,""sample_uniqueness_rate"":0.5235393649845725},{""field"":""자연과학계열박사과정외국인수"",""sample_distinct_keys"":5077,""incremental_keys"":665,""sample_uniqueness_rate"":0.5053249726286454},{""field"":""기술계열석박사통합과정외국인수"",""sample_distinct_keys"":4888,""incremental_keys"":476,""sample_uniqueness_rate"":0.4865133870807206},{""field"":""과학계열석박사통합과정외국인수"",""sample_distinct_keys"":4742,""incremental_keys"":330,""sample_uniqueness_rate"":0.4719816860754454},{""field"":""사회계열석박사통합과정외국인수"",""sample_distinct_keys"":4595,""incremental_keys"":183,""sample_uniqueness_rate"":0.45735045287150394},{""field"":""의학계열석박사통합과정외국인수"",""sample_distinct_keys"":4549,""incremental_keys"":137,""sample_uniqueness_rate"":0.4527719717328556},{""field"":""예술계열석박사통합과정외국인수"",""sample_distinct_keys"":4489,""incremental_keys"":77,""sample_uniqueness_rate"":0.44680003981287947},{""field"":""학교구분명"",""sample_distinct_keys"":4462,""incremental_keys"":50,""sample_uniqueness_rate"":0.4441126704488902},{""field"":""공동운영석박사통합과정외국인수"",""sample_distinct_keys"":4459,""incremental_keys"":47,""sample_uniqueness_rate"":0.4438140738528914}]",0.9982084204240071,additional_dimensions_required,medium,review_required,data/processed/edss/panel/대학정보공시/0313_외국인유학생현황_대학원/panel.csv.gz,20dafe69edefffe226801fafcd262cb21174fed5b57b27784f354ec5c00e2365
대학정보공시,0314,외국인유학생중도탈락현황,panel,80360,29,"[""2010"",""2011"",""2012"",""2013"",""2014"",""2015"",""2016"",""2017"",""2018"",""2019"",""2020"",""2021"",""2022"",""2023"",""2024"",""2025""]",True,0,0.0,421,5302,4560,75058,157,5,10,0.00012444001991040318,19880,22591,0,80360,0,0,0,0,0,"[""학교구분명"",""국가명""]","[{""field"":""국가명"",""sample_distinct_keys"":10101,""incremental_keys"":6995,""sample_uniqueness_rate"":1.0},{""field"":""학교구분명"",""sample_distinct_keys"":3067,""incremental_keys"":0,""sample_uniqueness_rate"":0.30363330363330365}]",1.0,additional_dimensions_required,medium,review_required,data/processed/edss/panel/대학정보공시/0314_외국인유학생중도탈락현황/panel.csv.gz,3df34e9b20983ba33c199576dde3419ca4d295a746f8f948582b9e41af499153
대학정보공시,0315,외국인유학생중도탈락현황_대학원,panel,83338,36,"[""2010"",""2011"",""2012"",""2013"",""2014"",""2015"",""2016"",""2017"",""2018"",""2019"",""2020"",""2021"",""2022"",""2023"",""2024"",""2025""]",True,0,0.0,1321,11082,7447,72256,119,15,44,0.0005279704336557153,9356,10816,0,83338,0,0,0,0,0,"[""학교구분명"",""국가명"",""석사과정중도탈락자수"",""박사과정중도탈락자수"",""석박사통합과정중도탈락자수"",""의학계열중도탈락자수"",""인문사회계열중도탈락자수"",""자연과학계열중도탈락자수"",""공학계열중도탈락자수"",""예체능계열중도탈락자수""]","[{""field"":""국가명"",""sample_distinct_keys"":9590,""incremental_keys"":5395,""sample_uniqueness_rate"":0.9709425939050319},{""field"":""석사과정중도탈락자수"",""sample_distinct_keys"":4898,""incremental_keys"":703,""sample_uniqueness_rate"":0.4958995646451352},{""field"":""박사과정중도탈락자수"",""sample_distinct_keys"":4574,""incremental_keys"":379,""sample_uniqueness_rate"":0.4630960818062165},{""field"":""석박사통합과정중도탈락자수"",""sample_distinct_keys"":4371,""incremental_keys"":176,""sample_uniqueness_rate"":0.44254328237319024},{""field"":""공학계열중도탈락자수"",""sample_distinct_keys"":4290,""incremental_keys"":95,""sample_uniqueness_rate"":0.43434241166346055},{""field"":""인문사회계열중도탈락자수"",""sample_distinct_keys"":4290,""incremental_keys"":95,""sample_uniqueness_rate"":0.43434241166346055},{""field"":""학교구분명"",""sample_distinct_keys"":4285,""incremental_keys"":90,""sample_uniqueness_rate"":0.43383618507644023},{""field"":""자연과학계열중도탈락자수"",""sample_distinct_keys"":4279,""incremental_keys"":84,""sample_uniqueness_rate"":0.4332287131720158},{""field"":""예체능계열중도탈락자수"",""sample_distinct_keys"":4262,""incremental_keys"":67,""sample_uniqueness_rate"":0.4315075427761466},{""field"":""의학계열중도탈락자수"",""sample_distinct_keys"":4256,""incremental_keys"":61,""sample_uniqueness_rate"":0.43090007087172216}]",1.0,additional_dimensions_required,medium,review_required,data/processed/edss/panel/대학정보공시/0315_외국인유학생중도탈락현황_대학원/panel.csv.gz,236e9af889567699f699f4c5f0ca1640ec210b4b6df168ecddf2027a21ad9cd9
대학정보공시,0316,중도탈락학생현황,panel,427493,40,"[""2009"",""2010"",""2011"",""2012"",""2013"",""2014"",""2015"",""2016"",""2017"",""2018"",""2019"",""2020"",""2021"",""2022"",""2023"",""2024"",""2025""]",True,0,0.0,454,6906,6707,420587,561,48,907,0.0021216721677314015,76316,86474,0,427493,0,0,0,0,0,"[""학교구분명"",""주야간계절구분명"",""학위과정구분명"",""학과명"",""학과상태명"",""학과특성명"",""단과대학명""]","[{""field"":""학과명"",""sample_distinct_keys"":9570,""incremental_keys"":5496,""sample_uniqueness_rate"":0.9580538592451697},{""field"":""단과대학명"",""sample_distinct_keys"":7014,""incremental_keys"":2940,""sample_uniqueness_rate"":0.7021723896285914},{""field"":""학과상태명"",""sample_distinct_keys"":5591,""incremental_keys"":1517,""sample_uniqueness_rate"":0.5597156872559815},{""field"":""주야간계절구분명"",""sample_distinct_keys"":4852,""incremental_keys"":778,""sample_uniqueness_rate"":0.48573430773851234},{""field"":""학과특성명"",""sample_distinct_keys"":4691,""incremental_keys"":617,""sample_uniqueness_rate"":0.4696165782360597},{""field"":""학위과정구분명"",""sample_distinct_keys"":4228,""incremental_keys"":154,""sample_uniqueness_rate"":0.4232655921513665},{""field"":""학교구분명"",""sample_distinct_keys"":4134,""incremental_keys"":60,""sample_uniqueness_rate"":0.4138552407648413}]",0.9891881069176094,additional_dimensions_required,medium,review_required,data/processed/edss/panel/대학정보공시/0316_중도탈락학생현황/panel.csv.gz,dd4ab8a3c4e80f138b511a63033a5af317035847db94cd9a8d70c304d20a1af3
대학정보공시,0317,중도탈락학생현황_대학원,panel,389379,54,"[""2009"",""2010"",""2011"",""2012"",""2013"",""2014"",""2015"",""2016"",""2017"",""2018"",""2019"",""2020"",""2021"",""2022"",""2023"",""2024"",""2025""]",True,0,0.0,1852,21292,17315,368087,750,55,230,0.0005906841406444621,41148,47479,0,389379,0,0,0,0,0,"[""학교구분명"",""학위과정구분명"",""학과명"",""학과상태명"",""학과특성명"",""단과대학명"",""박사과정유급제적중도탈락자수"",""박사과정학생활동중도탈락자수"",""박사과정학사경고중도탈락자수"",""박사과정자퇴중도탈락자수"",""박사과정미복학중도탈락자수"",""박사과정미등록중도탈락자수"",""석사과정기타중도탈락자수"",""석사과정수업연한초과중도탈락자수"",""석사과정유급제적중도탈락자수"",""박사과정수업연한초과중도탈락자수"",""박사과정기타중도탈락자수"",""석박사통합과정미등록중도탈락자수"",""석박사통합과정미복학중도탈락자수"",""석박사통합과정자퇴중도탈락자수"",""석박사통합과정기타중도탈락자수"",""석사과정학생활동중도탈락자수"",""석사과정학사경고중도탈락자수"",""석사과정자퇴중도탈락자수""]","[{""field"":""학과명"",""sample_distinct_keys"":9870,""incremental_keys"":4892,""sample_uniqueness_rate"":0.9886807572873886},{""field"":""학위과정구분명"",""sample_distinct_keys"":6346,""incremental_keys"":1368,""sample_uniqueness_rate"":0.6356806571170991},{""field"":""학과상태명"",""sample_distinct_keys"":5900,""incremental_keys"":922,""sample_uniqueness_rate"":0.5910047080036062},{""field"":""석사과정자퇴중도탈락자수"",""sample_distinct_keys"":5698,""incremental_keys"":720,""sample_uniqueness_rate"":0.5707703095261946},{""field"":""박사과정미복학중도탈락자수"",""sample_distinct_keys"":5268,""incremental_keys"":290,""sample_uniqueness_rate"":0.5276970850445758},{""field"":""박사과정자퇴중도탈락자수"",""sample_distinct_keys"":5207,""incremental_keys"":229,""sample_uniqueness_rate"":0.5215866973855554},{""field"":""박사과정미등록중도탈락자수"",""sample_distinct_keys"":5046,""incremental_keys"":68,""sample_uniqueness_rate"":0.5054592807773215},{""field"":""석박사통합과정자퇴중도탈락자수"",""sample_distinct_keys"":5042,""incremental_keys"":64,""sample_uniqueness_rate"":0.505058599619353},{""field"":""학과특성명"",""sample_distinct_keys"":5005,""incremental_keys"":27,""sample_uniqueness_rate"":0.5013522989081438},{""field"":""단과대학명"",""sample_distinct_keys"":4951,""incremental_keys"":0,""sample_uniqueness_rate"":0.49594310327556845},{""field"":""박사과정기타중도탈락자수"",""sample_distinct_keys"":4948,""incremental_keys"":0,""sample_uniqueness_rate"":0.4956425924070921},{""field"":""박사과정수업연한초과중도탈락자수"",""sample_distinct_keys"":4941,""incremental_keys"":0,""sample_uniqueness_rate"":0.4949414003806471},{""field"":""박사과정유급제적중도탈락자수"",""sample_distinct_keys"":4921,""incremental_keys"":0,""sample_uniqueness_rate"":0.49293799459080434},{""field"":""박사과정학사경고중도탈락자수"",""sample_distinct_keys"":4917,""incremental_keys"":0,""sample_uniqueness_rate"":0.4925373134328358},{""field"":""박사과정학생활동중도탈락자수"",""sample_distinct_keys"":4921,""incremental_keys"":0,""sample_uniqueness_rate"":0.49293799459080434},{""field"":""석박사통합과정기타중도탈락자수"",""sample_distinct_keys"":4927,""incremental_keys"":0,""sample_uniqueness_rate"":0.4935390163277572},{""field"":""석박사통합과정미등록중도탈락자수"",""sample_distinct_keys"":4968,""incremental_keys"":0,""sample_uniqueness_rate"":0.4976459981969348},{""field"":""석박사통합과정미복학중도탈락자수"",""sample_distinct_keys"":4978,""incremental_keys"":0,""sample_uniqueness_rate"":0.49864770109185613},{""field"":""석사과정기타중도탈락자수"",""sample_distinct_keys"":4968,""incremental_keys"":0,""sample_uniqueness_rate"":0.4976459981969348},{""field"":""석사과정수업연한초과중도탈락자수"",""sample_distinct_keys"":4944,""incremental_keys"":0,""sample_uniqueness_rate"":0.49524191124912353},{""field"":""석사과정유급제적중도탈락자수"",""sample_distinct_keys"":4924,""incremental_keys"":0,""sample_uniqueness_rate"":0.4932385054592808},{""field"":""석사과정학사경고중도탈락자수"",""sample_distinct_keys"":4931,""incremental_keys"":0,""sample_uniqueness_rate"":0.49393969748572575},{""field"":""석사과정학생활동중도탈락자수"",""sample_distinct_keys"":4924,""incremental_keys"":0,""sample_uniqueness_rate"":0.4932385054592808},{""field"":""학교구분명"",""sample_distinct_keys"":4921,""incremental_keys"":0,""sample_uniqueness_rate"":0.49293799459080434}]",1.0,additional_dimensions_required,medium,review_required,data/processed/edss/panel/대학정보공시/0317_중도탈락학생현황_대학원/panel.csv.gz,c97a4f4a8275b8528b21d9986cc63d14c7844dafc4231d4396fae8de2298ac90
대학정보공시,0318,학사학위전공심화과정학생현황,panel,1844,19,"[""2009"",""2010"",""2011"",""2012"",""2013"",""2014"",""2015"",""2016"",""2017"",""2018"",""2019"",""2020"",""2021"",""2022"",""2023"",""2024"",""2025""]",True,0,0.0,145,1844,0,0,1,18,18,0.009761388286334056,25,25,0,1844,0,0,0,0,0,"[""학교구분명"",""학사학위전공심화과정_입학정원수""]","[{""field"":""학교구분명"",""sample_distinct_keys"":1835,""incremental_keys"":0,""sample_uniqueness_rate"":0.995119305856833},{""field"":""학사학위전공심화과정_입학정원수"",""sample_distinct_keys"":1830,""incremental_keys"":0,""sample_uniqueness_rate"":0.9924078091106291}]",1.0,school_year_open_id_unique,medium,review_required,data/processed/edss/panel/대학정보공시/0318_학사학위전공심화과정학생현황/panel.csv.gz,9bd839fed7ab2f300b4f1cc43da287fa00013fee40c7681f3c79150f095fb43f
대학정보공시,0319,신입생의출신고등학교유형별현황,panel,56716,43,"[""2010"",""2011"",""2012"",""2013"",""2014"",""2015"",""2016"",""2017"",""2018"",""2019"",""2020"",""2021"",""2022"",""2023"",""2024"",""2025""]",True,0,0.0,421,6172,6072,50544,306,1,8,0.00014105367092178575,9293,10655,0,56716,0,0,0,0,0,"[""전형유형코드"",""공통세부유형코드"",""학교구분명"",""전형유형명"",""전형명""]","[{""field"":""공통세부유형코드"",""sample_distinct_keys"":9261,""incremental_keys"":4481,""sample_uniqueness_rate"":0.9268414731785428},{""field"":""전형명"",""sample_distinct_keys"":8992,""incremental_keys"":4212,""sample_uniqueness_rate"":0.899919935948759},{""field"":""전형유형코드"",""sample_distinct_keys"":7367,""incremental_keys"":2587,""sample_uniqueness_rate"":0.7372898318654924},{""field"":""전형유형명"",""sample_distinct_keys"":5366,""incremental_keys"":586,""sample_uniqueness_rate"":0.5370296236989591},{""field"":""학교구분명"",""sample_distinct_keys"":4813,""incremental_keys"":33,""sample_uniqueness_rate"":0.4816853482786229}]",1.0,additional_dimensions_required,medium,review_required,data/processed/edss/panel/대학정보공시/0319_신입생의출신고등학교유형별현황/panel.csv.gz,9e3aa0c2151f3df57cfbd27fff12e68d1e7ada610d09eba44b27cb042ffefff3
대학정보공시,0401,졸업생현황,panel,1654680,28,"[""2009"",""2010"",""2011"",""2012"",""2013"",""2014"",""2015"",""2016"",""2017"",""2018"",""2019"",""2020"",""2021"",""2022"",""2023"",""2024"",""2025""]",True,0,0.0,449,6718,6667,1647962,1871,32,645,0.00038980346653129307,385598,437276,0,1654680,0,0,0,0,0,"[""학교구분명"",""주야간계절구분명"",""학위과정구분명"",""학과명"",""학과상태명"",""학과특성명"",""단과대학명"",""입학년월""]","[{""field"":""학과명"",""sample_distinct_keys"":9518,""incremental_keys"":5947,""sample_uniqueness_rate"":0.9605409223937834},{""field"":""입학년월"",""sample_distinct_keys"":8021,""incremental_keys"":4450,""sample_uniqueness_rate"":0.80946614189121},{""field"":""단과대학명"",""sample_distinct_keys"":7115,""incremental_keys"":3544,""sample_uniqueness_rate"":0.7180341104046826},{""field"":""학과상태명"",""sample_distinct_keys"":4978,""incremental_keys"":1407,""sample_uniqueness_rate"":0.502371581390655},{""field"":""주야간계절구분명"",""sample_distinct_keys"":4077,""incremental_keys"":506,""sample_uniqueness_rate"":0.4114441416893733},{""field"":""학교구분명"",""sample_distinct_keys"":3709,""incremental_keys"":138,""sample_uniqueness_rate"":0.3743061862952871},{""field"":""학위과정구분명"",""sample_distinct_keys"":3680,""incremental_keys"":109,""sample_uniqueness_rate"":0.37137955394086186},{""field"":""학과특성명"",""sample_distinct_keys"":3616,""incremental_keys"":45,""sample_uniqueness_rate"":0.36492077908971643}]",1.0,additional_dimensions_required,medium,review_required,data/processed/edss/panel/대학정보공시/0401_졸업생현황/panel.csv.gz,a4f1a86a06865662cd6cbc33fbda9c7f1e6ae5649a0f3929a6ec056ffa3ebfe9
대학정보공시,0402,졸업생현황_일반대학원,panel,327939,31,"[""2009"",""2010"",""2011"",""2012"",""2013"",""2014"",""2015"",""2016"",""2017"",""2018"",""2019"",""2020"",""2021"",""2022"",""2023""]",True,0,0.0,180,2491,2449,325448,1494,2,231,0.0007043992937710977,72242,80826,0,327939,0,0,0,0,0,"[""학교구분명"",""주야간계절구분명"",""학위과정구분명"",""학과명"",""학과상태명"",""단과대학명"",""석사학위입학년월"",""박사학위입학년월""]","[{""field"":""학과명"",""sample_distinct_keys"":9083,""incremental_keys"":7349,""sample_uniqueness_rate"":0.9141505636070854},{""field"":""박사학위입학년월"",""sample_distinct_keys"":5042,""incremental_keys"":3308,""sample_uniqueness_rate"":0.5074476650563607},{""field"":""석사학위입학년월"",""sample_distinct_keys"":5001,""incremental_keys"":3267,""sample_uniqueness_rate"":0.5033212560386473},{""field"":""학위과정구분명"",""sample_distinct_keys"":2725,""incremental_keys"":991,""sample_uniqueness_rate"":0.2742552334943639},{""field"":""학과상태명"",""sample_distinct_keys"":2229,""incremental_keys"":495,""sample_uniqueness_rate"":0.22433574879227053},{""field"":""단과대학명"",""sample_distinct_keys"":1860,""incremental_keys"":126,""sample_uniqueness_rate"":0.18719806763285024},{""field"":""학교구분명"",""sample_distinct_keys"":1777,""incremental_keys"":43,""sample_uniqueness_rate"":0.17884460547504025},{""field"":""주야간계절구분명"",""sample_distinct_keys"":1765,""incremental_keys"":31,""sample_uniqueness_rate"":0.17763687600644124}]",0.9715177133655395,additional_dimensions_required,medium,review_required,data/processed/edss/panel/대학정보공시/0402_졸업생현황_일반대학원/panel.csv.gz,bc42884ad8e4e5ea02f4708794d40a9abf7a2576a2a137a672c1b6838504079a
대학정보공시,0403,졸업생현황_전문대학원,panel,66040,26,"[""2009"",""2010"",""2011"",""2012"",""2013"",""2014"",""2015"",""2016"",""2017"",""2018"",""2019"",""2020"",""2021"",""2022"",""2023""]",True,0,0.0,1455,7448,5425,58592,225,1,16,0.00024227740763173834,4447,4534,0,66040,0,0,0,0,0,"[""학교구분명"",""주야간계절구분명"",""학위과정구분명"",""학과명"",""학과상태명"",""단과대학명""]","[{""field"":""학과명"",""sample_distinct_keys"":10058,""incremental_keys"":6466,""sample_uniqueness_rate"":1.0},{""field"":""학과상태명"",""sample_distinct_keys"":4319,""incremental_keys"":727,""sample_uniqueness_rate"":0.4294094253330682},{""field"":""학위과정구분명"",""sample_distinct_keys"":4170,""incremental_keys"":578,""sample_uniqueness_rate"":0.41459534698747263},{""field"":""주야간계절구분명"",""sample_distinct_keys"":3722,""incremental_keys"":130,""sample_uniqueness_rate"":0.37005368860608473},{""field"":""단과대학명"",""sample_distinct_keys"":3631,""incremental_keys"":39,""sample_uniqueness_rate"":0.36100616424736526},{""field"":""학교구분명"",""sample_distinct_keys"":3564,""incremental_keys"":0,""sample_uniqueness_rate"":0.3543448001590774}]",1.0,additional_dimensions_required,medium,review_required,data/processed/edss/panel/대학정보공시/0403_졸업생현황_전문대학원/panel.csv.gz,323a0546a71dda3b64525d1da4784bd8ed04d53e06d97d9d2fc8c3927afe1c94
대학정보공시,0404,졸업생현황_특수대학원,panel,60309,24,"[""2013"",""2014"",""2015"",""2016"",""2017"",""2018"",""2019"",""2020"",""2021"",""2022"",""2023""]",True,0,0.0,1232,9242,7754,51067,103,4,8,0.00013265018488119518,1272,1343,0,60309,0,0,0,0,0,"[""학교구분명"",""주야간계절구분명"",""학위과정구분명"",""학과명"",""학과상태명"",""단과대학명""]","[{""field"":""학과명"",""sample_distinct_keys"":9447,""incremental_keys"":4374,""sample_uniqueness_rate"":0.922288392072635},{""field"":""학과상태명"",""sample_distinct_keys"":5472,""incremental_keys"":399,""sample_uniqueness_rate"":0.5342184906765596},{""field"":""주야간계절구분명"",""sample_distinct_keys"":5132,""incremental_keys"":59,""sample_uniqueness_rate"":0.5010250903055745},{""field"":""단과대학명"",""sample_distinct_keys"":4927,""incremental_keys"":0,""sample_uniqueness_rate"":0.4810114224348335},{""field"":""학교구분명"",""sample_distinct_keys"":4944,""incremental_keys"":0,""sample_uniqueness_rate"":0.4826710924533828},{""field"":""학위과정구분명"",""sample_distinct_keys"":4964,""incremental_keys"":0,""sample_uniqueness_rate"":0.4846236454163819}]",0.924338572683784,additional_dimensions_required,medium,review_required,data/processed/edss/panel/대학정보공시/0404_졸업생현황_특수대학원/panel.csv.gz,363ed6860a24887cd704a1d09e9b559f02d6fbdb2b220b583eb6bb67932d7375
대학정보공시,0405,졸업생진학현황_일반대학원,panel,182128,37,"[""2009"",""2010"",""2011"",""2012"",""2013"",""2014"",""2015"",""2016"",""2017"",""2018"",""2019"",""2021"",""2022""]",True,0,0.0,445,5037,4875,177091,221,35,298,0.0016362118949310375,26963,29289,0,182128,0,0,0,0,0,"[""학교구분명"",""주야간계절구분명"",""학위과정구분명"",""학과명"",""학과특성명"",""단과대학명""]","[{""field"":""학과명"",""sample_distinct_keys"":10113,""incremental_keys"":6547,""sample_uniqueness_rate"":1.0},{""field"":""단과대학명"",""sample_distinct_keys"":6679,""incremental_keys"":3113,""sample_uniqueness_rate"":0.6604370612083457},{""field"":""주야간계절구분명"",""sample_distinct_keys"":4293,""incremental_keys"":727,""sample_uniqueness_rate"":0.4245031148027292},{""field"":""학과특성명"",""sample_distinct_keys"":4153,""incremental_keys"":587,""sample_uniqueness_rate"":0.41065954711757147},{""field"":""학위과정구분명"",""sample_distinct_keys"":3724,""incremental_keys"":158,""sample_uniqueness_rate"":0.3682389004251953},{""field"":""학교구분명"",""sample_distinct_keys"":3564,""incremental_keys"":0,""sample_uniqueness_rate"":0.3524176802135865}]",0.9524374567388509,additional_dimensions_required,medium,review_required,data/processed/edss/panel/대학정보공시/0405_졸업생진학현황_일반대학원/panel.csv.gz,cb93472df1faf8a668457f6420e9981960402da5adc0ba353aa73c5c15124677
대학정보공시,0406,졸업생진학현황_전문대학원,panel,62406,38,"[""2009"",""2010"",""2011"",""2012"",""2013"",""2014"",""2015"",""2017"",""2018"",""2019"",""2020"",""2021"",""2022"",""2023""]",True,0,0.0,422,1826,1781,60580,198,31,252,0.004038073262186328,8956,9421,0,62406,0,0,0,0,0,"[""학교구분명"",""주야간계절구분명"",""학위과정구분명"",""학과명"",""학과특성명"",""단과대학명""]","[{""field"":""학과명"",""sample_distinct_keys"":9749,""incremental_keys"":8148,""sample_uniqueness_rate"":0.9797989949748743},{""field"":""단과대학명"",""sample_distinct_keys"":3810,""incremental_keys"":2209,""sample_uniqueness_rate"":0.3829145728643216},{""field"":""주야간계절구분명"",""sample_distinct_keys"":2213,""incremental_keys"":612,""sample_uniqueness_rate"":0.22241206030150754},{""field"":""학과특성명"",""sample_distinct_keys"":2001,""incremental_keys"":400,""sample_uniqueness_rate"":0.20110552763819095},{""field"":""학위과정구분명"",""sample_distinct_keys"":1686,""incremental_keys"":85,""sample_uniqueness_rate"":0.16944723618090451},{""field"":""학교구분명"",""sample_distinct_keys"":1613,""incremental_keys"":12,""sample_uniqueness_rate"":0.16211055276381908}]",1.0,additional_dimensions_required,medium,review_required,data/processed/edss/panel/대학정보공시/0406_졸업생진학현황_전문대학원/panel.csv.gz,2436fb281104936d7350b7c8cb7dda9ae9b5fdd0a2de4e04223490ef74ec2f62
대학정보공시,0407,졸업생진학현황_일반대학원_대학원,panel,58005,29,"[""2009"",""2010"",""2011"",""2012"",""2013"",""2014"",""2015"",""2016"",""2017"",""2018"",""2019"",""2022""]",True,0,0.0,177,1979,1806,56026,159,1,27,0.00046547711404189296,8628,9604,0,58005,0,0,0,0,0,"[""학교구분명"",""주야간계절구분명"",""학위과정구분명"",""학과명"",""학과특성명"",""단과대학명""]","[{""field"":""학과명"",""sample_distinct_keys"":9915,""incremental_keys"":8338,""sample_uniqueness_rate"":0.9877465630603706},{""field"":""학위과정구분명"",""sample_distinct_keys"":2853,""incremental_keys"":1276,""sample_uniqueness_rate"":0.28421996413628214},{""field"":""학과특성명"",""sample_distinct_keys"":1671,""incremental_keys"":94,""sample_uniqueness_rate"":0.16646742378959953},{""field"":""단과대학명"",""sample_distinct_keys"":1614,""incremental_keys"":37,""sample_uniqueness_rate"":0.1607890017931859},{""field"":""주야간계절구분명"",""sample_distinct_keys"":1545,""incremental_keys"":0,""sample_uniqueness_rate"":0.1539151225343694},{""field"":""학교구분명"",""sample_distinct_keys"":1564,""incremental_keys"":0,""sample_uniqueness_rate"":0.15580792986650727}]",0.9854552699740984,additional_dimensions_required,medium,review_required,data/processed/edss/panel/대학정보공시/0407_졸업생진학현황_일반대학원_대학원/panel.csv.gz,3f18a12336fa6275f13467820eef38b8bdfd174d68139ddaed6406b1a6c4cace
대학정보공시,0408,졸업생진학현황_전문대학원_대학원,panel,14887,26,"[""2009"",""2010"",""2011"",""2012"",""2013"",""2014"",""2015"",""2016"",""2017"",""2018"",""2019"",""2020"",""2021"",""2022"",""2023""]",True,0,0.0,275,3265,2128,11622,314,1,16,0.0010747632162289246,49,49,0,14887,0,0,0,0,0,"[""학교구분명"",""주야간계절구분명"",""학위과정구분명"",""학과명"",""학과특성명"",""단과대학명""]","[{""field"":""학과명"",""sample_distinct_keys"":7827,""incremental_keys"":5004,""sample_uniqueness_rate"":0.7925273390036452},{""field"":""학위과정구분명"",""sample_distinct_keys"":3460,""incremental_keys"":637,""sample_uniqueness_rate"":0.3503442689347914},{""field"":""주야간계절구분명"",""sample_distinct_keys"":3053,""incremental_keys"":230,""sample_uniqueness_rate"":0.30913325232887806},{""field"":""학과특성명"",""sample_distinct_keys"":3011,""incremental_keys"":188,""sample_uniqueness_rate"":0.30488051842851355},{""field"":""단과대학명"",""sample_distinct_keys"":2760,""incremental_keys"":0,""sample_uniqueness_rate"":0.27946537059538273},{""field"":""학교구분명"",""sample_distinct_keys"":2770,""incremental_keys"":0,""sample_uniqueness_rate"":0.2804779262859457}]",0.8365735115431349,additional_dimensions_required,medium,review_required,data/processed/edss/panel/대학정보공시/0408_졸업생진학현황_전문대학원_대학원/panel.csv.gz,91790326545008d6ef64df2577adf5b48911ecfb4dbd669f9b768e2207a7097a
대학정보공시,0409,졸업생진학현황_특수대학원,panel,87535,24,"[""2009"",""2010"",""2011"",""2012"",""2013"",""2014"",""2015"",""2016"",""2017"",""2018"",""2019"",""2020"",""2021"",""2022"",""2023""]",True,0,0.0,1344,12774,10509,74761,150,4,8,9.139201462272234e-05,1899,1958,0,87535,0,0,0,0,0,"[""학교구분명"",""주야간계절구분명"",""학위과정구분명"",""학과명"",""학과특성명"",""단과대학명""]","[{""field"":""학과명"",""sample_distinct_keys"":9685,""incremental_keys"":4141,""sample_uniqueness_rate"":0.9749345681497886},{""field"":""주야간계절구분명"",""sample_distinct_keys"":5767,""incremental_keys"":223,""sample_uniqueness_rate"":0.5805315079524864},{""field"":""학교구분명"",""sample_distinct_keys"":5634,""incremental_keys"":90,""sample_uniqueness_rate"":0.5671431447553855},{""field"":""단과대학명"",""sample_distinct_keys"":5464,""incremental_keys"":0,""sample_uniqueness_rate"":0.5500301993154821},{""field"":""학과특성명"",""sample_distinct_keys"":5510,""incremental_keys"":0,""sample_uniqueness_rate"":0.5546607610227502},{""field"":""학위과정구분명"",""sample_distinct_keys"":5529,""incremental_keys"":0,""sample_uniqueness_rate"":0.5565733843366217}]",0.9902355546607611,additional_dimensions_required,medium,review_required,data/processed/edss/panel/대학정보공시/0409_졸업생진학현황_특수대학원/panel.csv.gz,e5b41e8ba355ee13e155f623891c893a4c07344a6bc6495bd455839509195586
대학정보공시,0410,졸업생취업현황,panel,264693,74,"[""2009"",""2010"",""2011"",""2012"",""2013"",""2014"",""2015"",""2016"",""2017"",""2018"",""2019"",""2022"",""2024"",""2025""]",True,0,0.0,449,5339,5211,259354,356,43,370,0.001397845806273683,45692,50919,0,264693,0,0,0,0,0,"[""학교구분명"",""주야간계절구분명"",""학위과정구분명"",""학과명"",""학과상태명"",""학과특성명"",""단과대학명"",""졸업생취업_전공일치수"",""졸업생취업_전공불일치수""]","[{""field"":""학과명"",""sample_distinct_keys"":9674,""incremental_keys"":6115,""sample_uniqueness_rate"":0.9772704313567027},{""field"":""단과대학명"",""sample_distinct_keys"":6485,""incremental_keys"":2926,""sample_uniqueness_rate"":0.6551166784523689},{""field"":""학과상태명"",""sample_distinct_keys"":4931,""incremental_keys"":1372,""sample_uniqueness_rate"":0.49813112435599555},{""field"":""주야간계절구분명"",""sample_distinct_keys"":4214,""incremental_keys"":655,""sample_uniqueness_rate"":0.4256995656126881},{""field"":""학과특성명"",""sample_distinct_keys"":4060,""incremental_keys"":501,""sample_uniqueness_rate"":0.41014243863016464},{""field"":""학위과정구분명"",""sample_distinct_keys"":3744,""incremental_keys"":185,""sample_uniqueness_rate"":0.3782200222244671},{""field"":""졸업생취업_전공일치수"",""sample_distinct_keys"":3734,""incremental_keys"":175,""sample_uniqueness_rate"":0.3772098191736539},{""field"":""졸업생취업_전공불일치수"",""sample_distinct_keys"":3660,""incremental_keys"":101,""sample_uniqueness_rate"":0.3697343165976361},{""field"":""학교구분명"",""sample_distinct_keys"":3559,""incremental_keys"":0,""sample_uniqueness_rate"":0.3595312657844227}]",1.0,additional_dimensions_required,medium,review_required,data/processed/edss/panel/대학정보공시/0410_졸업생취업현황/panel.csv.gz,d7a37e7f7d1434e971ffef66b329816a97e6ad4a1a75260d45d8cbfa6764ddc4
대학정보공시,0411,졸업생취업현황_일반대학원,panel,81939,74,"[""2009"",""2010"",""2011"",""2012"",""2013"",""2014"",""2015"",""2016"",""2017"",""2018"",""2019"",""2022""]",True,0,0.0,177,1981,1870,79958,310,1,3,3.6612602057628233e-05,12430,13800,0,81939,0,0,0,0,0,"[""학교구분명"",""주야간계절구분명"",""학위과정구분명"",""학과명"",""학과상태명"",""학과특성명"",""단과대학명"",""일반대학원_전공일치수"",""일반대학원_전공불일치수""]","[{""field"":""학과명"",""sample_distinct_keys"":9488,""incremental_keys"":7924,""sample_uniqueness_rate"":0.9590619630041444},{""field"":""학위과정구분명"",""sample_distinct_keys"":2865,""incremental_keys"":1301,""sample_uniqueness_rate"":0.2895987061558678},{""field"":""학과상태명"",""sample_distinct_keys"":2191,""incremental_keys"":627,""sample_uniqueness_rate"":0.22146972606893764},{""field"":""일반대학원_전공일치수"",""sample_distinct_keys"":1818,""incremental_keys"":254,""sample_uniqueness_rate"":0.18376629940361872},{""field"":""학과특성명"",""sample_distinct_keys"":1648,""incremental_keys"":84,""sample_uniqueness_rate"":0.16658243202264228},{""field"":""단과대학명"",""sample_distinct_keys"":1621,""incremental_keys"":57,""sample_uniqueness_rate"":0.1638532295562519},{""field"":""일반대학원_전공불일치수"",""sample_distinct_keys"":1599,""incremental_keys"":35,""sample_uniqueness_rate"":0.1616294349540079},{""field"":""주야간계절구분명"",""sample_distinct_keys"":1536,""incremental_keys"":0,""sample_uniqueness_rate"":0.15526129586576368},{""field"":""학교구분명"",""sample_distinct_keys"":1542,""incremental_keys"":0,""sample_uniqueness_rate"":0.15586778530273931}]",0.9662387546750227,additional_dimensions_required,medium,review_required,data/processed/edss/panel/대학정보공시/0411_졸업생취업현황_일반대학원/panel.csv.gz,a6ddef9a57fc840034d7ab68de53d4a7b5d7860278771c7aa7c8aea2ffaa83cf
대학정보공시,0412,졸업생취업현황_전문대학원,panel,15026,41,"[""2009"",""2010"",""2011"",""2012"",""2013"",""2014"",""2015"",""2016"",""2017"",""2018"",""2019"",""2020"",""2021"",""2022"",""2023""]",True,0,0.0,275,3258,2125,11768,314,1,16,0.0010648209769732464,61,61,0,15026,0,0,0,0,0,"[""학교구분명"",""주야간계절구분명"",""학위과정구분명"",""학과명"",""학과상태명"",""학과특성명"",""단과대학명""]","[{""field"":""학과명"",""sample_distinct_keys"":7841,""incremental_keys"":5030,""sample_uniqueness_rate"":0.7799661792499751},{""field"":""학위과정구분명"",""sample_distinct_keys"":3462,""incremental_keys"":651,""sample_uniqueness_rate"":0.3443748134885109},{""field"":""학과상태명"",""sample_distinct_keys"":3231,""incremental_keys"":420,""sample_uniqueness_rate"":0.3213965980304387},{""field"":""주야간계절구분명"",""sample_distinct_keys"":3074,""incremental_keys"":263,""sample_uniqueness_rate"":0.30577936934248484},{""field"":""학과특성명"",""sample_distinct_keys"":2982,""incremental_keys"":171,""sample_uniqueness_rate"":0.29662787227693227},{""field"":""단과대학명"",""sample_distinct_keys"":2791,""incremental_keys"":0,""sample_uniqueness_rate"":0.2776285685864916},{""field"":""학교구분명"",""sample_distinct_keys"":2789,""incremental_keys"":0,""sample_uniqueness_rate"":0.27742962299811}]",0.8433303491495077,additional_dimensions_required,medium,review_required,data/processed/edss/panel/대학정보공시/0412_졸업생취업현황_전문대학원/panel.csv.gz,aba1a3247c4117352521d238f264625067ec446525d213f0e43c962ba7b17997
대학정보공시,0413,졸업생취업현황_특수대학원,panel,87347,32,"[""2009"",""2010"",""2011"",""2012"",""2013"",""2014"",""2015"",""2016"",""2017"",""2018"",""2019"",""2020"",""2021"",""2022"",""2023""]",True,0,0.0,1344,12768,10504,74579,150,5,11,0.00012593449116741272,2021,2092,0,87347,0,0,0,0,0,"[""학교구분명"",""주야간계절구분명"",""학위과정구분명"",""학과명"",""학과상태명"",""학과특성명"",""단과대학명""]","[{""field"":""학과명"",""sample_distinct_keys"":10094,""incremental_keys"":4487,""sample_uniqueness_rate"":1.0},{""field"":""학과상태명"",""sample_distinct_keys"":6099,""incremental_keys"":492,""sample_uniqueness_rate"":0.6042203289082624},{""field"":""주야간계절구분명"",""sample_distinct_keys"":5739,""incremental_keys"":132,""sample_uniqueness_rate"":0.5685555775708342},{""field"":""단과대학명"",""sample_distinct_keys"":5662,""incremental_keys"":55,""sample_uniqueness_rate"":0.5609272835347732},{""field"":""학과특성명"",""sample_distinct_keys"":5556,""incremental_keys"":0,""sample_uniqueness_rate"":0.5504259956409748},{""field"":""학교구분명"",""sample_distinct_keys"":5556,""incremental_keys"":0,""sample_uniqueness_rate"":0.5504259956409748},{""field"":""학위과정구분명"",""sample_distinct_keys"":5568,""incremental_keys"":0,""sample_uniqueness_rate"":0.5516148206855558}]",0.9833564493758669,additional_dimensions_required,medium,review_required,data/processed/edss/panel/대학정보공시/0413_졸업생취업현황_특수대학원/panel.csv.gz,d868b69f3c2914e30c4b62882e4acb14de2aa033b81774c87dc4cb9c14868b40
대학정보공시,0501,전체교원대비전임교원현황_전문대학,panel,98072,36,"[""2009"",""2010"",""2011"",""2012"",""2013"",""2014"",""2015"",""2016"",""2017"",""2018"",""2019"",""2020"",""2021"",""2022"",""2023"",""2024"",""2025""]",True,0,0.0,197,2974,2930,95098,165,31,228,0.0023248225793294722,1017,1017,0,98072,0,0,0,0,0,"[""학교구분명"",""학과한글명"",""단과대학명""]","[{""field"":""학과한글명"",""sample_distinct_keys"":10104,""incremental_keys"":7630,""sample_uniqueness_rate"":1.0},{""field"":""단과대학명"",""sample_distinct_keys"":2503,""incremental_keys"":29,""sample_uniqueness_rate"":0.24772367379255741},{""field"":""학교구분명"",""sample_distinct_keys"":2481,""incremental_keys"":7,""sample_uniqueness_rate"":0.24554631828978624}]",1.0,additional_dimensions_required,medium,review_required,data/processed/edss/panel/대학정보공시/0501_전체교원대비전임교원현황_전문대학/panel.csv.gz,563174afa469236acb7e71bbd3ac31faad107ad23bb85e545309e3d08d94a24a
대학정보공시,0502,전체교원대비전임교원현황,panel,242418,54,"[""2009"",""2010"",""2011"",""2012"",""2013"",""2014"",""2015"",""2016"",""2017"",""2018"",""2019"",""2020"",""2021"",""2022"",""2023"",""2024"",""2025""]",True,0,0.0,1993,19491,13185,222927,340,15,85,0.0003506340288262423,55064,62637,0,242418,0,0,0,0,0,"[""학교구분명"",""학과한글명"",""단과대학명""]","[{""field"":""학과한글명"",""sample_distinct_keys"":9973,""incremental_keys"":5266,""sample_uniqueness_rate"":1.0},{""field"":""단과대학명"",""sample_distinct_keys"":8014,""incremental_keys"":3307,""sample_uniqueness_rate"":0.8035696380226612},{""field"":""학교구분명"",""sample_distinct_keys"":4676,""incremental_keys"":0,""sample_uniqueness_rate"":0.4688659380326883}]",1.0,additional_dimensions_required,medium,review_required,data/processed/edss/panel/대학정보공시/0502_전체교원대비전임교원현황/panel.csv.gz,c6f9174f106717cad1b41eea99719ab56a8cd5e33ecb3457772f184f71dc23ad
대학정보공시,0503,전임교원1인당학생현황,panel,22083,27,"[""2009"",""2010"",""2011"",""2012"",""2013"",""2014"",""2015"",""2016"",""2017"",""2018"",""2019"",""2020"",""2021"",""2022"",""2023"",""2024"",""2025""]",True,0,0.0,295,4433,4428,17650,5,9,38,0.0017207806910292985,2950,3360,0,22083,0,0,0,0,0,"[""학교구분명"",""대학계열명""]","[{""field"":""대학계열명"",""sample_distinct_keys"":9976,""incremental_keys"":5889,""sample_uniqueness_rate"":1.0},{""field"":""학교구분명"",""sample_distinct_keys"":4117,""incremental_keys"":30,""sample_uniqueness_rate"":0.4126904570970329}]",1.0,additional_dimensions_required,medium,review_required,data/processed/edss/panel/대학정보공시/0503_전임교원1인당학생현황/panel.csv.gz,49f39ed0b269fbe10fdb3023684c975dbed55579260c3cf303bfead40c8428a1
대학정보공시,0504,전임교원1인당학생현황_전문대학,panel,11168,20,"[""2009"",""2010"",""2011"",""2012"",""2013"",""2014"",""2015"",""2016"",""2017"",""2018"",""2019"",""2020"",""2021"",""2022"",""2023"",""2024"",""2025""]",True,0,0.0,202,2948,2572,8220,5,30,34,0.0030444126074498567,155,155,0,11168,0,0,0,0,0,"[""학교구분명"",""대학계열명""]","[{""field"":""대학계열명"",""sample_distinct_keys"":10068,""incremental_keys"":7183,""sample_uniqueness_rate"":1.0},{""field"":""학교구분명"",""sample_distinct_keys"":2965,""incremental_keys"":80,""sample_uniqueness_rate"":0.294497417560588}]",1.0,additional_dimensions_required,medium,review_required,data/processed/edss/panel/대학정보공시/0504_전임교원1인당학생현황_전문대학/panel.csv.gz,c4421719e78f5b85aeb05c539df02b9d29a5f366ba5a46e4c261717c73f25616
대학정보공시,0505,국가별외국인전임교원현황,panel,25389,32,"[""2009"",""2010"",""2011"",""2012"",""2013"",""2014"",""2015"",""2016"",""2017"",""2018"",""2019"",""2020"",""2021"",""2022"",""2023"",""2024"",""2025""]",True,0,0.0,345,4522,3395,20867,54,6,14,0.0005514199062586159,5576,6306,0,25389,0,0,0,0,0,"[""학교구분명"",""추가등록구분명"",""국가명"",""국가별외국인_남자시간강사수"",""국가별외국인_여자시간강사수""]","[{""field"":""국가명"",""sample_distinct_keys"":9837,""incremental_keys"":6433,""sample_uniqueness_rate"":0.9871550426492725},{""field"":""국가별외국인_남자시간강사수"",""sample_distinct_keys"":3486,""incremental_keys"":82,""sample_uniqueness_rate"":0.3498243853487205},{""field"":""국가별외국인_여자시간강사수"",""sample_distinct_keys"":3486,""incremental_keys"":82,""sample_uniqueness_rate"":0.3498243853487205},{""field"":""추가등록구분명"",""sample_distinct_keys"":3343,""incremental_keys"":0,""sample_uniqueness_rate"":0.3354741595584546},{""field"":""학교구분명"",""sample_distinct_keys"":3400,""incremental_keys"":0,""sample_uniqueness_rate"":0.34119417962870047}]",1.0,additional_dimensions_required,medium,review_required,data/processed/edss/panel/대학정보공시/0505_국가별외국인전임교원현황/panel.csv.gz,0d43bccd39074d9f8a83e76157e0f43e4aee2e851ac0f561d7d667229bdee85c
대학정보공시,0506,전공계열별외국인전임교원현황,panel,40594,31,"[""2009"",""2010"",""2011"",""2012"",""2013"",""2014"",""2015"",""2016"",""2017"",""2018"",""2019"",""2020"",""2021"",""2022"",""2023"",""2024"",""2025""]",True,0,0.0,469,7196,7194,33398,6,10,47,0.001157806572399862,3539,4020,0,40594,0,0,0,0,0,"[""학교구분명"",""대학계열명"",""전공계열별외국인_남자시간강사수"",""전공계열별외국인_여자시간강사수""]","[{""field"":""대학계열명"",""sample_distinct_keys"":9771,""incremental_keys"":4230,""sample_uniqueness_rate"":0.9832947569689041},{""field"":""전공계열별외국인_남자시간강사수"",""sample_distinct_keys"":5763,""incremental_keys"":222,""sample_uniqueness_rate"":0.5799537083626849},{""field"":""전공계열별외국인_여자시간강사수"",""sample_distinct_keys"":5763,""incremental_keys"":222,""sample_uniqueness_rate"":0.5799537083626849},{""field"":""학교구분명"",""sample_distinct_keys"":5678,""incremental_keys"":137,""sample_uniqueness_rate"":0.5713998188588105}]",1.0,additional_dimensions_required,medium,review_required,data/processed/edss/panel/대학정보공시/0506_전공계열별외국인전임교원현황/panel.csv.gz,b08d994082deccf67591280e2664b8347f4305ac6c1a7143582c6feabe20394c
대학정보공시,0601,국내외학술지게재논문실적,panel,201445,32,"[""2009"",""2010"",""2011"",""2012"",""2013"",""2014"",""2015"",""2016"",""2017"",""2018"",""2019"",""2020"",""2021"",""2022"",""2023"",""2024"",""2025""]",True,0,0.0,1262,14508,9974,186937,233,32,251,0.0012459976668569585,36973,42037,0,201445,0,0,0,0,0,"[""학교구분명"",""학과한글명""]","[{""field"":""학과한글명"",""sample_distinct_keys"":10092,""incremental_keys"":5194,""sample_uniqueness_rate"":1.0},{""field"":""학교구분명"",""sample_distinct_keys"":4901,""incremental_keys"":3,""sample_uniqueness_rate"":0.48563218390804597}]",1.0,additional_dimensions_required,medium,review_required,data/processed/edss/panel/대학정보공시/0601_국내외학술지게재논문실적/panel.csv.gz,ea56d720c015e85311b47b75e44d57ccc827e30ef648e5d369dcf9f548dbd403
대학정보공시,0602,저역서실적,panel,60166,22,"[""2009"",""2010"",""2011"",""2012"",""2013""]",True,0,0.0,964,3998,2759,56168,250,29,229,0.003806136356081508,10505,10968,0,60166,0,0,0,0,0,"[""학교구분명"",""학과한글명"",""단과대학명""]","[{""field"":""학과한글명"",""sample_distinct_keys"":9896,""incremental_keys"":7532,""sample_uniqueness_rate"":1.0},{""field"":""단과대학명"",""sample_distinct_keys"":4761,""incremental_keys"":2397,""sample_uniqueness_rate"":0.4811034761519806},{""field"":""학교구분명"",""sample_distinct_keys"":2369,""incremental_keys"":5,""sample_uniqueness_rate"":0.23938965238480195}]",0.9873686337914309,additional_dimensions_required,medium,review_required,data/processed/edss/panel/대학정보공시/0602_저역서실적/panel.csv.gz,2fdda35225fe0b0c5f21645144244cf834ae8facc72455e7b52001cd75890bfc
대학정보공시,0701,교비회계대차대조표,panel,51346,21,"[""2009"",""2010"",""2011"",""2012"",""2013"",""2014"",""2015"",""2016"",""2017"",""2018"",""2019"",""2020"",""2021"",""2022"",""2023"",""2024"",""2025""]",True,0,0.0,414,6345,6344,45001,10,30,184,0.00358353133642348,4207,4788,0,51346,0,0,0,0,0,"[""학교구분명"",""모계정코드"",""계정코드"",""모계정명"",""계정명""]","[{""field"":""계정명"",""sample_distinct_keys"":10141,""incremental_keys"":4977,""sample_uniqueness_rate"":1.0},{""field"":""계정코드"",""sample_distinct_keys"":10141,""incremental_keys"":4977,""sample_uniqueness_rate"":1.0},{""field"":""모계정명"",""sample_distinct_keys"":7985,""incremental_keys"":2821,""sample_uniqueness_rate"":0.7873976925352529},{""field"":""모계정코드"",""sample_distinct_keys"":7787,""incremental_keys"":2623,""sample_uniqueness_rate"":0.7678729908293068},{""field"":""학교구분명"",""sample_distinct_keys"":5207,""incremental_keys"":43,""sample_uniqueness_rate"":0.5134602110245537}]",1.0,additional_dimensions_required,medium,review_required,data/processed/edss/panel/대학정보공시/0701_교비회계대차대조표/panel.csv.gz,820054513e2a7cf8c23ac2c7dfb55f557b059ef2a73bca69bff7b00af436888f
대학정보공시,0702,교비회계운영계산서,panel,103673,21,"[""2009"",""2010"",""2011"",""2012"",""2013"",""2014"",""2015"",""2016"",""2017"",""2018"",""2019"",""2020"",""2021"",""2022"",""2023"",""2024"",""2025""]",True,0,0.0,414,6347,6346,97326,17,30,474,0.00457206794440211,8412,9530,0,103673,0,0,0,0,0,"[""학교구분명"",""모계정코드"",""계정코드"",""모계정명"",""계정명""]","[{""field"":""계정코드"",""sample_distinct_keys"":9899,""incremental_keys"":4941,""sample_uniqueness_rate"":1.0},{""field"":""계정명"",""sample_distinct_keys"":9685,""incremental_keys"":4727,""sample_uniqueness_rate"":0.9783816547125972},{""field"":""모계정명"",""sample_distinct_keys"":8071,""incremental_keys"":3113,""sample_uniqueness_rate"":0.8153348823113445},{""field"":""모계정코드"",""sample_distinct_keys"":7787,""incremental_keys"":2829,""sample_uniqueness_rate"":0.7866451156682494},{""field"":""학교구분명"",""sample_distinct_keys"":5132,""incremental_keys"":174,""sample_uniqueness_rate"":0.5184362056773412}]",0.9959591877967472,additional_dimensions_required,medium,review_required,data/processed/edss/panel/대학정보공시/0702_교비회계운영계산서/panel.csv.gz,8ea1bca9d938407772d10abd94edf3d8e475333dfda873d2bafa56d190818a56
대학정보공시,0703,교비회계자금계산서,panel,133976,22,"[""2009"",""2010"",""2011"",""2012"",""2013"",""2014"",""2015"",""2016"",""2017"",""2018"",""2019"",""2020"",""2021"",""2022"",""2023"",""2024"",""2025""]",True,0,0.0,414,6360,6360,127616,33,31,464,0.003463306860930316,11906,13525,0,133976,0,0,0,0,0,"[""학교구분명"",""모계정코드"",""계정코드"",""모계정명"",""계정명""]","[{""field"":""계정명"",""sample_distinct_keys"":9894,""incremental_keys"":5055,""sample_uniqueness_rate"":1.0},{""field"":""계정코드"",""sample_distinct_keys"":9804,""incremental_keys"":4965,""sample_uniqueness_rate"":0.9909035779260158},{""field"":""모계정명"",""sample_distinct_keys"":8903,""incremental_keys"":4064,""sample_uniqueness_rate"":0.8998382858297959},{""field"":""모계정코드"",""sample_distinct_keys"":8639,""incremental_keys"":3800,""sample_uniqueness_rate"":0.8731554477461088},{""field"":""학교구분명"",""sample_distinct_keys"":4954,""incremental_keys"":115,""sample_uniqueness_rate"":0.5007074994946432}]",1.0,additional_dimensions_required,medium,review_required,data/processed/edss/panel/대학정보공시/0703_교비회계자금계산서/panel.csv.gz,e6ce033f9ba1e20fd304fe4ee2561032a25957c4ebfe6e99ee6543b29710015b
대학정보공시,0704,교비회계자금예산서,panel,123627,21,"[""2009"",""2010"",""2011"",""2012"",""2013"",""2014"",""2015"",""2016"",""2017"",""2018"",""2019"",""2020"",""2021"",""2022"",""2023"",""2024"",""2025""]",True,0,0.0,416,6367,6367,117260,27,29,481,0.0038907358424939537,10810,12267,0,123627,0,0,0,0,0,"[""학교구분명"",""모계정코드"",""계정코드"",""모계정명"",""계정명""]","[{""field"":""계정코드"",""sample_distinct_keys"":10093,""incremental_keys"":5222,""sample_uniqueness_rate"":1.0},{""field"":""계정명"",""sample_distinct_keys"":9685,""incremental_keys"":4814,""sample_uniqueness_rate"":0.9595759437233726},{""field"":""모계정코드"",""sample_distinct_keys"":8773,""incremental_keys"":3902,""sample_uniqueness_rate"":0.8692162885167938},{""field"":""모계정명"",""sample_distinct_keys"":8731,""incremental_keys"":3860,""sample_uniqueness_rate"":0.8650549886059645},{""field"":""학교구분명"",""sample_distinct_keys"":5008,""incremental_keys"":137,""sample_uniqueness_rate"":0.4961854750817398}]",1.0,additional_dimensions_required,medium,review_required,data/processed/edss/panel/대학정보공시/0704_교비회계자금예산서/panel.csv.gz,058260c97357aa4b5ce557cb0a2ceb799e4ac328c4b5652249849055403d3a28
대학정보공시,0705,국공립대기성회계급여보조성인건비현황,panel,202,26,"[""2011"",""2012"",""2013"",""2014""]",True,0,0.0,55,202,0,0,1,0,0,0.0,21,21,0,202,0,0,0,0,0,"[""학교구분명""]","[{""field"":""학교구분명"",""sample_distinct_keys"":202,""incremental_keys"":0,""sample_uniqueness_rate"":1.0}]",1.0,school_year_open_id_unique,medium,review_required,data/processed/edss/panel/대학정보공시/0705_국공립대기성회계급여보조성인건비현황/panel.csv.gz,aa11b9f6bb4fff3fe2adf92efe52095259bacb88a1de677e3d0ecc567c2aa161
대학정보공시,0706,국공립대대학회계결산_기성회계세출현황,panel,16241,28,"[""2009"",""2010"",""2011"",""2012"",""2013"",""2014"",""2015"",""2016"",""2017"",""2018"",""2019"",""2020"",""2021"",""2022"",""2023"",""2024"",""2025""]",True,0,0.0,62,872,868,15369,56,4,8,0.00049258050612647,2775,3529,0,16241,0,0,0,0,0,"[""학교구분명"",""모계정코드"",""계정코드"",""모계정명"",""계정명"",""차액사유내용""]","[{""field"":""계정명"",""sample_distinct_keys"":9859,""incremental_keys"":9039,""sample_uniqueness_rate"":0.9896607107006625},{""field"":""계정코드"",""sample_distinct_keys"":9859,""incremental_keys"":9039,""sample_uniqueness_rate"":0.9896607107006625},{""field"":""모계정명"",""sample_distinct_keys"":5308,""incremental_keys"":4488,""sample_uniqueness_rate"":0.5328247339891587},{""field"":""모계정코드"",""sample_distinct_keys"":5268,""incremental_keys"":4448,""sample_uniqueness_rate"":0.5288094760088335},{""field"":""차액사유내용"",""sample_distinct_keys"":833,""incremental_keys"":13,""sample_uniqueness_rate"":0.08361774744027303},{""field"":""학교구분명"",""sample_distinct_keys"":826,""incremental_keys"":6,""sample_uniqueness_rate"":0.08291507729371612}]",1.0,additional_dimensions_required,medium,review_required,data/processed/edss/panel/대학정보공시/0706_국공립대대학회계결산_기성회계세출현황/panel.csv.gz,89e4295e4882e8922273b531f63478e407066c49470315c23727d5258ed802fb
대학정보공시,0707,국공립대대학회계예산_기성회계세입현황,panel,17108,28,"[""2009"",""2010"",""2011"",""2012"",""2013"",""2014"",""2015"",""2016"",""2017"",""2018"",""2019"",""2020"",""2021"",""2022"",""2023"",""2024"",""2025""]",True,0,0.0,62,861,853,16247,56,4,8,0.00046761748889408465,2842,3551,0,17108,0,0,0,0,0,"[""학교구분명"",""모계정코드"",""계정코드"",""모계정명"",""계정명"",""차액사유내용""]","[{""field"":""계정코드"",""sample_distinct_keys"":9632,""incremental_keys"":8817,""sample_uniqueness_rate"":0.9623338994904586},{""field"":""계정명"",""sample_distinct_keys"":9611,""incremental_keys"":8796,""sample_uniqueness_rate"":0.9602357877909881},{""field"":""모계정코드"",""sample_distinct_keys"":5642,""incremental_keys"":4827,""sample_uniqueness_rate"":0.563692676591068},{""field"":""모계정명"",""sample_distinct_keys"":5607,""incremental_keys"":4792,""sample_uniqueness_rate"":0.5601958237586172},{""field"":""차액사유내용"",""sample_distinct_keys"":839,""incremental_keys"":24,""sample_uniqueness_rate"":0.0838245578978919},{""field"":""학교구분명"",""sample_distinct_keys"":811,""incremental_keys"":0,""sample_uniqueness_rate"":0.08102707563193126}]",0.9762214007393346,additional_dimensions_required,medium,review_required,data/processed/edss/panel/대학정보공시/0707_국공립대대학회계예산_기성회계세입현황/panel.csv.gz,6c9be4d6601b6f42a0a234c6dc043453e5c0e606b249b20f6bdb245a8985683a
대학정보공시,0708,국공립대발전기금회계결산_발전기금회계세출 현황,panel,6450,30,"[""2009"",""2010"",""2011"",""2012"",""2013"",""2014"",""2015"",""2016"",""2017"",""2018"",""2019"",""2020"",""2021"",""2022"",""2023"",""2024"",""2025""]",True,0,0.0,66,886,865,5564,12,6,11,0.0017054263565891472,934,1120,0,6450,0,0,0,0,0,"[""학교구분명"",""모계정코드"",""계정코드"",""모계정명"",""계정명"",""차액사유내용""]","[{""field"":""계정명"",""sample_distinct_keys"":6351,""incremental_keys"":5470,""sample_uniqueness_rate"":0.9846511627906976},{""field"":""계정코드"",""sample_distinct_keys"":6193,""incremental_keys"":5312,""sample_uniqueness_rate"":0.9601550387596899},{""field"":""모계정명"",""sample_distinct_keys"":2008,""incremental_keys"":1127,""sample_uniqueness_rate"":0.31131782945736436},{""field"":""모계정코드"",""sample_distinct_keys"":2008,""incremental_keys"":1127,""sample_uniqueness_rate"":0.31131782945736436},{""field"":""차액사유내용"",""sample_distinct_keys"":879,""incremental_keys"":0,""sample_uniqueness_rate"":0.13627906976744186},{""field"":""학교구분명"",""sample_distinct_keys"":880,""incremental_keys"":0,""sample_uniqueness_rate"":0.13643410852713178}]",0.9567441860465117,additional_dimensions_required,medium,review_required,data/processed/edss/panel/대학정보공시/0708_국공립대발전기금회계결산_발전기금회계세출 현황/panel.csv.gz,a38ef62cd0d01ba39d71de4a121a4124edadf1fbe3b06a320f7e528c1c7e9ac3
대학정보공시,0709,국공립대발전기금회계예산_발전기금회계세입 현황,panel,6456,26,"[""2009"",""2010"",""2011"",""2012"",""2013"",""2014"",""2015"",""2016"",""2017"",""2018"",""2019"",""2020"",""2021"",""2022"",""2023"",""2024"",""2025""]",True,0,0.0,65,881,871,5575,12,6,12,0.0018587360594795538,934,1115,0,6456,0,0,0,0,0,"[""학교구분명"",""모계정코드"",""계정코드"",""모계정명"",""계정명"",""차액사유내용""]","[{""field"":""계정명"",""sample_distinct_keys"":6318,""incremental_keys"":5442,""sample_uniqueness_rate"":0.9786245353159851},{""field"":""계정코드"",""sample_distinct_keys"":6180,""incremental_keys"":5304,""sample_uniqueness_rate"":0.9572490706319703},{""field"":""모계정코드"",""sample_distinct_keys"":1995,""incremental_keys"":1119,""sample_uniqueness_rate"":0.3090148698884758},{""field"":""모계정명"",""sample_distinct_keys"":1985,""incremental_keys"":1109,""sample_uniqueness_rate"":0.30746592317224286},{""field"":""차액사유내용"",""sample_distinct_keys"":878,""incremental_keys"":2,""sample_uniqueness_rate"":0.13599752168525403},{""field"":""학교구분명"",""sample_distinct_keys"":875,""incremental_keys"":0,""sample_uniqueness_rate"":0.13553283767038413}]",0.9699504337050805,additional_dimensions_required,medium,review_required,data/processed/edss/panel/대학정보공시/0709_국공립대발전기금회계예산_발전기금회계세입 현황/panel.csv.gz,791f9a687bf35294b7345e28b1de7c19ffec8b59fb6c3a4f1b37b84c9594da1b
대학정보공시,0710,국공립대일반회계세입현황,panel,6067,21,"[""2009"",""2010"",""2011"",""2012"",""2013"",""2014"",""2015"",""2016""]",True,0,0.0,60,417,417,5650,29,3,48,0.00791165320586781,758,758,0,6067,0,0,0,0,0,"[""학교구분명"",""대분류국공립계정명"",""중분류국공립계정명"",""국공립계정명""]","[{""field"":""국공립계정명"",""sample_distinct_keys"":5483,""incremental_keys"":5068,""sample_uniqueness_rate"":0.9037415526619417},{""field"":""중분류국공립계정명"",""sample_distinct_keys"":3797,""incremental_keys"":3382,""sample_uniqueness_rate"":0.6258447338058348},{""field"":""대분류국공립계정명"",""sample_distinct_keys"":2062,""incremental_keys"":1647,""sample_uniqueness_rate"":0.3398714356354047},{""field"":""학교구분명"",""sample_distinct_keys"":418,""incremental_keys"":3,""sample_uniqueness_rate"":0.06889731333443218}]",1.0,additional_dimensions_required,medium,review_required,data/processed/edss/panel/대학정보공시/0710_국공립대일반회계세입현황/panel.csv.gz,713462615b7ba0b344ec36bf128dedcf624693b7b330c50d78df0cd431dabfc7
대학정보공시,0711,국공립대일반회계세출현황,panel,5594,20,"[""2009"",""2010"",""2011"",""2012"",""2013"",""2014"",""2015"",""2016""]",True,0,0.0,61,422,420,5172,21,4,54,0.009653199856989631,568,568,0,5594,0,0,0,0,0,"[""학교구분명"",""모계정명"",""계정명""]","[{""field"":""계정명"",""sample_distinct_keys"":5419,""incremental_keys"":5000,""sample_uniqueness_rate"":0.968716481944941},{""field"":""모계정명"",""sample_distinct_keys"":1982,""incremental_keys"":1563,""sample_uniqueness_rate"":0.35430818734358244},{""field"":""학교구분명"",""sample_distinct_keys"":422,""incremental_keys"":3,""sample_uniqueness_rate"":0.07543796925277083}]",0.9946371111905613,additional_dimensions_required,medium,review_required,data/processed/edss/panel/대학정보공시/0711_국공립대일반회계세출현황/panel.csv.gz,2dba110b1714e5851f228909177245dff162689161fa6d207aa695aad50532d4
대학정보공시,0712,기부금현황,panel,18298,21,"[""2009"",""2010"",""2011"",""2012"",""2013"",""2014"",""2015"",""2016"",""2017"",""2018"",""2019"",""2020"",""2021"",""2022"",""2023"",""2024"",""2025""]",True,0,0.0,415,6329,6079,11969,3,29,56,0.00306044376434583,1494,1692,0,18298,0,0,0,0,0,"[""학교구분명"",""기부금구분명""]","[{""field"":""기부금구분명"",""sample_distinct_keys"":9914,""incremental_keys"":4397,""sample_uniqueness_rate"":1.0},{""field"":""학교구분명"",""sample_distinct_keys"":5487,""incremental_keys"":0,""sample_uniqueness_rate"":0.5534597538833972}]",1.0,additional_dimensions_required,medium,review_required,data/processed/edss/panel/대학정보공시/0712_기부금현황/panel.csv.gz,3041e5e2fe5325bd36b0e87575ad54a8795bc663e79add4fdbf04acdb1cfb1bf
대학정보공시,0713,등록금납부제도현황,panel,48292,34,"[""2010"",""2011"",""2012"",""2013"",""2014"",""2015"",""2016"",""2017"",""2018"",""2019"",""2020"",""2021"",""2022"",""2023"",""2024"",""2025""]",True,0,0.0,479,7021,7021,41271,21,3,31,0.0006419282696927027,4714,5505,0,48292,0,0,0,0,0,"[""학교구분명"",""납부구분명"",""납부방법명"",""증명서발급제한분납제한내용"",""학교부담카드수수료율""]","[{""field"":""납부방법명"",""sample_distinct_keys"":9427,""incremental_keys"":4035,""sample_uniqueness_rate"":0.9572502030869212},{""field"":""납부구분명"",""sample_distinct_keys"":7184,""incremental_keys"":1792,""sample_uniqueness_rate"":0.7294882209585702},{""field"":""증명서발급제한분납제한내용"",""sample_distinct_keys"":6514,""incremental_keys"":1122,""sample_uniqueness_rate"":0.6614541023558083},{""field"":""학교부담카드수수료율"",""sample_distinct_keys"":5904,""incremental_keys"":512,""sample_uniqueness_rate"":0.5995125913891145},{""field"":""학교구분명"",""sample_distinct_keys"":5366,""incremental_keys"":0,""sample_uniqueness_rate"":0.5448822095857027}]",1.0,additional_dimensions_required,medium,review_required,data/processed/edss/panel/대학정보공시/0713_등록금납부제도현황/panel.csv.gz,590f337855db1840f4832559f883ddd4b52c8566cc56ae2959541f29e62ae268
대학정보공시,0714,등록금현황,panel,2822368,29,"[""2009"",""2010"",""2011"",""2012"",""2013"",""2014"",""2015"",""2016"",""2017"",""2018"",""2019"",""2020"",""2021"",""2022"",""2023"",""2024"",""2025""]",True,0,0.0,451,6713,6710,2815655,3378,32,1806,0.0006398882073492897,565435,651313,0,2822368,0,0,0,0,0,"[""학교구분명"",""주야간계절구분명"",""학위과정구분명"",""학년구분명"",""학과명"",""학과상태명"",""학과특성명"",""단과대학명"",""등록금_전학년도등록금""]","[{""field"":""학과명"",""sample_distinct_keys"":10026,""incremental_keys"":6019,""sample_uniqueness_rate"":1.0},{""field"":""학년구분명"",""sample_distinct_keys"":7875,""incremental_keys"":3868,""sample_uniqueness_rate"":0.7854578096947935},{""field"":""단과대학명"",""sample_distinct_keys"":7132,""incremental_keys"":3125,""sample_uniqueness_rate"":0.7113504887293038},{""field"":""학과상태명"",""sample_distinct_keys"":5662,""incremental_keys"":1655,""sample_uniqueness_rate"":0.5647316975862757},{""field"":""주야간계절구분명"",""sample_distinct_keys"":4717,""incremental_keys"":710,""sample_uniqueness_rate"":0.4704767604229005},{""field"":""학과특성명"",""sample_distinct_keys"":4564,""incremental_keys"":557,""sample_uniqueness_rate"":0.4552164372631159},{""field"":""등록금_전학년도등록금"",""sample_distinct_keys"":4313,""incremental_keys"":306,""sample_uniqueness_rate"":0.43018152802712945},{""field"":""학위과정구분명"",""sample_distinct_keys"":4279,""incremental_keys"":272,""sample_uniqueness_rate"":0.4267903451027329},{""field"":""학교구분명"",""sample_distinct_keys"":3941,""incremental_keys"":0,""sample_uniqueness_rate"":0.3930779972072611}]",1.0,additional_dimensions_required,medium,review_required,data/processed/edss/panel/대학정보공시/0714_등록금현황/panel.csv.gz,2db4406dae549aa75f1ab67157b9b8f629e56aeeaa75d3b586f18b0d67df9797
대학정보공시,0715,등록금현황_대학원,panel,4874003,29,"[""2009"",""2010"",""2011"",""2012"",""2013"",""2014"",""2015"",""2016"",""2017"",""2018"",""2019"",""2020"",""2021"",""2022"",""2023"",""2024"",""2025""]",True,0,0.0,1949,23002,22999,4851001,4860,431,34255,0.00702810400403939,623130,726786,0,4874003,0,0,0,0,0,"[""학교구분명"",""주야간계절구분명"",""학위과정구분명"",""대학원학기구분명"",""학과명"",""학과상태명"",""학과특성명"",""단과대학명"",""등록금_전학년도등록금""]","[{""field"":""학과명"",""sample_distinct_keys"":9570,""incremental_keys"":4310,""sample_uniqueness_rate"":0.9601685562355774},{""field"":""대학원학기구분명"",""sample_distinct_keys"":8509,""incremental_keys"":3249,""sample_uniqueness_rate"":0.8537172669810374},{""field"":""학위과정구분명"",""sample_distinct_keys"":7391,""incremental_keys"":2131,""sample_uniqueness_rate"":0.7415471054479783},{""field"":""학과상태명"",""sample_distinct_keys"":6244,""incremental_keys"":984,""sample_uniqueness_rate"":0.6264673422293568},{""field"":""주야간계절구분명"",""sample_distinct_keys"":5483,""incremental_keys"":223,""sample_uniqueness_rate"":0.5501153807564965},{""field"":""등록금_전학년도등록금"",""sample_distinct_keys"":5472,""incremental_keys"":212,""sample_uniqueness_rate"":0.5490117387378348},{""field"":""학과특성명"",""sample_distinct_keys"":5366,""incremental_keys"":106,""sample_uniqueness_rate"":0.5383766429216414},{""field"":""학교구분명"",""sample_distinct_keys"":5352,""incremental_keys"":92,""sample_uniqueness_rate"":0.5369720076251631},{""field"":""단과대학명"",""sample_distinct_keys"":5293,""incremental_keys"":33,""sample_uniqueness_rate"":0.5310524731614328}]",1.0,additional_dimensions_required,medium,review_required,data/processed/edss/panel/대학정보공시/0715_등록금현황_대학원/panel.csv.gz,fd03a1ebd23c3c35779f2c7bb1bfe2dbc8651116aac8eff8cc973df87a05ca14
대학정보공시,0716,법인회계대차대조표,panel,38458,21,"[""2009"",""2010"",""2011"",""2012"",""2013"",""2014"",""2015"",""2016"",""2017"",""2018"",""2019"",""2020"",""2021"",""2022"",""2023"",""2024"",""2025""]",True,0,0.0,413,6314,6310,32144,7,30,180,0.004680430599615165,3095,3505,0,38458,0,0,0,0,0,"[""학교구분명"",""모계정코드"",""계정코드"",""모계정명"",""계정명""]","[{""field"":""계정명"",""sample_distinct_keys"":9915,""incremental_keys"":4626,""sample_uniqueness_rate"":0.999395222255821},{""field"":""계정코드"",""sample_distinct_keys"":9706,""incremental_keys"":4417,""sample_uniqueness_rate"":0.978328797500252},{""field"":""모계정명"",""sample_distinct_keys"":5392,""incremental_keys"":103,""sample_uniqueness_rate"":0.5434935994355408},{""field"":""모계정코드"",""sample_distinct_keys"":5311,""incremental_keys"":22,""sample_uniqueness_rate"":0.535329099889124},{""field"":""학교구분명"",""sample_distinct_keys"":5253,""incremental_keys"":0,""sample_uniqueness_rate"":0.5294829150287269}]",1.0,additional_dimensions_required,medium,review_required,data/processed/edss/panel/대학정보공시/0716_법인회계대차대조표/panel.csv.gz,9e29d156391c388fabd5bbb6df35b591fb38b18a1458263dc4461e6afe04ed2f
대학정보공시,0717,법인회계운영계산서,panel,86917,21,"[""2009"",""2010"",""2011"",""2012"",""2013"",""2014"",""2015"",""2016"",""2017"",""2018"",""2019"",""2020"",""2021"",""2022"",""2023"",""2024"",""2025""]",True,0,0.0,413,6314,6310,80603,14,30,417,0.00479768054580807,6972,7896,0,86917,0,0,0,0,0,"[""학교구분명"",""모계정코드"",""계정코드"",""모계정명"",""계정명""]","[{""field"":""계정명"",""sample_distinct_keys"":10065,""incremental_keys"":5009,""sample_uniqueness_rate"":1.0},{""field"":""계정코드"",""sample_distinct_keys"":10065,""incremental_keys"":5009,""sample_uniqueness_rate"":1.0},{""field"":""모계정코드"",""sample_distinct_keys"":8056,""incremental_keys"":3000,""sample_uniqueness_rate"":0.8003974167908594},{""field"":""모계정명"",""sample_distinct_keys"":7909,""incremental_keys"":2853,""sample_uniqueness_rate"":0.7857923497267759},{""field"":""학교구분명"",""sample_distinct_keys"":5175,""incremental_keys"":119,""sample_uniqueness_rate"":0.5141579731743666}]",0.9817188276204669,additional_dimensions_required,medium,review_required,data/processed/edss/panel/대학정보공시/0717_법인회계운영계산서/panel.csv.gz,a84425590a36cffe863cbaff8d0a7d739406c4fcf83d120355e998656df766dc
대학정보공시,0718,법인회계자금계산서,panel,88126,21,"[""2009"",""2010"",""2011"",""2012"",""2013"",""2014"",""2015"",""2016"",""2017"",""2018"",""2019"",""2020"",""2021"",""2022"",""2023"",""2024"",""2025""]",True,0,0.0,415,6317,6311,81809,18,30,388,0.004402786918730001,7389,8372,0,88126,0,0,0,0,0,"[""학교구분명"",""모계정코드"",""계정코드"",""모계정명"",""계정명""]","[{""field"":""계정명"",""sample_distinct_keys"":9959,""incremental_keys"":4906,""sample_uniqueness_rate"":1.0},{""field"":""계정코드"",""sample_distinct_keys"":9959,""incremental_keys"":4906,""sample_uniqueness_rate"":1.0},{""field"":""모계정명"",""sample_distinct_keys"":8345,""incremental_keys"":3292,""sample_uniqueness_rate"":0.837935535696355},{""field"":""모계정코드"",""sample_distinct_keys"":8254,""incremental_keys"":3201,""sample_uniqueness_rate"":0.828798072095592},{""field"":""학교구분명"",""sample_distinct_keys"":5039,""incremental_keys"":0,""sample_uniqueness_rate"":0.5059744954312682}]",0.9989958831207952,additional_dimensions_required,medium,review_required,data/processed/edss/panel/대학정보공시/0718_법인회계자금계산서/panel.csv.gz,4d05ec85669553b40c11938989b61e64cd5a003547a3831715b21d557a9f325e
대학정보공시,0719,법인회계자금예산서,panel,89860,21,"[""2009"",""2010"",""2011"",""2012"",""2013"",""2014"",""2015"",""2016"",""2017"",""2018"",""2019"",""2020"",""2021"",""2022"",""2023"",""2024"",""2025""]",True,0,0.0,414,6333,6329,83527,16,29,397,0.004417983529935455,7474,8470,0,89860,0,0,0,0,0,"[""학교구분명"",""모계정코드"",""계정코드"",""모계정명"",""계정명""]","[{""field"":""계정코드"",""sample_distinct_keys"":10045,""incremental_keys"":5033,""sample_uniqueness_rate"":1.0},{""field"":""계정명"",""sample_distinct_keys"":9837,""incremental_keys"":4825,""sample_uniqueness_rate"":0.979293180686909},{""field"":""모계정명"",""sample_distinct_keys"":8194,""incremental_keys"":3182,""sample_uniqueness_rate"":0.815729218516675},{""field"":""모계정코드"",""sample_distinct_keys"":7668,""incremental_keys"":2656,""sample_uniqueness_rate"":0.7633648581383773},{""field"":""학교구분명"",""sample_distinct_keys"":5097,""incremental_keys"":85,""sample_uniqueness_rate"":0.50741662518666}]",0.9781981085116974,additional_dimensions_required,medium,review_required,data/processed/edss/panel/대학정보공시/0719_법인회계자금예산서/panel.csv.gz,6591dcde2b8df5e22d8cf31e78e805f0c087ae232e166217086ca4e7ff3ff789
대학정보공시,0720,산학협력단운영수익현황,panel,675,30,"[""2011"",""2012""]",True,0,0.0,352,675,0,0,1,0,0,0.0,57,60,0,675,0,0,0,0,0,"[""학교구분명""]","[{""field"":""학교구분명"",""sample_distinct_keys"":675,""incremental_keys"":0,""sample_uniqueness_rate"":1.0}]",1.0,school_year_open_id_unique,medium,review_required,data/processed/edss/panel/대학정보공시/0720_산학협력단운영수익현황/panel.csv.gz,84fa58d4cc2cda0c5fb7a249bdb429cc0328a25389fba19ef2a0c1814c1cf853
대학정보공시,0721,산학협력단회계대차대조표,panel,37710,21,"[""2009"",""2010"",""2011"",""2012"",""2013"",""2014"",""2015"",""2016"",""2017"",""2018"",""2019"",""2020"",""2021"",""2022"",""2023"",""2024"",""2025""]",True,0,0.0,411,5876,5874,31834,14,14,72,0.0019093078758949881,3932,4490,0,37710,0,0,0,0,0,"[""학교구분명"",""모계정코드"",""계정코드"",""모계정명"",""계정명""]","[{""field"":""계정명"",""sample_distinct_keys"":10054,""incremental_keys"":4918,""sample_uniqueness_rate"":1.0},{""field"":""계정코드"",""sample_distinct_keys"":10054,""incremental_keys"":4918,""sample_uniqueness_rate"":1.0},{""field"":""모계정코드"",""sample_distinct_keys"":7923,""incremental_keys"":2787,""sample_uniqueness_rate"":0.7880445593793515},{""field"":""모계정명"",""sample_distinct_keys"":7793,""incremental_keys"":2657,""sample_uniqueness_rate"":0.7751143823353889},{""field"":""학교구분명"",""sample_distinct_keys"":5046,""incremental_keys"":0,""sample_uniqueness_rate"":0.5018897951064253}]",0.9850805649492739,additional_dimensions_required,medium,review_required,data/processed/edss/panel/대학정보공시/0721_산학협력단회계대차대조표/panel.csv.gz,107e5ef7abe613fe67fcf6dc54e6ddda79e74d22133f25c6cf942293abd4bce9
대학정보공시,0722,산학협력단회계운영계산서,panel,65300,21,"[""2009"",""2010"",""2011"",""2012"",""2013"",""2014"",""2015"",""2016"",""2017"",""2018"",""2019"",""2020"",""2021"",""2022"",""2023"",""2024"",""2025""]",True,0,0.0,410,5886,5881,59414,18,14,129,0.0019754977029096477,6791,7750,0,65300,0,0,0,0,0,"[""학교구분명"",""모계정코드"",""계정코드"",""모계정명"",""계정명""]","[{""field"":""계정명"",""sample_distinct_keys"":10058,""incremental_keys"":5141,""sample_uniqueness_rate"":1.0},{""field"":""계정코드"",""sample_distinct_keys"":10058,""incremental_keys"":5141,""sample_uniqueness_rate"":1.0},{""field"":""모계정명"",""sample_distinct_keys"":7404,""incremental_keys"":2487,""sample_uniqueness_rate"":0.736130443428117},{""field"":""모계정코드"",""sample_distinct_keys"":7167,""incremental_keys"":2250,""sample_uniqueness_rate"":0.7125671107576059},{""field"":""학교구분명"",""sample_distinct_keys"":4809,""incremental_keys"":0,""sample_uniqueness_rate"":0.4781268641877113}]",1.0,additional_dimensions_required,medium,review_required,data/processed/edss/panel/대학정보공시/0722_산학협력단회계운영계산서/panel.csv.gz,e1a470256ed2b4498c27d519ec1a292b0b60305f47e427224b151c68210fa7ee
대학정보공시,0723,산학협력단회계자금수지계산서,panel,128122,21,"[""2009"",""2010"",""2011"",""2012"",""2013"",""2014"",""2015"",""2016"",""2017"",""2018"",""2019"",""2020"",""2021"",""2022"",""2023"",""2024"",""2025""]",True,0,0.0,404,5874,5872,122248,32,14,183,0.0014283261266605266,13523,15531,0,128122,0,0,0,0,0,"[""학교구분명"",""모계정코드"",""계정코드"",""모계정명"",""계정명""]","[{""field"":""계정코드"",""sample_distinct_keys"":9760,""incremental_keys"":5002,""sample_uniqueness_rate"":0.9709510545165141},{""field"":""계정명"",""sample_distinct_keys"":9601,""incremental_keys"":4843,""sample_uniqueness_rate"":0.955133306804616},{""field"":""모계정코드"",""sample_distinct_keys"":8938,""incremental_keys"":4180,""sample_uniqueness_rate"":0.8891762833267012},{""field"":""모계정명"",""sample_distinct_keys"":8903,""incremental_keys"":4145,""sample_uniqueness_rate"":0.8856943891762833},{""field"":""학교구분명"",""sample_distinct_keys"":4732,""incremental_keys"":0,""sample_uniqueness_rate"":0.47075208913649025}]",0.9829884600079586,additional_dimensions_required,medium,review_required,data/processed/edss/panel/대학정보공시/0723_산학협력단회계자금수지계산서/panel.csv.gz,c75076f868e4968196acad2c6eef918fca514022b4ee29ee107f0c73d8c694d3
대학정보공시,0724,산학협력단회계현금예산서,panel,141694,21,"[""2009"",""2010"",""2011"",""2012"",""2013"",""2014"",""2015"",""2016"",""2017"",""2018"",""2019"",""2020"",""2021"",""2022"",""2023"",""2024"",""2025""]",True,0,0.0,420,5909,5890,135785,35,22,218,0.0015385266842632716,14769,16903,0,141694,0,0,0,0,0,"[""학교구분명"",""모계정코드"",""계정코드"",""모계정명"",""계정명""]","[{""field"":""계정명"",""sample_distinct_keys"":9960,""incremental_keys"":5243,""sample_uniqueness_rate"":0.9987966305655837},{""field"":""계정코드"",""sample_distinct_keys"":9717,""incremental_keys"":5000,""sample_uniqueness_rate"":0.9744283995186522},{""field"":""모계정명"",""sample_distinct_keys"":8868,""incremental_keys"":4151,""sample_uniqueness_rate"":0.8892900120336944},{""field"":""모계정코드"",""sample_distinct_keys"":8842,""incremental_keys"":4125,""sample_uniqueness_rate"":0.8866827115924589},{""field"":""학교구분명"",""sample_distinct_keys"":4641,""incremental_keys"":0,""sample_uniqueness_rate"":0.46540312876052947}]",0.9776373846770958,additional_dimensions_required,medium,review_required,data/processed/edss/panel/대학정보공시/0724_산학협력단회계현금예산서/panel.csv.gz,1de20beb0bfac74587742ee2bb615fefcb51c55e8223881c40573e31a66a102a
대학정보공시,0725,예결산합산재무제표현황,panel,18835,20,"[""2009"",""2010"",""2011"",""2012"",""2013"",""2014"",""2015"",""2016"",""2017"",""2018"",""2019"",""2020"",""2021"",""2022"",""2023"",""2024"",""2025""]",True,0,0.0,468,6437,6403,12398,6,31,63,0.0033448367401114946,1578,1776,0,18835,0,0,0,0,0,"[""학교구분명"",""수입구분명""]","[{""field"":""수입구분명"",""sample_distinct_keys"":10073,""incremental_keys"":4363,""sample_uniqueness_rate"":1.0},{""field"":""학교구분명"",""sample_distinct_keys"":5666,""incremental_keys"":0,""sample_uniqueness_rate"":0.5624937952943513}]",1.0,additional_dimensions_required,medium,review_required,data/processed/edss/panel/대학정보공시/0725_예결산합산재무제표현황/panel.csv.gz,4b10723a5ca26f609c2846486582c8b61b08323e374c029dd22dc25eb451c34e
대학정보공시,0726,입학전형료수입현황,panel,29561,23,"[""2010"",""2011"",""2012"",""2013"",""2014"",""2015"",""2016"",""2017"",""2018"",""2019"",""2020"",""2021"",""2022"",""2023"",""2024"",""2025""]",True,0,0.0,2086,18904,5789,10657,4,15,16,0.0005412536788335983,1903,2143,0,29561,0,0,0,0,0,"[""학교구분명"",""모계정코드"",""계정코드"",""모계정명"",""계정명""]","[{""field"":""계정명"",""sample_distinct_keys"":10048,""incremental_keys"":1733,""sample_uniqueness_rate"":1.0},{""field"":""계정코드"",""sample_distinct_keys"":9870,""incremental_keys"":1555,""sample_uniqueness_rate"":0.9822850318471338},{""field"":""모계정명"",""sample_distinct_keys"":8399,""incremental_keys"":84,""sample_uniqueness_rate"":0.8358877388535032},{""field"":""학교구분명"",""sample_distinct_keys"":8399,""incremental_keys"":84,""sample_uniqueness_rate"":0.8358877388535032},{""field"":""모계정코드"",""sample_distinct_keys"":8239,""incremental_keys"":0,""sample_uniqueness_rate"":0.8199641719745223}]",1.0,additional_dimensions_required,medium,review_required,data/processed/edss/panel/대학정보공시/0726_입학전형료수입현황/panel.csv.gz,4a2dd61b130902beba8660d990c90755b164d51ee3713c3ec2e3e9db1536e133
대학정보공시,0727,입학전형료지출현황,panel,114429,26,"[""2010"",""2011"",""2012"",""2013"",""2014"",""2015"",""2016"",""2017"",""2018"",""2019"",""2020"",""2021"",""2022"",""2023"",""2024"",""2025""]",True,0,0.0,2049,18121,17261,96308,18,19,71,0.0006204720831257811,7969,9221,0,114429,0,0,0,0,0,"[""학교구분명"",""모계정코드"",""계정코드"",""모계정명"",""계정명""]","[{""field"":""계정명"",""sample_distinct_keys"":10068,""incremental_keys"":2609,""sample_uniqueness_rate"":1.0},{""field"":""계정코드"",""sample_distinct_keys"":10068,""incremental_keys"":2609,""sample_uniqueness_rate"":1.0},{""field"":""모계정명"",""sample_distinct_keys"":8217,""incremental_keys"":758,""sample_uniqueness_rate"":0.816150178784267},{""field"":""모계정코드"",""sample_distinct_keys"":7909,""incremental_keys"":450,""sample_uniqueness_rate"":0.7855582042113627},{""field"":""학교구분명"",""sample_distinct_keys"":7301,""incremental_keys"":0,""sample_uniqueness_rate"":0.7251688518077076}]",1.0,additional_dimensions_required,medium,review_required,data/processed/edss/panel/대학정보공시/0727_입학전형료지출현황/panel.csv.gz,6958e9260e1bbd4e485c869a0251d3661d783d1bae88431676efe60ccd13486c
대학정보공시,0728,적립금현황,panel,100844,22,"[""2009"",""2010"",""2011"",""2012"",""2013"",""2014"",""2015"",""2016"",""2017"",""2018"",""2019"",""2020"",""2021"",""2022"",""2023"",""2024"",""2025""]",True,0,0.0,406,6047,5906,94797,20,3,50,0.0004958153187100869,8358,9592,0,100844,0,0,0,0,0,"[""학교구분명"",""회계별구분명"",""특정기금구분명""]","[{""field"":""특정기금구분명"",""sample_distinct_keys"":9782,""incremental_keys"":5211,""sample_uniqueness_rate"":0.972849328692193},{""field"":""회계별구분명"",""sample_distinct_keys"":6746,""incremental_keys"":2175,""sample_uniqueness_rate"":0.6709099950273496},{""field"":""학교구분명"",""sample_distinct_keys"":4555,""incremental_keys"":0,""sample_uniqueness_rate"":0.45300845350571856}]",1.0,additional_dimensions_required,medium,review_required,data/processed/edss/panel/대학정보공시/0728_적립금현황/panel.csv.gz,c350db210aded3055f4a0cc216cef8a754d8f0b0e980456cc88c2abeb29c584a
대학정보공시,0729,총장이사장상근이사업무추진비사용현황,panel,174140,22,"[""2021"",""2022"",""2023"",""2024"",""2025""]",True,0,0.0,352,1683,1660,172457,688,0,0,0.0,22779,25052,0,174140,0,0,0,0,0,"[""학교구분명"",""사용구분명"",""사용장소명""]","[{""field"":""사용장소명"",""sample_distinct_keys"":8566,""incremental_keys"":7176,""sample_uniqueness_rate"":0.8530173272256523},{""field"":""사용구분명"",""sample_distinct_keys"":1970,""incremental_keys"":580,""sample_uniqueness_rate"":0.19617606054570802},{""field"":""학교구분명"",""sample_distinct_keys"":1412,""incremental_keys"":22,""sample_uniqueness_rate"":0.14060944035052778}]",0.8602867954590719,additional_dimensions_required,medium,review_required,data/processed/edss/panel/대학정보공시/0729_총장이사장상근이사업무추진비사용현황/panel.csv.gz,c952bf3f0e89eac1e19b1b6f0e2bc01825fe3b136485ef9efe40bd4554a00215
대학정보공시,0801,학생1인당교육비산정근거_국공립대학,panel,975,26,"[""2010"",""2011"",""2012"",""2013"",""2014"",""2015"",""2016"",""2017"",""2018"",""2019"",""2020"",""2021"",""2022"",""2023"",""2024"",""2025""]",True,0,0.0,66,867,108,108,2,5,5,0.005128205128205128,116,132,0,975,0,0,0,0,0,"[""학교구분명"",""산학협력단회계기준명""]","[{""field"":""산학협력단회계기준명"",""sample_distinct_keys"":910,""incremental_keys"":51,""sample_uniqueness_rate"":0.9333333333333333},{""field"":""학교구분명"",""sample_distinct_keys"":869,""incremental_keys"":10,""sample_uniqueness_rate"":0.8912820512820513}]",0.9353846153846154,additional_dimensions_required,medium,review_required,data/processed/edss/panel/대학정보공시/0801_학생1인당교육비산정근거_국공립대학/panel.csv.gz,ac8e3541cb27add83ee48bb35a9b690b0c055e92322e3d9898a047c1c24873ab
대학정보공시,0802,학생1인당교육비산정근거_사립대학,panel,6345,25,"[""2010"",""2011"",""2012"",""2013"",""2014"",""2015"",""2016"",""2017"",""2018"",""2019"",""2020"",""2021"",""2022"",""2023"",""2024"",""2025""]",True,0,0.0,412,5971,374,374,2,2,2,0.00031520882584712374,496,562,0,6345,0,0,0,0,0,"[""학교구분명""]","[{""field"":""학교구분명"",""sample_distinct_keys"":5926,""incremental_keys"":38,""sample_uniqueness_rate"":0.9339637509850276}]",0.9339637509850276,additional_dimensions_required,medium,review_required,data/processed/edss/panel/대학정보공시/0802_학생1인당교육비산정근거_사립대학/panel.csv.gz,c0f87a8ca96573e89f36654973aec85da3249fb007d7d3e2953b12b2a59d9e79
대학정보공시,0901,학교특성화현황,panel,33408,31,"[""2009"",""2010"",""2011"",""2012"",""2013"",""2014"",""2015"",""2016"",""2017"",""2018"",""2019"",""2020""]",True,0,0.0,386,3264,2609,30144,114,5,6,0.00017959770114942528,3856,4167,0,33408,0,0,0,0,0,"[""학교구분명"",""주야간계절구분명"",""학위과정구분명"",""학과명"",""학과상태명"",""학과특성명"",""단과대학명"",""대학자체특성화분야명""]","[{""field"":""학과명"",""sample_distinct_keys"":9213,""incremental_keys"":6777,""sample_uniqueness_rate"":0.9110957278481012},{""field"":""대학자체특성화분야명"",""sample_distinct_keys"":6212,""incremental_keys"":3776,""sample_uniqueness_rate"":0.6143196202531646},{""field"":""단과대학명"",""sample_distinct_keys"":4225,""incremental_keys"":1789,""sample_uniqueness_rate"":0.41782041139240506},{""field"":""학과상태명"",""sample_distinct_keys"":3123,""incremental_keys"":687,""sample_uniqueness_rate"":0.3088409810126582},{""field"":""학과특성명"",""sample_distinct_keys"":2686,""incremental_keys"":250,""sample_uniqueness_rate"":0.265625},{""field"":""학위과정구분명"",""sample_distinct_keys"":2669,""incremental_keys"":233,""sample_uniqueness_rate"":0.26394382911392406},{""field"":""주야간계절구분명"",""sample_distinct_keys"":2479,""incremental_keys"":43,""sample_uniqueness_rate"":0.24515427215189872},{""field"":""학교구분명"",""sample_distinct_keys"":2447,""incremental_keys"":11,""sample_uniqueness_rate"":0.24198971518987342}]",0.9838805379746836,additional_dimensions_required,medium,review_required,data/processed/edss/panel/대학정보공시/0901_학교특성화현황/panel.csv.gz,01f6cbe413455452cec1de6b2b5fc65509757e9a071c5cb0b317b7e99ae5dc2d
대학정보공시,1001,강좌당학생현황,panel,15970,29,"[""2009"",""2010"",""2011"",""2012"",""2013"",""2014"",""2015"",""2016"",""2017"",""2018"",""2019"",""2020"",""2021"",""2022"",""2023"",""2024"",""2025""]",True,0,0.0,480,6924,6485,9046,6,35,75,0.00469630557294928,1623,1842,0,15970,0,0,0,0,0,"[""학교구분명"",""학기구분명"",""101명이상200명미만강좌수"",""81명이상100명미만강좌수"",""61명이상80명미만강좌수"",""51명이상60명미만강좌수"",""41명이상50명미만강좌수"",""31명이상40명미만강좌수"",""21명이상30명미만강좌수"",""200명이상강좌수"",""100명이상강좌수"",""50명이상100명미만강좌수"",""20명이상50명미만강좌수"",""20명미만강좌수""]","[{""field"":""20명미만강좌수"",""sample_distinct_keys"":9949,""incremental_keys"":4006,""sample_uniqueness_rate"":0.9963945918878317},{""field"":""학기구분명"",""sample_distinct_keys"":9685,""incremental_keys"":3742,""sample_uniqueness_rate"":0.9699549323985979},{""field"":""21명이상30명미만강좌수"",""sample_distinct_keys"":8114,""incremental_keys"":2171,""sample_uniqueness_rate"":0.8126189283925889},{""field"":""31명이상40명미만강좌수"",""sample_distinct_keys"":8085,""incremental_keys"":2142,""sample_uniqueness_rate"":0.8097145718577867},{""field"":""41명이상50명미만강좌수"",""sample_distinct_keys"":7881,""incremental_keys"":1938,""sample_uniqueness_rate"":0.7892839258888332},{""field"":""51명이상60명미만강좌수"",""sample_distinct_keys"":7668,""incremental_keys"":1725,""sample_uniqueness_rate"":0.7679519278918377},{""field"":""61명이상80명미만강좌수"",""sample_distinct_keys"":7610,""incremental_keys"":1667,""sample_uniqueness_rate"":0.7621432148222334},{""field"":""20명이상50명미만강좌수"",""sample_distinct_keys"":7361,""incremental_keys"":1418,""sample_uniqueness_rate"":0.7372058087130696},{""field"":""81명이상100명미만강좌수"",""sample_distinct_keys"":7343,""incremental_keys"":1400,""sample_uniqueness_rate"":0.7354031046569854},{""field"":""50명이상100명미만강좌수"",""sample_distinct_keys"":7307,""incremental_keys"":1364,""sample_uniqueness_rate"":0.7317976965448172},{""field"":""200명이상강좌수"",""sample_distinct_keys"":7278,""incremental_keys"":1335,""sample_uniqueness_rate"":0.728893340010015},{""field"":""101명이상200명미만강좌수"",""sample_distinct_keys"":7020,""incremental_keys"":1077,""sample_uniqueness_rate"":0.7030545818728092},{""field"":""100명이상강좌수"",""sample_distinct_keys"":6916,""incremental_keys"":973,""sample_uniqueness_rate"":0.6926389584376564},{""field"":""학교구분명"",""sample_distinct_keys"":5968,""incremental_keys"":25,""sample_uniqueness_rate"":0.5976965448172258}]",1.0,additional_dimensions_required,medium,review_required,data/processed/edss/panel/대학정보공시/1001_강좌당학생현황/panel.csv.gz,a1b9e97426519cad0865c5858dc15fbb06f7df48f095057e14bfd3b98470fda7
대학정보공시,1002,공동활용연구장비운영현황,panel,143274,28,"[""2011"",""2012"",""2013"",""2014"",""2015"",""2016"",""2017"",""2018"",""2019"",""2020"",""2021"",""2022"",""2023"",""2024"",""2025""]",True,0,0.0,258,2637,2454,140637,2766,3,77,0.0005374317740832251,42180,49833,0,143261,13,0,0,0,0,"[""학교구분명"",""장비ID"",""제작사명"",""모델명"",""장비명"",""장비위치명""]","[{""field"":""장비ID"",""sample_distinct_keys"":10162,""incremental_keys"":8344,""sample_uniqueness_rate"":1.0},{""field"":""모델명"",""sample_distinct_keys"":9881,""incremental_keys"":8063,""sample_uniqueness_rate"":0.9723479629994095},{""field"":""장비명"",""sample_distinct_keys"":9859,""incremental_keys"":8041,""sample_uniqueness_rate"":0.9701830348356623},{""field"":""제작사명"",""sample_distinct_keys"":9529,""incremental_keys"":7711,""sample_uniqueness_rate"":0.9377091123794529},{""field"":""장비위치명"",""sample_distinct_keys"":6398,""incremental_keys"":4580,""sample_uniqueness_rate"":0.629600472347963},{""field"":""학교구분명"",""sample_distinct_keys"":1826,""incremental_keys"":8,""sample_uniqueness_rate"":0.1796890375910254}]",1.0,additional_dimensions_required,medium,review_required,data/processed/edss/panel/대학정보공시/1002_공동활용연구장비운영현황/panel.csv.gz,f4a181f1629024020d56a171ed8226026b35644dbb4480fd09f4014696205dea
대학정보공시,1003,교원강의담당비율,panel,837866,29,"[""2009"",""2010"",""2011"",""2012"",""2013"",""2014"",""2015"",""2016"",""2017"",""2018"",""2019"",""2020"",""2021"",""2022"",""2023"",""2024"",""2025""]",True,0,0.0,2225,26538,25901,811328,433,80,694,0.0008282947392542483,135532,156579,0,837866,0,0,0,0,0,"[""학교구분명"",""주야간계절구분명"",""학위과정구분명"",""학기구분명"",""학과명"",""학과상태명"",""학과특성명"",""단과대학명""]","[{""field"":""학과명"",""sample_distinct_keys"":9893,""incremental_keys"":3829,""sample_uniqueness_rate"":1.0},{""field"":""학기구분명"",""sample_distinct_keys"":7636,""incremental_keys"":1572,""sample_uniqueness_rate"":0.7718588901243303},{""field"":""단과대학명"",""sample_distinct_keys"":7465,""incremental_keys"":1401,""sample_uniqueness_rate"":0.7545739411705246},{""field"":""학과상태명"",""sample_distinct_keys"":7020,""incremental_keys"":956,""sample_uniqueness_rate"":0.709592641261498},{""field"":""학위과정구분명"",""sample_distinct_keys"":6649,""incremental_keys"":585,""sample_uniqueness_rate"":0.6720913777418377},{""field"":""학과특성명"",""sample_distinct_keys"":6519,""incremental_keys"":455,""sample_uniqueness_rate"":0.6589507732740322},{""field"":""주야간계절구분명"",""sample_distinct_keys"":6460,""incremental_keys"":396,""sample_uniqueness_rate"":0.652986960477105},{""field"":""학교구분명"",""sample_distinct_keys"":6253,""incremental_keys"":189,""sample_uniqueness_rate"":0.6320630749014454}]",1.0,additional_dimensions_required,medium,review_required,data/processed/edss/panel/대학정보공시/1003_교원강의담당비율/panel.csv.gz,78b9787ae5e98d7a01ed7f7b11d272ffa4b79ce680aad9d59d47aaed3b0f9a65
대학정보공시,1004,교원의창업및창업지원현황,panel,3629,47,"[""2010"",""2011"",""2012"",""2013"",""2014"",""2015"",""2016"",""2017"",""2018"",""2019"",""2020"",""2021"",""2022"",""2023"",""2024"",""2025""]",True,0,0.0,429,3563,66,66,2,0,0,0.0,532,605,0,3629,0,0,0,0,0,"[""학교구분명"",""생명식품업종창업수""]","[{""field"":""학교구분명"",""sample_distinct_keys"":3580,""incremental_keys"":35,""sample_uniqueness_rate"":0.9864976577569579},{""field"":""생명식품업종창업수"",""sample_distinct_keys"":3559,""incremental_keys"":14,""sample_uniqueness_rate"":0.9807109396527969}]",1.0,additional_dimensions_required,medium,review_required,data/processed/edss/panel/대학정보공시/1004_교원의창업및창업지원현황/panel.csv.gz,2566ab32a5351ea8c0603a0fe88186ad2adfbc38d35e54cdeb8c953271ea5b1d
대학정보공시,1005,기술이전수입료및계약실적,panel,3177,18,"[""2009"",""2010"",""2011"",""2012"",""2013"",""2014"",""2015"",""2016"",""2017"",""2018"",""2019"",""2020"",""2021"",""2022"",""2023"",""2024"",""2025""]",True,0,0.0,456,3177,0,0,1,7,7,0.0022033364809568774,488,563,0,3177,0,0,0,0,0,"[""학교구분명""]","[{""field"":""학교구분명"",""sample_distinct_keys"":3177,""incremental_keys"":20,""sample_uniqueness_rate"":1.0}]",1.0,school_year_open_id_unique,medium,review_required,data/processed/edss/panel/대학정보공시/1005_기술이전수입료및계약실적/panel.csv.gz,d81dc2687e5d6bc5aa670f99c9a1289a709f3ce396580016e369508307db24a1
대학정보공시,1006,기술지주회사운영현황,panel,635,32,"[""2011"",""2012"",""2013"",""2014"",""2015"",""2016"",""2017"",""2018"",""2019"",""2020"",""2021"",""2022""]",True,0,0.0,84,598,37,37,2,0,0,0.0,146,160,0,635,0,0,0,0,0,"[""학교구분명"",""지주회사입지구분명"",""기술지주회사ID"",""기술지주회사명"",""설립일자""]","[{""field"":""설립일자"",""sample_distinct_keys"":635,""incremental_keys"":31,""sample_uniqueness_rate"":1.0},{""field"":""기술지주회사ID"",""sample_distinct_keys"":632,""incremental_keys"":28,""sample_uniqueness_rate"":0.9952755905511811},{""field"":""기술지주회사명"",""sample_distinct_keys"":625,""incremental_keys"":21,""sample_uniqueness_rate"":0.984251968503937},{""field"":""지주회사입지구분명"",""sample_distinct_keys"":607,""incremental_keys"":3,""sample_uniqueness_rate"":0.9559055118110236},{""field"":""학교구분명"",""sample_distinct_keys"":589,""incremental_keys"":0,""sample_uniqueness_rate"":0.9275590551181102}]",1.0,additional_dimensions_required,medium,review_required,data/processed/edss/panel/대학정보공시/1006_기술지주회사운영현황/panel.csv.gz,f7ea70b9263900144ca4274842c1ba9388238d984beaaa315ea8cd4884a394de
대학정보공시,1007,대학강의공개실적,panel,1838,30,"[""2010"",""2011"",""2012"",""2013"",""2014"",""2015"",""2016"",""2017"",""2018"",""2019"",""2020"",""2022"",""2023"",""2024"",""2025""]",True,0,0.0,238,1838,0,0,1,0,0,0.0,367,432,0,1838,0,0,0,0,0,"[""학교구분명""]","[{""field"":""학교구분명"",""sample_distinct_keys"":1838,""incremental_keys"":14,""sample_uniqueness_rate"":1.0}]",1.0,school_year_open_id_unique,medium,review_required,data/processed/edss/panel/대학정보공시/1007_대학강의공개실적/panel.csv.gz,0965e81eeb074b02708a49813cf119910a482579d8effdfd452ac936e773cded
대학정보공시,1008,대학원격강좌현황,panel,80863,35,"[""2012"",""2013"",""2014"",""2015"",""2016"",""2017"",""2018"",""2019"",""2020"",""2021"",""2022"",""2023"",""2024"",""2025""]",True,0,0.0,357,2910,2866,77953,459,0,0,0.0,13465,15493,0,80859,4,0,0,0,0,"[""학교구분명"",""학기구분명"",""교과구분명"",""원격강좌학문분야명"",""개설강좌명"",""협약기관명""]","[{""field"":""개설강좌명"",""sample_distinct_keys"":8877,""incremental_keys"":6950,""sample_uniqueness_rate"":0.8916231418240257},{""field"":""원격강좌학문분야명"",""sample_distinct_keys"":3400,""incremental_keys"":1473,""sample_uniqueness_rate"":0.34150261149055844},{""field"":""학기구분명"",""sample_distinct_keys"":3352,""incremental_keys"":1425,""sample_uniqueness_rate"":0.3366813981518682},{""field"":""협약기관명"",""sample_distinct_keys"":2627,""incremental_keys"":700,""sample_uniqueness_rate"":0.26386098834873445},{""field"":""교과구분명"",""sample_distinct_keys"":2448,""incremental_keys"":521,""sample_uniqueness_rate"":0.2458818802732021},{""field"":""학교구분명"",""sample_distinct_keys"":1938,""incremental_keys"":11,""sample_uniqueness_rate"":0.1946564885496183}]",0.9880474085978305,additional_dimensions_required,medium,review_required,data/processed/edss/panel/대학정보공시/1008_대학원격강좌현황/panel.csv.gz,47cfcba2c4804447e616bf1c2d29ee863dc75d4e662e08cd84c30ddd0d6e2f4d
대학정보공시,1009,사회봉사과목수강현황,panel,38916,22,"[""2016"",""2017"",""2018"",""2019"",""2021"",""2022"",""2023"",""2024"",""2025""]",True,0,0.0,369,3056,2784,35860,296,1,1,2.569637167231987e-05,9677,11395,0,38902,14,0,0,0,0,"[""학교구분명"",""학기구분명"",""사회봉사교과목구분명"",""강좌명""]","[{""field"":""강좌명"",""sample_distinct_keys"":9046,""incremental_keys"":6735,""sample_uniqueness_rate"":0.9108851072399557},{""field"":""학기구분명"",""sample_distinct_keys"":4276,""incremental_keys"":1965,""sample_uniqueness_rate"":0.43057093948242875},{""field"":""사회봉사교과목구분명"",""sample_distinct_keys"":3212,""incremental_keys"":901,""sample_uniqueness_rate"":0.3234316785822173},{""field"":""학교구분명"",""sample_distinct_keys"":2257,""incremental_keys"":0,""sample_uniqueness_rate"":0.22726815023663277}]",0.9816735474775954,additional_dimensions_required,medium,review_required,data/processed/edss/panel/대학정보공시/1009_사회봉사과목수강현황/panel.csv.gz,1eca3b9bf37db3c5680f969f03a9a9d869cf2e3c048847144de0466c75b9128e
대학정보공시,1010,산업체경력전임교원현황,panel,180547,27,"[""2009"",""2010"",""2011"",""2012"",""2013"",""2014"",""2015"",""2016"",""2017"",""2018"",""2019"",""2020"",""2021"",""2022"",""2023"",""2024"",""2025""]",True,0,0.0,1198,11538,7781,169009,340,40,276,0.0015286878208998211,37619,42112,0,180547,0,0,0,0,0,"[""학교구분명"",""학과한글명"",""단과대학명""]","[{""field"":""학과한글명"",""sample_distinct_keys"":10072,""incremental_keys"":5900,""sample_uniqueness_rate"":1.0},{""field"":""단과대학명"",""sample_distinct_keys"":7087,""incremental_keys"":2915,""sample_uniqueness_rate"":0.7036338363780779},{""field"":""학교구분명"",""sample_distinct_keys"":4181,""incremental_keys"":9,""sample_uniqueness_rate"":0.4151111993645751}]",1.0,additional_dimensions_required,medium,review_required,data/processed/edss/panel/대학정보공시/1010_산업체경력전임교원현황/panel.csv.gz,af0e8b99049ee20b9669d7ba21ba0f86ffdc010fba32a97763d46a91a6d74f86
대학정보공시,1011,산학협력단고용주체별인력현황,panel,12600,23,"[""2011"",""2012"",""2013"",""2014"",""2015"",""2016"",""2017"",""2018"",""2019"",""2020""]",True,0,0.0,400,3449,3246,9151,9,2,7,0.0005555555555555556,1256,1390,0,12600,0,0,0,0,0,"[""학교구분명"",""인력구분명""]","[{""field"":""인력구분명"",""sample_distinct_keys"":9674,""incremental_keys"":6295,""sample_uniqueness_rate"":0.9614390777181475},{""field"":""학교구분명"",""sample_distinct_keys"":3375,""incremental_keys"":0,""sample_uniqueness_rate"":0.3354203935599284}]",1.0,additional_dimensions_required,medium,review_required,data/processed/edss/panel/대학정보공시/1011_산학협력단고용주체별인력현황/panel.csv.gz,5c8e60955dd9f5e089f345680f599a8b690defcc8353062689684dfcfc11465d
대학정보공시,1012,산학협력단담당업무별인력현황,panel,11405,24,"[""2011"",""2012"",""2013"",""2014"",""2015"",""2016"",""2017"",""2018"",""2019"",""2020"",""2021""]",True,0,0.0,380,3716,2900,7689,8,2,6,0.000526085050416484,1115,1257,0,11405,0,0,0,0,0,"[""학교구분명"",""인력구분명""]","[{""field"":""인력구분명"",""sample_distinct_keys"":9590,""incremental_keys"":5986,""sample_uniqueness_rate"":0.96198214464841},{""field"":""학교구분명"",""sample_distinct_keys"":3568,""incremental_keys"":0,""sample_uniqueness_rate"":0.3579095195104825}]",1.0,additional_dimensions_required,medium,review_required,data/processed/edss/panel/대학정보공시/1012_산학협력단담당업무별인력현황/panel.csv.gz,5536491ccd7508f9c5fc528b90b926622babdcc611c4810bb7091f346ec5ad3b
대학정보공시,1013,산학협력단전문인력현황,panel,1705,30,"[""2011"",""2012"",""2013"",""2014""]",True,0,0.0,234,667,346,1038,4,2,5,0.002932551319648094,214,229,0,1705,0,0,0,0,0,"[""학교구분명"",""근속년수구분명""]","[{""field"":""근속년수구분명"",""sample_distinct_keys"":1705,""incremental_keys"":1035,""sample_uniqueness_rate"":1.0},{""field"":""학교구분명"",""sample_distinct_keys"":670,""incremental_keys"":0,""sample_uniqueness_rate"":0.39296187683284456}]",0.9982404692082112,additional_dimensions_required,medium,review_required,data/processed/edss/panel/대학정보공시/1013_산학협력단전문인력현황/panel.csv.gz,39091dd8bdf779ea536c1bbbf8e7aa2d73df5e7cabb1c3dba7a3f66524dec8e4
대학정보공시,1014,연구비수혜실적,panel,14505,42,"[""2009"",""2010"",""2011"",""2012"",""2013"",""2014"",""2015"",""2016"",""2017"",""2018"",""2019"",""2020"",""2021"",""2022"",""2023"",""2024"",""2025""]",True,0,0.0,1270,14504,1,1,2,28,28,0.0019303688383316099,933,1062,0,14505,0,0,0,0,0,"[""학교구분명""]","[{""field"":""학교구분명"",""sample_distinct_keys"":9771,""incremental_keys"":0,""sample_uniqueness_rate"":0.973595057791949}]",0.973595057791949,additional_dimensions_required,medium,review_required,data/processed/edss/panel/대학정보공시/1014_연구비수혜실적/panel.csv.gz,c3f4e490585881c7b4aa5a38704d97cb902ab5fdd65cce6fb6a023f782d1686f
대학정보공시,1015,외국대학과교류현황,panel,159802,21,"[""2009"",""2010"",""2011"",""2012"",""2013"",""2014"",""2015"",""2016"",""2017"",""2018"",""2019"",""2020"",""2021"",""2022"",""2023"",""2024"",""2025""]",True,0,0.0,576,4997,3828,154805,1343,5,67,0.00041926884519592994,68736,76767,0,159784,18,0,0,0,0,"[""학교구분명"",""국가명"",""대학명""]","[{""field"":""대학명"",""sample_distinct_keys"":10151,""incremental_keys"":7939,""sample_uniqueness_rate"":1.0},{""field"":""국가명"",""sample_distinct_keys"":6846,""incremental_keys"":4634,""sample_uniqueness_rate"":0.6744163136636785},{""field"":""학교구분명"",""sample_distinct_keys"":2215,""incremental_keys"":3,""sample_uniqueness_rate"":0.21820510294552262}]",1.0,additional_dimensions_required,medium,review_required,data/processed/edss/panel/대학정보공시/1015_외국대학과교류현황/panel.csv.gz,b1aa0a54e087b856587046cc0849b819a5fcdab5a02b045d24d3e9ae6f3acd5f
대학정보공시,1016,장학금수혜현황,panel,978794,48,"[""2009"",""2010"",""2011"",""2012"",""2013"",""2014"",""2015"",""2016"",""2017"",""2018"",""2019"",""2020"",""2021"",""2022"",""2023"",""2024"",""2025""]",True,0,0.0,454,6799,6791,971995,1227,40,1270,0.00129751510532349,194272,221911,0,978794,0,0,0,0,0,"[""학교구분명"",""주야간계절구분명"",""학위과정구분명"",""학기구분명"",""학과명"",""학과상태명"",""학과특성명"",""단과대학명"",""장학금수혜_국가장학금인원수"",""장학금수혜_정부학교학비감면인원수""]","[{""field"":""학과명"",""sample_distinct_keys"":9881,""incremental_keys"":5953,""sample_uniqueness_rate"":0.9967719156662967},{""field"":""단과대학명"",""sample_distinct_keys"":7127,""incremental_keys"":3199,""sample_uniqueness_rate"":0.7189549076969636},{""field"":""학기구분명"",""sample_distinct_keys"":5846,""incremental_keys"":1918,""sample_uniqueness_rate"":0.5897306567134066},{""field"":""학과상태명"",""sample_distinct_keys"":5250,""incremental_keys"":1322,""sample_uniqueness_rate"":0.5296075859981842},{""field"":""장학금수혜_국가장학금인원수"",""sample_distinct_keys"":4978,""incremental_keys"":1050,""sample_uniqueness_rate"":0.5021688691617069},{""field"":""장학금수혜_정부학교학비감면인원수"",""sample_distinct_keys"":4748,""incremental_keys"":820,""sample_uniqueness_rate"":0.478967013013215},{""field"":""주야간계절구분명"",""sample_distinct_keys"":4691,""incremental_keys"":763,""sample_uniqueness_rate"":0.4732169877938061},{""field"":""학과특성명"",""sample_distinct_keys"":4406,""incremental_keys"":478,""sample_uniqueness_rate"":0.4444668616967618},{""field"":""학위과정구분명"",""sample_distinct_keys"":4192,""incremental_keys"":264,""sample_uniqueness_rate"":0.4228790477151216},{""field"":""학교구분명"",""sample_distinct_keys"":4017,""incremental_keys"":89,""sample_uniqueness_rate"":0.4052254615151821}]",1.0,additional_dimensions_required,medium,review_required,data/processed/edss/panel/대학정보공시/1016_장학금수혜현황/panel.csv.gz,469c6b2486836e69997b4cc8f81f7e937cd1fb42e9a79b79a177c885d1571083
대학정보공시,1017,장학금수혜현황_대학원,panel,1603982,47,"[""2009"",""2010"",""2011"",""2012"",""2013"",""2014"",""2015"",""2016"",""2017"",""2018"",""2019"",""2020"",""2021"",""2022"",""2023"",""2024"",""2025""]",True,0,0.0,1861,22613,22559,1581369,2205,496,14515,0.009049353421671815,202256,233923,0,1603982,0,0,0,0,0,"[""학교구분명"",""주야간계절구분명"",""학위과정구분명"",""학기구분명"",""학과명"",""학과상태명"",""학과특성명"",""단과대학명"",""장학금수혜_대학원_정부학교학비감면인원수"",""장학금수혜_대학원_국가장학금인원수""]","[{""field"":""학과명"",""sample_distinct_keys"":9632,""incremental_keys"":4247,""sample_uniqueness_rate"":0.9707720217698045},{""field"":""학위과정구분명"",""sample_distinct_keys"":7325,""incremental_keys"":1940,""sample_uniqueness_rate"":0.7382584156420077},{""field"":""학기구분명"",""sample_distinct_keys"":6793,""incremental_keys"":1408,""sample_uniqueness_rate"":0.6846401935093731},{""field"":""학과상태명"",""sample_distinct_keys"":6112,""incremental_keys"":727,""sample_uniqueness_rate"":0.6160048377343278},{""field"":""장학금수혜_대학원_정부학교학비감면인원수"",""sample_distinct_keys"":5587,""incremental_keys"":202,""sample_uniqueness_rate"":0.563092118524491},{""field"":""주야간계절구분명"",""sample_distinct_keys"":5533,""incremental_keys"":148,""sample_uniqueness_rate"":0.5576496674057649},{""field"":""학과특성명"",""sample_distinct_keys"":5506,""incremental_keys"":121,""sample_uniqueness_rate"":0.5549284418464019},{""field"":""장학금수혜_대학원_국가장학금인원수"",""sample_distinct_keys"":5419,""incremental_keys"":34,""sample_uniqueness_rate"":0.5461600483773433},{""field"":""단과대학명"",""sample_distinct_keys"":5392,""incremental_keys"":7,""sample_uniqueness_rate"":0.5434388228179803},{""field"":""학교구분명"",""sample_distinct_keys"":5304,""incremental_keys"":0,""sample_uniqueness_rate"":0.5345696432170933}]",0.9992944970772022,additional_dimensions_required,medium,review_required,data/processed/edss/panel/대학정보공시/1017_장학금수혜현황_대학원/panel.csv.gz,789206f06f9c18f41961567e3fd83db9ba0f11224a27ed990b9e15f36d7f551f
대학정보공시,1018,장학금수혜기준규정,panel,5986,30,"[""2012"",""2013"",""2014"",""2015"",""2016"",""2017"",""2018"",""2019"",""2020"",""2021"",""2022"",""2023"",""2024"",""2025""]",True,0,0.0,466,5986,0,0,1,1,1,0.0001670564650851988,511,588,0,5986,0,0,0,0,0,"[""학교구분명""]","[{""field"":""학교구분명"",""sample_distinct_keys"":5913,""incremental_keys"":0,""sample_uniqueness_rate"":0.9878048780487805}]",0.9878048780487805,school_year_open_id_unique,medium,review_required,data/processed/edss/panel/대학정보공시/1018_장학금수혜기준규정/panel.csv.gz,d0f98dfd156d1208de04f6e69aac3bf974240890466147a3018d973e29f8a19c
대학정보공시,1019,창업교육지원현황,panel,4187,43,"[""2012"",""2013"",""2014"",""2015"",""2016"",""2017"",""2018"",""2019"",""2020"",""2021"",""2022"",""2023"",""2024"",""2025""]",True,0,0.0,346,4140,47,47,2,0,0,0.0,528,609,0,4187,0,0,0,0,0,"[""학교구분명"",""창업휴학제도시행여부"",""창업강좌전공이론강좌수"",""창업강좌전공실습강좌수"",""전공과목강좌수""]","[{""field"":""창업휴학제도시행여부"",""sample_distinct_keys"":4187,""incremental_keys"":26,""sample_uniqueness_rate"":1.0},{""field"":""전공과목강좌수"",""sample_distinct_keys"":4101,""incremental_keys"":0,""sample_uniqueness_rate"":0.9794602340577979},{""field"":""창업강좌전공실습강좌수"",""sample_distinct_keys"":4096,""incremental_keys"":0,""sample_uniqueness_rate"":0.9782660616192979},{""field"":""창업강좌전공이론강좌수"",""sample_distinct_keys"":4071,""incremental_keys"":0,""sample_uniqueness_rate"":0.9722951994267972},{""field"":""학교구분명"",""sample_distinct_keys"":4106,""incremental_keys"":0,""sample_uniqueness_rate"":0.9806544064962981}]",1.0,additional_dimensions_required,medium,review_required,data/processed/edss/panel/대학정보공시/1019_창업교육지원현황/panel.csv.gz,0e820b67c7e0d92a879a84f3c4bd4d8d2cc1bb486f2434b1c5491161457e0e6c
대학정보공시,1020,캡스톤디자인운영현황,panel,93475,37,"[""2011"",""2012"",""2013"",""2014"",""2015"",""2016"",""2017"",""2018"",""2019"",""2020"",""2021"",""2022"",""2023"",""2024"",""2025""]",True,0,0.0,289,3240,3085,90235,740,0,0,0.0,22038,25901,0,93475,0,0,0,0,0,"[""학교구분명"",""주야간계절구분명"",""학기구분명"",""교육부계열명"",""학과한글명"",""단과대학명"",""교과목명""]","[{""field"":""학과한글명"",""sample_distinct_keys"":8782,""incremental_keys"":6409,""sample_uniqueness_rate"":0.8850146125163761},{""field"":""교과목명"",""sample_distinct_keys"":8337,""incremental_keys"":5964,""sample_uniqueness_rate"":0.8401693036380127},{""field"":""단과대학명"",""sample_distinct_keys"":4927,""incremental_keys"":2554,""sample_uniqueness_rate"":0.49652322886223926},{""field"":""교육부계열명"",""sample_distinct_keys"":4123,""incremental_keys"":1750,""sample_uniqueness_rate"":0.4154993449561625},{""field"":""학기구분명"",""sample_distinct_keys"":3643,""incremental_keys"":1270,""sample_uniqueness_rate"":0.36712687695253454},{""field"":""주야간계절구분명"",""sample_distinct_keys"":2474,""incremental_keys"":101,""sample_uniqueness_rate"":0.24931976216869897},{""field"":""학교구분명"",""sample_distinct_keys"":2382,""incremental_keys"":9,""sample_uniqueness_rate"":0.24004837246800362}]",0.954146931371561,additional_dimensions_required,medium,review_required,data/processed/edss/panel/대학정보공시/1020_캡스톤디자인운영현황/panel.csv.gz,d1455ae7de327cb54aaf77e785b7a5d528785c45a72e07b41f22db8b928b8f6d
대학정보공시,1021,특허출원및등록실적,panel,4193,20,"[""2009"",""2010"",""2011"",""2012"",""2013"",""2014"",""2015"",""2016"",""2017"",""2018"",""2019"",""2020"",""2021"",""2022"",""2023"",""2024"",""2025""]",True,0,0.0,456,4193,0,0,1,8,8,0.0019079418077748629,555,637,0,4193,0,0,0,0,0,"[""학교구분명""]","[{""field"":""학교구분명"",""sample_distinct_keys"":4156,""incremental_keys"":0,""sample_uniqueness_rate"":0.9911757691390413}]",0.9911757691390413,school_year_open_id_unique,medium,review_required,data/processed/edss/panel/대학정보공시/1021_특허출원및등록실적/panel.csv.gz,b3be0ada4ac8df194ccd645a368075c9e1e022140806fcca0518da3a36af0d94
대학정보공시,1022,학교기업운영현황,panel,2723,28,"[""2011"",""2012"",""2013"",""2014"",""2015"",""2016"",""2017"",""2018"",""2019"",""2020"",""2021"",""2022"",""2023"",""2024"",""2025""]",True,0,0.0,183,1690,679,1033,11,0,0,0.0,337,383,0,2723,0,0,0,0,0,"[""학교구분명"",""학교기업소속구분명"",""학교기업ID"",""사업종목명"",""연계학과명"",""학교기업명""]","[{""field"":""연계학과명"",""sample_distinct_keys"":2692,""incremental_keys"":970,""sample_uniqueness_rate"":0.9886154976129269},{""field"":""학교기업명"",""sample_distinct_keys"":2692,""incremental_keys"":970,""sample_uniqueness_rate"":0.9886154976129269},{""field"":""학교기업ID"",""sample_distinct_keys"":2663,""incremental_keys"":941,""sample_uniqueness_rate"":0.9779654792508263},{""field"":""사업종목명"",""sample_distinct_keys"":2295,""incremental_keys"":573,""sample_uniqueness_rate"":0.8428204186558942},{""field"":""학교기업소속구분명"",""sample_distinct_keys"":1759,""incremental_keys"":37,""sample_uniqueness_rate"":0.6459786999632758},{""field"":""학교구분명"",""sample_distinct_keys"":1699,""incremental_keys"":0,""sample_uniqueness_rate"":0.6239441792141021}]",1.0,additional_dimensions_required,medium,review_required,data/processed/edss/panel/대학정보공시/1022_학교기업운영현황/panel.csv.gz,27411fea23b975fe3f768488f6835f8e66cf468bcd0ddea97246e56734cd512b
대학정보공시,1023,학생의창업및창업지원현황,panel,3728,31,"[""2011"",""2012"",""2013"",""2014"",""2015"",""2016"",""2017"",""2018"",""2019"",""2020"",""2021"",""2022"",""2023"",""2024"",""2025""]",True,0,0.0,328,3721,7,7,2,0,0,0.0,498,576,0,3728,0,0,0,0,0,"[""학교구분명""]","[{""field"":""학교구분명"",""sample_distinct_keys"":3728,""incremental_keys"":0,""sample_uniqueness_rate"":1.0}]",1.0,additional_dimensions_required,medium,review_required,data/processed/edss/panel/대학정보공시/1023_학생의창업및창업지원현황/panel.csv.gz,309c0bf14a4417301c97fbf57ba811e371d65abdfad6a83318ddc493a8a14756
대학정보공시,1024,학자금대출현황,panel,15174,33,"[""2013"",""2014"",""2015"",""2016"",""2017"",""2018"",""2019"",""2020"",""2021"",""2022"",""2023"",""2024"",""2025""]",True,0,0.0,408,5001,4985,10173,4,4,7,0.000461315407934625,1846,2114,0,15174,0,0,0,0,0,"[""학교구분명"",""주야간계절구분명"",""학위과정구분명"",""대학구분명"",""학기구분명"",""학과명"",""학과상태명"",""학과특성명"",""단과대학명""]","[{""field"":""학기구분명"",""sample_distinct_keys"":7720,""incremental_keys"":3029,""sample_uniqueness_rate"":0.770997702986118},{""field"":""대학구분명"",""sample_distinct_keys"":6710,""incremental_keys"":2019,""sample_uniqueness_rate"":0.6701288325177269},{""field"":""단과대학명"",""sample_distinct_keys"":4736,""incremental_keys"":45,""sample_uniqueness_rate"":0.4729851193448517},{""field"":""주야간계절구분명"",""sample_distinct_keys"":4736,""incremental_keys"":45,""sample_uniqueness_rate"":0.4729851193448517},{""field"":""학과상태명"",""sample_distinct_keys"":4736,""incremental_keys"":45,""sample_uniqueness_rate"":0.4729851193448517},{""field"":""학과특성명"",""sample_distinct_keys"":4736,""incremental_keys"":45,""sample_uniqueness_rate"":0.4729851193448517},{""field"":""학위과정구분명"",""sample_distinct_keys"":4736,""incremental_keys"":45,""sample_uniqueness_rate"":0.4729851193448517},{""field"":""학과명"",""sample_distinct_keys"":4669,""incremental_keys"":0,""sample_uniqueness_rate"":0.46629381803655245},{""field"":""학교구분명"",""sample_distinct_keys"":4673,""incremental_keys"":0,""sample_uniqueness_rate"":0.4666932987116748}]",1.0,additional_dimensions_required,medium,review_required,data/processed/edss/panel/대학정보공시/1024_학자금대출현황/panel.csv.gz,f3ce88af5079715ec7451934740aa4e406a7cd3f6c9593112b3818c2a44f9c8d
대학정보공시,1025,학자금대출현황_대학원,panel,2944,26,"[""2009"",""2010"",""2011"",""2012"",""2013"",""2014"",""2015"",""2016"",""2017"",""2018"",""2019"",""2020"",""2021"",""2022"",""2023"",""2024"",""2025""]",True,0,0.0,48,703,689,2241,172,0,0,0.0,17,17,0,2944,0,0,0,0,0,"[""학교구분명"",""주야간계절구분명"",""학위과정구분명"",""학기구분명"",""대학구분명"",""학과명"",""학과상태명"",""학과특성명"",""단과대학명""]","[{""field"":""학과명"",""sample_distinct_keys"":1453,""incremental_keys"":763,""sample_uniqueness_rate"":0.4935461956521739},{""field"":""학기구분명"",""sample_distinct_keys"":1406,""incremental_keys"":716,""sample_uniqueness_rate"":0.47758152173913043},{""field"":""학위과정구분명"",""sample_distinct_keys"":770,""incremental_keys"":80,""sample_uniqueness_rate"":0.26154891304347827},{""field"":""학과상태명"",""sample_distinct_keys"":753,""incremental_keys"":63,""sample_uniqueness_rate"":0.25577445652173914},{""field"":""단과대학명"",""sample_distinct_keys"":718,""incremental_keys"":28,""sample_uniqueness_rate"":0.24388586956521738},{""field"":""주야간계절구분명"",""sample_distinct_keys"":718,""incremental_keys"":28,""sample_uniqueness_rate"":0.24388586956521738},{""field"":""대학구분명"",""sample_distinct_keys"":709,""incremental_keys"":19,""sample_uniqueness_rate"":0.24082880434782608},{""field"":""학과특성명"",""sample_distinct_keys"":709,""incremental_keys"":19,""sample_uniqueness_rate"":0.24082880434782608},{""field"":""학교구분명"",""sample_distinct_keys"":686,""incremental_keys"":0,""sample_uniqueness_rate"":0.23301630434782608}]",0.9891304347826086,additional_dimensions_required,medium,review_required,data/processed/edss/panel/대학정보공시/1025_학자금대출현황_대학원/panel.csv.gz,55e18e522f630afc1cafbae413674199055ab8a61cd0eaa39a7dda362d505bc8
대학정보공시,1026,현장실습운영현황,panel,253332,64,"[""2011"",""2012"",""2013"",""2014"",""2015"",""2016"",""2017"",""2018"",""2019"",""2020"",""2021"",""2022"",""2023"",""2024"",""2025""]",True,0,0.0,416,4582,4394,248750,1339,1,7,2.7631724377496724e-05,57959,65757,0,253332,0,0,0,0,0,"[""학교구분명"",""주야간계절구분명"",""학기구분명"",""실습기간구분명"",""학과한글명"",""단과대학명""]","[{""field"":""학과한글명"",""sample_distinct_keys"":9539,""incremental_keys"":6889,""sample_uniqueness_rate"":0.9645096056622852},{""field"":""단과대학명"",""sample_distinct_keys"":6033,""incremental_keys"":3383,""sample_uniqueness_rate"":0.610010111223458},{""field"":""학기구분명"",""sample_distinct_keys"":4931,""incremental_keys"":2281,""sample_uniqueness_rate"":0.4985844287158746},{""field"":""실습기간구분명"",""sample_distinct_keys"":2957,""incremental_keys"":307,""sample_uniqueness_rate"":0.2989888776541962},{""field"":""주야간계절구분명"",""sample_distinct_keys"":2756,""incremental_keys"":106,""sample_uniqueness_rate"":0.27866531850353893},{""field"":""학교구분명"",""sample_distinct_keys"":2648,""incremental_keys"":0,""sample_uniqueness_rate"":0.2677451971688574}]",0.9935288169868554,additional_dimensions_required,medium,review_required,data/processed/edss/panel/대학정보공시/1026_현장실습운영현황/panel.csv.gz,c5bba0cb1cbcd48457c28df540951ab597860b3fd83ea5534719038ca18e7160
대학정보공시,1101,장서보유현황,panel,6901,40,"[""2009"",""2010"",""2011"",""2012"",""2013"",""2014"",""2015"",""2016"",""2017"",""2018"",""2019"",""2020"",""2022"",""2023"",""2024"",""2025""]",True,0,0.0,479,6901,0,0,1,36,36,0.005216635270250688,586,664,0,6901,0,0,0,0,0,"[""학교구분명""]","[{""field"":""학교구분명"",""sample_distinct_keys"":6841,""incremental_keys"":6,""sample_uniqueness_rate"":0.9913056078829156}]",0.9913056078829156,school_year_open_id_unique,medium,review_required,data/processed/edss/panel/대학정보공시/1101_장서보유현황/panel.csv.gz,cbcff0b8e8085e0b78a4dfb5f2fb6ae246df4e0b13e541ecf55b6dee6e5e815f
대학정보공시,1102,도서관예산현황,panel,2263,24,"[""2009"",""2010"",""2011"",""2012"",""2013""]",True,0,0.0,462,2169,94,94,2,35,35,0.015466195315952275,250,264,0,2263,0,0,0,0,0,"[""학교구분명"",""지역명""]","[{""field"":""지역명"",""sample_distinct_keys"":2263,""incremental_keys"":94,""sample_uniqueness_rate"":1.0},{""field"":""학교구분명"",""sample_distinct_keys"":2191,""incremental_keys"":22,""sample_uniqueness_rate"":0.9681838267786125}]",1.0,additional_dimensions_required,high,review_required,data/processed/edss/panel/대학정보공시/1102_도서관예산현황/panel.csv.gz,9f7e4f448b04d9d1fad1db2cea7d16319cb001ef2a8998955c2eeef098ab07e8
대학정보공시,1103,연구시설현황,panel,86532,25,"[""2009"",""2010"",""2011"",""2012"",""2013"",""2014"",""2015"",""2016"",""2017"",""2018"",""2019"",""2020"",""2021"",""2022"",""2023"",""2024"",""2025""]",True,0,0.0,384,5332,4061,81200,234,6,34,0.0003929182267831554,27766,32370,0,86532,0,0,0,0,0,"[""학교구분명"",""학문분야명"",""연구소명""]","[{""field"":""연구소명"",""sample_distinct_keys"":9971,""incremental_keys"":7144,""sample_uniqueness_rate"":0.9966016991504247},{""field"":""학문분야명"",""sample_distinct_keys"":6207,""incremental_keys"":3380,""sample_uniqueness_rate"":0.6203898050974512},{""field"":""학교구분명"",""sample_distinct_keys"":2770,""incremental_keys"":0,""sample_uniqueness_rate"":0.2768615692153923}]",0.9932033983008496,additional_dimensions_required,medium,review_required,data/processed/edss/panel/대학정보공시/1103_연구시설현황/panel.csv.gz,c0ef69ef22c3e7b627532c932feec34054cff8c2f8a7f4f299c8b14ebd9055f5
대학정보공시,1201,강사강의료현황,panel,18172,23,"[""2010"",""2011"",""2012"",""2013"",""2014"",""2015"",""2016"",""2017"",""2018"",""2019"",""2020"",""2021"",""2022"",""2023"",""2024"",""2025""]",True,0,0.0,1848,16041,2062,2131,6,21,21,0.0011556240369799693,1250,1430,0,18172,0,0,0,0,0,"[""강사구분KCUE코드명"",""학교구분명"",""주야간계절구분명""]","[{""field"":""강사구분KCUE코드명"",""sample_distinct_keys"":9280,""incremental_keys"":0,""sample_uniqueness_rate"":0.9370897707765323},{""field"":""주야간계절구분명"",""sample_distinct_keys"":9368,""incremental_keys"":0,""sample_uniqueness_rate"":0.9459759668787237},{""field"":""학교구분명"",""sample_distinct_keys"":9251,""incremental_keys"":0,""sample_uniqueness_rate"":0.9341613652428556}]",0.9391093607997576,additional_dimensions_required,medium,review_required,data/processed/edss/panel/대학정보공시/1201_강사강의료현황/panel.csv.gz,d8ec7e9227cac041538ea7368ab854a3b8a05512dca3c3b5676b3a690bc4d637
대학정보공시,1202,교사시설확보현황,panel,6860,24,"[""2009"",""2010"",""2011"",""2012"",""2013"",""2014"",""2015"",""2016"",""2017"",""2018"",""2019"",""2020"",""2022"",""2023"",""2024"",""2025""]",True,0,0.0,478,6860,0,0,1,35,35,0.00510204081632653,586,664,0,6860,0,0,0,0,0,"[""학교구분명""]","[{""field"":""학교구분명"",""sample_distinct_keys"":6809,""incremental_keys"":26,""sample_uniqueness_rate"":0.9925655976676385}]",0.9925655976676385,school_year_open_id_unique,medium,review_required,data/processed/edss/panel/대학정보공시/1202_교사시설확보현황/panel.csv.gz,5d7a2e7fbad68bccb6762fd146c77f54dcc60020f4f51b30836aac9f7f83c6eb
대학정보공시,1203,교지확보현황,panel,6661,20,"[""2009"",""2010"",""2011"",""2012"",""2013"",""2014"",""2015"",""2016"",""2017"",""2018"",""2019"",""2020"",""2022"",""2023"",""2024"",""2025""]",True,0,0.0,477,6661,0,0,1,35,35,0.005254466296351899,586,664,0,6661,0,0,0,0,0,"[""학교구분명""]","[{""field"":""학교구분명"",""sample_distinct_keys"":6598,""incremental_keys"":35,""sample_uniqueness_rate"":0.9905419606665666}]",0.9905419606665666,school_year_open_id_unique,medium,review_required,data/processed/edss/panel/대학정보공시/1203_교지확보현황/panel.csv.gz,bd5910d711de1c8bf6c32d460f1af5f8c94e951e23c38415c4d613ff3c3f7fbb
대학정보공시,1204,국공립기숙사운영현황_민자,panel,312,28,"[""2016"",""2017"",""2018"",""2019"",""2020"",""2022"",""2023"",""2024"",""2025""]",True,0,0.0,39,312,0,0,1,0,0,0.0,63,79,0,312,0,0,0,0,0,"[""학교구분명""]","[{""field"":""학교구분명"",""sample_distinct_keys"":312,""incremental_keys"":4,""sample_uniqueness_rate"":1.0}]",1.0,school_year_open_id_unique,medium,review_required,data/processed/edss/panel/대학정보공시/1204_국공립기숙사운영현황_민자/panel.csv.gz,1242be1656b3b699236b9c6089215a5eb75ddb64bb6c77ab30f4315b192810e1
대학정보공시,1205,국공립기숙사운영현황_직영,panel,331,28,"[""2018"",""2019"",""2020"",""2022"",""2023"",""2024"",""2025""]",True,0,0.0,49,331,0,0,1,0,0,0.0,59,75,0,331,0,0,0,0,0,"[""학교구분명""]","[{""field"":""학교구분명"",""sample_distinct_keys"":331,""incremental_keys"":2,""sample_uniqueness_rate"":1.0}]",1.0,school_year_open_id_unique,medium,review_required,data/processed/edss/panel/대학정보공시/1205_국공립기숙사운영현황_직영/panel.csv.gz,675d6d5321a8e0de2b6637ce37b8e160dfac7adcdc37c0e309249c7f75e7b6d1
대학정보공시,1206,국공유재산확보현황,panel,490,25,"[""2011"",""2012"",""2013"",""2014"",""2015"",""2016""]",True,0,0.0,60,321,169,169,2,1,2,0.004081632653061225,46,46,0,490,0,0,0,0,0,"[""학교구분명"",""국공유재산구분명""]","[{""field"":""국공유재산구분명"",""sample_distinct_keys"":490,""incremental_keys"":164,""sample_uniqueness_rate"":1.0},{""field"":""학교구분명"",""sample_distinct_keys"":318,""incremental_keys"":0,""sample_uniqueness_rate"":0.6489795918367347}]",0.9918367346938776,additional_dimensions_required,medium,review_required,data/processed/edss/panel/대학정보공시/1206_국공유재산확보현황/panel.csv.gz,8d7148936c869631021b3d5053e7df8aa1ba1b90f90180eba92a9e35be1cc621
대학정보공시,1207,기숙사수용현황,panel,14730,31,"[""2009"",""2010"",""2011"",""2012"",""2013"",""2014"",""2015"",""2016"",""2017"",""2018"",""2019"",""2020"",""2022"",""2023"",""2024"",""2025""]",True,0,0.0,477,6444,1843,8286,33,35,35,0.0023761031907671417,2826,3373,0,14730,0,0,0,0,0,"[""학교구분명"",""기숙사운영구분명(2018년이후)"",""건물명(2018년이후)""]","[{""field"":""건물명(2018년이후)"",""sample_distinct_keys"":10083,""incremental_keys"":5162,""sample_uniqueness_rate"":1.0},{""field"":""기숙사운영구분명(2018년이후)"",""sample_distinct_keys"":5650,""incremental_keys"":729,""sample_uniqueness_rate"":0.5603491024496677},{""field"":""학교구분명"",""sample_distinct_keys"":4934,""incremental_keys"":13,""sample_uniqueness_rate"":0.4893384905286125}]",1.0,additional_dimensions_required,medium,review_required,data/processed/edss/panel/대학정보공시/1207_기숙사수용현황/panel.csv.gz,c494c5914343ade8ab11d645b4d439a1259437d74ea139901e9872d4a5bce8f5
대학정보공시,1208,기숙사운영현황_사립,panel,416,34,"[""2016"",""2017"",""2018"",""2019"",""2020"",""2022"",""2023"",""2024"",""2025""]",True,0,0.0,71,376,40,40,2,0,0,0.0,121,145,0,416,0,0,0,0,0,"[""사립대학기숙사형태구분코드"",""학교구분명"",""사립대학기숙사형태구분명""]","[{""field"":""사립대학기숙사형태구분명"",""sample_distinct_keys"":411,""incremental_keys"":29,""sample_uniqueness_rate"":0.9879807692307693},{""field"":""사립대학기숙사형태구분코드"",""sample_distinct_keys"":410,""incremental_keys"":28,""sample_uniqueness_rate"":0.9855769230769231},{""field"":""학교구분명"",""sample_distinct_keys"":374,""incremental_keys"":0,""sample_uniqueness_rate"":0.8990384615384616}]",1.0,additional_dimensions_required,medium,review_required,data/processed/edss/panel/대학정보공시/1208_기숙사운영현황_사립/panel.csv.gz,7d26ebabf45accbef695396a7a1b95bb3888516d3bc9d1ccc46db47be5d8b9c1
대학정보공시,1209,법인임원현황,panel,74058,22,"[""2009"",""2010"",""2011"",""2012"",""2013"",""2014"",""2015"",""2016"",""2017"",""2018"",""2019"",""2020"",""2021"",""2022"",""2023"",""2024"",""2025""]",True,0,0.0,420,6373,6357,67685,32,67,788,0.010640308947041509,7605,8741,0,74058,0,0,0,0,0,"[""학교구분명"",""임원구분명"",""성별명""]","[{""field"":""임원구분명"",""sample_distinct_keys"":6700,""incremental_keys"":1651,""sample_uniqueness_rate"":0.6722183204575097},{""field"":""성별명"",""sample_distinct_keys"":5587,""incremental_keys"":538,""sample_uniqueness_rate"":0.5605498143874786},{""field"":""학교구분명"",""sample_distinct_keys"":5008,""incremental_keys"":0,""sample_uniqueness_rate"":0.5024581117688371}]",0.6847597070332095,additional_dimensions_required,high,review_required,data/processed/edss/panel/대학정보공시/1209_법인임원현황/panel.csv.gz,b6e3f3e09bbefe561eac9985cc5f8194fad6f07c5f5c1e01fcf3478d40d807b5
대학정보공시,1210,법정부담금현황,panel,3087,20,"[""2016"",""2017"",""2018"",""2019"",""2020"",""2022"",""2023"",""2024"",""2025""]",True,0,0.0,369,3087,0,0,1,1,1,0.00032393909944930353,298,343,0,3087,0,0,0,0,0,"[""학교구분명"",""법인명""]","[{""field"":""법인명"",""sample_distinct_keys"":3017,""incremental_keys"":0,""sample_uniqueness_rate"":0.9773242630385488},{""field"":""학교구분명"",""sample_distinct_keys"":3087,""incremental_keys"":0,""sample_uniqueness_rate"":1.0}]",0.9964366699060576,school_year_open_id_unique,medium,review_required,data/processed/edss/panel/대학정보공시/1210_법정부담금현황/panel.csv.gz,0bf8e2076415889e9420a84bac6c4d994ba5955f136de7fddc7cc89483d8f15c
대학정보공시,1211,수익용기본재산확보현황,panel,9427,24,"[""2009"",""2010"",""2011"",""2012"",""2013"",""2014"",""2015"",""2016"",""2017"",""2018"",""2019"",""2020"",""2021"",""2022"",""2023"",""2024"",""2025""]",True,0,0.0,463,5960,2712,3467,8,10,10,0.0010607828577490189,939,1050,0,9427,0,0,0,0,0,"[""학교구분명"",""수익용학교구분명"",""법인명(2018년이후)""]","[{""field"":""수익용학교구분명"",""sample_distinct_keys"":9329,""incremental_keys"":3537,""sample_uniqueness_rate"":0.9896043279940596},{""field"":""법인명(2018년이후)"",""sample_distinct_keys"":5973,""incremental_keys"":181,""sample_uniqueness_rate"":0.6336056009334889},{""field"":""학교구분명"",""sample_distinct_keys"":5951,""incremental_keys"":159,""sample_uniqueness_rate"":0.6312718786464411}]",1.0,additional_dimensions_required,medium,review_required,data/processed/edss/panel/대학정보공시/1211_수익용기본재산확보현황/panel.csv.gz,bece78ee31347138d4e9186867f6b66dd7f5a214c3aaa1f85b2cb393e8f036ea
대학정보공시,1212,시설안전관리현황,panel,5026,67,"[""2015"",""2016"",""2017"",""2018"",""2019"",""2020"",""2021"",""2022"",""2023"",""2024"",""2025""]",True,0,0.0,447,4753,254,273,4,11,11,0.0021886191802626344,699,824,0,5026,0,0,0,0,0,"[""학교구분명"",""시설안전관리담당부서명"",""시설안전점검건명1"",""시설안전점검건명2"",""시설안전점검건명3""]","[{""field"":""시설안전관리담당부서명"",""sample_distinct_keys"":4978,""incremental_keys"":191,""sample_uniqueness_rate"":0.990449661758854},{""field"":""시설안전점검건명2"",""sample_distinct_keys"":4793,""incremental_keys"":6,""sample_uniqueness_rate"":0.9536410664544369},{""field"":""시설안전점검건명1"",""sample_distinct_keys"":4771,""incremental_keys"":0,""sample_uniqueness_rate"":0.9492638280939116},{""field"":""시설안전점검건명3"",""sample_distinct_keys"":4774,""incremental_keys"":0,""sample_uniqueness_rate"":0.9498607242339833},{""field"":""학교구분명"",""sample_distinct_keys"":4748,""incremental_keys"":0,""sample_uniqueness_rate"":0.9446876243533625}]",1.0,additional_dimensions_required,medium,review_required,data/processed/edss/panel/대학정보공시/1212_시설안전관리현황/panel.csv.gz,00b6485c3c61418748325deca968d48d9f83418d350d6b3deec670150b122696
대학정보공시,1213,실험실습실안전관리현황,panel,4295,67,"[""2015"",""2016"",""2017"",""2018"",""2019"",""2020"",""2021"",""2022"",""2023"",""2024"",""2025""]",True,0,0.0,446,4294,1,1,2,9,9,0.0020954598370197903,427,496,0,4295,0,0,0,0,0,"[""학교구분명""]","[{""field"":""학교구분명"",""sample_distinct_keys"":4295,""incremental_keys"":0,""sample_uniqueness_rate"":1.0}]",1.0,additional_dimensions_required,medium,review_required,data/processed/edss/panel/대학정보공시/1213_실험실습실안전관리현황/panel.csv.gz,93042fc81073153753bc52736f55b575863df6acd30c0975c0505006ed5c6c78
대학정보공시,1214,장애학생지원체제구축및운영현황,panel,8439,43,"[""2011"",""2012"",""2013"",""2014"",""2015"",""2016"",""2017"",""2018"",""2019"",""2020"",""2021"",""2022"",""2023"",""2024"",""2025""]",True,0,0.0,490,6494,1803,1945,6,6,6,0.0007109847138286527,1021,1189,0,8439,0,0,0,0,0,"[""학교구분명"",""장애학생지원센터외지원인력부서명"",""장애학생지원센터미설치학교겸직인원수"",""장애학생지원센터미설치학교전담인원수""]","[{""field"":""장애학생지원센터외지원인력부서명"",""sample_distinct_keys"":6819,""incremental_keys"":392,""sample_uniqueness_rate"":0.8080341272662638},{""field"":""장애학생지원센터미설치학교겸직인원수"",""sample_distinct_keys"":6669,""incremental_keys"":242,""sample_uniqueness_rate"":0.7902595094205475},{""field"":""장애학생지원센터미설치학교전담인원수"",""sample_distinct_keys"":6504,""incremental_keys"":77,""sample_uniqueness_rate"":0.7707074297902595},{""field"":""학교구분명"",""sample_distinct_keys"":6441,""incremental_keys"":14,""sample_uniqueness_rate"":0.7632420902950586}]",0.8006872852233677,additional_dimensions_required,medium,review_required,data/processed/edss/panel/대학정보공시/1214_장애학생지원체제구축및운영현황/panel.csv.gz,4f84ffac48aa862bcd5b6bd704903a42224d13522cb10ceeee360cd82ff156b7
대학정보공시,1215,재정지원사업수혜실적,panel,471962,25,"[""2009"",""2010"",""2011"",""2012"",""2013"",""2014"",""2015"",""2016"",""2017"",""2018"",""2019"",""2020""]",True,0,0.0,431,4232,3990,467730,3887,14,77,0.00016314872807556542,128987,139106,0,471522,440,0,0,0,0,"[""학교구분명"",""사업구분명"",""과제명"",""사업명"",""부처명""]","[{""field"":""과제명"",""sample_distinct_keys"":9508,""incremental_keys"":7631,""sample_uniqueness_rate"":0.9496604075109868},{""field"":""사업명"",""sample_distinct_keys"":7527,""incremental_keys"":5650,""sample_uniqueness_rate"":0.7517978425888934},{""field"":""부처명"",""sample_distinct_keys"":5235,""incremental_keys"":3358,""sample_uniqueness_rate"":0.5228725529364763},{""field"":""사업구분명"",""sample_distinct_keys"":2391,""incremental_keys"":514,""sample_uniqueness_rate"":0.2388134238913304},{""field"":""학교구분명"",""sample_distinct_keys"":1870,""incremental_keys"":0,""sample_uniqueness_rate"":0.1867758689572513}]",0.9937075509388733,additional_dimensions_required,medium,review_required,data/processed/edss/panel/대학정보공시/1215_재정지원사업수혜실적/panel.csv.gz,94894565ff89664574ec9e872eab51f8387c393923710625ced582de8bdf5d1b
대학정보공시,1216,직원현황,panel,10179,46,"[""2009"",""2010"",""2011"",""2012"",""2013"",""2014"",""2015"",""2016"",""2017"",""2018"",""2019"",""2020"",""2021"",""2022"",""2023"",""2024"",""2025""]",True,0,0.0,504,7677,1581,2502,4,49,49,0.0048138324000392965,925,1064,0,10179,0,0,0,0,0,"[""학교구분명"",""대학회계구분명""]","[{""field"":""대학회계구분명"",""sample_distinct_keys"":9997,""incremental_keys"":2624,""sample_uniqueness_rate"":1.0},{""field"":""학교구분명"",""sample_distinct_keys"":7527,""incremental_keys"":154,""sample_uniqueness_rate"":0.752925877763329}]",1.0,additional_dimensions_required,medium,review_required,data/processed/edss/panel/대학정보공시/1216_직원현황/panel.csv.gz,d4f967c1e66b0480aca7db78003cf360d38bb778e8b8902358fe7b87fb0377b4
대학정보공시,1217,폭력예방교육현황,panel,12069,25,"[""2018"",""2019"",""2020"",""2022"",""2023"",""2024"",""2025""]",True,0,0.0,441,3012,3009,9057,8,0,0,0.0,1282,1497,0,12069,0,0,0,0,0,"[""학교구분명"",""폭력예방교육종류코드"",""폭력예방교육종류명""]","[{""field"":""폭력예방교육종류코드"",""sample_distinct_keys"":9804,""incremental_keys"":6808,""sample_uniqueness_rate"":0.9770779350209289},{""field"":""폭력예방교육종류명"",""sample_distinct_keys"":8807,""incremental_keys"":5811,""sample_uniqueness_rate"":0.8777157663942595},{""field"":""학교구분명"",""sample_distinct_keys"":3074,""incremental_keys"":78,""sample_uniqueness_rate"":0.3063583815028902}]",1.0,additional_dimensions_required,medium,review_required,data/processed/edss/panel/대학정보공시/1217_폭력예방교육현황/panel.csv.gz,92ce95573b64f4ffd6816f3e7dc194d78ec39d6469f96128a007c9f2d7169869
대학정보공시,1301,위반내용및조치결과,panel,9583,26,"[""2009"",""2010"",""2011"",""2012"",""2013"",""2014"",""2015"",""2016"",""2017"",""2018"",""2019"",""2020"",""2021"",""2022"",""2023"",""2024"",""2025""]",True,0,0.0,376,1731,891,7852,182,5,11,0.0011478660127308775,2430,2867,0,9583,0,0,0,0,0,"[""학교구분명"",""진행경과명"",""감사구분내용(2018년이후)""]","[{""field"":""감사구분내용(2018년이후)"",""sample_distinct_keys"":2050,""incremental_keys"":262,""sample_uniqueness_rate"":0.21392048419075446},{""field"":""진행경과명"",""sample_distinct_keys"":1967,""incremental_keys"":179,""sample_uniqueness_rate"":0.20525931336742148},{""field"":""학교구분명"",""sample_distinct_keys"":1736,""incremental_keys"":0,""sample_uniqueness_rate"":0.18115412710007306}]",0.23280809767296254,additional_dimensions_required,medium,review_required,data/processed/edss/panel/대학정보공시/1301_위반내용및조치결과/panel.csv.gz,7411cbf444926d6eda7e601ebdf1e5b97e2722fb206fea08e4f31f31ca36d6b0
취업통계,0001,학생인적취업정보,restricted,7324949,179,"[""2010"",""2011"",""2012"",""2013"",""2014"",""2015"",""2016"",""2017"",""2018"",""2019"",""2020"",""2021"",""2022"",""2023"",""2024""]",True,46962,0.006411239177228401,593,7058,7027,7270929,6324,11,3144,0.0004319875811814448,1159903,1273167,0,0,7324949,0,0,0,0,"[""해외비자유형명"",""학과대계열명"",""대학계열명"",""대학대학원구분명"",""회사부서명"",""회사명"",""추천자명"",""매핑학과명"",""1인사업장명"",""해외회사명"",""해외진학학교KEDI명"",""논문명"",""세부전공명"",""복수전공명"",""부전공명"",""학과명"",""학부명"",""단과대학명"",""직업명"",""시도명"",""본분교명"",""학교종류명"",""학교명"",""입학년월""]","[{""field"":""세부전공명"",""sample_distinct_keys"":9329,""incremental_keys"":5627,""sample_uniqueness_rate"":0.9493232929683525},{""field"":""학과명"",""sample_distinct_keys"":9232,""incremental_keys"":5530,""sample_uniqueness_rate"":0.9394525287473288},{""field"":""매핑학과명"",""sample_distinct_keys"":7509,""incremental_keys"":3807,""sample_uniqueness_rate"":0.7641192632542994},{""field"":""입학년월"",""sample_distinct_keys"":7440,""incremental_keys"":3738,""sample_uniqueness_rate"":0.7570977917981072},{""field"":""학과대계열명"",""sample_distinct_keys"":7219,""incremental_keys"":3517,""sample_uniqueness_rate"":0.7346087310471151},{""field"":""단과대학명"",""sample_distinct_keys"":6202,""incremental_keys"":2500,""sample_uniqueness_rate"":0.6311183474101963},{""field"":""학부명"",""sample_distinct_keys"":5552,""incremental_keys"":1850,""sample_uniqueness_rate"":0.5649740510837489},{""field"":""복수전공명"",""sample_distinct_keys"":3825,""incremental_keys"":123,""sample_uniqueness_rate"":0.38923374376717207},{""field"":""논문명"",""sample_distinct_keys"":3757,""incremental_keys"":55,""sample_uniqueness_rate"":0.3823140327668668},{""field"":""대학계열명"",""sample_distinct_keys"":3757,""incremental_keys"":55,""sample_uniqueness_rate"":0.3823140327668668},{""field"":""대학대학원구분명"",""sample_distinct_keys"":3757,""incremental_keys"":55,""sample_uniqueness_rate"":0.3823140327668668},{""field"":""본분교명"",""sample_distinct_keys"":3757,""incremental_keys"":55,""sample_uniqueness_rate"":0.3823140327668668},{""field"":""시도명"",""sample_distinct_keys"":3757,""incremental_keys"":55,""sample_uniqueness_rate"":0.3823140327668668},{""field"":""학교명"",""sample_distinct_keys"":3757,""incremental_keys"":55,""sample_uniqueness_rate"":0.3823140327668668},{""field"":""학교종류명"",""sample_distinct_keys"":3757,""incremental_keys"":55,""sample_uniqueness_rate"":0.3823140327668668},{""field"":""부전공명"",""sample_distinct_keys"":3737,""incremental_keys"":35,""sample_uniqueness_rate"":0.38027882364912996},{""field"":""1인사업장명"",""sample_distinct_keys"":3631,""incremental_keys"":0,""sample_uniqueness_rate"":0.36949221532512466},{""field"":""직업명"",""sample_distinct_keys"":3633,""incremental_keys"":0,""sample_uniqueness_rate"":0.36969573623689833},{""field"":""추천자명"",""sample_distinct_keys"":3633,""incremental_keys"":0,""sample_uniqueness_rate"":0.36969573623689833},{""field"":""해외비자유형명"",""sample_distinct_keys"":3655,""incremental_keys"":0,""sample_uniqueness_rate"":0.37193446626640886},{""field"":""해외진학학교KEDI명"",""sample_distinct_keys"":3653,""incremental_keys"":0,""sample_uniqueness_rate"":0.3717309453546352},{""field"":""해외회사명"",""sample_distinct_keys"":3653,""incremental_keys"":0,""sample_uniqueness_rate"":0.3717309453546352},{""field"":""회사명"",""sample_distinct_keys"":3633,""incremental_keys"":0,""sample_uniqueness_rate"":0.36969573623689833},{""field"":""회사부서명"",""sample_distinct_keys"":3633,""incremental_keys"":0,""sample_uniqueness_rate"":0.36969573623689833}]",0.9512567416302025,partial_id_coverage,medium,review_required,data/processed/edss/restricted/취업통계/0001_학생인적취업정보/panel.csv.gz,81dcf1558c9cae49d6f5f561a04ffea63b14046c98147f098605c6e1463b9603
